[2025-05-11T03:42:52.343+0000] {processor.py:161} INFO - Started process (PID=185) to work on /opt/airflow/dags/raw_to_staging_dag.py
[2025-05-11T03:42:52.347+0000] {processor.py:830} INFO - Processing file /opt/airflow/dags/raw_to_staging_dag.py for tasks to queue
[2025-05-11T03:42:52.353+0000] {logging_mixin.py:188} INFO - [2025-05-11T03:42:52.350+0000] {dagbag.py:538} INFO - Filling up the DagBag from /opt/airflow/dags/raw_to_staging_dag.py
[2025-05-11T03:42:52.609+0000] {processor.py:840} INFO - DAG(s) 'raw_to_staging_dag' retrieved from /opt/airflow/dags/raw_to_staging_dag.py
[2025-05-11T03:42:53.254+0000] {logging_mixin.py:188} INFO - [2025-05-11T03:42:53.254+0000] {override.py:1769} INFO - Created Permission View: can delete on DAG:raw_to_staging_dag
[2025-05-11T03:42:53.259+0000] {logging_mixin.py:188} INFO - [2025-05-11T03:42:53.259+0000] {override.py:1769} INFO - Created Permission View: can edit on DAG:raw_to_staging_dag
[2025-05-11T03:42:53.261+0000] {logging_mixin.py:188} INFO - [2025-05-11T03:42:53.261+0000] {override.py:1769} INFO - Created Permission View: can read on DAG:raw_to_staging_dag
[2025-05-11T03:42:53.262+0000] {logging_mixin.py:188} INFO - [2025-05-11T03:42:53.262+0000] {dag.py:3036} INFO - Sync 1 DAGs
[2025-05-11T03:42:53.289+0000] {logging_mixin.py:188} INFO - [2025-05-11T03:42:53.289+0000] {dag.py:3058} INFO - Creating ORM DAG for raw_to_staging_dag
[2025-05-11T03:42:53.292+0000] {logging_mixin.py:188} INFO - [2025-05-11T03:42:53.292+0000] {dag.py:3823} INFO - Setting next_dagrun for raw_to_staging_dag to None, run_after=None
[2025-05-11T03:42:53.315+0000] {processor.py:183} INFO - Processing /opt/airflow/dags/raw_to_staging_dag.py took 0.994 seconds
[2025-05-11T03:43:23.692+0000] {processor.py:161} INFO - Started process (PID=190) to work on /opt/airflow/dags/raw_to_staging_dag.py
[2025-05-11T03:43:23.695+0000] {processor.py:830} INFO - Processing file /opt/airflow/dags/raw_to_staging_dag.py for tasks to queue
[2025-05-11T03:43:23.697+0000] {logging_mixin.py:188} INFO - [2025-05-11T03:43:23.697+0000] {dagbag.py:538} INFO - Filling up the DagBag from /opt/airflow/dags/raw_to_staging_dag.py
[2025-05-11T03:43:23.718+0000] {processor.py:840} INFO - DAG(s) 'raw_to_staging_dag' retrieved from /opt/airflow/dags/raw_to_staging_dag.py
[2025-05-11T03:43:23.748+0000] {logging_mixin.py:188} INFO - [2025-05-11T03:43:23.748+0000] {dag.py:3036} INFO - Sync 1 DAGs
[2025-05-11T03:43:23.759+0000] {logging_mixin.py:188} INFO - [2025-05-11T03:43:23.759+0000] {dag.py:3823} INFO - Setting next_dagrun for raw_to_staging_dag to None, run_after=None
[2025-05-11T03:43:23.769+0000] {processor.py:183} INFO - Processing /opt/airflow/dags/raw_to_staging_dag.py took 0.082 seconds
[2025-05-11T03:43:54.183+0000] {processor.py:161} INFO - Started process (PID=195) to work on /opt/airflow/dags/raw_to_staging_dag.py
[2025-05-11T03:43:54.184+0000] {processor.py:830} INFO - Processing file /opt/airflow/dags/raw_to_staging_dag.py for tasks to queue
[2025-05-11T03:43:54.185+0000] {logging_mixin.py:188} INFO - [2025-05-11T03:43:54.185+0000] {dagbag.py:538} INFO - Filling up the DagBag from /opt/airflow/dags/raw_to_staging_dag.py
[2025-05-11T03:43:54.207+0000] {processor.py:840} INFO - DAG(s) 'raw_to_staging_dag' retrieved from /opt/airflow/dags/raw_to_staging_dag.py
[2025-05-11T03:43:54.239+0000] {logging_mixin.py:188} INFO - [2025-05-11T03:43:54.239+0000] {dag.py:3036} INFO - Sync 1 DAGs
[2025-05-11T03:43:54.250+0000] {logging_mixin.py:188} INFO - [2025-05-11T03:43:54.250+0000] {dag.py:3823} INFO - Setting next_dagrun for raw_to_staging_dag to None, run_after=None
[2025-05-11T03:43:54.258+0000] {processor.py:183} INFO - Processing /opt/airflow/dags/raw_to_staging_dag.py took 0.080 seconds
[2025-05-11T03:44:24.617+0000] {processor.py:161} INFO - Started process (PID=200) to work on /opt/airflow/dags/raw_to_staging_dag.py
[2025-05-11T03:44:24.619+0000] {processor.py:830} INFO - Processing file /opt/airflow/dags/raw_to_staging_dag.py for tasks to queue
[2025-05-11T03:44:24.620+0000] {logging_mixin.py:188} INFO - [2025-05-11T03:44:24.620+0000] {dagbag.py:538} INFO - Filling up the DagBag from /opt/airflow/dags/raw_to_staging_dag.py
[2025-05-11T03:44:24.653+0000] {processor.py:840} INFO - DAG(s) 'raw_to_staging_dag' retrieved from /opt/airflow/dags/raw_to_staging_dag.py
[2025-05-11T03:44:24.697+0000] {logging_mixin.py:188} INFO - [2025-05-11T03:44:24.697+0000] {dag.py:3036} INFO - Sync 1 DAGs
[2025-05-11T03:44:24.708+0000] {logging_mixin.py:188} INFO - [2025-05-11T03:44:24.708+0000] {dag.py:3823} INFO - Setting next_dagrun for raw_to_staging_dag to None, run_after=None
[2025-05-11T03:44:24.718+0000] {processor.py:183} INFO - Processing /opt/airflow/dags/raw_to_staging_dag.py took 0.105 seconds
[2025-05-11T03:44:55.029+0000] {processor.py:161} INFO - Started process (PID=205) to work on /opt/airflow/dags/raw_to_staging_dag.py
[2025-05-11T03:44:55.031+0000] {processor.py:830} INFO - Processing file /opt/airflow/dags/raw_to_staging_dag.py for tasks to queue
[2025-05-11T03:44:55.032+0000] {logging_mixin.py:188} INFO - [2025-05-11T03:44:55.031+0000] {dagbag.py:538} INFO - Filling up the DagBag from /opt/airflow/dags/raw_to_staging_dag.py
[2025-05-11T03:44:55.050+0000] {processor.py:840} INFO - DAG(s) 'raw_to_staging_dag' retrieved from /opt/airflow/dags/raw_to_staging_dag.py
[2025-05-11T03:44:55.074+0000] {logging_mixin.py:188} INFO - [2025-05-11T03:44:55.074+0000] {dag.py:3036} INFO - Sync 1 DAGs
[2025-05-11T03:44:55.082+0000] {logging_mixin.py:188} INFO - [2025-05-11T03:44:55.082+0000] {dag.py:3823} INFO - Setting next_dagrun for raw_to_staging_dag to None, run_after=None
[2025-05-11T03:44:55.091+0000] {processor.py:183} INFO - Processing /opt/airflow/dags/raw_to_staging_dag.py took 0.065 seconds
[2025-05-11T03:45:25.473+0000] {processor.py:161} INFO - Started process (PID=210) to work on /opt/airflow/dags/raw_to_staging_dag.py
[2025-05-11T03:45:25.481+0000] {processor.py:830} INFO - Processing file /opt/airflow/dags/raw_to_staging_dag.py for tasks to queue
[2025-05-11T03:45:25.483+0000] {logging_mixin.py:188} INFO - [2025-05-11T03:45:25.482+0000] {dagbag.py:538} INFO - Filling up the DagBag from /opt/airflow/dags/raw_to_staging_dag.py
[2025-05-11T03:45:25.510+0000] {processor.py:840} INFO - DAG(s) 'raw_to_staging_dag' retrieved from /opt/airflow/dags/raw_to_staging_dag.py
[2025-05-11T03:45:25.534+0000] {logging_mixin.py:188} INFO - [2025-05-11T03:45:25.534+0000] {dag.py:3036} INFO - Sync 1 DAGs
[2025-05-11T03:45:25.545+0000] {logging_mixin.py:188} INFO - [2025-05-11T03:45:25.545+0000] {dag.py:3823} INFO - Setting next_dagrun for raw_to_staging_dag to None, run_after=None
[2025-05-11T03:45:25.554+0000] {processor.py:183} INFO - Processing /opt/airflow/dags/raw_to_staging_dag.py took 0.087 seconds
[2025-05-11T03:45:55.977+0000] {processor.py:161} INFO - Started process (PID=215) to work on /opt/airflow/dags/raw_to_staging_dag.py
[2025-05-11T03:45:55.979+0000] {processor.py:830} INFO - Processing file /opt/airflow/dags/raw_to_staging_dag.py for tasks to queue
[2025-05-11T03:45:55.980+0000] {logging_mixin.py:188} INFO - [2025-05-11T03:45:55.979+0000] {dagbag.py:538} INFO - Filling up the DagBag from /opt/airflow/dags/raw_to_staging_dag.py
[2025-05-11T03:45:56.005+0000] {processor.py:840} INFO - DAG(s) 'raw_to_staging_dag' retrieved from /opt/airflow/dags/raw_to_staging_dag.py
[2025-05-11T03:45:56.032+0000] {logging_mixin.py:188} INFO - [2025-05-11T03:45:56.032+0000] {dag.py:3036} INFO - Sync 1 DAGs
[2025-05-11T03:45:56.039+0000] {logging_mixin.py:188} INFO - [2025-05-11T03:45:56.039+0000] {dag.py:3823} INFO - Setting next_dagrun for raw_to_staging_dag to None, run_after=None
[2025-05-11T03:45:56.048+0000] {processor.py:183} INFO - Processing /opt/airflow/dags/raw_to_staging_dag.py took 0.077 seconds
[2025-05-11T03:46:26.413+0000] {processor.py:161} INFO - Started process (PID=220) to work on /opt/airflow/dags/raw_to_staging_dag.py
[2025-05-11T03:46:26.414+0000] {processor.py:830} INFO - Processing file /opt/airflow/dags/raw_to_staging_dag.py for tasks to queue
[2025-05-11T03:46:26.415+0000] {logging_mixin.py:188} INFO - [2025-05-11T03:46:26.415+0000] {dagbag.py:538} INFO - Filling up the DagBag from /opt/airflow/dags/raw_to_staging_dag.py
[2025-05-11T03:46:26.445+0000] {processor.py:840} INFO - DAG(s) 'raw_to_staging_dag' retrieved from /opt/airflow/dags/raw_to_staging_dag.py
[2025-05-11T03:46:26.465+0000] {logging_mixin.py:188} INFO - [2025-05-11T03:46:26.465+0000] {dag.py:3036} INFO - Sync 1 DAGs
[2025-05-11T03:46:26.473+0000] {logging_mixin.py:188} INFO - [2025-05-11T03:46:26.473+0000] {dag.py:3823} INFO - Setting next_dagrun for raw_to_staging_dag to None, run_after=None
[2025-05-11T03:46:26.482+0000] {processor.py:183} INFO - Processing /opt/airflow/dags/raw_to_staging_dag.py took 0.075 seconds
[2025-05-11T03:46:56.811+0000] {processor.py:161} INFO - Started process (PID=225) to work on /opt/airflow/dags/raw_to_staging_dag.py
[2025-05-11T03:46:56.813+0000] {processor.py:830} INFO - Processing file /opt/airflow/dags/raw_to_staging_dag.py for tasks to queue
[2025-05-11T03:46:56.814+0000] {logging_mixin.py:188} INFO - [2025-05-11T03:46:56.814+0000] {dagbag.py:538} INFO - Filling up the DagBag from /opt/airflow/dags/raw_to_staging_dag.py
[2025-05-11T03:46:56.850+0000] {processor.py:840} INFO - DAG(s) 'raw_to_staging_dag' retrieved from /opt/airflow/dags/raw_to_staging_dag.py
[2025-05-11T03:46:56.880+0000] {logging_mixin.py:188} INFO - [2025-05-11T03:46:56.879+0000] {dag.py:3036} INFO - Sync 1 DAGs
[2025-05-11T03:46:56.888+0000] {logging_mixin.py:188} INFO - [2025-05-11T03:46:56.888+0000] {dag.py:3823} INFO - Setting next_dagrun for raw_to_staging_dag to None, run_after=None
[2025-05-11T03:46:56.898+0000] {processor.py:183} INFO - Processing /opt/airflow/dags/raw_to_staging_dag.py took 0.091 seconds
[2025-05-11T03:47:27.333+0000] {processor.py:161} INFO - Started process (PID=230) to work on /opt/airflow/dags/raw_to_staging_dag.py
[2025-05-11T03:47:27.335+0000] {processor.py:830} INFO - Processing file /opt/airflow/dags/raw_to_staging_dag.py for tasks to queue
[2025-05-11T03:47:27.337+0000] {logging_mixin.py:188} INFO - [2025-05-11T03:47:27.336+0000] {dagbag.py:538} INFO - Filling up the DagBag from /opt/airflow/dags/raw_to_staging_dag.py
[2025-05-11T03:47:27.392+0000] {processor.py:840} INFO - DAG(s) 'raw_to_staging_dag' retrieved from /opt/airflow/dags/raw_to_staging_dag.py
[2025-05-11T03:47:27.433+0000] {logging_mixin.py:188} INFO - [2025-05-11T03:47:27.433+0000] {dag.py:3036} INFO - Sync 1 DAGs
[2025-05-11T03:47:27.444+0000] {logging_mixin.py:188} INFO - [2025-05-11T03:47:27.444+0000] {dag.py:3823} INFO - Setting next_dagrun for raw_to_staging_dag to None, run_after=None
[2025-05-11T03:47:27.455+0000] {processor.py:183} INFO - Processing /opt/airflow/dags/raw_to_staging_dag.py took 0.131 seconds
[2025-05-11T03:47:57.763+0000] {processor.py:161} INFO - Started process (PID=235) to work on /opt/airflow/dags/raw_to_staging_dag.py
[2025-05-11T03:47:57.765+0000] {processor.py:830} INFO - Processing file /opt/airflow/dags/raw_to_staging_dag.py for tasks to queue
[2025-05-11T03:47:57.766+0000] {logging_mixin.py:188} INFO - [2025-05-11T03:47:57.766+0000] {dagbag.py:538} INFO - Filling up the DagBag from /opt/airflow/dags/raw_to_staging_dag.py
[2025-05-11T03:47:57.798+0000] {processor.py:840} INFO - DAG(s) 'raw_to_staging_dag' retrieved from /opt/airflow/dags/raw_to_staging_dag.py
[2025-05-11T03:47:57.830+0000] {logging_mixin.py:188} INFO - [2025-05-11T03:47:57.830+0000] {dag.py:3036} INFO - Sync 1 DAGs
[2025-05-11T03:47:57.839+0000] {logging_mixin.py:188} INFO - [2025-05-11T03:47:57.839+0000] {dag.py:3823} INFO - Setting next_dagrun for raw_to_staging_dag to None, run_after=None
[2025-05-11T03:47:57.849+0000] {processor.py:183} INFO - Processing /opt/airflow/dags/raw_to_staging_dag.py took 0.094 seconds
[2025-05-11T03:48:28.169+0000] {processor.py:161} INFO - Started process (PID=240) to work on /opt/airflow/dags/raw_to_staging_dag.py
[2025-05-11T03:48:28.171+0000] {processor.py:830} INFO - Processing file /opt/airflow/dags/raw_to_staging_dag.py for tasks to queue
[2025-05-11T03:48:28.175+0000] {logging_mixin.py:188} INFO - [2025-05-11T03:48:28.173+0000] {dagbag.py:538} INFO - Filling up the DagBag from /opt/airflow/dags/raw_to_staging_dag.py
[2025-05-11T03:48:28.203+0000] {processor.py:840} INFO - DAG(s) 'raw_to_staging_dag' retrieved from /opt/airflow/dags/raw_to_staging_dag.py
[2025-05-11T03:48:28.236+0000] {logging_mixin.py:188} INFO - [2025-05-11T03:48:28.235+0000] {dag.py:3036} INFO - Sync 1 DAGs
[2025-05-11T03:48:28.244+0000] {logging_mixin.py:188} INFO - [2025-05-11T03:48:28.244+0000] {dag.py:3823} INFO - Setting next_dagrun for raw_to_staging_dag to None, run_after=None
[2025-05-11T03:48:28.254+0000] {processor.py:183} INFO - Processing /opt/airflow/dags/raw_to_staging_dag.py took 0.089 seconds
[2025-05-11T03:48:58.576+0000] {processor.py:161} INFO - Started process (PID=255) to work on /opt/airflow/dags/raw_to_staging_dag.py
[2025-05-11T03:48:58.578+0000] {processor.py:830} INFO - Processing file /opt/airflow/dags/raw_to_staging_dag.py for tasks to queue
[2025-05-11T03:48:58.579+0000] {logging_mixin.py:188} INFO - [2025-05-11T03:48:58.578+0000] {dagbag.py:538} INFO - Filling up the DagBag from /opt/airflow/dags/raw_to_staging_dag.py
[2025-05-11T03:48:58.604+0000] {processor.py:840} INFO - DAG(s) 'raw_to_staging_dag' retrieved from /opt/airflow/dags/raw_to_staging_dag.py
[2025-05-11T03:48:58.632+0000] {logging_mixin.py:188} INFO - [2025-05-11T03:48:58.632+0000] {dag.py:3036} INFO - Sync 1 DAGs
[2025-05-11T03:48:58.640+0000] {logging_mixin.py:188} INFO - [2025-05-11T03:48:58.640+0000] {dag.py:3823} INFO - Setting next_dagrun for raw_to_staging_dag to None, run_after=None
[2025-05-11T03:48:58.649+0000] {processor.py:183} INFO - Processing /opt/airflow/dags/raw_to_staging_dag.py took 0.078 seconds
[2025-05-11T03:49:29.078+0000] {processor.py:161} INFO - Started process (PID=260) to work on /opt/airflow/dags/raw_to_staging_dag.py
[2025-05-11T03:49:29.086+0000] {processor.py:830} INFO - Processing file /opt/airflow/dags/raw_to_staging_dag.py for tasks to queue
[2025-05-11T03:49:29.088+0000] {logging_mixin.py:188} INFO - [2025-05-11T03:49:29.088+0000] {dagbag.py:538} INFO - Filling up the DagBag from /opt/airflow/dags/raw_to_staging_dag.py
[2025-05-11T03:49:29.116+0000] {processor.py:840} INFO - DAG(s) 'raw_to_staging_dag' retrieved from /opt/airflow/dags/raw_to_staging_dag.py
[2025-05-11T03:49:29.150+0000] {logging_mixin.py:188} INFO - [2025-05-11T03:49:29.150+0000] {dag.py:3036} INFO - Sync 1 DAGs
[2025-05-11T03:49:29.183+0000] {logging_mixin.py:188} INFO - [2025-05-11T03:49:29.182+0000] {dag.py:3823} INFO - Setting next_dagrun for raw_to_staging_dag to None, run_after=None
[2025-05-11T03:49:29.196+0000] {processor.py:183} INFO - Processing /opt/airflow/dags/raw_to_staging_dag.py took 0.126 seconds
[2025-05-11T03:49:59.538+0000] {processor.py:161} INFO - Started process (PID=265) to work on /opt/airflow/dags/raw_to_staging_dag.py
[2025-05-11T03:49:59.539+0000] {processor.py:830} INFO - Processing file /opt/airflow/dags/raw_to_staging_dag.py for tasks to queue
[2025-05-11T03:49:59.540+0000] {logging_mixin.py:188} INFO - [2025-05-11T03:49:59.540+0000] {dagbag.py:538} INFO - Filling up the DagBag from /opt/airflow/dags/raw_to_staging_dag.py
[2025-05-11T03:49:59.568+0000] {processor.py:840} INFO - DAG(s) 'raw_to_staging_dag' retrieved from /opt/airflow/dags/raw_to_staging_dag.py
[2025-05-11T03:49:59.598+0000] {logging_mixin.py:188} INFO - [2025-05-11T03:49:59.598+0000] {dag.py:3036} INFO - Sync 1 DAGs
[2025-05-11T03:49:59.608+0000] {logging_mixin.py:188} INFO - [2025-05-11T03:49:59.608+0000] {dag.py:3823} INFO - Setting next_dagrun for raw_to_staging_dag to None, run_after=None
[2025-05-11T03:49:59.617+0000] {processor.py:183} INFO - Processing /opt/airflow/dags/raw_to_staging_dag.py took 0.086 seconds
[2025-05-11T03:50:29.998+0000] {processor.py:161} INFO - Started process (PID=270) to work on /opt/airflow/dags/raw_to_staging_dag.py
[2025-05-11T03:50:30.000+0000] {processor.py:830} INFO - Processing file /opt/airflow/dags/raw_to_staging_dag.py for tasks to queue
[2025-05-11T03:50:30.001+0000] {logging_mixin.py:188} INFO - [2025-05-11T03:50:30.001+0000] {dagbag.py:538} INFO - Filling up the DagBag from /opt/airflow/dags/raw_to_staging_dag.py
[2025-05-11T03:50:30.025+0000] {processor.py:840} INFO - DAG(s) 'raw_to_staging_dag' retrieved from /opt/airflow/dags/raw_to_staging_dag.py
[2025-05-11T03:50:30.069+0000] {logging_mixin.py:188} INFO - [2025-05-11T03:50:30.069+0000] {dag.py:3036} INFO - Sync 1 DAGs
[2025-05-11T03:50:30.077+0000] {logging_mixin.py:188} INFO - [2025-05-11T03:50:30.077+0000] {dag.py:3823} INFO - Setting next_dagrun for raw_to_staging_dag to None, run_after=None
[2025-05-11T03:50:30.086+0000] {processor.py:183} INFO - Processing /opt/airflow/dags/raw_to_staging_dag.py took 0.100 seconds
[2025-05-11T03:51:00.396+0000] {processor.py:161} INFO - Started process (PID=275) to work on /opt/airflow/dags/raw_to_staging_dag.py
[2025-05-11T03:51:00.398+0000] {processor.py:830} INFO - Processing file /opt/airflow/dags/raw_to_staging_dag.py for tasks to queue
[2025-05-11T03:51:00.400+0000] {logging_mixin.py:188} INFO - [2025-05-11T03:51:00.400+0000] {dagbag.py:538} INFO - Filling up the DagBag from /opt/airflow/dags/raw_to_staging_dag.py
[2025-05-11T03:51:00.426+0000] {processor.py:840} INFO - DAG(s) 'raw_to_staging_dag' retrieved from /opt/airflow/dags/raw_to_staging_dag.py
[2025-05-11T03:51:00.453+0000] {logging_mixin.py:188} INFO - [2025-05-11T03:51:00.453+0000] {dag.py:3036} INFO - Sync 1 DAGs
[2025-05-11T03:51:00.466+0000] {logging_mixin.py:188} INFO - [2025-05-11T03:51:00.466+0000] {dag.py:3823} INFO - Setting next_dagrun for raw_to_staging_dag to None, run_after=None
[2025-05-11T03:51:00.475+0000] {processor.py:183} INFO - Processing /opt/airflow/dags/raw_to_staging_dag.py took 0.084 seconds
[2025-05-11T03:51:30.805+0000] {processor.py:161} INFO - Started process (PID=280) to work on /opt/airflow/dags/raw_to_staging_dag.py
[2025-05-11T03:51:30.808+0000] {processor.py:830} INFO - Processing file /opt/airflow/dags/raw_to_staging_dag.py for tasks to queue
[2025-05-11T03:51:30.814+0000] {logging_mixin.py:188} INFO - [2025-05-11T03:51:30.810+0000] {dagbag.py:538} INFO - Filling up the DagBag from /opt/airflow/dags/raw_to_staging_dag.py
[2025-05-11T03:51:30.842+0000] {processor.py:840} INFO - DAG(s) 'raw_to_staging_dag' retrieved from /opt/airflow/dags/raw_to_staging_dag.py
[2025-05-11T03:51:30.869+0000] {logging_mixin.py:188} INFO - [2025-05-11T03:51:30.868+0000] {dag.py:3036} INFO - Sync 1 DAGs
[2025-05-11T03:51:30.876+0000] {logging_mixin.py:188} INFO - [2025-05-11T03:51:30.876+0000] {dag.py:3823} INFO - Setting next_dagrun for raw_to_staging_dag to None, run_after=None
[2025-05-11T03:51:30.885+0000] {processor.py:183} INFO - Processing /opt/airflow/dags/raw_to_staging_dag.py took 0.086 seconds
[2025-05-11T03:52:01.199+0000] {processor.py:161} INFO - Started process (PID=285) to work on /opt/airflow/dags/raw_to_staging_dag.py
[2025-05-11T03:52:01.201+0000] {processor.py:830} INFO - Processing file /opt/airflow/dags/raw_to_staging_dag.py for tasks to queue
[2025-05-11T03:52:01.202+0000] {logging_mixin.py:188} INFO - [2025-05-11T03:52:01.202+0000] {dagbag.py:538} INFO - Filling up the DagBag from /opt/airflow/dags/raw_to_staging_dag.py
[2025-05-11T03:52:01.230+0000] {processor.py:840} INFO - DAG(s) 'raw_to_staging_dag' retrieved from /opt/airflow/dags/raw_to_staging_dag.py
[2025-05-11T03:52:01.254+0000] {logging_mixin.py:188} INFO - [2025-05-11T03:52:01.254+0000] {dag.py:3036} INFO - Sync 1 DAGs
[2025-05-11T03:52:01.263+0000] {logging_mixin.py:188} INFO - [2025-05-11T03:52:01.263+0000] {dag.py:3823} INFO - Setting next_dagrun for raw_to_staging_dag to None, run_after=None
[2025-05-11T03:52:01.272+0000] {processor.py:183} INFO - Processing /opt/airflow/dags/raw_to_staging_dag.py took 0.081 seconds
[2025-05-11T03:52:31.605+0000] {processor.py:161} INFO - Started process (PID=290) to work on /opt/airflow/dags/raw_to_staging_dag.py
[2025-05-11T03:52:31.607+0000] {processor.py:830} INFO - Processing file /opt/airflow/dags/raw_to_staging_dag.py for tasks to queue
[2025-05-11T03:52:31.608+0000] {logging_mixin.py:188} INFO - [2025-05-11T03:52:31.607+0000] {dagbag.py:538} INFO - Filling up the DagBag from /opt/airflow/dags/raw_to_staging_dag.py
[2025-05-11T03:52:31.633+0000] {processor.py:840} INFO - DAG(s) 'raw_to_staging_dag' retrieved from /opt/airflow/dags/raw_to_staging_dag.py
[2025-05-11T03:52:31.659+0000] {logging_mixin.py:188} INFO - [2025-05-11T03:52:31.659+0000] {dag.py:3036} INFO - Sync 1 DAGs
[2025-05-11T03:52:31.667+0000] {logging_mixin.py:188} INFO - [2025-05-11T03:52:31.667+0000] {dag.py:3823} INFO - Setting next_dagrun for raw_to_staging_dag to None, run_after=None
[2025-05-11T03:52:31.677+0000] {processor.py:183} INFO - Processing /opt/airflow/dags/raw_to_staging_dag.py took 0.077 seconds
[2025-05-11T03:53:02.006+0000] {processor.py:161} INFO - Started process (PID=295) to work on /opt/airflow/dags/raw_to_staging_dag.py
[2025-05-11T03:53:02.007+0000] {processor.py:830} INFO - Processing file /opt/airflow/dags/raw_to_staging_dag.py for tasks to queue
[2025-05-11T03:53:02.010+0000] {logging_mixin.py:188} INFO - [2025-05-11T03:53:02.009+0000] {dagbag.py:538} INFO - Filling up the DagBag from /opt/airflow/dags/raw_to_staging_dag.py
[2025-05-11T03:53:02.036+0000] {processor.py:840} INFO - DAG(s) 'raw_to_staging_dag' retrieved from /opt/airflow/dags/raw_to_staging_dag.py
[2025-05-11T03:53:02.064+0000] {logging_mixin.py:188} INFO - [2025-05-11T03:53:02.064+0000] {dag.py:3036} INFO - Sync 1 DAGs
[2025-05-11T03:53:02.072+0000] {logging_mixin.py:188} INFO - [2025-05-11T03:53:02.071+0000] {dag.py:3823} INFO - Setting next_dagrun for raw_to_staging_dag to None, run_after=None
[2025-05-11T03:53:02.081+0000] {processor.py:183} INFO - Processing /opt/airflow/dags/raw_to_staging_dag.py took 0.080 seconds
[2025-05-11T03:53:32.493+0000] {processor.py:161} INFO - Started process (PID=300) to work on /opt/airflow/dags/raw_to_staging_dag.py
[2025-05-11T03:53:32.495+0000] {processor.py:830} INFO - Processing file /opt/airflow/dags/raw_to_staging_dag.py for tasks to queue
[2025-05-11T03:53:32.496+0000] {logging_mixin.py:188} INFO - [2025-05-11T03:53:32.495+0000] {dagbag.py:538} INFO - Filling up the DagBag from /opt/airflow/dags/raw_to_staging_dag.py
[2025-05-11T03:53:32.519+0000] {processor.py:840} INFO - DAG(s) 'raw_to_staging_dag' retrieved from /opt/airflow/dags/raw_to_staging_dag.py
[2025-05-11T03:53:32.545+0000] {logging_mixin.py:188} INFO - [2025-05-11T03:53:32.545+0000] {dag.py:3036} INFO - Sync 1 DAGs
[2025-05-11T03:53:32.552+0000] {logging_mixin.py:188} INFO - [2025-05-11T03:53:32.552+0000] {dag.py:3823} INFO - Setting next_dagrun for raw_to_staging_dag to None, run_after=None
[2025-05-11T03:53:32.564+0000] {processor.py:183} INFO - Processing /opt/airflow/dags/raw_to_staging_dag.py took 0.075 seconds
[2025-05-11T03:54:03.000+0000] {processor.py:161} INFO - Started process (PID=315) to work on /opt/airflow/dags/raw_to_staging_dag.py
[2025-05-11T03:54:03.002+0000] {processor.py:830} INFO - Processing file /opt/airflow/dags/raw_to_staging_dag.py for tasks to queue
[2025-05-11T03:54:03.003+0000] {logging_mixin.py:188} INFO - [2025-05-11T03:54:03.002+0000] {dagbag.py:538} INFO - Filling up the DagBag from /opt/airflow/dags/raw_to_staging_dag.py
[2025-05-11T03:54:03.028+0000] {processor.py:840} INFO - DAG(s) 'raw_to_staging_dag' retrieved from /opt/airflow/dags/raw_to_staging_dag.py
[2025-05-11T03:54:03.060+0000] {logging_mixin.py:188} INFO - [2025-05-11T03:54:03.060+0000] {dag.py:3036} INFO - Sync 1 DAGs
[2025-05-11T03:54:03.068+0000] {logging_mixin.py:188} INFO - [2025-05-11T03:54:03.068+0000] {dag.py:3823} INFO - Setting next_dagrun for raw_to_staging_dag to None, run_after=None
[2025-05-11T03:54:03.080+0000] {processor.py:183} INFO - Processing /opt/airflow/dags/raw_to_staging_dag.py took 0.086 seconds
[2025-05-11T03:54:33.481+0000] {processor.py:161} INFO - Started process (PID=320) to work on /opt/airflow/dags/raw_to_staging_dag.py
[2025-05-11T03:54:33.483+0000] {processor.py:830} INFO - Processing file /opt/airflow/dags/raw_to_staging_dag.py for tasks to queue
[2025-05-11T03:54:33.484+0000] {logging_mixin.py:188} INFO - [2025-05-11T03:54:33.484+0000] {dagbag.py:538} INFO - Filling up the DagBag from /opt/airflow/dags/raw_to_staging_dag.py
[2025-05-11T03:54:33.509+0000] {processor.py:840} INFO - DAG(s) 'raw_to_staging_dag' retrieved from /opt/airflow/dags/raw_to_staging_dag.py
[2025-05-11T03:54:33.540+0000] {logging_mixin.py:188} INFO - [2025-05-11T03:54:33.540+0000] {dag.py:3036} INFO - Sync 1 DAGs
[2025-05-11T03:54:33.548+0000] {logging_mixin.py:188} INFO - [2025-05-11T03:54:33.548+0000] {dag.py:3823} INFO - Setting next_dagrun for raw_to_staging_dag to None, run_after=None
[2025-05-11T03:54:33.557+0000] {processor.py:183} INFO - Processing /opt/airflow/dags/raw_to_staging_dag.py took 0.081 seconds
[2025-05-11T03:55:03.888+0000] {processor.py:161} INFO - Started process (PID=325) to work on /opt/airflow/dags/raw_to_staging_dag.py
[2025-05-11T03:55:03.890+0000] {processor.py:830} INFO - Processing file /opt/airflow/dags/raw_to_staging_dag.py for tasks to queue
[2025-05-11T03:55:03.893+0000] {logging_mixin.py:188} INFO - [2025-05-11T03:55:03.892+0000] {dagbag.py:538} INFO - Filling up the DagBag from /opt/airflow/dags/raw_to_staging_dag.py
[2025-05-11T03:55:03.921+0000] {processor.py:840} INFO - DAG(s) 'raw_to_staging_dag' retrieved from /opt/airflow/dags/raw_to_staging_dag.py
[2025-05-11T03:55:03.952+0000] {logging_mixin.py:188} INFO - [2025-05-11T03:55:03.952+0000] {dag.py:3036} INFO - Sync 1 DAGs
[2025-05-11T03:55:03.960+0000] {logging_mixin.py:188} INFO - [2025-05-11T03:55:03.960+0000] {dag.py:3823} INFO - Setting next_dagrun for raw_to_staging_dag to None, run_after=None
[2025-05-11T03:55:03.969+0000] {processor.py:183} INFO - Processing /opt/airflow/dags/raw_to_staging_dag.py took 0.087 seconds
[2025-05-11T03:55:34.353+0000] {processor.py:161} INFO - Started process (PID=330) to work on /opt/airflow/dags/raw_to_staging_dag.py
[2025-05-11T03:55:34.356+0000] {processor.py:830} INFO - Processing file /opt/airflow/dags/raw_to_staging_dag.py for tasks to queue
[2025-05-11T03:55:34.357+0000] {logging_mixin.py:188} INFO - [2025-05-11T03:55:34.356+0000] {dagbag.py:538} INFO - Filling up the DagBag from /opt/airflow/dags/raw_to_staging_dag.py
[2025-05-11T03:55:34.385+0000] {processor.py:840} INFO - DAG(s) 'raw_to_staging_dag' retrieved from /opt/airflow/dags/raw_to_staging_dag.py
[2025-05-11T03:55:34.419+0000] {logging_mixin.py:188} INFO - [2025-05-11T03:55:34.419+0000] {dag.py:3036} INFO - Sync 1 DAGs
[2025-05-11T03:55:34.428+0000] {logging_mixin.py:188} INFO - [2025-05-11T03:55:34.428+0000] {dag.py:3823} INFO - Setting next_dagrun for raw_to_staging_dag to None, run_after=None
[2025-05-11T03:55:34.438+0000] {processor.py:183} INFO - Processing /opt/airflow/dags/raw_to_staging_dag.py took 0.090 seconds
[2025-05-11T03:55:41.512+0000] {processor.py:161} INFO - Started process (PID=335) to work on /opt/airflow/dags/raw_to_staging_dag.py
[2025-05-11T03:55:41.514+0000] {processor.py:830} INFO - Processing file /opt/airflow/dags/raw_to_staging_dag.py for tasks to queue
[2025-05-11T03:55:41.515+0000] {logging_mixin.py:188} INFO - [2025-05-11T03:55:41.514+0000] {dagbag.py:538} INFO - Filling up the DagBag from /opt/airflow/dags/raw_to_staging_dag.py
[2025-05-11T03:55:41.546+0000] {logging_mixin.py:188} WARNING - /home/airflow/.local/lib/python3.8/site-packages/airflow/providers/common/sql/operators/sql.py:139 RemovedInAirflow3Warning: The 'task_concurrency' parameter is deprecated. Please use 'max_active_tis_per_dag'.
[2025-05-11T03:55:41.557+0000] {processor.py:840} INFO - DAG(s) 'raw_to_staging_dag' retrieved from /opt/airflow/dags/raw_to_staging_dag.py
[2025-05-11T03:55:41.643+0000] {logging_mixin.py:188} INFO - [2025-05-11T03:55:41.643+0000] {dag.py:3036} INFO - Sync 1 DAGs
[2025-05-11T03:55:41.658+0000] {logging_mixin.py:188} INFO - [2025-05-11T03:55:41.658+0000] {dag.py:3823} INFO - Setting next_dagrun for raw_to_staging_dag to 2025-01-01 00:00:00+00:00, run_after=2025-01-02 00:00:00+00:00
[2025-05-11T03:55:41.669+0000] {processor.py:183} INFO - Processing /opt/airflow/dags/raw_to_staging_dag.py took 0.169 seconds
[2025-05-11T03:56:12.619+0000] {processor.py:161} INFO - Started process (PID=500) to work on /opt/airflow/dags/raw_to_staging_dag.py
[2025-05-11T03:56:12.621+0000] {processor.py:830} INFO - Processing file /opt/airflow/dags/raw_to_staging_dag.py for tasks to queue
[2025-05-11T03:56:12.623+0000] {logging_mixin.py:188} INFO - [2025-05-11T03:56:12.622+0000] {dagbag.py:538} INFO - Filling up the DagBag from /opt/airflow/dags/raw_to_staging_dag.py
[2025-05-11T03:56:12.641+0000] {logging_mixin.py:188} WARNING - /home/airflow/.local/lib/python3.8/site-packages/airflow/providers/common/sql/operators/sql.py:139 RemovedInAirflow3Warning: The 'task_concurrency' parameter is deprecated. Please use 'max_active_tis_per_dag'.
[2025-05-11T03:56:12.655+0000] {processor.py:840} INFO - DAG(s) 'raw_to_staging_dag' retrieved from /opt/airflow/dags/raw_to_staging_dag.py
[2025-05-11T03:56:12.689+0000] {logging_mixin.py:188} INFO - [2025-05-11T03:56:12.689+0000] {dag.py:3036} INFO - Sync 1 DAGs
[2025-05-11T03:56:12.758+0000] {processor.py:183} INFO - Processing /opt/airflow/dags/raw_to_staging_dag.py took 0.145 seconds
[2025-05-11T03:56:43.050+0000] {processor.py:161} INFO - Started process (PID=505) to work on /opt/airflow/dags/raw_to_staging_dag.py
[2025-05-11T03:56:43.052+0000] {processor.py:830} INFO - Processing file /opt/airflow/dags/raw_to_staging_dag.py for tasks to queue
[2025-05-11T03:56:43.053+0000] {logging_mixin.py:188} INFO - [2025-05-11T03:56:43.052+0000] {dagbag.py:538} INFO - Filling up the DagBag from /opt/airflow/dags/raw_to_staging_dag.py
[2025-05-11T03:56:43.070+0000] {logging_mixin.py:188} WARNING - /home/airflow/.local/lib/python3.8/site-packages/airflow/providers/common/sql/operators/sql.py:139 RemovedInAirflow3Warning: The 'task_concurrency' parameter is deprecated. Please use 'max_active_tis_per_dag'.
[2025-05-11T03:56:43.085+0000] {processor.py:840} INFO - DAG(s) 'raw_to_staging_dag' retrieved from /opt/airflow/dags/raw_to_staging_dag.py
[2025-05-11T03:56:43.110+0000] {logging_mixin.py:188} INFO - [2025-05-11T03:56:43.110+0000] {dag.py:3036} INFO - Sync 1 DAGs
[2025-05-11T03:56:43.135+0000] {processor.py:183} INFO - Processing /opt/airflow/dags/raw_to_staging_dag.py took 0.094 seconds
[2025-05-11T03:57:13.503+0000] {processor.py:161} INFO - Started process (PID=510) to work on /opt/airflow/dags/raw_to_staging_dag.py
[2025-05-11T03:57:13.505+0000] {processor.py:830} INFO - Processing file /opt/airflow/dags/raw_to_staging_dag.py for tasks to queue
[2025-05-11T03:57:13.506+0000] {logging_mixin.py:188} INFO - [2025-05-11T03:57:13.506+0000] {dagbag.py:538} INFO - Filling up the DagBag from /opt/airflow/dags/raw_to_staging_dag.py
[2025-05-11T03:57:13.525+0000] {logging_mixin.py:188} WARNING - /home/airflow/.local/lib/python3.8/site-packages/airflow/providers/common/sql/operators/sql.py:139 RemovedInAirflow3Warning: The 'task_concurrency' parameter is deprecated. Please use 'max_active_tis_per_dag'.
[2025-05-11T03:57:13.538+0000] {processor.py:840} INFO - DAG(s) 'raw_to_staging_dag' retrieved from /opt/airflow/dags/raw_to_staging_dag.py
[2025-05-11T03:57:13.570+0000] {logging_mixin.py:188} INFO - [2025-05-11T03:57:13.569+0000] {dag.py:3036} INFO - Sync 1 DAGs
[2025-05-11T03:57:13.593+0000] {processor.py:183} INFO - Processing /opt/airflow/dags/raw_to_staging_dag.py took 0.095 seconds
[2025-05-11T03:57:43.920+0000] {processor.py:161} INFO - Started process (PID=515) to work on /opt/airflow/dags/raw_to_staging_dag.py
[2025-05-11T03:57:43.921+0000] {processor.py:830} INFO - Processing file /opt/airflow/dags/raw_to_staging_dag.py for tasks to queue
[2025-05-11T03:57:43.923+0000] {logging_mixin.py:188} INFO - [2025-05-11T03:57:43.922+0000] {dagbag.py:538} INFO - Filling up the DagBag from /opt/airflow/dags/raw_to_staging_dag.py
[2025-05-11T03:57:43.943+0000] {logging_mixin.py:188} WARNING - /home/airflow/.local/lib/python3.8/site-packages/airflow/providers/common/sql/operators/sql.py:139 RemovedInAirflow3Warning: The 'task_concurrency' parameter is deprecated. Please use 'max_active_tis_per_dag'.
[2025-05-11T03:57:43.955+0000] {processor.py:840} INFO - DAG(s) 'raw_to_staging_dag' retrieved from /opt/airflow/dags/raw_to_staging_dag.py
[2025-05-11T03:57:43.983+0000] {logging_mixin.py:188} INFO - [2025-05-11T03:57:43.982+0000] {dag.py:3036} INFO - Sync 1 DAGs
[2025-05-11T03:57:44.007+0000] {processor.py:183} INFO - Processing /opt/airflow/dags/raw_to_staging_dag.py took 0.093 seconds
[2025-05-11T03:58:14.349+0000] {processor.py:161} INFO - Started process (PID=520) to work on /opt/airflow/dags/raw_to_staging_dag.py
[2025-05-11T03:58:14.350+0000] {processor.py:830} INFO - Processing file /opt/airflow/dags/raw_to_staging_dag.py for tasks to queue
[2025-05-11T03:58:14.351+0000] {logging_mixin.py:188} INFO - [2025-05-11T03:58:14.351+0000] {dagbag.py:538} INFO - Filling up the DagBag from /opt/airflow/dags/raw_to_staging_dag.py
[2025-05-11T03:58:14.372+0000] {logging_mixin.py:188} WARNING - /home/airflow/.local/lib/python3.8/site-packages/airflow/providers/common/sql/operators/sql.py:139 RemovedInAirflow3Warning: The 'task_concurrency' parameter is deprecated. Please use 'max_active_tis_per_dag'.
[2025-05-11T03:58:14.383+0000] {processor.py:840} INFO - DAG(s) 'raw_to_staging_dag' retrieved from /opt/airflow/dags/raw_to_staging_dag.py
[2025-05-11T03:58:14.409+0000] {logging_mixin.py:188} INFO - [2025-05-11T03:58:14.409+0000] {dag.py:3036} INFO - Sync 1 DAGs
[2025-05-11T03:58:14.434+0000] {processor.py:183} INFO - Processing /opt/airflow/dags/raw_to_staging_dag.py took 0.090 seconds
[2025-05-11T03:58:44.816+0000] {processor.py:161} INFO - Started process (PID=525) to work on /opt/airflow/dags/raw_to_staging_dag.py
[2025-05-11T03:58:44.818+0000] {processor.py:830} INFO - Processing file /opt/airflow/dags/raw_to_staging_dag.py for tasks to queue
[2025-05-11T03:58:44.819+0000] {logging_mixin.py:188} INFO - [2025-05-11T03:58:44.819+0000] {dagbag.py:538} INFO - Filling up the DagBag from /opt/airflow/dags/raw_to_staging_dag.py
[2025-05-11T03:58:44.872+0000] {logging_mixin.py:188} WARNING - /home/airflow/.local/lib/python3.8/site-packages/airflow/providers/common/sql/operators/sql.py:139 RemovedInAirflow3Warning: The 'task_concurrency' parameter is deprecated. Please use 'max_active_tis_per_dag'.
[2025-05-11T03:58:44.885+0000] {processor.py:840} INFO - DAG(s) 'raw_to_staging_dag' retrieved from /opt/airflow/dags/raw_to_staging_dag.py
[2025-05-11T03:58:44.922+0000] {logging_mixin.py:188} INFO - [2025-05-11T03:58:44.922+0000] {dag.py:3036} INFO - Sync 1 DAGs
[2025-05-11T03:58:44.962+0000] {processor.py:183} INFO - Processing /opt/airflow/dags/raw_to_staging_dag.py took 0.152 seconds
[2025-05-11T03:59:15.258+0000] {processor.py:161} INFO - Started process (PID=530) to work on /opt/airflow/dags/raw_to_staging_dag.py
[2025-05-11T03:59:15.260+0000] {processor.py:830} INFO - Processing file /opt/airflow/dags/raw_to_staging_dag.py for tasks to queue
[2025-05-11T03:59:15.261+0000] {logging_mixin.py:188} INFO - [2025-05-11T03:59:15.261+0000] {dagbag.py:538} INFO - Filling up the DagBag from /opt/airflow/dags/raw_to_staging_dag.py
[2025-05-11T03:59:15.280+0000] {logging_mixin.py:188} WARNING - /home/airflow/.local/lib/python3.8/site-packages/airflow/providers/common/sql/operators/sql.py:139 RemovedInAirflow3Warning: The 'task_concurrency' parameter is deprecated. Please use 'max_active_tis_per_dag'.
[2025-05-11T03:59:15.292+0000] {processor.py:840} INFO - DAG(s) 'raw_to_staging_dag' retrieved from /opt/airflow/dags/raw_to_staging_dag.py
[2025-05-11T03:59:15.325+0000] {logging_mixin.py:188} INFO - [2025-05-11T03:59:15.325+0000] {dag.py:3036} INFO - Sync 1 DAGs
[2025-05-11T03:59:15.346+0000] {processor.py:183} INFO - Processing /opt/airflow/dags/raw_to_staging_dag.py took 0.092 seconds
[2025-05-11T03:59:45.658+0000] {processor.py:161} INFO - Started process (PID=535) to work on /opt/airflow/dags/raw_to_staging_dag.py
[2025-05-11T03:59:45.661+0000] {processor.py:830} INFO - Processing file /opt/airflow/dags/raw_to_staging_dag.py for tasks to queue
[2025-05-11T03:59:45.662+0000] {logging_mixin.py:188} INFO - [2025-05-11T03:59:45.661+0000] {dagbag.py:538} INFO - Filling up the DagBag from /opt/airflow/dags/raw_to_staging_dag.py
[2025-05-11T03:59:45.691+0000] {logging_mixin.py:188} WARNING - /home/airflow/.local/lib/python3.8/site-packages/airflow/providers/common/sql/operators/sql.py:139 RemovedInAirflow3Warning: The 'task_concurrency' parameter is deprecated. Please use 'max_active_tis_per_dag'.
[2025-05-11T03:59:45.701+0000] {processor.py:840} INFO - DAG(s) 'raw_to_staging_dag' retrieved from /opt/airflow/dags/raw_to_staging_dag.py
[2025-05-11T03:59:45.724+0000] {logging_mixin.py:188} INFO - [2025-05-11T03:59:45.724+0000] {dag.py:3036} INFO - Sync 1 DAGs
[2025-05-11T03:59:45.747+0000] {processor.py:183} INFO - Processing /opt/airflow/dags/raw_to_staging_dag.py took 0.093 seconds
[2025-05-11T04:00:16.015+0000] {processor.py:161} INFO - Started process (PID=540) to work on /opt/airflow/dags/raw_to_staging_dag.py
[2025-05-11T04:00:16.018+0000] {processor.py:830} INFO - Processing file /opt/airflow/dags/raw_to_staging_dag.py for tasks to queue
[2025-05-11T04:00:16.019+0000] {logging_mixin.py:188} INFO - [2025-05-11T04:00:16.019+0000] {dagbag.py:538} INFO - Filling up the DagBag from /opt/airflow/dags/raw_to_staging_dag.py
[2025-05-11T04:00:16.033+0000] {logging_mixin.py:188} WARNING - /home/airflow/.local/lib/python3.8/site-packages/airflow/providers/common/sql/operators/sql.py:139 RemovedInAirflow3Warning: The 'task_concurrency' parameter is deprecated. Please use 'max_active_tis_per_dag'.
[2025-05-11T04:00:16.048+0000] {processor.py:840} INFO - DAG(s) 'raw_to_staging_dag' retrieved from /opt/airflow/dags/raw_to_staging_dag.py
[2025-05-11T04:00:16.077+0000] {logging_mixin.py:188} INFO - [2025-05-11T04:00:16.077+0000] {dag.py:3036} INFO - Sync 1 DAGs
[2025-05-11T04:00:16.100+0000] {processor.py:183} INFO - Processing /opt/airflow/dags/raw_to_staging_dag.py took 0.089 seconds
[2025-05-11T04:00:46.304+0000] {processor.py:161} INFO - Started process (PID=577) to work on /opt/airflow/dags/raw_to_staging_dag.py
[2025-05-11T04:00:46.306+0000] {processor.py:830} INFO - Processing file /opt/airflow/dags/raw_to_staging_dag.py for tasks to queue
[2025-05-11T04:00:46.306+0000] {logging_mixin.py:188} INFO - [2025-05-11T04:00:46.306+0000] {dagbag.py:538} INFO - Filling up the DagBag from /opt/airflow/dags/raw_to_staging_dag.py
[2025-05-11T04:00:46.323+0000] {logging_mixin.py:188} WARNING - /home/airflow/.local/lib/python3.8/site-packages/airflow/providers/common/sql/operators/sql.py:139 RemovedInAirflow3Warning: The 'task_concurrency' parameter is deprecated. Please use 'max_active_tis_per_dag'.
[2025-05-11T04:00:46.333+0000] {processor.py:840} INFO - DAG(s) 'raw_to_staging_dag' retrieved from /opt/airflow/dags/raw_to_staging_dag.py
[2025-05-11T04:00:46.357+0000] {logging_mixin.py:188} INFO - [2025-05-11T04:00:46.357+0000] {dag.py:3036} INFO - Sync 1 DAGs
[2025-05-11T04:00:46.378+0000] {processor.py:183} INFO - Processing /opt/airflow/dags/raw_to_staging_dag.py took 0.076 seconds
[2025-05-11T04:01:16.772+0000] {processor.py:161} INFO - Started process (PID=710) to work on /opt/airflow/dags/raw_to_staging_dag.py
[2025-05-11T04:01:16.779+0000] {processor.py:830} INFO - Processing file /opt/airflow/dags/raw_to_staging_dag.py for tasks to queue
[2025-05-11T04:01:16.780+0000] {logging_mixin.py:188} INFO - [2025-05-11T04:01:16.780+0000] {dagbag.py:538} INFO - Filling up the DagBag from /opt/airflow/dags/raw_to_staging_dag.py
[2025-05-11T04:01:16.797+0000] {logging_mixin.py:188} WARNING - /home/airflow/.local/lib/python3.8/site-packages/airflow/providers/common/sql/operators/sql.py:139 RemovedInAirflow3Warning: The 'task_concurrency' parameter is deprecated. Please use 'max_active_tis_per_dag'.
[2025-05-11T04:01:16.814+0000] {processor.py:840} INFO - DAG(s) 'raw_to_staging_dag' retrieved from /opt/airflow/dags/raw_to_staging_dag.py
[2025-05-11T04:01:16.850+0000] {logging_mixin.py:188} INFO - [2025-05-11T04:01:16.850+0000] {dag.py:3036} INFO - Sync 1 DAGs
[2025-05-11T04:01:16.987+0000] {processor.py:183} INFO - Processing /opt/airflow/dags/raw_to_staging_dag.py took 0.219 seconds
[2025-05-11T04:01:47.177+0000] {processor.py:161} INFO - Started process (PID=715) to work on /opt/airflow/dags/raw_to_staging_dag.py
[2025-05-11T04:01:47.179+0000] {processor.py:830} INFO - Processing file /opt/airflow/dags/raw_to_staging_dag.py for tasks to queue
[2025-05-11T04:01:47.180+0000] {logging_mixin.py:188} INFO - [2025-05-11T04:01:47.179+0000] {dagbag.py:538} INFO - Filling up the DagBag from /opt/airflow/dags/raw_to_staging_dag.py
[2025-05-11T04:01:47.200+0000] {logging_mixin.py:188} WARNING - /home/airflow/.local/lib/python3.8/site-packages/airflow/providers/common/sql/operators/sql.py:139 RemovedInAirflow3Warning: The 'task_concurrency' parameter is deprecated. Please use 'max_active_tis_per_dag'.
[2025-05-11T04:01:47.216+0000] {processor.py:840} INFO - DAG(s) 'raw_to_staging_dag' retrieved from /opt/airflow/dags/raw_to_staging_dag.py
[2025-05-11T04:01:47.253+0000] {logging_mixin.py:188} INFO - [2025-05-11T04:01:47.253+0000] {dag.py:3036} INFO - Sync 1 DAGs
[2025-05-11T04:01:47.288+0000] {processor.py:183} INFO - Processing /opt/airflow/dags/raw_to_staging_dag.py took 0.121 seconds
[2025-05-11T04:02:17.604+0000] {processor.py:161} INFO - Started process (PID=720) to work on /opt/airflow/dags/raw_to_staging_dag.py
[2025-05-11T04:02:17.606+0000] {processor.py:830} INFO - Processing file /opt/airflow/dags/raw_to_staging_dag.py for tasks to queue
[2025-05-11T04:02:17.607+0000] {logging_mixin.py:188} INFO - [2025-05-11T04:02:17.606+0000] {dagbag.py:538} INFO - Filling up the DagBag from /opt/airflow/dags/raw_to_staging_dag.py
[2025-05-11T04:02:17.624+0000] {logging_mixin.py:188} WARNING - /home/airflow/.local/lib/python3.8/site-packages/airflow/providers/common/sql/operators/sql.py:139 RemovedInAirflow3Warning: The 'task_concurrency' parameter is deprecated. Please use 'max_active_tis_per_dag'.
[2025-05-11T04:02:17.637+0000] {processor.py:840} INFO - DAG(s) 'raw_to_staging_dag' retrieved from /opt/airflow/dags/raw_to_staging_dag.py
[2025-05-11T04:02:17.670+0000] {logging_mixin.py:188} INFO - [2025-05-11T04:02:17.670+0000] {dag.py:3036} INFO - Sync 1 DAGs
[2025-05-11T04:02:17.693+0000] {processor.py:183} INFO - Processing /opt/airflow/dags/raw_to_staging_dag.py took 0.098 seconds
[2025-05-11T04:02:47.997+0000] {processor.py:161} INFO - Started process (PID=725) to work on /opt/airflow/dags/raw_to_staging_dag.py
[2025-05-11T04:02:47.998+0000] {processor.py:830} INFO - Processing file /opt/airflow/dags/raw_to_staging_dag.py for tasks to queue
[2025-05-11T04:02:47.999+0000] {logging_mixin.py:188} INFO - [2025-05-11T04:02:47.999+0000] {dagbag.py:538} INFO - Filling up the DagBag from /opt/airflow/dags/raw_to_staging_dag.py
[2025-05-11T04:02:48.017+0000] {logging_mixin.py:188} WARNING - /home/airflow/.local/lib/python3.8/site-packages/airflow/providers/common/sql/operators/sql.py:139 RemovedInAirflow3Warning: The 'task_concurrency' parameter is deprecated. Please use 'max_active_tis_per_dag'.
[2025-05-11T04:02:48.030+0000] {processor.py:840} INFO - DAG(s) 'raw_to_staging_dag' retrieved from /opt/airflow/dags/raw_to_staging_dag.py
[2025-05-11T04:02:48.066+0000] {logging_mixin.py:188} INFO - [2025-05-11T04:02:48.066+0000] {dag.py:3036} INFO - Sync 1 DAGs
[2025-05-11T04:02:48.086+0000] {processor.py:183} INFO - Processing /opt/airflow/dags/raw_to_staging_dag.py took 0.093 seconds
[2025-05-11T04:03:18.574+0000] {processor.py:161} INFO - Started process (PID=730) to work on /opt/airflow/dags/raw_to_staging_dag.py
[2025-05-11T04:03:18.575+0000] {processor.py:830} INFO - Processing file /opt/airflow/dags/raw_to_staging_dag.py for tasks to queue
[2025-05-11T04:03:18.577+0000] {logging_mixin.py:188} INFO - [2025-05-11T04:03:18.577+0000] {dagbag.py:538} INFO - Filling up the DagBag from /opt/airflow/dags/raw_to_staging_dag.py
[2025-05-11T04:03:18.601+0000] {logging_mixin.py:188} WARNING - /home/airflow/.local/lib/python3.8/site-packages/airflow/providers/common/sql/operators/sql.py:139 RemovedInAirflow3Warning: The 'task_concurrency' parameter is deprecated. Please use 'max_active_tis_per_dag'.
[2025-05-11T04:03:18.613+0000] {processor.py:840} INFO - DAG(s) 'raw_to_staging_dag' retrieved from /opt/airflow/dags/raw_to_staging_dag.py
[2025-05-11T04:03:18.640+0000] {logging_mixin.py:188} INFO - [2025-05-11T04:03:18.640+0000] {dag.py:3036} INFO - Sync 1 DAGs
[2025-05-11T04:03:18.668+0000] {processor.py:183} INFO - Processing /opt/airflow/dags/raw_to_staging_dag.py took 0.102 seconds
[2025-05-11T04:03:49.071+0000] {processor.py:161} INFO - Started process (PID=735) to work on /opt/airflow/dags/raw_to_staging_dag.py
[2025-05-11T04:03:49.072+0000] {processor.py:830} INFO - Processing file /opt/airflow/dags/raw_to_staging_dag.py for tasks to queue
[2025-05-11T04:03:49.073+0000] {logging_mixin.py:188} INFO - [2025-05-11T04:03:49.073+0000] {dagbag.py:538} INFO - Filling up the DagBag from /opt/airflow/dags/raw_to_staging_dag.py
[2025-05-11T04:03:49.092+0000] {logging_mixin.py:188} WARNING - /home/airflow/.local/lib/python3.8/site-packages/airflow/providers/common/sql/operators/sql.py:139 RemovedInAirflow3Warning: The 'task_concurrency' parameter is deprecated. Please use 'max_active_tis_per_dag'.
[2025-05-11T04:03:49.107+0000] {processor.py:840} INFO - DAG(s) 'raw_to_staging_dag' retrieved from /opt/airflow/dags/raw_to_staging_dag.py
[2025-05-11T04:03:49.130+0000] {logging_mixin.py:188} INFO - [2025-05-11T04:03:49.130+0000] {dag.py:3036} INFO - Sync 1 DAGs
[2025-05-11T04:03:49.152+0000] {processor.py:183} INFO - Processing /opt/airflow/dags/raw_to_staging_dag.py took 0.090 seconds
[2025-05-11T04:04:19.511+0000] {processor.py:161} INFO - Started process (PID=740) to work on /opt/airflow/dags/raw_to_staging_dag.py
[2025-05-11T04:04:19.514+0000] {processor.py:830} INFO - Processing file /opt/airflow/dags/raw_to_staging_dag.py for tasks to queue
[2025-05-11T04:04:19.516+0000] {logging_mixin.py:188} INFO - [2025-05-11T04:04:19.515+0000] {dagbag.py:538} INFO - Filling up the DagBag from /opt/airflow/dags/raw_to_staging_dag.py
[2025-05-11T04:04:19.542+0000] {logging_mixin.py:188} WARNING - /home/airflow/.local/lib/python3.8/site-packages/airflow/providers/common/sql/operators/sql.py:139 RemovedInAirflow3Warning: The 'task_concurrency' parameter is deprecated. Please use 'max_active_tis_per_dag'.
[2025-05-11T04:04:19.555+0000] {processor.py:840} INFO - DAG(s) 'raw_to_staging_dag' retrieved from /opt/airflow/dags/raw_to_staging_dag.py
[2025-05-11T04:04:19.580+0000] {logging_mixin.py:188} INFO - [2025-05-11T04:04:19.580+0000] {dag.py:3036} INFO - Sync 1 DAGs
[2025-05-11T04:04:19.602+0000] {processor.py:183} INFO - Processing /opt/airflow/dags/raw_to_staging_dag.py took 0.102 seconds
[2025-05-11T04:04:49.839+0000] {processor.py:161} INFO - Started process (PID=745) to work on /opt/airflow/dags/raw_to_staging_dag.py
[2025-05-11T04:04:49.850+0000] {processor.py:830} INFO - Processing file /opt/airflow/dags/raw_to_staging_dag.py for tasks to queue
[2025-05-11T04:04:49.857+0000] {logging_mixin.py:188} INFO - [2025-05-11T04:04:49.853+0000] {dagbag.py:538} INFO - Filling up the DagBag from /opt/airflow/dags/raw_to_staging_dag.py
[2025-05-11T04:04:49.895+0000] {logging_mixin.py:188} WARNING - /home/airflow/.local/lib/python3.8/site-packages/airflow/providers/common/sql/operators/sql.py:139 RemovedInAirflow3Warning: The 'task_concurrency' parameter is deprecated. Please use 'max_active_tis_per_dag'.
[2025-05-11T04:04:49.911+0000] {processor.py:840} INFO - DAG(s) 'raw_to_staging_dag' retrieved from /opt/airflow/dags/raw_to_staging_dag.py
[2025-05-11T04:04:49.935+0000] {logging_mixin.py:188} INFO - [2025-05-11T04:04:49.935+0000] {dag.py:3036} INFO - Sync 1 DAGs
[2025-05-11T04:04:49.955+0000] {processor.py:183} INFO - Processing /opt/airflow/dags/raw_to_staging_dag.py took 0.127 seconds
[2025-05-11T04:05:20.199+0000] {processor.py:161} INFO - Started process (PID=750) to work on /opt/airflow/dags/raw_to_staging_dag.py
[2025-05-11T04:05:20.202+0000] {processor.py:830} INFO - Processing file /opt/airflow/dags/raw_to_staging_dag.py for tasks to queue
[2025-05-11T04:05:20.205+0000] {logging_mixin.py:188} INFO - [2025-05-11T04:05:20.204+0000] {dagbag.py:538} INFO - Filling up the DagBag from /opt/airflow/dags/raw_to_staging_dag.py
[2025-05-11T04:05:20.221+0000] {logging_mixin.py:188} WARNING - /home/airflow/.local/lib/python3.8/site-packages/airflow/providers/common/sql/operators/sql.py:139 RemovedInAirflow3Warning: The 'task_concurrency' parameter is deprecated. Please use 'max_active_tis_per_dag'.
[2025-05-11T04:05:20.239+0000] {processor.py:840} INFO - DAG(s) 'raw_to_staging_dag' retrieved from /opt/airflow/dags/raw_to_staging_dag.py
[2025-05-11T04:05:20.262+0000] {logging_mixin.py:188} INFO - [2025-05-11T04:05:20.262+0000] {dag.py:3036} INFO - Sync 1 DAGs
[2025-05-11T04:05:20.287+0000] {processor.py:183} INFO - Processing /opt/airflow/dags/raw_to_staging_dag.py took 0.092 seconds
[2025-05-11T04:05:51.152+0000] {processor.py:161} INFO - Started process (PID=819) to work on /opt/airflow/dags/raw_to_staging_dag.py
[2025-05-11T04:05:51.154+0000] {processor.py:830} INFO - Processing file /opt/airflow/dags/raw_to_staging_dag.py for tasks to queue
[2025-05-11T04:05:51.155+0000] {logging_mixin.py:188} INFO - [2025-05-11T04:05:51.155+0000] {dagbag.py:538} INFO - Filling up the DagBag from /opt/airflow/dags/raw_to_staging_dag.py
[2025-05-11T04:05:51.176+0000] {logging_mixin.py:188} WARNING - /home/airflow/.local/lib/python3.8/site-packages/airflow/providers/common/sql/operators/sql.py:139 RemovedInAirflow3Warning: The 'task_concurrency' parameter is deprecated. Please use 'max_active_tis_per_dag'.
[2025-05-11T04:05:51.195+0000] {processor.py:840} INFO - DAG(s) 'raw_to_staging_dag' retrieved from /opt/airflow/dags/raw_to_staging_dag.py
[2025-05-11T04:05:51.315+0000] {logging_mixin.py:188} INFO - [2025-05-11T04:05:51.315+0000] {dag.py:3036} INFO - Sync 1 DAGs
[2025-05-11T04:05:51.553+0000] {processor.py:183} INFO - Processing /opt/airflow/dags/raw_to_staging_dag.py took 0.405 seconds
[2025-05-11T04:06:21.921+0000] {processor.py:161} INFO - Started process (PID=920) to work on /opt/airflow/dags/raw_to_staging_dag.py
[2025-05-11T04:06:21.923+0000] {processor.py:830} INFO - Processing file /opt/airflow/dags/raw_to_staging_dag.py for tasks to queue
[2025-05-11T04:06:21.925+0000] {logging_mixin.py:188} INFO - [2025-05-11T04:06:21.924+0000] {dagbag.py:538} INFO - Filling up the DagBag from /opt/airflow/dags/raw_to_staging_dag.py
[2025-05-11T04:06:21.946+0000] {logging_mixin.py:188} WARNING - /home/airflow/.local/lib/python3.8/site-packages/airflow/providers/common/sql/operators/sql.py:139 RemovedInAirflow3Warning: The 'task_concurrency' parameter is deprecated. Please use 'max_active_tis_per_dag'.
[2025-05-11T04:06:21.959+0000] {processor.py:840} INFO - DAG(s) 'raw_to_staging_dag' retrieved from /opt/airflow/dags/raw_to_staging_dag.py
[2025-05-11T04:06:21.990+0000] {logging_mixin.py:188} INFO - [2025-05-11T04:06:21.989+0000] {dag.py:3036} INFO - Sync 1 DAGs
[2025-05-11T04:06:22.016+0000] {processor.py:183} INFO - Processing /opt/airflow/dags/raw_to_staging_dag.py took 0.102 seconds
[2025-05-11T04:06:52.286+0000] {processor.py:161} INFO - Started process (PID=925) to work on /opt/airflow/dags/raw_to_staging_dag.py
[2025-05-11T04:06:52.288+0000] {processor.py:830} INFO - Processing file /opt/airflow/dags/raw_to_staging_dag.py for tasks to queue
[2025-05-11T04:06:52.289+0000] {logging_mixin.py:188} INFO - [2025-05-11T04:06:52.289+0000] {dagbag.py:538} INFO - Filling up the DagBag from /opt/airflow/dags/raw_to_staging_dag.py
[2025-05-11T04:06:52.308+0000] {logging_mixin.py:188} WARNING - /home/airflow/.local/lib/python3.8/site-packages/airflow/providers/common/sql/operators/sql.py:139 RemovedInAirflow3Warning: The 'task_concurrency' parameter is deprecated. Please use 'max_active_tis_per_dag'.
[2025-05-11T04:06:52.320+0000] {processor.py:840} INFO - DAG(s) 'raw_to_staging_dag' retrieved from /opt/airflow/dags/raw_to_staging_dag.py
[2025-05-11T04:06:52.348+0000] {logging_mixin.py:188} INFO - [2025-05-11T04:06:52.348+0000] {dag.py:3036} INFO - Sync 1 DAGs
[2025-05-11T04:06:52.372+0000] {processor.py:183} INFO - Processing /opt/airflow/dags/raw_to_staging_dag.py took 0.095 seconds
[2025-05-11T04:07:22.629+0000] {processor.py:161} INFO - Started process (PID=930) to work on /opt/airflow/dags/raw_to_staging_dag.py
[2025-05-11T04:07:22.631+0000] {processor.py:830} INFO - Processing file /opt/airflow/dags/raw_to_staging_dag.py for tasks to queue
[2025-05-11T04:07:22.632+0000] {logging_mixin.py:188} INFO - [2025-05-11T04:07:22.631+0000] {dagbag.py:538} INFO - Filling up the DagBag from /opt/airflow/dags/raw_to_staging_dag.py
[2025-05-11T04:07:22.651+0000] {logging_mixin.py:188} WARNING - /home/airflow/.local/lib/python3.8/site-packages/airflow/providers/common/sql/operators/sql.py:139 RemovedInAirflow3Warning: The 'task_concurrency' parameter is deprecated. Please use 'max_active_tis_per_dag'.
[2025-05-11T04:07:22.665+0000] {processor.py:840} INFO - DAG(s) 'raw_to_staging_dag' retrieved from /opt/airflow/dags/raw_to_staging_dag.py
[2025-05-11T04:07:22.696+0000] {logging_mixin.py:188} INFO - [2025-05-11T04:07:22.696+0000] {dag.py:3036} INFO - Sync 1 DAGs
[2025-05-11T04:07:22.721+0000] {processor.py:183} INFO - Processing /opt/airflow/dags/raw_to_staging_dag.py took 0.100 seconds
[2025-05-11T04:07:53.030+0000] {processor.py:161} INFO - Started process (PID=935) to work on /opt/airflow/dags/raw_to_staging_dag.py
[2025-05-11T04:07:53.032+0000] {processor.py:830} INFO - Processing file /opt/airflow/dags/raw_to_staging_dag.py for tasks to queue
[2025-05-11T04:07:53.033+0000] {logging_mixin.py:188} INFO - [2025-05-11T04:07:53.032+0000] {dagbag.py:538} INFO - Filling up the DagBag from /opt/airflow/dags/raw_to_staging_dag.py
[2025-05-11T04:07:53.050+0000] {logging_mixin.py:188} WARNING - /home/airflow/.local/lib/python3.8/site-packages/airflow/providers/common/sql/operators/sql.py:139 RemovedInAirflow3Warning: The 'task_concurrency' parameter is deprecated. Please use 'max_active_tis_per_dag'.
[2025-05-11T04:07:53.064+0000] {processor.py:840} INFO - DAG(s) 'raw_to_staging_dag' retrieved from /opt/airflow/dags/raw_to_staging_dag.py
[2025-05-11T04:07:53.086+0000] {logging_mixin.py:188} INFO - [2025-05-11T04:07:53.085+0000] {dag.py:3036} INFO - Sync 1 DAGs
[2025-05-11T04:07:53.110+0000] {processor.py:183} INFO - Processing /opt/airflow/dags/raw_to_staging_dag.py took 0.086 seconds
[2025-05-11T04:08:23.392+0000] {processor.py:161} INFO - Started process (PID=940) to work on /opt/airflow/dags/raw_to_staging_dag.py
[2025-05-11T04:08:23.393+0000] {processor.py:830} INFO - Processing file /opt/airflow/dags/raw_to_staging_dag.py for tasks to queue
[2025-05-11T04:08:23.394+0000] {logging_mixin.py:188} INFO - [2025-05-11T04:08:23.394+0000] {dagbag.py:538} INFO - Filling up the DagBag from /opt/airflow/dags/raw_to_staging_dag.py
[2025-05-11T04:08:23.421+0000] {logging_mixin.py:188} WARNING - /home/airflow/.local/lib/python3.8/site-packages/airflow/providers/common/sql/operators/sql.py:139 RemovedInAirflow3Warning: The 'task_concurrency' parameter is deprecated. Please use 'max_active_tis_per_dag'.
[2025-05-11T04:08:23.437+0000] {processor.py:840} INFO - DAG(s) 'raw_to_staging_dag' retrieved from /opt/airflow/dags/raw_to_staging_dag.py
[2025-05-11T04:08:23.466+0000] {logging_mixin.py:188} INFO - [2025-05-11T04:08:23.466+0000] {dag.py:3036} INFO - Sync 1 DAGs
[2025-05-11T04:08:23.491+0000] {processor.py:183} INFO - Processing /opt/airflow/dags/raw_to_staging_dag.py took 0.107 seconds
[2025-05-11T04:08:53.807+0000] {processor.py:161} INFO - Started process (PID=945) to work on /opt/airflow/dags/raw_to_staging_dag.py
[2025-05-11T04:08:53.810+0000] {processor.py:830} INFO - Processing file /opt/airflow/dags/raw_to_staging_dag.py for tasks to queue
[2025-05-11T04:08:53.811+0000] {logging_mixin.py:188} INFO - [2025-05-11T04:08:53.811+0000] {dagbag.py:538} INFO - Filling up the DagBag from /opt/airflow/dags/raw_to_staging_dag.py
[2025-05-11T04:08:53.832+0000] {logging_mixin.py:188} WARNING - /home/airflow/.local/lib/python3.8/site-packages/airflow/providers/common/sql/operators/sql.py:139 RemovedInAirflow3Warning: The 'task_concurrency' parameter is deprecated. Please use 'max_active_tis_per_dag'.
[2025-05-11T04:08:53.849+0000] {processor.py:840} INFO - DAG(s) 'raw_to_staging_dag' retrieved from /opt/airflow/dags/raw_to_staging_dag.py
[2025-05-11T04:08:53.888+0000] {logging_mixin.py:188} INFO - [2025-05-11T04:08:53.887+0000] {dag.py:3036} INFO - Sync 1 DAGs
[2025-05-11T04:08:53.949+0000] {processor.py:183} INFO - Processing /opt/airflow/dags/raw_to_staging_dag.py took 0.148 seconds
[2025-05-11T04:09:24.294+0000] {processor.py:161} INFO - Started process (PID=950) to work on /opt/airflow/dags/raw_to_staging_dag.py
[2025-05-11T04:09:24.296+0000] {processor.py:830} INFO - Processing file /opt/airflow/dags/raw_to_staging_dag.py for tasks to queue
[2025-05-11T04:09:24.297+0000] {logging_mixin.py:188} INFO - [2025-05-11T04:09:24.297+0000] {dagbag.py:538} INFO - Filling up the DagBag from /opt/airflow/dags/raw_to_staging_dag.py
[2025-05-11T04:09:24.315+0000] {logging_mixin.py:188} WARNING - /home/airflow/.local/lib/python3.8/site-packages/airflow/providers/common/sql/operators/sql.py:139 RemovedInAirflow3Warning: The 'task_concurrency' parameter is deprecated. Please use 'max_active_tis_per_dag'.
[2025-05-11T04:09:24.333+0000] {processor.py:840} INFO - DAG(s) 'raw_to_staging_dag' retrieved from /opt/airflow/dags/raw_to_staging_dag.py
[2025-05-11T04:09:24.389+0000] {logging_mixin.py:188} INFO - [2025-05-11T04:09:24.389+0000] {dag.py:3036} INFO - Sync 1 DAGs
[2025-05-11T04:09:24.436+0000] {processor.py:183} INFO - Processing /opt/airflow/dags/raw_to_staging_dag.py took 0.147 seconds
[2025-05-11T04:09:54.745+0000] {processor.py:161} INFO - Started process (PID=955) to work on /opt/airflow/dags/raw_to_staging_dag.py
[2025-05-11T04:09:54.746+0000] {processor.py:830} INFO - Processing file /opt/airflow/dags/raw_to_staging_dag.py for tasks to queue
[2025-05-11T04:09:54.747+0000] {logging_mixin.py:188} INFO - [2025-05-11T04:09:54.747+0000] {dagbag.py:538} INFO - Filling up the DagBag from /opt/airflow/dags/raw_to_staging_dag.py
[2025-05-11T04:09:54.767+0000] {logging_mixin.py:188} WARNING - /home/airflow/.local/lib/python3.8/site-packages/airflow/providers/common/sql/operators/sql.py:139 RemovedInAirflow3Warning: The 'task_concurrency' parameter is deprecated. Please use 'max_active_tis_per_dag'.
[2025-05-11T04:09:54.784+0000] {processor.py:840} INFO - DAG(s) 'raw_to_staging_dag' retrieved from /opt/airflow/dags/raw_to_staging_dag.py
[2025-05-11T04:09:54.813+0000] {logging_mixin.py:188} INFO - [2025-05-11T04:09:54.812+0000] {dag.py:3036} INFO - Sync 1 DAGs
[2025-05-11T04:09:54.840+0000] {processor.py:183} INFO - Processing /opt/airflow/dags/raw_to_staging_dag.py took 0.101 seconds
[2025-05-11T04:10:25.110+0000] {processor.py:161} INFO - Started process (PID=960) to work on /opt/airflow/dags/raw_to_staging_dag.py
[2025-05-11T04:10:25.113+0000] {processor.py:830} INFO - Processing file /opt/airflow/dags/raw_to_staging_dag.py for tasks to queue
[2025-05-11T04:10:25.114+0000] {logging_mixin.py:188} INFO - [2025-05-11T04:10:25.113+0000] {dagbag.py:538} INFO - Filling up the DagBag from /opt/airflow/dags/raw_to_staging_dag.py
[2025-05-11T04:10:25.135+0000] {logging_mixin.py:188} WARNING - /home/airflow/.local/lib/python3.8/site-packages/airflow/providers/common/sql/operators/sql.py:139 RemovedInAirflow3Warning: The 'task_concurrency' parameter is deprecated. Please use 'max_active_tis_per_dag'.
[2025-05-11T04:10:25.150+0000] {processor.py:840} INFO - DAG(s) 'raw_to_staging_dag' retrieved from /opt/airflow/dags/raw_to_staging_dag.py
[2025-05-11T04:10:25.183+0000] {logging_mixin.py:188} INFO - [2025-05-11T04:10:25.182+0000] {dag.py:3036} INFO - Sync 1 DAGs
[2025-05-11T04:10:25.212+0000] {processor.py:183} INFO - Processing /opt/airflow/dags/raw_to_staging_dag.py took 0.108 seconds
[2025-05-11T04:10:55.917+0000] {processor.py:161} INFO - Started process (PID=1074) to work on /opt/airflow/dags/raw_to_staging_dag.py
[2025-05-11T04:10:55.920+0000] {processor.py:830} INFO - Processing file /opt/airflow/dags/raw_to_staging_dag.py for tasks to queue
[2025-05-11T04:10:55.925+0000] {logging_mixin.py:188} INFO - [2025-05-11T04:10:55.924+0000] {dagbag.py:538} INFO - Filling up the DagBag from /opt/airflow/dags/raw_to_staging_dag.py
[2025-05-11T04:10:55.962+0000] {logging_mixin.py:188} WARNING - /home/airflow/.local/lib/python3.8/site-packages/airflow/providers/common/sql/operators/sql.py:139 RemovedInAirflow3Warning: The 'task_concurrency' parameter is deprecated. Please use 'max_active_tis_per_dag'.
[2025-05-11T04:10:55.990+0000] {processor.py:840} INFO - DAG(s) 'raw_to_staging_dag' retrieved from /opt/airflow/dags/raw_to_staging_dag.py
[2025-05-11T04:10:56.073+0000] {logging_mixin.py:188} INFO - [2025-05-11T04:10:56.073+0000] {dag.py:3036} INFO - Sync 1 DAGs
[2025-05-11T04:10:56.161+0000] {logging_mixin.py:188} INFO - [2025-05-11T04:10:56.160+0000] {dag.py:3823} INFO - Setting next_dagrun for raw_to_staging_dag to 2025-01-17 00:00:00+00:00, run_after=2025-01-18 00:00:00+00:00
[2025-05-11T04:10:56.211+0000] {processor.py:183} INFO - Processing /opt/airflow/dags/raw_to_staging_dag.py took 0.307 seconds
[2025-05-11T04:11:27.150+0000] {processor.py:161} INFO - Started process (PID=1284) to work on /opt/airflow/dags/raw_to_staging_dag.py
[2025-05-11T04:11:27.152+0000] {processor.py:830} INFO - Processing file /opt/airflow/dags/raw_to_staging_dag.py for tasks to queue
[2025-05-11T04:11:27.152+0000] {logging_mixin.py:188} INFO - [2025-05-11T04:11:27.152+0000] {dagbag.py:538} INFO - Filling up the DagBag from /opt/airflow/dags/raw_to_staging_dag.py
[2025-05-11T04:11:27.163+0000] {logging_mixin.py:188} WARNING - /home/airflow/.local/lib/python3.8/site-packages/airflow/providers/common/sql/operators/sql.py:139 RemovedInAirflow3Warning: The 'task_concurrency' parameter is deprecated. Please use 'max_active_tis_per_dag'.
[2025-05-11T04:11:27.171+0000] {processor.py:840} INFO - DAG(s) 'raw_to_staging_dag' retrieved from /opt/airflow/dags/raw_to_staging_dag.py
[2025-05-11T04:11:27.198+0000] {logging_mixin.py:188} INFO - [2025-05-11T04:11:27.197+0000] {dag.py:3036} INFO - Sync 1 DAGs
[2025-05-11T04:11:27.228+0000] {processor.py:183} INFO - Processing /opt/airflow/dags/raw_to_staging_dag.py took 0.086 seconds
[2025-05-11T04:11:57.599+0000] {processor.py:161} INFO - Started process (PID=1295) to work on /opt/airflow/dags/raw_to_staging_dag.py
[2025-05-11T04:11:57.601+0000] {processor.py:830} INFO - Processing file /opt/airflow/dags/raw_to_staging_dag.py for tasks to queue
[2025-05-11T04:11:57.602+0000] {logging_mixin.py:188} INFO - [2025-05-11T04:11:57.602+0000] {dagbag.py:538} INFO - Filling up the DagBag from /opt/airflow/dags/raw_to_staging_dag.py
[2025-05-11T04:11:57.623+0000] {logging_mixin.py:188} WARNING - /home/airflow/.local/lib/python3.8/site-packages/airflow/providers/common/sql/operators/sql.py:139 RemovedInAirflow3Warning: The 'task_concurrency' parameter is deprecated. Please use 'max_active_tis_per_dag'.
[2025-05-11T04:11:57.641+0000] {processor.py:840} INFO - DAG(s) 'raw_to_staging_dag' retrieved from /opt/airflow/dags/raw_to_staging_dag.py
[2025-05-11T04:11:57.669+0000] {logging_mixin.py:188} INFO - [2025-05-11T04:11:57.669+0000] {dag.py:3036} INFO - Sync 1 DAGs
[2025-05-11T04:11:57.701+0000] {processor.py:183} INFO - Processing /opt/airflow/dags/raw_to_staging_dag.py took 0.108 seconds
[2025-05-11T04:12:28.025+0000] {processor.py:161} INFO - Started process (PID=1300) to work on /opt/airflow/dags/raw_to_staging_dag.py
[2025-05-11T04:12:28.027+0000] {processor.py:830} INFO - Processing file /opt/airflow/dags/raw_to_staging_dag.py for tasks to queue
[2025-05-11T04:12:28.028+0000] {logging_mixin.py:188} INFO - [2025-05-11T04:12:28.028+0000] {dagbag.py:538} INFO - Filling up the DagBag from /opt/airflow/dags/raw_to_staging_dag.py
[2025-05-11T04:12:28.050+0000] {logging_mixin.py:188} WARNING - /home/airflow/.local/lib/python3.8/site-packages/airflow/providers/common/sql/operators/sql.py:139 RemovedInAirflow3Warning: The 'task_concurrency' parameter is deprecated. Please use 'max_active_tis_per_dag'.
[2025-05-11T04:12:28.066+0000] {processor.py:840} INFO - DAG(s) 'raw_to_staging_dag' retrieved from /opt/airflow/dags/raw_to_staging_dag.py
[2025-05-11T04:12:28.101+0000] {logging_mixin.py:188} INFO - [2025-05-11T04:12:28.100+0000] {dag.py:3036} INFO - Sync 1 DAGs
[2025-05-11T04:12:28.129+0000] {processor.py:183} INFO - Processing /opt/airflow/dags/raw_to_staging_dag.py took 0.109 seconds
[2025-05-11T04:12:58.378+0000] {processor.py:161} INFO - Started process (PID=1305) to work on /opt/airflow/dags/raw_to_staging_dag.py
[2025-05-11T04:12:58.379+0000] {processor.py:830} INFO - Processing file /opt/airflow/dags/raw_to_staging_dag.py for tasks to queue
[2025-05-11T04:12:58.380+0000] {logging_mixin.py:188} INFO - [2025-05-11T04:12:58.380+0000] {dagbag.py:538} INFO - Filling up the DagBag from /opt/airflow/dags/raw_to_staging_dag.py
[2025-05-11T04:12:58.401+0000] {logging_mixin.py:188} WARNING - /home/airflow/.local/lib/python3.8/site-packages/airflow/providers/common/sql/operators/sql.py:139 RemovedInAirflow3Warning: The 'task_concurrency' parameter is deprecated. Please use 'max_active_tis_per_dag'.
[2025-05-11T04:12:58.419+0000] {processor.py:840} INFO - DAG(s) 'raw_to_staging_dag' retrieved from /opt/airflow/dags/raw_to_staging_dag.py
[2025-05-11T04:12:58.459+0000] {logging_mixin.py:188} INFO - [2025-05-11T04:12:58.459+0000] {dag.py:3036} INFO - Sync 1 DAGs
[2025-05-11T04:12:58.489+0000] {processor.py:183} INFO - Processing /opt/airflow/dags/raw_to_staging_dag.py took 0.120 seconds
[2025-05-11T04:13:28.870+0000] {processor.py:161} INFO - Started process (PID=1310) to work on /opt/airflow/dags/raw_to_staging_dag.py
[2025-05-11T04:13:28.873+0000] {processor.py:830} INFO - Processing file /opt/airflow/dags/raw_to_staging_dag.py for tasks to queue
[2025-05-11T04:13:28.875+0000] {logging_mixin.py:188} INFO - [2025-05-11T04:13:28.874+0000] {dagbag.py:538} INFO - Filling up the DagBag from /opt/airflow/dags/raw_to_staging_dag.py
[2025-05-11T04:13:28.894+0000] {logging_mixin.py:188} WARNING - /home/airflow/.local/lib/python3.8/site-packages/airflow/providers/common/sql/operators/sql.py:139 RemovedInAirflow3Warning: The 'task_concurrency' parameter is deprecated. Please use 'max_active_tis_per_dag'.
[2025-05-11T04:13:28.906+0000] {processor.py:840} INFO - DAG(s) 'raw_to_staging_dag' retrieved from /opt/airflow/dags/raw_to_staging_dag.py
[2025-05-11T04:13:28.947+0000] {logging_mixin.py:188} INFO - [2025-05-11T04:13:28.947+0000] {dag.py:3036} INFO - Sync 1 DAGs
[2025-05-11T04:13:28.996+0000] {processor.py:183} INFO - Processing /opt/airflow/dags/raw_to_staging_dag.py took 0.131 seconds
[2025-05-11T04:13:59.337+0000] {processor.py:161} INFO - Started process (PID=1315) to work on /opt/airflow/dags/raw_to_staging_dag.py
[2025-05-11T04:13:59.340+0000] {processor.py:830} INFO - Processing file /opt/airflow/dags/raw_to_staging_dag.py for tasks to queue
[2025-05-11T04:13:59.341+0000] {logging_mixin.py:188} INFO - [2025-05-11T04:13:59.341+0000] {dagbag.py:538} INFO - Filling up the DagBag from /opt/airflow/dags/raw_to_staging_dag.py
[2025-05-11T04:13:59.358+0000] {logging_mixin.py:188} WARNING - /home/airflow/.local/lib/python3.8/site-packages/airflow/providers/common/sql/operators/sql.py:139 RemovedInAirflow3Warning: The 'task_concurrency' parameter is deprecated. Please use 'max_active_tis_per_dag'.
[2025-05-11T04:13:59.374+0000] {processor.py:840} INFO - DAG(s) 'raw_to_staging_dag' retrieved from /opt/airflow/dags/raw_to_staging_dag.py
[2025-05-11T04:13:59.401+0000] {logging_mixin.py:188} INFO - [2025-05-11T04:13:59.401+0000] {dag.py:3036} INFO - Sync 1 DAGs
[2025-05-11T04:13:59.429+0000] {processor.py:183} INFO - Processing /opt/airflow/dags/raw_to_staging_dag.py took 0.099 seconds
[2025-05-11T04:14:29.806+0000] {processor.py:161} INFO - Started process (PID=1320) to work on /opt/airflow/dags/raw_to_staging_dag.py
[2025-05-11T04:14:29.808+0000] {processor.py:830} INFO - Processing file /opt/airflow/dags/raw_to_staging_dag.py for tasks to queue
[2025-05-11T04:14:29.809+0000] {logging_mixin.py:188} INFO - [2025-05-11T04:14:29.809+0000] {dagbag.py:538} INFO - Filling up the DagBag from /opt/airflow/dags/raw_to_staging_dag.py
[2025-05-11T04:14:29.829+0000] {logging_mixin.py:188} WARNING - /home/airflow/.local/lib/python3.8/site-packages/airflow/providers/common/sql/operators/sql.py:139 RemovedInAirflow3Warning: The 'task_concurrency' parameter is deprecated. Please use 'max_active_tis_per_dag'.
[2025-05-11T04:14:29.841+0000] {processor.py:840} INFO - DAG(s) 'raw_to_staging_dag' retrieved from /opt/airflow/dags/raw_to_staging_dag.py
[2025-05-11T04:14:29.876+0000] {logging_mixin.py:188} INFO - [2025-05-11T04:14:29.876+0000] {dag.py:3036} INFO - Sync 1 DAGs
[2025-05-11T04:14:29.898+0000] {processor.py:183} INFO - Processing /opt/airflow/dags/raw_to_staging_dag.py took 0.102 seconds
[2025-05-11T04:15:00.148+0000] {processor.py:161} INFO - Started process (PID=1325) to work on /opt/airflow/dags/raw_to_staging_dag.py
[2025-05-11T04:15:00.151+0000] {processor.py:830} INFO - Processing file /opt/airflow/dags/raw_to_staging_dag.py for tasks to queue
[2025-05-11T04:15:00.152+0000] {logging_mixin.py:188} INFO - [2025-05-11T04:15:00.151+0000] {dagbag.py:538} INFO - Filling up the DagBag from /opt/airflow/dags/raw_to_staging_dag.py
[2025-05-11T04:15:00.172+0000] {logging_mixin.py:188} WARNING - /home/airflow/.local/lib/python3.8/site-packages/airflow/providers/common/sql/operators/sql.py:139 RemovedInAirflow3Warning: The 'task_concurrency' parameter is deprecated. Please use 'max_active_tis_per_dag'.
[2025-05-11T04:15:00.183+0000] {processor.py:840} INFO - DAG(s) 'raw_to_staging_dag' retrieved from /opt/airflow/dags/raw_to_staging_dag.py
[2025-05-11T04:15:00.215+0000] {logging_mixin.py:188} INFO - [2025-05-11T04:15:00.215+0000] {dag.py:3036} INFO - Sync 1 DAGs
[2025-05-11T04:15:00.238+0000] {processor.py:183} INFO - Processing /opt/airflow/dags/raw_to_staging_dag.py took 0.101 seconds
[2025-05-11T04:15:30.605+0000] {processor.py:161} INFO - Started process (PID=1330) to work on /opt/airflow/dags/raw_to_staging_dag.py
[2025-05-11T04:15:30.611+0000] {processor.py:830} INFO - Processing file /opt/airflow/dags/raw_to_staging_dag.py for tasks to queue
[2025-05-11T04:15:30.613+0000] {logging_mixin.py:188} INFO - [2025-05-11T04:15:30.612+0000] {dagbag.py:538} INFO - Filling up the DagBag from /opt/airflow/dags/raw_to_staging_dag.py
[2025-05-11T04:15:30.634+0000] {logging_mixin.py:188} WARNING - /home/airflow/.local/lib/python3.8/site-packages/airflow/providers/common/sql/operators/sql.py:139 RemovedInAirflow3Warning: The 'task_concurrency' parameter is deprecated. Please use 'max_active_tis_per_dag'.
[2025-05-11T04:15:30.650+0000] {processor.py:840} INFO - DAG(s) 'raw_to_staging_dag' retrieved from /opt/airflow/dags/raw_to_staging_dag.py
[2025-05-11T04:15:30.684+0000] {logging_mixin.py:188} INFO - [2025-05-11T04:15:30.684+0000] {dag.py:3036} INFO - Sync 1 DAGs
[2025-05-11T04:15:30.713+0000] {processor.py:183} INFO - Processing /opt/airflow/dags/raw_to_staging_dag.py took 0.114 seconds
[2025-05-11T04:16:01.148+0000] {processor.py:161} INFO - Started process (PID=1343) to work on /opt/airflow/dags/raw_to_staging_dag.py
[2025-05-11T04:16:01.150+0000] {processor.py:830} INFO - Processing file /opt/airflow/dags/raw_to_staging_dag.py for tasks to queue
[2025-05-11T04:16:01.151+0000] {logging_mixin.py:188} INFO - [2025-05-11T04:16:01.150+0000] {dagbag.py:538} INFO - Filling up the DagBag from /opt/airflow/dags/raw_to_staging_dag.py
[2025-05-11T04:16:01.165+0000] {logging_mixin.py:188} WARNING - /home/airflow/.local/lib/python3.8/site-packages/airflow/providers/common/sql/operators/sql.py:139 RemovedInAirflow3Warning: The 'task_concurrency' parameter is deprecated. Please use 'max_active_tis_per_dag'.
[2025-05-11T04:16:01.175+0000] {processor.py:840} INFO - DAG(s) 'raw_to_staging_dag' retrieved from /opt/airflow/dags/raw_to_staging_dag.py
[2025-05-11T04:16:01.192+0000] {logging_mixin.py:188} INFO - [2025-05-11T04:16:01.192+0000] {dag.py:3036} INFO - Sync 1 DAGs
[2025-05-11T04:16:01.211+0000] {processor.py:183} INFO - Processing /opt/airflow/dags/raw_to_staging_dag.py took 0.067 seconds
[2025-05-11T04:16:31.614+0000] {processor.py:161} INFO - Started process (PID=1490) to work on /opt/airflow/dags/raw_to_staging_dag.py
[2025-05-11T04:16:31.615+0000] {processor.py:830} INFO - Processing file /opt/airflow/dags/raw_to_staging_dag.py for tasks to queue
[2025-05-11T04:16:31.616+0000] {logging_mixin.py:188} INFO - [2025-05-11T04:16:31.616+0000] {dagbag.py:538} INFO - Filling up the DagBag from /opt/airflow/dags/raw_to_staging_dag.py
[2025-05-11T04:16:31.633+0000] {logging_mixin.py:188} WARNING - /home/airflow/.local/lib/python3.8/site-packages/airflow/providers/common/sql/operators/sql.py:139 RemovedInAirflow3Warning: The 'task_concurrency' parameter is deprecated. Please use 'max_active_tis_per_dag'.
[2025-05-11T04:16:31.644+0000] {processor.py:840} INFO - DAG(s) 'raw_to_staging_dag' retrieved from /opt/airflow/dags/raw_to_staging_dag.py
[2025-05-11T04:16:31.660+0000] {logging_mixin.py:188} INFO - [2025-05-11T04:16:31.660+0000] {dag.py:3036} INFO - Sync 1 DAGs
[2025-05-11T04:16:31.677+0000] {processor.py:183} INFO - Processing /opt/airflow/dags/raw_to_staging_dag.py took 0.067 seconds
[2025-05-11T04:17:02.094+0000] {processor.py:161} INFO - Started process (PID=1505) to work on /opt/airflow/dags/raw_to_staging_dag.py
[2025-05-11T04:17:02.095+0000] {processor.py:830} INFO - Processing file /opt/airflow/dags/raw_to_staging_dag.py for tasks to queue
[2025-05-11T04:17:02.097+0000] {logging_mixin.py:188} INFO - [2025-05-11T04:17:02.096+0000] {dagbag.py:538} INFO - Filling up the DagBag from /opt/airflow/dags/raw_to_staging_dag.py
[2025-05-11T04:17:02.116+0000] {logging_mixin.py:188} WARNING - /home/airflow/.local/lib/python3.8/site-packages/airflow/providers/common/sql/operators/sql.py:139 RemovedInAirflow3Warning: The 'task_concurrency' parameter is deprecated. Please use 'max_active_tis_per_dag'.
[2025-05-11T04:17:02.132+0000] {processor.py:840} INFO - DAG(s) 'raw_to_staging_dag' retrieved from /opt/airflow/dags/raw_to_staging_dag.py
[2025-05-11T04:17:02.161+0000] {logging_mixin.py:188} INFO - [2025-05-11T04:17:02.161+0000] {dag.py:3036} INFO - Sync 1 DAGs
[2025-05-11T04:17:02.189+0000] {processor.py:183} INFO - Processing /opt/airflow/dags/raw_to_staging_dag.py took 0.104 seconds
[2025-05-11T04:17:32.469+0000] {processor.py:161} INFO - Started process (PID=1510) to work on /opt/airflow/dags/raw_to_staging_dag.py
[2025-05-11T04:17:32.471+0000] {processor.py:830} INFO - Processing file /opt/airflow/dags/raw_to_staging_dag.py for tasks to queue
[2025-05-11T04:17:32.472+0000] {logging_mixin.py:188} INFO - [2025-05-11T04:17:32.472+0000] {dagbag.py:538} INFO - Filling up the DagBag from /opt/airflow/dags/raw_to_staging_dag.py
[2025-05-11T04:17:32.494+0000] {logging_mixin.py:188} WARNING - /home/airflow/.local/lib/python3.8/site-packages/airflow/providers/common/sql/operators/sql.py:139 RemovedInAirflow3Warning: The 'task_concurrency' parameter is deprecated. Please use 'max_active_tis_per_dag'.
[2025-05-11T04:17:32.507+0000] {processor.py:840} INFO - DAG(s) 'raw_to_staging_dag' retrieved from /opt/airflow/dags/raw_to_staging_dag.py
[2025-05-11T04:17:32.535+0000] {logging_mixin.py:188} INFO - [2025-05-11T04:17:32.535+0000] {dag.py:3036} INFO - Sync 1 DAGs
[2025-05-11T04:17:32.563+0000] {processor.py:183} INFO - Processing /opt/airflow/dags/raw_to_staging_dag.py took 0.098 seconds
[2025-05-11T04:18:02.817+0000] {processor.py:161} INFO - Started process (PID=1515) to work on /opt/airflow/dags/raw_to_staging_dag.py
[2025-05-11T04:18:02.819+0000] {processor.py:830} INFO - Processing file /opt/airflow/dags/raw_to_staging_dag.py for tasks to queue
[2025-05-11T04:18:02.823+0000] {logging_mixin.py:188} INFO - [2025-05-11T04:18:02.821+0000] {dagbag.py:538} INFO - Filling up the DagBag from /opt/airflow/dags/raw_to_staging_dag.py
[2025-05-11T04:18:02.842+0000] {logging_mixin.py:188} WARNING - /home/airflow/.local/lib/python3.8/site-packages/airflow/providers/common/sql/operators/sql.py:139 RemovedInAirflow3Warning: The 'task_concurrency' parameter is deprecated. Please use 'max_active_tis_per_dag'.
[2025-05-11T04:18:02.855+0000] {processor.py:840} INFO - DAG(s) 'raw_to_staging_dag' retrieved from /opt/airflow/dags/raw_to_staging_dag.py
[2025-05-11T04:18:02.891+0000] {logging_mixin.py:188} INFO - [2025-05-11T04:18:02.891+0000] {dag.py:3036} INFO - Sync 1 DAGs
[2025-05-11T04:18:02.921+0000] {processor.py:183} INFO - Processing /opt/airflow/dags/raw_to_staging_dag.py took 0.109 seconds
[2025-05-11T04:18:33.163+0000] {processor.py:161} INFO - Started process (PID=1520) to work on /opt/airflow/dags/raw_to_staging_dag.py
[2025-05-11T04:18:33.165+0000] {processor.py:830} INFO - Processing file /opt/airflow/dags/raw_to_staging_dag.py for tasks to queue
[2025-05-11T04:18:33.166+0000] {logging_mixin.py:188} INFO - [2025-05-11T04:18:33.165+0000] {dagbag.py:538} INFO - Filling up the DagBag from /opt/airflow/dags/raw_to_staging_dag.py
[2025-05-11T04:18:33.186+0000] {logging_mixin.py:188} WARNING - /home/airflow/.local/lib/python3.8/site-packages/airflow/providers/common/sql/operators/sql.py:139 RemovedInAirflow3Warning: The 'task_concurrency' parameter is deprecated. Please use 'max_active_tis_per_dag'.
[2025-05-11T04:18:33.201+0000] {processor.py:840} INFO - DAG(s) 'raw_to_staging_dag' retrieved from /opt/airflow/dags/raw_to_staging_dag.py
[2025-05-11T04:18:33.230+0000] {logging_mixin.py:188} INFO - [2025-05-11T04:18:33.230+0000] {dag.py:3036} INFO - Sync 1 DAGs
[2025-05-11T04:18:33.259+0000] {processor.py:183} INFO - Processing /opt/airflow/dags/raw_to_staging_dag.py took 0.106 seconds
[2025-05-11T04:19:03.344+0000] {processor.py:161} INFO - Started process (PID=1525) to work on /opt/airflow/dags/raw_to_staging_dag.py
[2025-05-11T04:19:03.346+0000] {processor.py:830} INFO - Processing file /opt/airflow/dags/raw_to_staging_dag.py for tasks to queue
[2025-05-11T04:19:03.347+0000] {logging_mixin.py:188} INFO - [2025-05-11T04:19:03.347+0000] {dagbag.py:538} INFO - Filling up the DagBag from /opt/airflow/dags/raw_to_staging_dag.py
[2025-05-11T04:19:03.368+0000] {logging_mixin.py:188} WARNING - /home/airflow/.local/lib/python3.8/site-packages/airflow/providers/common/sql/operators/sql.py:139 RemovedInAirflow3Warning: The 'task_concurrency' parameter is deprecated. Please use 'max_active_tis_per_dag'.
[2025-05-11T04:19:03.393+0000] {processor.py:840} INFO - DAG(s) 'raw_to_staging_dag' retrieved from /opt/airflow/dags/raw_to_staging_dag.py
[2025-05-11T04:19:03.422+0000] {logging_mixin.py:188} INFO - [2025-05-11T04:19:03.422+0000] {dag.py:3036} INFO - Sync 1 DAGs
[2025-05-11T04:19:03.461+0000] {processor.py:183} INFO - Processing /opt/airflow/dags/raw_to_staging_dag.py took 0.121 seconds
[2025-05-11T04:19:34.001+0000] {processor.py:161} INFO - Started process (PID=1530) to work on /opt/airflow/dags/raw_to_staging_dag.py
[2025-05-11T04:19:34.002+0000] {processor.py:830} INFO - Processing file /opt/airflow/dags/raw_to_staging_dag.py for tasks to queue
[2025-05-11T04:19:34.003+0000] {logging_mixin.py:188} INFO - [2025-05-11T04:19:34.003+0000] {dagbag.py:538} INFO - Filling up the DagBag from /opt/airflow/dags/raw_to_staging_dag.py
[2025-05-11T04:19:34.027+0000] {logging_mixin.py:188} WARNING - /home/airflow/.local/lib/python3.8/site-packages/airflow/providers/common/sql/operators/sql.py:139 RemovedInAirflow3Warning: The 'task_concurrency' parameter is deprecated. Please use 'max_active_tis_per_dag'.
[2025-05-11T04:19:34.051+0000] {processor.py:840} INFO - DAG(s) 'raw_to_staging_dag' retrieved from /opt/airflow/dags/raw_to_staging_dag.py
[2025-05-11T04:19:34.096+0000] {logging_mixin.py:188} INFO - [2025-05-11T04:19:34.096+0000] {dag.py:3036} INFO - Sync 1 DAGs
[2025-05-11T04:19:34.232+0000] {processor.py:183} INFO - Processing /opt/airflow/dags/raw_to_staging_dag.py took 0.237 seconds
[2025-05-11T04:20:04.368+0000] {processor.py:161} INFO - Started process (PID=1535) to work on /opt/airflow/dags/raw_to_staging_dag.py
[2025-05-11T04:20:04.370+0000] {processor.py:830} INFO - Processing file /opt/airflow/dags/raw_to_staging_dag.py for tasks to queue
[2025-05-11T04:20:04.372+0000] {logging_mixin.py:188} INFO - [2025-05-11T04:20:04.371+0000] {dagbag.py:538} INFO - Filling up the DagBag from /opt/airflow/dags/raw_to_staging_dag.py
[2025-05-11T04:20:04.391+0000] {logging_mixin.py:188} WARNING - /home/airflow/.local/lib/python3.8/site-packages/airflow/providers/common/sql/operators/sql.py:139 RemovedInAirflow3Warning: The 'task_concurrency' parameter is deprecated. Please use 'max_active_tis_per_dag'.
[2025-05-11T04:20:04.414+0000] {processor.py:840} INFO - DAG(s) 'raw_to_staging_dag' retrieved from /opt/airflow/dags/raw_to_staging_dag.py
[2025-05-11T04:20:04.448+0000] {logging_mixin.py:188} INFO - [2025-05-11T04:20:04.448+0000] {dag.py:3036} INFO - Sync 1 DAGs
[2025-05-11T04:20:04.475+0000] {processor.py:183} INFO - Processing /opt/airflow/dags/raw_to_staging_dag.py took 0.118 seconds
[2025-05-11T04:20:34.761+0000] {processor.py:161} INFO - Started process (PID=1540) to work on /opt/airflow/dags/raw_to_staging_dag.py
[2025-05-11T04:20:34.764+0000] {processor.py:830} INFO - Processing file /opt/airflow/dags/raw_to_staging_dag.py for tasks to queue
[2025-05-11T04:20:34.767+0000] {logging_mixin.py:188} INFO - [2025-05-11T04:20:34.766+0000] {dagbag.py:538} INFO - Filling up the DagBag from /opt/airflow/dags/raw_to_staging_dag.py
[2025-05-11T04:20:34.792+0000] {logging_mixin.py:188} WARNING - /home/airflow/.local/lib/python3.8/site-packages/airflow/providers/common/sql/operators/sql.py:139 RemovedInAirflow3Warning: The 'task_concurrency' parameter is deprecated. Please use 'max_active_tis_per_dag'.
[2025-05-11T04:20:34.813+0000] {processor.py:840} INFO - DAG(s) 'raw_to_staging_dag' retrieved from /opt/airflow/dags/raw_to_staging_dag.py
[2025-05-11T04:20:34.848+0000] {logging_mixin.py:188} INFO - [2025-05-11T04:20:34.848+0000] {dag.py:3036} INFO - Sync 1 DAGs
[2025-05-11T04:20:34.879+0000] {processor.py:183} INFO - Processing /opt/airflow/dags/raw_to_staging_dag.py took 0.125 seconds
[2025-05-11T04:21:05.314+0000] {processor.py:161} INFO - Started process (PID=1553) to work on /opt/airflow/dags/raw_to_staging_dag.py
[2025-05-11T04:21:05.318+0000] {processor.py:830} INFO - Processing file /opt/airflow/dags/raw_to_staging_dag.py for tasks to queue
[2025-05-11T04:21:05.319+0000] {logging_mixin.py:188} INFO - [2025-05-11T04:21:05.318+0000] {dagbag.py:538} INFO - Filling up the DagBag from /opt/airflow/dags/raw_to_staging_dag.py
[2025-05-11T04:21:05.340+0000] {logging_mixin.py:188} WARNING - /home/airflow/.local/lib/python3.8/site-packages/airflow/providers/common/sql/operators/sql.py:139 RemovedInAirflow3Warning: The 'task_concurrency' parameter is deprecated. Please use 'max_active_tis_per_dag'.
[2025-05-11T04:21:05.352+0000] {processor.py:840} INFO - DAG(s) 'raw_to_staging_dag' retrieved from /opt/airflow/dags/raw_to_staging_dag.py
[2025-05-11T04:21:05.392+0000] {logging_mixin.py:188} INFO - [2025-05-11T04:21:05.392+0000] {dag.py:3036} INFO - Sync 1 DAGs
[2025-05-11T04:21:05.416+0000] {processor.py:183} INFO - Processing /opt/airflow/dags/raw_to_staging_dag.py took 0.109 seconds
[2025-05-11T04:21:35.958+0000] {processor.py:161} INFO - Started process (PID=1703) to work on /opt/airflow/dags/raw_to_staging_dag.py
[2025-05-11T04:21:35.960+0000] {processor.py:830} INFO - Processing file /opt/airflow/dags/raw_to_staging_dag.py for tasks to queue
[2025-05-11T04:21:35.964+0000] {logging_mixin.py:188} INFO - [2025-05-11T04:21:35.961+0000] {dagbag.py:538} INFO - Filling up the DagBag from /opt/airflow/dags/raw_to_staging_dag.py
[2025-05-11T04:21:36.036+0000] {logging_mixin.py:188} WARNING - /home/airflow/.local/lib/python3.8/site-packages/airflow/providers/common/sql/operators/sql.py:139 RemovedInAirflow3Warning: The 'task_concurrency' parameter is deprecated. Please use 'max_active_tis_per_dag'.
[2025-05-11T04:21:36.063+0000] {processor.py:840} INFO - DAG(s) 'raw_to_staging_dag' retrieved from /opt/airflow/dags/raw_to_staging_dag.py
[2025-05-11T04:21:36.096+0000] {logging_mixin.py:188} INFO - [2025-05-11T04:21:36.096+0000] {dag.py:3036} INFO - Sync 1 DAGs
[2025-05-11T04:21:36.143+0000] {processor.py:183} INFO - Processing /opt/airflow/dags/raw_to_staging_dag.py took 0.196 seconds
[2025-05-11T04:22:06.346+0000] {processor.py:161} INFO - Started process (PID=1715) to work on /opt/airflow/dags/raw_to_staging_dag.py
[2025-05-11T04:22:06.348+0000] {processor.py:830} INFO - Processing file /opt/airflow/dags/raw_to_staging_dag.py for tasks to queue
[2025-05-11T04:22:06.349+0000] {logging_mixin.py:188} INFO - [2025-05-11T04:22:06.349+0000] {dagbag.py:538} INFO - Filling up the DagBag from /opt/airflow/dags/raw_to_staging_dag.py
[2025-05-11T04:22:06.374+0000] {logging_mixin.py:188} WARNING - /home/airflow/.local/lib/python3.8/site-packages/airflow/providers/common/sql/operators/sql.py:139 RemovedInAirflow3Warning: The 'task_concurrency' parameter is deprecated. Please use 'max_active_tis_per_dag'.
[2025-05-11T04:22:06.389+0000] {processor.py:840} INFO - DAG(s) 'raw_to_staging_dag' retrieved from /opt/airflow/dags/raw_to_staging_dag.py
[2025-05-11T04:22:06.424+0000] {logging_mixin.py:188} INFO - [2025-05-11T04:22:06.424+0000] {dag.py:3036} INFO - Sync 1 DAGs
[2025-05-11T04:22:06.451+0000] {processor.py:183} INFO - Processing /opt/airflow/dags/raw_to_staging_dag.py took 0.116 seconds
[2025-05-11T04:22:36.892+0000] {processor.py:161} INFO - Started process (PID=1720) to work on /opt/airflow/dags/raw_to_staging_dag.py
[2025-05-11T04:22:36.894+0000] {processor.py:830} INFO - Processing file /opt/airflow/dags/raw_to_staging_dag.py for tasks to queue
[2025-05-11T04:22:36.895+0000] {logging_mixin.py:188} INFO - [2025-05-11T04:22:36.895+0000] {dagbag.py:538} INFO - Filling up the DagBag from /opt/airflow/dags/raw_to_staging_dag.py
[2025-05-11T04:22:36.913+0000] {logging_mixin.py:188} WARNING - /home/airflow/.local/lib/python3.8/site-packages/airflow/providers/common/sql/operators/sql.py:139 RemovedInAirflow3Warning: The 'task_concurrency' parameter is deprecated. Please use 'max_active_tis_per_dag'.
[2025-05-11T04:22:36.926+0000] {processor.py:840} INFO - DAG(s) 'raw_to_staging_dag' retrieved from /opt/airflow/dags/raw_to_staging_dag.py
[2025-05-11T04:22:36.959+0000] {logging_mixin.py:188} INFO - [2025-05-11T04:22:36.959+0000] {dag.py:3036} INFO - Sync 1 DAGs
[2025-05-11T04:22:36.990+0000] {processor.py:183} INFO - Processing /opt/airflow/dags/raw_to_staging_dag.py took 0.103 seconds
[2025-05-11T04:23:07.287+0000] {processor.py:161} INFO - Started process (PID=1725) to work on /opt/airflow/dags/raw_to_staging_dag.py
[2025-05-11T04:23:07.290+0000] {processor.py:830} INFO - Processing file /opt/airflow/dags/raw_to_staging_dag.py for tasks to queue
[2025-05-11T04:23:07.291+0000] {logging_mixin.py:188} INFO - [2025-05-11T04:23:07.291+0000] {dagbag.py:538} INFO - Filling up the DagBag from /opt/airflow/dags/raw_to_staging_dag.py
[2025-05-11T04:23:07.312+0000] {logging_mixin.py:188} WARNING - /home/airflow/.local/lib/python3.8/site-packages/airflow/providers/common/sql/operators/sql.py:139 RemovedInAirflow3Warning: The 'task_concurrency' parameter is deprecated. Please use 'max_active_tis_per_dag'.
[2025-05-11T04:23:07.326+0000] {processor.py:840} INFO - DAG(s) 'raw_to_staging_dag' retrieved from /opt/airflow/dags/raw_to_staging_dag.py
[2025-05-11T04:23:07.361+0000] {logging_mixin.py:188} INFO - [2025-05-11T04:23:07.361+0000] {dag.py:3036} INFO - Sync 1 DAGs
[2025-05-11T04:23:07.394+0000] {processor.py:183} INFO - Processing /opt/airflow/dags/raw_to_staging_dag.py took 0.112 seconds
[2025-05-11T04:23:37.765+0000] {processor.py:161} INFO - Started process (PID=1730) to work on /opt/airflow/dags/raw_to_staging_dag.py
[2025-05-11T04:23:37.770+0000] {processor.py:830} INFO - Processing file /opt/airflow/dags/raw_to_staging_dag.py for tasks to queue
[2025-05-11T04:23:37.773+0000] {logging_mixin.py:188} INFO - [2025-05-11T04:23:37.772+0000] {dagbag.py:538} INFO - Filling up the DagBag from /opt/airflow/dags/raw_to_staging_dag.py
[2025-05-11T04:23:37.792+0000] {logging_mixin.py:188} WARNING - /home/airflow/.local/lib/python3.8/site-packages/airflow/providers/common/sql/operators/sql.py:139 RemovedInAirflow3Warning: The 'task_concurrency' parameter is deprecated. Please use 'max_active_tis_per_dag'.
[2025-05-11T04:23:37.809+0000] {processor.py:840} INFO - DAG(s) 'raw_to_staging_dag' retrieved from /opt/airflow/dags/raw_to_staging_dag.py
[2025-05-11T04:23:37.839+0000] {logging_mixin.py:188} INFO - [2025-05-11T04:23:37.839+0000] {dag.py:3036} INFO - Sync 1 DAGs
[2025-05-11T04:23:37.876+0000] {processor.py:183} INFO - Processing /opt/airflow/dags/raw_to_staging_dag.py took 0.120 seconds
[2025-05-11T04:24:08.257+0000] {processor.py:161} INFO - Started process (PID=1735) to work on /opt/airflow/dags/raw_to_staging_dag.py
[2025-05-11T04:24:08.258+0000] {processor.py:830} INFO - Processing file /opt/airflow/dags/raw_to_staging_dag.py for tasks to queue
[2025-05-11T04:24:08.262+0000] {logging_mixin.py:188} INFO - [2025-05-11T04:24:08.261+0000] {dagbag.py:538} INFO - Filling up the DagBag from /opt/airflow/dags/raw_to_staging_dag.py
[2025-05-11T04:24:08.283+0000] {logging_mixin.py:188} WARNING - /home/airflow/.local/lib/python3.8/site-packages/airflow/providers/common/sql/operators/sql.py:139 RemovedInAirflow3Warning: The 'task_concurrency' parameter is deprecated. Please use 'max_active_tis_per_dag'.
[2025-05-11T04:24:08.301+0000] {processor.py:840} INFO - DAG(s) 'raw_to_staging_dag' retrieved from /opt/airflow/dags/raw_to_staging_dag.py
[2025-05-11T04:24:08.330+0000] {logging_mixin.py:188} INFO - [2025-05-11T04:24:08.330+0000] {dag.py:3036} INFO - Sync 1 DAGs
[2025-05-11T04:24:08.358+0000] {processor.py:183} INFO - Processing /opt/airflow/dags/raw_to_staging_dag.py took 0.113 seconds
[2025-05-11T04:24:38.823+0000] {processor.py:161} INFO - Started process (PID=1740) to work on /opt/airflow/dags/raw_to_staging_dag.py
[2025-05-11T04:24:38.825+0000] {processor.py:830} INFO - Processing file /opt/airflow/dags/raw_to_staging_dag.py for tasks to queue
[2025-05-11T04:24:38.827+0000] {logging_mixin.py:188} INFO - [2025-05-11T04:24:38.827+0000] {dagbag.py:538} INFO - Filling up the DagBag from /opt/airflow/dags/raw_to_staging_dag.py
[2025-05-11T04:24:38.846+0000] {logging_mixin.py:188} WARNING - /home/airflow/.local/lib/python3.8/site-packages/airflow/providers/common/sql/operators/sql.py:139 RemovedInAirflow3Warning: The 'task_concurrency' parameter is deprecated. Please use 'max_active_tis_per_dag'.
[2025-05-11T04:24:38.860+0000] {processor.py:840} INFO - DAG(s) 'raw_to_staging_dag' retrieved from /opt/airflow/dags/raw_to_staging_dag.py
[2025-05-11T04:24:38.892+0000] {logging_mixin.py:188} INFO - [2025-05-11T04:24:38.892+0000] {dag.py:3036} INFO - Sync 1 DAGs
[2025-05-11T04:24:38.924+0000] {processor.py:183} INFO - Processing /opt/airflow/dags/raw_to_staging_dag.py took 0.106 seconds
[2025-05-11T04:25:09.305+0000] {processor.py:161} INFO - Started process (PID=1745) to work on /opt/airflow/dags/raw_to_staging_dag.py
[2025-05-11T04:25:09.309+0000] {processor.py:830} INFO - Processing file /opt/airflow/dags/raw_to_staging_dag.py for tasks to queue
[2025-05-11T04:25:09.310+0000] {logging_mixin.py:188} INFO - [2025-05-11T04:25:09.309+0000] {dagbag.py:538} INFO - Filling up the DagBag from /opt/airflow/dags/raw_to_staging_dag.py
[2025-05-11T04:25:09.331+0000] {logging_mixin.py:188} WARNING - /home/airflow/.local/lib/python3.8/site-packages/airflow/providers/common/sql/operators/sql.py:139 RemovedInAirflow3Warning: The 'task_concurrency' parameter is deprecated. Please use 'max_active_tis_per_dag'.
[2025-05-11T04:25:09.346+0000] {processor.py:840} INFO - DAG(s) 'raw_to_staging_dag' retrieved from /opt/airflow/dags/raw_to_staging_dag.py
[2025-05-11T04:25:09.384+0000] {logging_mixin.py:188} INFO - [2025-05-11T04:25:09.384+0000] {dag.py:3036} INFO - Sync 1 DAGs
[2025-05-11T04:25:09.419+0000] {processor.py:183} INFO - Processing /opt/airflow/dags/raw_to_staging_dag.py took 0.122 seconds
[2025-05-11T04:25:39.739+0000] {processor.py:161} INFO - Started process (PID=1750) to work on /opt/airflow/dags/raw_to_staging_dag.py
[2025-05-11T04:25:39.740+0000] {processor.py:830} INFO - Processing file /opt/airflow/dags/raw_to_staging_dag.py for tasks to queue
[2025-05-11T04:25:39.741+0000] {logging_mixin.py:188} INFO - [2025-05-11T04:25:39.741+0000] {dagbag.py:538} INFO - Filling up the DagBag from /opt/airflow/dags/raw_to_staging_dag.py
[2025-05-11T04:25:39.760+0000] {logging_mixin.py:188} WARNING - /home/airflow/.local/lib/python3.8/site-packages/airflow/providers/common/sql/operators/sql.py:139 RemovedInAirflow3Warning: The 'task_concurrency' parameter is deprecated. Please use 'max_active_tis_per_dag'.
[2025-05-11T04:25:39.777+0000] {processor.py:840} INFO - DAG(s) 'raw_to_staging_dag' retrieved from /opt/airflow/dags/raw_to_staging_dag.py
[2025-05-11T04:25:39.809+0000] {logging_mixin.py:188} INFO - [2025-05-11T04:25:39.809+0000] {dag.py:3036} INFO - Sync 1 DAGs
[2025-05-11T04:25:39.842+0000] {processor.py:183} INFO - Processing /opt/airflow/dags/raw_to_staging_dag.py took 0.107 seconds
[2025-05-11T04:26:10.129+0000] {processor.py:161} INFO - Started process (PID=1763) to work on /opt/airflow/dags/raw_to_staging_dag.py
[2025-05-11T04:26:10.130+0000] {processor.py:830} INFO - Processing file /opt/airflow/dags/raw_to_staging_dag.py for tasks to queue
[2025-05-11T04:26:10.131+0000] {logging_mixin.py:188} INFO - [2025-05-11T04:26:10.131+0000] {dagbag.py:538} INFO - Filling up the DagBag from /opt/airflow/dags/raw_to_staging_dag.py
[2025-05-11T04:26:10.151+0000] {logging_mixin.py:188} WARNING - /home/airflow/.local/lib/python3.8/site-packages/airflow/providers/common/sql/operators/sql.py:139 RemovedInAirflow3Warning: The 'task_concurrency' parameter is deprecated. Please use 'max_active_tis_per_dag'.
[2025-05-11T04:26:10.162+0000] {processor.py:840} INFO - DAG(s) 'raw_to_staging_dag' retrieved from /opt/airflow/dags/raw_to_staging_dag.py
[2025-05-11T04:26:10.189+0000] {logging_mixin.py:188} INFO - [2025-05-11T04:26:10.189+0000] {dag.py:3036} INFO - Sync 1 DAGs
[2025-05-11T04:26:10.215+0000] {processor.py:183} INFO - Processing /opt/airflow/dags/raw_to_staging_dag.py took 0.092 seconds
[2025-05-11T04:26:40.912+0000] {processor.py:161} INFO - Started process (PID=1950) to work on /opt/airflow/dags/raw_to_staging_dag.py
[2025-05-11T04:26:40.913+0000] {processor.py:830} INFO - Processing file /opt/airflow/dags/raw_to_staging_dag.py for tasks to queue
[2025-05-11T04:26:40.915+0000] {logging_mixin.py:188} INFO - [2025-05-11T04:26:40.915+0000] {dagbag.py:538} INFO - Filling up the DagBag from /opt/airflow/dags/raw_to_staging_dag.py
[2025-05-11T04:26:40.975+0000] {logging_mixin.py:188} WARNING - /home/airflow/.local/lib/python3.8/site-packages/airflow/providers/common/sql/operators/sql.py:139 RemovedInAirflow3Warning: The 'task_concurrency' parameter is deprecated. Please use 'max_active_tis_per_dag'.
[2025-05-11T04:26:41.142+0000] {processor.py:840} INFO - DAG(s) 'raw_to_staging_dag' retrieved from /opt/airflow/dags/raw_to_staging_dag.py
[2025-05-11T04:26:41.482+0000] {logging_mixin.py:188} INFO - [2025-05-11T04:26:41.475+0000] {dag.py:3036} INFO - Sync 1 DAGs
[2025-05-11T04:26:41.708+0000] {logging_mixin.py:188} INFO - [2025-05-11T04:26:41.702+0000] {dag.py:3823} INFO - Setting next_dagrun for raw_to_staging_dag to 2025-02-06 00:00:00+00:00, run_after=2025-02-07 00:00:00+00:00
[2025-05-11T04:26:41.779+0000] {processor.py:183} INFO - Processing /opt/airflow/dags/raw_to_staging_dag.py took 0.897 seconds
[2025-05-11T04:27:12.837+0000] {processor.py:161} INFO - Started process (PID=2085) to work on /opt/airflow/dags/raw_to_staging_dag.py
[2025-05-11T04:27:12.843+0000] {processor.py:830} INFO - Processing file /opt/airflow/dags/raw_to_staging_dag.py for tasks to queue
[2025-05-11T04:27:12.844+0000] {logging_mixin.py:188} INFO - [2025-05-11T04:27:12.843+0000] {dagbag.py:538} INFO - Filling up the DagBag from /opt/airflow/dags/raw_to_staging_dag.py
[2025-05-11T04:27:12.869+0000] {logging_mixin.py:188} WARNING - /home/airflow/.local/lib/python3.8/site-packages/airflow/providers/common/sql/operators/sql.py:139 RemovedInAirflow3Warning: The 'task_concurrency' parameter is deprecated. Please use 'max_active_tis_per_dag'.
[2025-05-11T04:27:12.882+0000] {processor.py:840} INFO - DAG(s) 'raw_to_staging_dag' retrieved from /opt/airflow/dags/raw_to_staging_dag.py
[2025-05-11T04:27:12.917+0000] {logging_mixin.py:188} INFO - [2025-05-11T04:27:12.916+0000] {dag.py:3036} INFO - Sync 1 DAGs
[2025-05-11T04:27:12.947+0000] {processor.py:183} INFO - Processing /opt/airflow/dags/raw_to_staging_dag.py took 0.116 seconds
[2025-05-11T04:27:43.282+0000] {processor.py:161} INFO - Started process (PID=2090) to work on /opt/airflow/dags/raw_to_staging_dag.py
[2025-05-11T04:27:43.284+0000] {processor.py:830} INFO - Processing file /opt/airflow/dags/raw_to_staging_dag.py for tasks to queue
[2025-05-11T04:27:43.285+0000] {logging_mixin.py:188} INFO - [2025-05-11T04:27:43.285+0000] {dagbag.py:538} INFO - Filling up the DagBag from /opt/airflow/dags/raw_to_staging_dag.py
[2025-05-11T04:27:43.306+0000] {logging_mixin.py:188} WARNING - /home/airflow/.local/lib/python3.8/site-packages/airflow/providers/common/sql/operators/sql.py:139 RemovedInAirflow3Warning: The 'task_concurrency' parameter is deprecated. Please use 'max_active_tis_per_dag'.
[2025-05-11T04:27:43.319+0000] {processor.py:840} INFO - DAG(s) 'raw_to_staging_dag' retrieved from /opt/airflow/dags/raw_to_staging_dag.py
[2025-05-11T04:27:43.342+0000] {logging_mixin.py:188} INFO - [2025-05-11T04:27:43.342+0000] {dag.py:3036} INFO - Sync 1 DAGs
[2025-05-11T04:27:43.370+0000] {processor.py:183} INFO - Processing /opt/airflow/dags/raw_to_staging_dag.py took 0.093 seconds
[2025-05-11T04:28:13.677+0000] {processor.py:161} INFO - Started process (PID=2095) to work on /opt/airflow/dags/raw_to_staging_dag.py
[2025-05-11T04:28:13.679+0000] {processor.py:830} INFO - Processing file /opt/airflow/dags/raw_to_staging_dag.py for tasks to queue
[2025-05-11T04:28:13.680+0000] {logging_mixin.py:188} INFO - [2025-05-11T04:28:13.680+0000] {dagbag.py:538} INFO - Filling up the DagBag from /opt/airflow/dags/raw_to_staging_dag.py
[2025-05-11T04:28:13.699+0000] {logging_mixin.py:188} WARNING - /home/airflow/.local/lib/python3.8/site-packages/airflow/providers/common/sql/operators/sql.py:139 RemovedInAirflow3Warning: The 'task_concurrency' parameter is deprecated. Please use 'max_active_tis_per_dag'.
[2025-05-11T04:28:13.716+0000] {processor.py:840} INFO - DAG(s) 'raw_to_staging_dag' retrieved from /opt/airflow/dags/raw_to_staging_dag.py
[2025-05-11T04:28:13.743+0000] {logging_mixin.py:188} INFO - [2025-05-11T04:28:13.743+0000] {dag.py:3036} INFO - Sync 1 DAGs
[2025-05-11T04:28:13.767+0000] {processor.py:183} INFO - Processing /opt/airflow/dags/raw_to_staging_dag.py took 0.098 seconds
[2025-05-11T04:28:44.160+0000] {processor.py:161} INFO - Started process (PID=2100) to work on /opt/airflow/dags/raw_to_staging_dag.py
[2025-05-11T04:28:44.162+0000] {processor.py:830} INFO - Processing file /opt/airflow/dags/raw_to_staging_dag.py for tasks to queue
[2025-05-11T04:28:44.163+0000] {logging_mixin.py:188} INFO - [2025-05-11T04:28:44.162+0000] {dagbag.py:538} INFO - Filling up the DagBag from /opt/airflow/dags/raw_to_staging_dag.py
[2025-05-11T04:28:44.179+0000] {logging_mixin.py:188} WARNING - /home/airflow/.local/lib/python3.8/site-packages/airflow/providers/common/sql/operators/sql.py:139 RemovedInAirflow3Warning: The 'task_concurrency' parameter is deprecated. Please use 'max_active_tis_per_dag'.
[2025-05-11T04:28:44.193+0000] {processor.py:840} INFO - DAG(s) 'raw_to_staging_dag' retrieved from /opt/airflow/dags/raw_to_staging_dag.py
[2025-05-11T04:28:44.222+0000] {logging_mixin.py:188} INFO - [2025-05-11T04:28:44.221+0000] {dag.py:3036} INFO - Sync 1 DAGs
[2025-05-11T04:28:44.246+0000] {processor.py:183} INFO - Processing /opt/airflow/dags/raw_to_staging_dag.py took 0.104 seconds
[2025-05-11T04:29:14.592+0000] {processor.py:161} INFO - Started process (PID=2105) to work on /opt/airflow/dags/raw_to_staging_dag.py
[2025-05-11T04:29:14.598+0000] {processor.py:830} INFO - Processing file /opt/airflow/dags/raw_to_staging_dag.py for tasks to queue
[2025-05-11T04:29:14.600+0000] {logging_mixin.py:188} INFO - [2025-05-11T04:29:14.599+0000] {dagbag.py:538} INFO - Filling up the DagBag from /opt/airflow/dags/raw_to_staging_dag.py
[2025-05-11T04:29:14.616+0000] {logging_mixin.py:188} WARNING - /home/airflow/.local/lib/python3.8/site-packages/airflow/providers/common/sql/operators/sql.py:139 RemovedInAirflow3Warning: The 'task_concurrency' parameter is deprecated. Please use 'max_active_tis_per_dag'.
[2025-05-11T04:29:14.631+0000] {processor.py:840} INFO - DAG(s) 'raw_to_staging_dag' retrieved from /opt/airflow/dags/raw_to_staging_dag.py
[2025-05-11T04:29:14.660+0000] {logging_mixin.py:188} INFO - [2025-05-11T04:29:14.660+0000] {dag.py:3036} INFO - Sync 1 DAGs
[2025-05-11T04:29:14.684+0000] {processor.py:183} INFO - Processing /opt/airflow/dags/raw_to_staging_dag.py took 0.098 seconds
[2025-05-11T04:29:45.043+0000] {processor.py:161} INFO - Started process (PID=2110) to work on /opt/airflow/dags/raw_to_staging_dag.py
[2025-05-11T04:29:45.044+0000] {processor.py:830} INFO - Processing file /opt/airflow/dags/raw_to_staging_dag.py for tasks to queue
[2025-05-11T04:29:45.045+0000] {logging_mixin.py:188} INFO - [2025-05-11T04:29:45.045+0000] {dagbag.py:538} INFO - Filling up the DagBag from /opt/airflow/dags/raw_to_staging_dag.py
[2025-05-11T04:29:45.063+0000] {logging_mixin.py:188} WARNING - /home/airflow/.local/lib/python3.8/site-packages/airflow/providers/common/sql/operators/sql.py:139 RemovedInAirflow3Warning: The 'task_concurrency' parameter is deprecated. Please use 'max_active_tis_per_dag'.
[2025-05-11T04:29:45.079+0000] {processor.py:840} INFO - DAG(s) 'raw_to_staging_dag' retrieved from /opt/airflow/dags/raw_to_staging_dag.py
[2025-05-11T04:29:45.108+0000] {logging_mixin.py:188} INFO - [2025-05-11T04:29:45.108+0000] {dag.py:3036} INFO - Sync 1 DAGs
[2025-05-11T04:29:45.133+0000] {processor.py:183} INFO - Processing /opt/airflow/dags/raw_to_staging_dag.py took 0.097 seconds
[2025-05-11T04:30:15.413+0000] {processor.py:161} INFO - Started process (PID=2115) to work on /opt/airflow/dags/raw_to_staging_dag.py
[2025-05-11T04:30:15.415+0000] {processor.py:830} INFO - Processing file /opt/airflow/dags/raw_to_staging_dag.py for tasks to queue
[2025-05-11T04:30:15.416+0000] {logging_mixin.py:188} INFO - [2025-05-11T04:30:15.415+0000] {dagbag.py:538} INFO - Filling up the DagBag from /opt/airflow/dags/raw_to_staging_dag.py
[2025-05-11T04:30:15.439+0000] {logging_mixin.py:188} WARNING - /home/airflow/.local/lib/python3.8/site-packages/airflow/providers/common/sql/operators/sql.py:139 RemovedInAirflow3Warning: The 'task_concurrency' parameter is deprecated. Please use 'max_active_tis_per_dag'.
[2025-05-11T04:30:15.451+0000] {processor.py:840} INFO - DAG(s) 'raw_to_staging_dag' retrieved from /opt/airflow/dags/raw_to_staging_dag.py
[2025-05-11T04:30:15.485+0000] {logging_mixin.py:188} INFO - [2025-05-11T04:30:15.485+0000] {dag.py:3036} INFO - Sync 1 DAGs
[2025-05-11T04:30:15.547+0000] {processor.py:183} INFO - Processing /opt/airflow/dags/raw_to_staging_dag.py took 0.142 seconds
[2025-05-11T04:30:45.911+0000] {processor.py:161} INFO - Started process (PID=2120) to work on /opt/airflow/dags/raw_to_staging_dag.py
[2025-05-11T04:30:45.914+0000] {processor.py:830} INFO - Processing file /opt/airflow/dags/raw_to_staging_dag.py for tasks to queue
[2025-05-11T04:30:45.916+0000] {logging_mixin.py:188} INFO - [2025-05-11T04:30:45.915+0000] {dagbag.py:538} INFO - Filling up the DagBag from /opt/airflow/dags/raw_to_staging_dag.py
[2025-05-11T04:30:45.936+0000] {logging_mixin.py:188} WARNING - /home/airflow/.local/lib/python3.8/site-packages/airflow/providers/common/sql/operators/sql.py:139 RemovedInAirflow3Warning: The 'task_concurrency' parameter is deprecated. Please use 'max_active_tis_per_dag'.
[2025-05-11T04:30:45.950+0000] {processor.py:840} INFO - DAG(s) 'raw_to_staging_dag' retrieved from /opt/airflow/dags/raw_to_staging_dag.py
[2025-05-11T04:30:45.983+0000] {logging_mixin.py:188} INFO - [2025-05-11T04:30:45.983+0000] {dag.py:3036} INFO - Sync 1 DAGs
[2025-05-11T04:30:46.009+0000] {processor.py:183} INFO - Processing /opt/airflow/dags/raw_to_staging_dag.py took 0.105 seconds
[2025-05-11T04:31:16.310+0000] {processor.py:161} INFO - Started process (PID=2135) to work on /opt/airflow/dags/raw_to_staging_dag.py
[2025-05-11T04:31:16.312+0000] {processor.py:830} INFO - Processing file /opt/airflow/dags/raw_to_staging_dag.py for tasks to queue
[2025-05-11T04:31:16.313+0000] {logging_mixin.py:188} INFO - [2025-05-11T04:31:16.313+0000] {dagbag.py:538} INFO - Filling up the DagBag from /opt/airflow/dags/raw_to_staging_dag.py
[2025-05-11T04:31:16.353+0000] {logging_mixin.py:188} WARNING - /home/airflow/.local/lib/python3.8/site-packages/airflow/providers/common/sql/operators/sql.py:139 RemovedInAirflow3Warning: The 'task_concurrency' parameter is deprecated. Please use 'max_active_tis_per_dag'.
[2025-05-11T04:31:16.375+0000] {processor.py:840} INFO - DAG(s) 'raw_to_staging_dag' retrieved from /opt/airflow/dags/raw_to_staging_dag.py
[2025-05-11T04:31:16.421+0000] {logging_mixin.py:188} INFO - [2025-05-11T04:31:16.421+0000] {dag.py:3036} INFO - Sync 1 DAGs
[2025-05-11T04:31:16.452+0000] {processor.py:183} INFO - Processing /opt/airflow/dags/raw_to_staging_dag.py took 0.148 seconds
[2025-05-11T04:31:46.858+0000] {processor.py:161} INFO - Started process (PID=2202) to work on /opt/airflow/dags/raw_to_staging_dag.py
[2025-05-11T04:31:46.860+0000] {processor.py:830} INFO - Processing file /opt/airflow/dags/raw_to_staging_dag.py for tasks to queue
[2025-05-11T04:31:46.863+0000] {logging_mixin.py:188} INFO - [2025-05-11T04:31:46.862+0000] {dagbag.py:538} INFO - Filling up the DagBag from /opt/airflow/dags/raw_to_staging_dag.py
[2025-05-11T04:31:46.902+0000] {logging_mixin.py:188} WARNING - /home/airflow/.local/lib/python3.8/site-packages/airflow/providers/common/sql/operators/sql.py:139 RemovedInAirflow3Warning: The 'task_concurrency' parameter is deprecated. Please use 'max_active_tis_per_dag'.
[2025-05-11T04:31:46.931+0000] {processor.py:840} INFO - DAG(s) 'raw_to_staging_dag' retrieved from /opt/airflow/dags/raw_to_staging_dag.py
[2025-05-11T04:31:46.997+0000] {logging_mixin.py:188} INFO - [2025-05-11T04:31:46.997+0000] {dag.py:3036} INFO - Sync 1 DAGs
[2025-05-11T04:31:47.051+0000] {processor.py:183} INFO - Processing /opt/airflow/dags/raw_to_staging_dag.py took 0.204 seconds
[2025-05-11T04:32:17.303+0000] {processor.py:161} INFO - Started process (PID=2295) to work on /opt/airflow/dags/raw_to_staging_dag.py
[2025-05-11T04:32:17.304+0000] {processor.py:830} INFO - Processing file /opt/airflow/dags/raw_to_staging_dag.py for tasks to queue
[2025-05-11T04:32:17.305+0000] {logging_mixin.py:188} INFO - [2025-05-11T04:32:17.305+0000] {dagbag.py:538} INFO - Filling up the DagBag from /opt/airflow/dags/raw_to_staging_dag.py
[2025-05-11T04:32:17.328+0000] {logging_mixin.py:188} WARNING - /home/airflow/.local/lib/python3.8/site-packages/airflow/providers/common/sql/operators/sql.py:139 RemovedInAirflow3Warning: The 'task_concurrency' parameter is deprecated. Please use 'max_active_tis_per_dag'.
[2025-05-11T04:32:17.345+0000] {processor.py:840} INFO - DAG(s) 'raw_to_staging_dag' retrieved from /opt/airflow/dags/raw_to_staging_dag.py
[2025-05-11T04:32:17.401+0000] {logging_mixin.py:188} INFO - [2025-05-11T04:32:17.401+0000] {dag.py:3036} INFO - Sync 1 DAGs
[2025-05-11T04:32:17.441+0000] {processor.py:183} INFO - Processing /opt/airflow/dags/raw_to_staging_dag.py took 0.145 seconds
[2025-05-11T04:32:47.736+0000] {processor.py:161} INFO - Started process (PID=2300) to work on /opt/airflow/dags/raw_to_staging_dag.py
[2025-05-11T04:32:47.738+0000] {processor.py:830} INFO - Processing file /opt/airflow/dags/raw_to_staging_dag.py for tasks to queue
[2025-05-11T04:32:47.739+0000] {logging_mixin.py:188} INFO - [2025-05-11T04:32:47.739+0000] {dagbag.py:538} INFO - Filling up the DagBag from /opt/airflow/dags/raw_to_staging_dag.py
[2025-05-11T04:32:47.757+0000] {logging_mixin.py:188} WARNING - /home/airflow/.local/lib/python3.8/site-packages/airflow/providers/common/sql/operators/sql.py:139 RemovedInAirflow3Warning: The 'task_concurrency' parameter is deprecated. Please use 'max_active_tis_per_dag'.
[2025-05-11T04:32:47.770+0000] {processor.py:840} INFO - DAG(s) 'raw_to_staging_dag' retrieved from /opt/airflow/dags/raw_to_staging_dag.py
[2025-05-11T04:32:47.799+0000] {logging_mixin.py:188} INFO - [2025-05-11T04:32:47.799+0000] {dag.py:3036} INFO - Sync 1 DAGs
[2025-05-11T04:32:47.825+0000] {processor.py:183} INFO - Processing /opt/airflow/dags/raw_to_staging_dag.py took 0.093 seconds
[2025-05-11T04:33:18.187+0000] {processor.py:161} INFO - Started process (PID=2305) to work on /opt/airflow/dags/raw_to_staging_dag.py
[2025-05-11T04:33:18.189+0000] {processor.py:830} INFO - Processing file /opt/airflow/dags/raw_to_staging_dag.py for tasks to queue
[2025-05-11T04:33:18.190+0000] {logging_mixin.py:188} INFO - [2025-05-11T04:33:18.190+0000] {dagbag.py:538} INFO - Filling up the DagBag from /opt/airflow/dags/raw_to_staging_dag.py
[2025-05-11T04:33:18.210+0000] {logging_mixin.py:188} WARNING - /home/airflow/.local/lib/python3.8/site-packages/airflow/providers/common/sql/operators/sql.py:139 RemovedInAirflow3Warning: The 'task_concurrency' parameter is deprecated. Please use 'max_active_tis_per_dag'.
[2025-05-11T04:33:18.225+0000] {processor.py:840} INFO - DAG(s) 'raw_to_staging_dag' retrieved from /opt/airflow/dags/raw_to_staging_dag.py
[2025-05-11T04:33:18.256+0000] {logging_mixin.py:188} INFO - [2025-05-11T04:33:18.256+0000] {dag.py:3036} INFO - Sync 1 DAGs
[2025-05-11T04:33:18.281+0000] {processor.py:183} INFO - Processing /opt/airflow/dags/raw_to_staging_dag.py took 0.101 seconds
[2025-05-11T04:33:48.641+0000] {processor.py:161} INFO - Started process (PID=2310) to work on /opt/airflow/dags/raw_to_staging_dag.py
[2025-05-11T04:33:48.643+0000] {processor.py:830} INFO - Processing file /opt/airflow/dags/raw_to_staging_dag.py for tasks to queue
[2025-05-11T04:33:48.645+0000] {logging_mixin.py:188} INFO - [2025-05-11T04:33:48.644+0000] {dagbag.py:538} INFO - Filling up the DagBag from /opt/airflow/dags/raw_to_staging_dag.py
[2025-05-11T04:33:48.672+0000] {logging_mixin.py:188} WARNING - /home/airflow/.local/lib/python3.8/site-packages/airflow/providers/common/sql/operators/sql.py:139 RemovedInAirflow3Warning: The 'task_concurrency' parameter is deprecated. Please use 'max_active_tis_per_dag'.
[2025-05-11T04:33:48.687+0000] {processor.py:840} INFO - DAG(s) 'raw_to_staging_dag' retrieved from /opt/airflow/dags/raw_to_staging_dag.py
[2025-05-11T04:33:48.733+0000] {logging_mixin.py:188} INFO - [2025-05-11T04:33:48.732+0000] {dag.py:3036} INFO - Sync 1 DAGs
[2025-05-11T04:33:48.760+0000] {processor.py:183} INFO - Processing /opt/airflow/dags/raw_to_staging_dag.py took 0.127 seconds
[2025-05-11T04:34:19.250+0000] {processor.py:161} INFO - Started process (PID=2315) to work on /opt/airflow/dags/raw_to_staging_dag.py
[2025-05-11T04:34:19.253+0000] {processor.py:830} INFO - Processing file /opt/airflow/dags/raw_to_staging_dag.py for tasks to queue
[2025-05-11T04:34:19.255+0000] {logging_mixin.py:188} INFO - [2025-05-11T04:34:19.254+0000] {dagbag.py:538} INFO - Filling up the DagBag from /opt/airflow/dags/raw_to_staging_dag.py
[2025-05-11T04:34:19.289+0000] {logging_mixin.py:188} WARNING - /home/airflow/.local/lib/python3.8/site-packages/airflow/providers/common/sql/operators/sql.py:139 RemovedInAirflow3Warning: The 'task_concurrency' parameter is deprecated. Please use 'max_active_tis_per_dag'.
[2025-05-11T04:34:19.302+0000] {processor.py:840} INFO - DAG(s) 'raw_to_staging_dag' retrieved from /opt/airflow/dags/raw_to_staging_dag.py
[2025-05-11T04:34:19.336+0000] {logging_mixin.py:188} INFO - [2025-05-11T04:34:19.336+0000] {dag.py:3036} INFO - Sync 1 DAGs
[2025-05-11T04:34:19.369+0000] {processor.py:183} INFO - Processing /opt/airflow/dags/raw_to_staging_dag.py took 0.138 seconds
[2025-05-11T04:34:49.905+0000] {processor.py:161} INFO - Started process (PID=2320) to work on /opt/airflow/dags/raw_to_staging_dag.py
[2025-05-11T04:34:49.909+0000] {processor.py:830} INFO - Processing file /opt/airflow/dags/raw_to_staging_dag.py for tasks to queue
[2025-05-11T04:34:49.916+0000] {logging_mixin.py:188} INFO - [2025-05-11T04:34:49.914+0000] {dagbag.py:538} INFO - Filling up the DagBag from /opt/airflow/dags/raw_to_staging_dag.py
[2025-05-11T04:34:49.970+0000] {logging_mixin.py:188} WARNING - /home/airflow/.local/lib/python3.8/site-packages/airflow/providers/common/sql/operators/sql.py:139 RemovedInAirflow3Warning: The 'task_concurrency' parameter is deprecated. Please use 'max_active_tis_per_dag'.
[2025-05-11T04:34:49.995+0000] {processor.py:840} INFO - DAG(s) 'raw_to_staging_dag' retrieved from /opt/airflow/dags/raw_to_staging_dag.py
[2025-05-11T04:34:50.046+0000] {logging_mixin.py:188} INFO - [2025-05-11T04:34:50.046+0000] {dag.py:3036} INFO - Sync 1 DAGs
[2025-05-11T04:34:50.076+0000] {processor.py:183} INFO - Processing /opt/airflow/dags/raw_to_staging_dag.py took 0.197 seconds
[2025-05-11T04:50:04.445+0000] {processor.py:161} INFO - Started process (PID=2327) to work on /opt/airflow/dags/raw_to_staging_dag.py
[2025-05-11T04:50:04.466+0000] {processor.py:830} INFO - Processing file /opt/airflow/dags/raw_to_staging_dag.py for tasks to queue
[2025-05-11T04:50:04.467+0000] {logging_mixin.py:188} INFO - [2025-05-11T04:50:04.466+0000] {dagbag.py:538} INFO - Filling up the DagBag from /opt/airflow/dags/raw_to_staging_dag.py
[2025-05-11T04:50:04.608+0000] {logging_mixin.py:188} WARNING - /home/airflow/.local/lib/python3.8/site-packages/airflow/providers/common/sql/operators/sql.py:139 RemovedInAirflow3Warning: The 'task_concurrency' parameter is deprecated. Please use 'max_active_tis_per_dag'.
[2025-05-11T04:50:04.651+0000] {processor.py:840} INFO - DAG(s) 'raw_to_staging_dag' retrieved from /opt/airflow/dags/raw_to_staging_dag.py
[2025-05-11T04:50:05.056+0000] {logging_mixin.py:188} INFO - [2025-05-11T04:50:05.039+0000] {dag.py:3036} INFO - Sync 1 DAGs
[2025-05-11T04:50:05.546+0000] {processor.py:183} INFO - Processing /opt/airflow/dags/raw_to_staging_dag.py took 1.167 seconds
[2025-05-11T05:06:22.118+0000] {processor.py:161} INFO - Started process (PID=2495) to work on /opt/airflow/dags/raw_to_staging_dag.py
[2025-05-11T05:06:22.141+0000] {processor.py:830} INFO - Processing file /opt/airflow/dags/raw_to_staging_dag.py for tasks to queue
[2025-05-11T05:06:22.144+0000] {logging_mixin.py:188} INFO - [2025-05-11T05:06:22.143+0000] {dagbag.py:538} INFO - Filling up the DagBag from /opt/airflow/dags/raw_to_staging_dag.py
[2025-05-11T05:06:22.285+0000] {logging_mixin.py:188} WARNING - /home/airflow/.local/lib/python3.8/site-packages/airflow/providers/common/sql/operators/sql.py:139 RemovedInAirflow3Warning: The 'task_concurrency' parameter is deprecated. Please use 'max_active_tis_per_dag'.
[2025-05-11T05:06:22.490+0000] {processor.py:840} INFO - DAG(s) 'raw_to_staging_dag' retrieved from /opt/airflow/dags/raw_to_staging_dag.py
[2025-05-11T05:06:22.781+0000] {logging_mixin.py:188} INFO - [2025-05-11T05:06:22.780+0000] {dag.py:3036} INFO - Sync 1 DAGs
[2025-05-11T05:06:23.249+0000] {processor.py:183} INFO - Processing /opt/airflow/dags/raw_to_staging_dag.py took 1.174 seconds
[2025-05-11T05:12:48.832+0000] {processor.py:161} INFO - Started process (PID=2778) to work on /opt/airflow/dags/raw_to_staging_dag.py
[2025-05-11T05:12:48.847+0000] {processor.py:830} INFO - Processing file /opt/airflow/dags/raw_to_staging_dag.py for tasks to queue
[2025-05-11T05:12:48.859+0000] {logging_mixin.py:188} INFO - [2025-05-11T05:12:48.855+0000] {dagbag.py:538} INFO - Filling up the DagBag from /opt/airflow/dags/raw_to_staging_dag.py
[2025-05-11T05:12:48.947+0000] {logging_mixin.py:188} WARNING - /home/airflow/.local/lib/python3.8/site-packages/airflow/providers/common/sql/operators/sql.py:139 RemovedInAirflow3Warning: The 'task_concurrency' parameter is deprecated. Please use 'max_active_tis_per_dag'.
[2025-05-11T05:12:49.116+0000] {processor.py:840} INFO - DAG(s) 'raw_to_staging_dag' retrieved from /opt/airflow/dags/raw_to_staging_dag.py
[2025-05-11T05:12:49.224+0000] {logging_mixin.py:188} INFO - [2025-05-11T05:12:49.223+0000] {dag.py:3036} INFO - Sync 1 DAGs
[2025-05-11T05:12:49.906+0000] {processor.py:183} INFO - Processing /opt/airflow/dags/raw_to_staging_dag.py took 1.155 seconds
[2025-05-11T05:45:33.099+0000] {processor.py:161} INFO - Started process (PID=2912) to work on /opt/airflow/dags/raw_to_staging_dag.py
[2025-05-11T05:45:33.105+0000] {processor.py:830} INFO - Processing file /opt/airflow/dags/raw_to_staging_dag.py for tasks to queue
[2025-05-11T05:45:33.111+0000] {logging_mixin.py:188} INFO - [2025-05-11T05:45:33.110+0000] {dagbag.py:538} INFO - Filling up the DagBag from /opt/airflow/dags/raw_to_staging_dag.py
[2025-05-11T05:45:33.186+0000] {logging_mixin.py:188} WARNING - /home/airflow/.local/lib/python3.8/site-packages/airflow/providers/common/sql/operators/sql.py:139 RemovedInAirflow3Warning: The 'task_concurrency' parameter is deprecated. Please use 'max_active_tis_per_dag'.
[2025-05-11T05:45:33.257+0000] {processor.py:840} INFO - DAG(s) 'raw_to_staging_dag' retrieved from /opt/airflow/dags/raw_to_staging_dag.py
[2025-05-11T05:45:33.389+0000] {logging_mixin.py:188} INFO - [2025-05-11T05:45:33.388+0000] {dag.py:3036} INFO - Sync 1 DAGs
[2025-05-11T05:45:33.784+0000] {processor.py:183} INFO - Processing /opt/airflow/dags/raw_to_staging_dag.py took 0.701 seconds
[2025-05-11T05:53:54.575+0000] {processor.py:161} INFO - Started process (PID=3070) to work on /opt/airflow/dags/raw_to_staging_dag.py
[2025-05-11T05:53:54.639+0000] {processor.py:830} INFO - Processing file /opt/airflow/dags/raw_to_staging_dag.py for tasks to queue
[2025-05-11T05:53:54.662+0000] {logging_mixin.py:188} INFO - [2025-05-11T05:53:54.644+0000] {dagbag.py:538} INFO - Filling up the DagBag from /opt/airflow/dags/raw_to_staging_dag.py
[2025-05-11T05:53:54.896+0000] {logging_mixin.py:188} WARNING - /home/airflow/.local/lib/python3.8/site-packages/airflow/providers/common/sql/operators/sql.py:139 RemovedInAirflow3Warning: The 'task_concurrency' parameter is deprecated. Please use 'max_active_tis_per_dag'.
[2025-05-11T05:53:55.240+0000] {processor.py:840} INFO - DAG(s) 'raw_to_staging_dag' retrieved from /opt/airflow/dags/raw_to_staging_dag.py
[2025-05-11T05:53:56.370+0000] {logging_mixin.py:188} INFO - [2025-05-11T05:53:56.259+0000] {dag.py:3036} INFO - Sync 1 DAGs
[2025-05-11T05:53:59.347+0000] {logging_mixin.py:188} INFO - [2025-05-11T05:53:59.346+0000] {dag.py:3823} INFO - Setting next_dagrun for raw_to_staging_dag to 2025-03-04 00:00:00+00:00, run_after=2025-03-05 00:00:00+00:00
[2025-05-11T05:54:03.648+0000] {processor.py:183} INFO - Processing /opt/airflow/dags/raw_to_staging_dag.py took 9.385 seconds
[2025-05-11T05:54:34.433+0000] {processor.py:161} INFO - Started process (PID=3285) to work on /opt/airflow/dags/raw_to_staging_dag.py
[2025-05-11T05:54:34.434+0000] {processor.py:830} INFO - Processing file /opt/airflow/dags/raw_to_staging_dag.py for tasks to queue
[2025-05-11T05:54:34.435+0000] {logging_mixin.py:188} INFO - [2025-05-11T05:54:34.434+0000] {dagbag.py:538} INFO - Filling up the DagBag from /opt/airflow/dags/raw_to_staging_dag.py
[2025-05-11T05:54:34.447+0000] {logging_mixin.py:188} WARNING - /home/airflow/.local/lib/python3.8/site-packages/airflow/providers/common/sql/operators/sql.py:139 RemovedInAirflow3Warning: The 'task_concurrency' parameter is deprecated. Please use 'max_active_tis_per_dag'.
[2025-05-11T05:54:34.460+0000] {processor.py:840} INFO - DAG(s) 'raw_to_staging_dag' retrieved from /opt/airflow/dags/raw_to_staging_dag.py
[2025-05-11T05:54:34.486+0000] {logging_mixin.py:188} INFO - [2025-05-11T05:54:34.486+0000] {dag.py:3036} INFO - Sync 1 DAGs
[2025-05-11T05:54:34.540+0000] {processor.py:183} INFO - Processing /opt/airflow/dags/raw_to_staging_dag.py took 0.116 seconds
[2025-05-11T05:55:04.942+0000] {processor.py:161} INFO - Started process (PID=3300) to work on /opt/airflow/dags/raw_to_staging_dag.py
[2025-05-11T05:55:04.943+0000] {processor.py:830} INFO - Processing file /opt/airflow/dags/raw_to_staging_dag.py for tasks to queue
[2025-05-11T05:55:04.944+0000] {logging_mixin.py:188} INFO - [2025-05-11T05:55:04.944+0000] {dagbag.py:538} INFO - Filling up the DagBag from /opt/airflow/dags/raw_to_staging_dag.py
[2025-05-11T05:55:04.963+0000] {logging_mixin.py:188} WARNING - /home/airflow/.local/lib/python3.8/site-packages/airflow/providers/common/sql/operators/sql.py:139 RemovedInAirflow3Warning: The 'task_concurrency' parameter is deprecated. Please use 'max_active_tis_per_dag'.
[2025-05-11T05:55:04.978+0000] {processor.py:840} INFO - DAG(s) 'raw_to_staging_dag' retrieved from /opt/airflow/dags/raw_to_staging_dag.py
[2025-05-11T05:55:05.011+0000] {logging_mixin.py:188} INFO - [2025-05-11T05:55:05.011+0000] {dag.py:3036} INFO - Sync 1 DAGs
[2025-05-11T05:55:05.040+0000] {processor.py:183} INFO - Processing /opt/airflow/dags/raw_to_staging_dag.py took 0.103 seconds
[2025-05-11T05:55:35.290+0000] {processor.py:161} INFO - Started process (PID=3305) to work on /opt/airflow/dags/raw_to_staging_dag.py
[2025-05-11T05:55:35.291+0000] {processor.py:830} INFO - Processing file /opt/airflow/dags/raw_to_staging_dag.py for tasks to queue
[2025-05-11T05:55:35.294+0000] {logging_mixin.py:188} INFO - [2025-05-11T05:55:35.292+0000] {dagbag.py:538} INFO - Filling up the DagBag from /opt/airflow/dags/raw_to_staging_dag.py
[2025-05-11T05:55:35.317+0000] {logging_mixin.py:188} WARNING - /home/airflow/.local/lib/python3.8/site-packages/airflow/providers/common/sql/operators/sql.py:139 RemovedInAirflow3Warning: The 'task_concurrency' parameter is deprecated. Please use 'max_active_tis_per_dag'.
[2025-05-11T05:55:35.334+0000] {processor.py:840} INFO - DAG(s) 'raw_to_staging_dag' retrieved from /opt/airflow/dags/raw_to_staging_dag.py
[2025-05-11T05:55:35.372+0000] {logging_mixin.py:188} INFO - [2025-05-11T05:55:35.372+0000] {dag.py:3036} INFO - Sync 1 DAGs
[2025-05-11T05:55:35.401+0000] {processor.py:183} INFO - Processing /opt/airflow/dags/raw_to_staging_dag.py took 0.116 seconds
[2025-05-11T05:56:05.732+0000] {processor.py:161} INFO - Started process (PID=3310) to work on /opt/airflow/dags/raw_to_staging_dag.py
[2025-05-11T05:56:05.733+0000] {processor.py:830} INFO - Processing file /opt/airflow/dags/raw_to_staging_dag.py for tasks to queue
[2025-05-11T05:56:05.734+0000] {logging_mixin.py:188} INFO - [2025-05-11T05:56:05.733+0000] {dagbag.py:538} INFO - Filling up the DagBag from /opt/airflow/dags/raw_to_staging_dag.py
[2025-05-11T05:56:05.755+0000] {logging_mixin.py:188} WARNING - /home/airflow/.local/lib/python3.8/site-packages/airflow/providers/common/sql/operators/sql.py:139 RemovedInAirflow3Warning: The 'task_concurrency' parameter is deprecated. Please use 'max_active_tis_per_dag'.
[2025-05-11T05:56:05.769+0000] {processor.py:840} INFO - DAG(s) 'raw_to_staging_dag' retrieved from /opt/airflow/dags/raw_to_staging_dag.py
[2025-05-11T05:56:05.804+0000] {logging_mixin.py:188} INFO - [2025-05-11T05:56:05.803+0000] {dag.py:3036} INFO - Sync 1 DAGs
[2025-05-11T05:56:05.833+0000] {processor.py:183} INFO - Processing /opt/airflow/dags/raw_to_staging_dag.py took 0.109 seconds
[2025-05-11T05:56:36.173+0000] {processor.py:161} INFO - Started process (PID=3315) to work on /opt/airflow/dags/raw_to_staging_dag.py
[2025-05-11T05:56:36.174+0000] {processor.py:830} INFO - Processing file /opt/airflow/dags/raw_to_staging_dag.py for tasks to queue
[2025-05-11T05:56:36.175+0000] {logging_mixin.py:188} INFO - [2025-05-11T05:56:36.175+0000] {dagbag.py:538} INFO - Filling up the DagBag from /opt/airflow/dags/raw_to_staging_dag.py
[2025-05-11T05:56:36.195+0000] {logging_mixin.py:188} WARNING - /home/airflow/.local/lib/python3.8/site-packages/airflow/providers/common/sql/operators/sql.py:139 RemovedInAirflow3Warning: The 'task_concurrency' parameter is deprecated. Please use 'max_active_tis_per_dag'.
[2025-05-11T05:56:36.214+0000] {processor.py:840} INFO - DAG(s) 'raw_to_staging_dag' retrieved from /opt/airflow/dags/raw_to_staging_dag.py
[2025-05-11T05:56:36.241+0000] {logging_mixin.py:188} INFO - [2025-05-11T05:56:36.241+0000] {dag.py:3036} INFO - Sync 1 DAGs
[2025-05-11T05:56:36.273+0000] {processor.py:183} INFO - Processing /opt/airflow/dags/raw_to_staging_dag.py took 0.106 seconds
[2025-05-11T05:57:06.513+0000] {processor.py:161} INFO - Started process (PID=3320) to work on /opt/airflow/dags/raw_to_staging_dag.py
[2025-05-11T05:57:06.514+0000] {processor.py:830} INFO - Processing file /opt/airflow/dags/raw_to_staging_dag.py for tasks to queue
[2025-05-11T05:57:06.515+0000] {logging_mixin.py:188} INFO - [2025-05-11T05:57:06.514+0000] {dagbag.py:538} INFO - Filling up the DagBag from /opt/airflow/dags/raw_to_staging_dag.py
[2025-05-11T05:57:06.538+0000] {logging_mixin.py:188} WARNING - /home/airflow/.local/lib/python3.8/site-packages/airflow/providers/common/sql/operators/sql.py:139 RemovedInAirflow3Warning: The 'task_concurrency' parameter is deprecated. Please use 'max_active_tis_per_dag'.
[2025-05-11T05:57:06.555+0000] {processor.py:840} INFO - DAG(s) 'raw_to_staging_dag' retrieved from /opt/airflow/dags/raw_to_staging_dag.py
[2025-05-11T05:57:06.589+0000] {logging_mixin.py:188} INFO - [2025-05-11T05:57:06.589+0000] {dag.py:3036} INFO - Sync 1 DAGs
[2025-05-11T05:57:06.632+0000] {processor.py:183} INFO - Processing /opt/airflow/dags/raw_to_staging_dag.py took 0.131 seconds
[2025-05-11T05:57:36.894+0000] {processor.py:161} INFO - Started process (PID=3325) to work on /opt/airflow/dags/raw_to_staging_dag.py
[2025-05-11T05:57:36.895+0000] {processor.py:830} INFO - Processing file /opt/airflow/dags/raw_to_staging_dag.py for tasks to queue
[2025-05-11T05:57:36.896+0000] {logging_mixin.py:188} INFO - [2025-05-11T05:57:36.895+0000] {dagbag.py:538} INFO - Filling up the DagBag from /opt/airflow/dags/raw_to_staging_dag.py
[2025-05-11T05:57:36.917+0000] {logging_mixin.py:188} WARNING - /home/airflow/.local/lib/python3.8/site-packages/airflow/providers/common/sql/operators/sql.py:139 RemovedInAirflow3Warning: The 'task_concurrency' parameter is deprecated. Please use 'max_active_tis_per_dag'.
[2025-05-11T05:57:36.937+0000] {processor.py:840} INFO - DAG(s) 'raw_to_staging_dag' retrieved from /opt/airflow/dags/raw_to_staging_dag.py
[2025-05-11T05:57:36.976+0000] {logging_mixin.py:188} INFO - [2025-05-11T05:57:36.976+0000] {dag.py:3036} INFO - Sync 1 DAGs
[2025-05-11T05:57:37.005+0000] {processor.py:183} INFO - Processing /opt/airflow/dags/raw_to_staging_dag.py took 0.117 seconds
[2025-05-11T05:58:07.283+0000] {processor.py:161} INFO - Started process (PID=3330) to work on /opt/airflow/dags/raw_to_staging_dag.py
[2025-05-11T05:58:07.284+0000] {processor.py:830} INFO - Processing file /opt/airflow/dags/raw_to_staging_dag.py for tasks to queue
[2025-05-11T05:58:07.285+0000] {logging_mixin.py:188} INFO - [2025-05-11T05:58:07.285+0000] {dagbag.py:538} INFO - Filling up the DagBag from /opt/airflow/dags/raw_to_staging_dag.py
[2025-05-11T05:58:07.304+0000] {logging_mixin.py:188} WARNING - /home/airflow/.local/lib/python3.8/site-packages/airflow/providers/common/sql/operators/sql.py:139 RemovedInAirflow3Warning: The 'task_concurrency' parameter is deprecated. Please use 'max_active_tis_per_dag'.
[2025-05-11T05:58:07.321+0000] {processor.py:840} INFO - DAG(s) 'raw_to_staging_dag' retrieved from /opt/airflow/dags/raw_to_staging_dag.py
[2025-05-11T05:58:07.349+0000] {logging_mixin.py:188} INFO - [2025-05-11T05:58:07.349+0000] {dag.py:3036} INFO - Sync 1 DAGs
[2025-05-11T05:58:07.394+0000] {processor.py:183} INFO - Processing /opt/airflow/dags/raw_to_staging_dag.py took 0.118 seconds
[2025-05-11T05:58:37.701+0000] {processor.py:161} INFO - Started process (PID=3335) to work on /opt/airflow/dags/raw_to_staging_dag.py
[2025-05-11T05:58:37.702+0000] {processor.py:830} INFO - Processing file /opt/airflow/dags/raw_to_staging_dag.py for tasks to queue
[2025-05-11T05:58:37.704+0000] {logging_mixin.py:188} INFO - [2025-05-11T05:58:37.703+0000] {dagbag.py:538} INFO - Filling up the DagBag from /opt/airflow/dags/raw_to_staging_dag.py
[2025-05-11T05:58:37.725+0000] {logging_mixin.py:188} WARNING - /home/airflow/.local/lib/python3.8/site-packages/airflow/providers/common/sql/operators/sql.py:139 RemovedInAirflow3Warning: The 'task_concurrency' parameter is deprecated. Please use 'max_active_tis_per_dag'.
[2025-05-11T05:58:37.739+0000] {processor.py:840} INFO - DAG(s) 'raw_to_staging_dag' retrieved from /opt/airflow/dags/raw_to_staging_dag.py
[2025-05-11T05:58:37.764+0000] {logging_mixin.py:188} INFO - [2025-05-11T05:58:37.764+0000] {dag.py:3036} INFO - Sync 1 DAGs
[2025-05-11T05:58:37.789+0000] {processor.py:183} INFO - Processing /opt/airflow/dags/raw_to_staging_dag.py took 0.093 seconds
[2025-05-11T05:59:08.174+0000] {processor.py:161} INFO - Started process (PID=3340) to work on /opt/airflow/dags/raw_to_staging_dag.py
[2025-05-11T05:59:08.175+0000] {processor.py:830} INFO - Processing file /opt/airflow/dags/raw_to_staging_dag.py for tasks to queue
[2025-05-11T05:59:08.178+0000] {logging_mixin.py:188} INFO - [2025-05-11T05:59:08.177+0000] {dagbag.py:538} INFO - Filling up the DagBag from /opt/airflow/dags/raw_to_staging_dag.py
[2025-05-11T05:59:08.203+0000] {logging_mixin.py:188} WARNING - /home/airflow/.local/lib/python3.8/site-packages/airflow/providers/common/sql/operators/sql.py:139 RemovedInAirflow3Warning: The 'task_concurrency' parameter is deprecated. Please use 'max_active_tis_per_dag'.
[2025-05-11T05:59:08.222+0000] {processor.py:840} INFO - DAG(s) 'raw_to_staging_dag' retrieved from /opt/airflow/dags/raw_to_staging_dag.py
[2025-05-11T05:59:08.254+0000] {logging_mixin.py:188} INFO - [2025-05-11T05:59:08.253+0000] {dag.py:3036} INFO - Sync 1 DAGs
[2025-05-11T05:59:08.282+0000] {processor.py:183} INFO - Processing /opt/airflow/dags/raw_to_staging_dag.py took 0.114 seconds
[2025-05-11T05:59:39.235+0000] {processor.py:161} INFO - Started process (PID=3493) to work on /opt/airflow/dags/raw_to_staging_dag.py
[2025-05-11T05:59:39.246+0000] {processor.py:830} INFO - Processing file /opt/airflow/dags/raw_to_staging_dag.py for tasks to queue
[2025-05-11T05:59:39.254+0000] {logging_mixin.py:188} INFO - [2025-05-11T05:59:39.250+0000] {dagbag.py:538} INFO - Filling up the DagBag from /opt/airflow/dags/raw_to_staging_dag.py
[2025-05-11T05:59:39.305+0000] {logging_mixin.py:188} WARNING - /home/airflow/.local/lib/python3.8/site-packages/airflow/providers/common/sql/operators/sql.py:139 RemovedInAirflow3Warning: The 'task_concurrency' parameter is deprecated. Please use 'max_active_tis_per_dag'.
[2025-05-11T05:59:39.403+0000] {processor.py:840} INFO - DAG(s) 'raw_to_staging_dag' retrieved from /opt/airflow/dags/raw_to_staging_dag.py
[2025-05-11T05:59:39.469+0000] {logging_mixin.py:188} INFO - [2025-05-11T05:59:39.469+0000] {dag.py:3036} INFO - Sync 1 DAGs
[2025-05-11T05:59:39.530+0000] {logging_mixin.py:188} INFO - [2025-05-11T05:59:39.529+0000] {dag.py:3823} INFO - Setting next_dagrun for raw_to_staging_dag to 2025-03-17 00:00:00+00:00, run_after=2025-03-18 00:00:00+00:00
[2025-05-11T05:59:39.683+0000] {processor.py:183} INFO - Processing /opt/airflow/dags/raw_to_staging_dag.py took 0.483 seconds
[2025-05-11T06:00:10.457+0000] {processor.py:161} INFO - Started process (PID=3550) to work on /opt/airflow/dags/raw_to_staging_dag.py
[2025-05-11T06:00:10.458+0000] {processor.py:830} INFO - Processing file /opt/airflow/dags/raw_to_staging_dag.py for tasks to queue
[2025-05-11T06:00:10.459+0000] {logging_mixin.py:188} INFO - [2025-05-11T06:00:10.459+0000] {dagbag.py:538} INFO - Filling up the DagBag from /opt/airflow/dags/raw_to_staging_dag.py
[2025-05-11T06:00:10.482+0000] {logging_mixin.py:188} WARNING - /home/airflow/.local/lib/python3.8/site-packages/airflow/providers/common/sql/operators/sql.py:139 RemovedInAirflow3Warning: The 'task_concurrency' parameter is deprecated. Please use 'max_active_tis_per_dag'.
[2025-05-11T06:00:10.496+0000] {processor.py:840} INFO - DAG(s) 'raw_to_staging_dag' retrieved from /opt/airflow/dags/raw_to_staging_dag.py
[2025-05-11T06:00:10.531+0000] {logging_mixin.py:188} INFO - [2025-05-11T06:00:10.531+0000] {dag.py:3036} INFO - Sync 1 DAGs
[2025-05-11T06:00:10.559+0000] {processor.py:183} INFO - Processing /opt/airflow/dags/raw_to_staging_dag.py took 0.109 seconds
[2025-05-11T06:00:40.842+0000] {processor.py:161} INFO - Started process (PID=3555) to work on /opt/airflow/dags/raw_to_staging_dag.py
[2025-05-11T06:00:40.844+0000] {processor.py:830} INFO - Processing file /opt/airflow/dags/raw_to_staging_dag.py for tasks to queue
[2025-05-11T06:00:40.845+0000] {logging_mixin.py:188} INFO - [2025-05-11T06:00:40.845+0000] {dagbag.py:538} INFO - Filling up the DagBag from /opt/airflow/dags/raw_to_staging_dag.py
[2025-05-11T06:00:40.864+0000] {logging_mixin.py:188} WARNING - /home/airflow/.local/lib/python3.8/site-packages/airflow/providers/common/sql/operators/sql.py:139 RemovedInAirflow3Warning: The 'task_concurrency' parameter is deprecated. Please use 'max_active_tis_per_dag'.
[2025-05-11T06:00:40.879+0000] {processor.py:840} INFO - DAG(s) 'raw_to_staging_dag' retrieved from /opt/airflow/dags/raw_to_staging_dag.py
[2025-05-11T06:00:40.905+0000] {logging_mixin.py:188} INFO - [2025-05-11T06:00:40.904+0000] {dag.py:3036} INFO - Sync 1 DAGs
[2025-05-11T06:00:40.931+0000] {processor.py:183} INFO - Processing /opt/airflow/dags/raw_to_staging_dag.py took 0.093 seconds
[2025-05-11T06:01:11.262+0000] {processor.py:161} INFO - Started process (PID=3560) to work on /opt/airflow/dags/raw_to_staging_dag.py
[2025-05-11T06:01:11.264+0000] {processor.py:830} INFO - Processing file /opt/airflow/dags/raw_to_staging_dag.py for tasks to queue
[2025-05-11T06:01:11.265+0000] {logging_mixin.py:188} INFO - [2025-05-11T06:01:11.264+0000] {dagbag.py:538} INFO - Filling up the DagBag from /opt/airflow/dags/raw_to_staging_dag.py
[2025-05-11T06:01:11.287+0000] {logging_mixin.py:188} WARNING - /home/airflow/.local/lib/python3.8/site-packages/airflow/providers/common/sql/operators/sql.py:139 RemovedInAirflow3Warning: The 'task_concurrency' parameter is deprecated. Please use 'max_active_tis_per_dag'.
[2025-05-11T06:01:11.301+0000] {processor.py:840} INFO - DAG(s) 'raw_to_staging_dag' retrieved from /opt/airflow/dags/raw_to_staging_dag.py
[2025-05-11T06:01:11.327+0000] {logging_mixin.py:188} INFO - [2025-05-11T06:01:11.326+0000] {dag.py:3036} INFO - Sync 1 DAGs
[2025-05-11T06:01:11.350+0000] {processor.py:183} INFO - Processing /opt/airflow/dags/raw_to_staging_dag.py took 0.093 seconds
[2025-05-11T06:01:41.614+0000] {processor.py:161} INFO - Started process (PID=3565) to work on /opt/airflow/dags/raw_to_staging_dag.py
[2025-05-11T06:01:41.616+0000] {processor.py:830} INFO - Processing file /opt/airflow/dags/raw_to_staging_dag.py for tasks to queue
[2025-05-11T06:01:41.617+0000] {logging_mixin.py:188} INFO - [2025-05-11T06:01:41.616+0000] {dagbag.py:538} INFO - Filling up the DagBag from /opt/airflow/dags/raw_to_staging_dag.py
[2025-05-11T06:01:41.635+0000] {logging_mixin.py:188} WARNING - /home/airflow/.local/lib/python3.8/site-packages/airflow/providers/common/sql/operators/sql.py:139 RemovedInAirflow3Warning: The 'task_concurrency' parameter is deprecated. Please use 'max_active_tis_per_dag'.
[2025-05-11T06:01:41.646+0000] {processor.py:840} INFO - DAG(s) 'raw_to_staging_dag' retrieved from /opt/airflow/dags/raw_to_staging_dag.py
[2025-05-11T06:01:41.673+0000] {logging_mixin.py:188} INFO - [2025-05-11T06:01:41.673+0000] {dag.py:3036} INFO - Sync 1 DAGs
[2025-05-11T06:01:41.701+0000] {processor.py:183} INFO - Processing /opt/airflow/dags/raw_to_staging_dag.py took 0.092 seconds
[2025-05-11T06:02:12.069+0000] {processor.py:161} INFO - Started process (PID=3570) to work on /opt/airflow/dags/raw_to_staging_dag.py
[2025-05-11T06:02:12.072+0000] {processor.py:830} INFO - Processing file /opt/airflow/dags/raw_to_staging_dag.py for tasks to queue
[2025-05-11T06:02:12.073+0000] {logging_mixin.py:188} INFO - [2025-05-11T06:02:12.072+0000] {dagbag.py:538} INFO - Filling up the DagBag from /opt/airflow/dags/raw_to_staging_dag.py
[2025-05-11T06:02:12.089+0000] {logging_mixin.py:188} WARNING - /home/airflow/.local/lib/python3.8/site-packages/airflow/providers/common/sql/operators/sql.py:139 RemovedInAirflow3Warning: The 'task_concurrency' parameter is deprecated. Please use 'max_active_tis_per_dag'.
[2025-05-11T06:02:12.105+0000] {processor.py:840} INFO - DAG(s) 'raw_to_staging_dag' retrieved from /opt/airflow/dags/raw_to_staging_dag.py
[2025-05-11T06:02:12.134+0000] {logging_mixin.py:188} INFO - [2025-05-11T06:02:12.133+0000] {dag.py:3036} INFO - Sync 1 DAGs
[2025-05-11T06:02:12.161+0000] {processor.py:183} INFO - Processing /opt/airflow/dags/raw_to_staging_dag.py took 0.101 seconds
[2025-05-11T06:02:50.529+0000] {processor.py:161} INFO - Started process (PID=166) to work on /opt/airflow/dags/raw_to_staging_dag.py
[2025-05-11T06:02:50.534+0000] {processor.py:830} INFO - Processing file /opt/airflow/dags/raw_to_staging_dag.py for tasks to queue
[2025-05-11T06:02:50.535+0000] {logging_mixin.py:188} INFO - [2025-05-11T06:02:50.534+0000] {dagbag.py:538} INFO - Filling up the DagBag from /opt/airflow/dags/raw_to_staging_dag.py
[2025-05-11T06:02:50.548+0000] {logging_mixin.py:188} WARNING - /home/airflow/.local/lib/python3.8/site-packages/airflow/providers/common/sql/operators/sql.py:139 RemovedInAirflow3Warning: The 'task_concurrency' parameter is deprecated. Please use 'max_active_tis_per_dag'.
[2025-05-11T06:02:50.562+0000] {processor.py:840} INFO - DAG(s) 'raw_to_staging_dag' retrieved from /opt/airflow/dags/raw_to_staging_dag.py
[2025-05-11T06:02:50.586+0000] {logging_mixin.py:188} INFO - [2025-05-11T06:02:50.586+0000] {dag.py:3036} INFO - Sync 1 DAGs
[2025-05-11T06:02:50.620+0000] {processor.py:183} INFO - Processing /opt/airflow/dags/raw_to_staging_dag.py took 0.096 seconds
[2025-05-11T06:03:20.975+0000] {processor.py:161} INFO - Started process (PID=172) to work on /opt/airflow/dags/raw_to_staging_dag.py
[2025-05-11T06:03:20.976+0000] {processor.py:830} INFO - Processing file /opt/airflow/dags/raw_to_staging_dag.py for tasks to queue
[2025-05-11T06:03:20.978+0000] {logging_mixin.py:188} INFO - [2025-05-11T06:03:20.976+0000] {dagbag.py:538} INFO - Filling up the DagBag from /opt/airflow/dags/raw_to_staging_dag.py
[2025-05-11T06:03:20.992+0000] {logging_mixin.py:188} WARNING - /home/airflow/.local/lib/python3.8/site-packages/airflow/providers/common/sql/operators/sql.py:139 RemovedInAirflow3Warning: The 'task_concurrency' parameter is deprecated. Please use 'max_active_tis_per_dag'.
[2025-05-11T06:03:21.004+0000] {processor.py:840} INFO - DAG(s) 'raw_to_staging_dag' retrieved from /opt/airflow/dags/raw_to_staging_dag.py
[2025-05-11T06:03:21.028+0000] {logging_mixin.py:188} INFO - [2025-05-11T06:03:21.028+0000] {dag.py:3036} INFO - Sync 1 DAGs
[2025-05-11T06:03:21.051+0000] {processor.py:183} INFO - Processing /opt/airflow/dags/raw_to_staging_dag.py took 0.080 seconds
[2025-05-11T06:03:51.365+0000] {processor.py:161} INFO - Started process (PID=177) to work on /opt/airflow/dags/raw_to_staging_dag.py
[2025-05-11T06:03:51.366+0000] {processor.py:830} INFO - Processing file /opt/airflow/dags/raw_to_staging_dag.py for tasks to queue
[2025-05-11T06:03:51.367+0000] {logging_mixin.py:188} INFO - [2025-05-11T06:03:51.366+0000] {dagbag.py:538} INFO - Filling up the DagBag from /opt/airflow/dags/raw_to_staging_dag.py
[2025-05-11T06:03:51.383+0000] {logging_mixin.py:188} WARNING - /home/airflow/.local/lib/python3.8/site-packages/airflow/providers/common/sql/operators/sql.py:139 RemovedInAirflow3Warning: The 'task_concurrency' parameter is deprecated. Please use 'max_active_tis_per_dag'.
[2025-05-11T06:03:51.397+0000] {processor.py:840} INFO - DAG(s) 'raw_to_staging_dag' retrieved from /opt/airflow/dags/raw_to_staging_dag.py
[2025-05-11T06:03:51.432+0000] {logging_mixin.py:188} INFO - [2025-05-11T06:03:51.432+0000] {dag.py:3036} INFO - Sync 1 DAGs
[2025-05-11T06:03:51.461+0000] {processor.py:183} INFO - Processing /opt/airflow/dags/raw_to_staging_dag.py took 0.100 seconds
[2025-05-11T06:04:21.730+0000] {processor.py:161} INFO - Started process (PID=190) to work on /opt/airflow/dags/raw_to_staging_dag.py
[2025-05-11T06:04:21.731+0000] {processor.py:830} INFO - Processing file /opt/airflow/dags/raw_to_staging_dag.py for tasks to queue
[2025-05-11T06:04:21.732+0000] {logging_mixin.py:188} INFO - [2025-05-11T06:04:21.732+0000] {dagbag.py:538} INFO - Filling up the DagBag from /opt/airflow/dags/raw_to_staging_dag.py
[2025-05-11T06:04:21.742+0000] {logging_mixin.py:188} WARNING - /home/airflow/.local/lib/python3.8/site-packages/airflow/providers/common/sql/operators/sql.py:139 RemovedInAirflow3Warning: The 'task_concurrency' parameter is deprecated. Please use 'max_active_tis_per_dag'.
[2025-05-11T06:04:21.751+0000] {processor.py:840} INFO - DAG(s) 'raw_to_staging_dag' retrieved from /opt/airflow/dags/raw_to_staging_dag.py
[2025-05-11T06:04:21.766+0000] {logging_mixin.py:188} INFO - [2025-05-11T06:04:21.766+0000] {dag.py:3036} INFO - Sync 1 DAGs
[2025-05-11T06:04:21.785+0000] {processor.py:183} INFO - Processing /opt/airflow/dags/raw_to_staging_dag.py took 0.059 seconds
[2025-05-11T06:04:52.432+0000] {processor.py:161} INFO - Started process (PID=343) to work on /opt/airflow/dags/raw_to_staging_dag.py
[2025-05-11T06:04:52.432+0000] {processor.py:830} INFO - Processing file /opt/airflow/dags/raw_to_staging_dag.py for tasks to queue
[2025-05-11T06:04:52.433+0000] {logging_mixin.py:188} INFO - [2025-05-11T06:04:52.433+0000] {dagbag.py:538} INFO - Filling up the DagBag from /opt/airflow/dags/raw_to_staging_dag.py
[2025-05-11T06:04:52.441+0000] {logging_mixin.py:188} WARNING - /home/airflow/.local/lib/python3.8/site-packages/airflow/providers/common/sql/operators/sql.py:139 RemovedInAirflow3Warning: The 'task_concurrency' parameter is deprecated. Please use 'max_active_tis_per_dag'.
[2025-05-11T06:04:52.448+0000] {processor.py:840} INFO - DAG(s) 'raw_to_staging_dag' retrieved from /opt/airflow/dags/raw_to_staging_dag.py
[2025-05-11T06:04:52.465+0000] {logging_mixin.py:188} INFO - [2025-05-11T06:04:52.465+0000] {dag.py:3036} INFO - Sync 1 DAGs
[2025-05-11T06:04:52.485+0000] {processor.py:183} INFO - Processing /opt/airflow/dags/raw_to_staging_dag.py took 0.056 seconds
[2025-05-11T06:05:22.873+0000] {processor.py:161} INFO - Started process (PID=354) to work on /opt/airflow/dags/raw_to_staging_dag.py
[2025-05-11T06:05:22.874+0000] {processor.py:830} INFO - Processing file /opt/airflow/dags/raw_to_staging_dag.py for tasks to queue
[2025-05-11T06:05:22.875+0000] {logging_mixin.py:188} INFO - [2025-05-11T06:05:22.875+0000] {dagbag.py:538} INFO - Filling up the DagBag from /opt/airflow/dags/raw_to_staging_dag.py
[2025-05-11T06:05:22.897+0000] {logging_mixin.py:188} WARNING - /home/airflow/.local/lib/python3.8/site-packages/airflow/providers/common/sql/operators/sql.py:139 RemovedInAirflow3Warning: The 'task_concurrency' parameter is deprecated. Please use 'max_active_tis_per_dag'.
[2025-05-11T06:05:22.910+0000] {processor.py:840} INFO - DAG(s) 'raw_to_staging_dag' retrieved from /opt/airflow/dags/raw_to_staging_dag.py
[2025-05-11T06:05:22.949+0000] {logging_mixin.py:188} INFO - [2025-05-11T06:05:22.949+0000] {dag.py:3036} INFO - Sync 1 DAGs
[2025-05-11T06:05:22.992+0000] {processor.py:183} INFO - Processing /opt/airflow/dags/raw_to_staging_dag.py took 0.123 seconds
[2025-05-11T06:05:53.301+0000] {processor.py:161} INFO - Started process (PID=359) to work on /opt/airflow/dags/raw_to_staging_dag.py
[2025-05-11T06:05:53.302+0000] {processor.py:830} INFO - Processing file /opt/airflow/dags/raw_to_staging_dag.py for tasks to queue
[2025-05-11T06:05:53.303+0000] {logging_mixin.py:188} INFO - [2025-05-11T06:05:53.303+0000] {dagbag.py:538} INFO - Filling up the DagBag from /opt/airflow/dags/raw_to_staging_dag.py
[2025-05-11T06:05:53.325+0000] {logging_mixin.py:188} WARNING - /home/airflow/.local/lib/python3.8/site-packages/airflow/providers/common/sql/operators/sql.py:139 RemovedInAirflow3Warning: The 'task_concurrency' parameter is deprecated. Please use 'max_active_tis_per_dag'.
[2025-05-11T06:05:53.340+0000] {processor.py:840} INFO - DAG(s) 'raw_to_staging_dag' retrieved from /opt/airflow/dags/raw_to_staging_dag.py
[2025-05-11T06:05:53.373+0000] {logging_mixin.py:188} INFO - [2025-05-11T06:05:53.373+0000] {dag.py:3036} INFO - Sync 1 DAGs
[2025-05-11T06:05:53.398+0000] {processor.py:183} INFO - Processing /opt/airflow/dags/raw_to_staging_dag.py took 0.106 seconds
[2025-05-11T06:06:23.666+0000] {processor.py:161} INFO - Started process (PID=364) to work on /opt/airflow/dags/raw_to_staging_dag.py
[2025-05-11T06:06:23.667+0000] {processor.py:830} INFO - Processing file /opt/airflow/dags/raw_to_staging_dag.py for tasks to queue
[2025-05-11T06:06:23.668+0000] {logging_mixin.py:188} INFO - [2025-05-11T06:06:23.667+0000] {dagbag.py:538} INFO - Filling up the DagBag from /opt/airflow/dags/raw_to_staging_dag.py
[2025-05-11T06:06:23.691+0000] {logging_mixin.py:188} WARNING - /home/airflow/.local/lib/python3.8/site-packages/airflow/providers/common/sql/operators/sql.py:139 RemovedInAirflow3Warning: The 'task_concurrency' parameter is deprecated. Please use 'max_active_tis_per_dag'.
[2025-05-11T06:06:23.706+0000] {processor.py:840} INFO - DAG(s) 'raw_to_staging_dag' retrieved from /opt/airflow/dags/raw_to_staging_dag.py
[2025-05-11T06:06:23.741+0000] {logging_mixin.py:188} INFO - [2025-05-11T06:06:23.741+0000] {dag.py:3036} INFO - Sync 1 DAGs
[2025-05-11T06:06:23.765+0000] {processor.py:183} INFO - Processing /opt/airflow/dags/raw_to_staging_dag.py took 0.110 seconds
[2025-05-11T06:06:54.078+0000] {processor.py:161} INFO - Started process (PID=369) to work on /opt/airflow/dags/raw_to_staging_dag.py
[2025-05-11T06:06:54.079+0000] {processor.py:830} INFO - Processing file /opt/airflow/dags/raw_to_staging_dag.py for tasks to queue
[2025-05-11T06:06:54.080+0000] {logging_mixin.py:188} INFO - [2025-05-11T06:06:54.079+0000] {dagbag.py:538} INFO - Filling up the DagBag from /opt/airflow/dags/raw_to_staging_dag.py
[2025-05-11T06:06:54.101+0000] {logging_mixin.py:188} WARNING - /home/airflow/.local/lib/python3.8/site-packages/airflow/providers/common/sql/operators/sql.py:139 RemovedInAirflow3Warning: The 'task_concurrency' parameter is deprecated. Please use 'max_active_tis_per_dag'.
[2025-05-11T06:06:54.120+0000] {processor.py:840} INFO - DAG(s) 'raw_to_staging_dag' retrieved from /opt/airflow/dags/raw_to_staging_dag.py
[2025-05-11T06:06:54.156+0000] {logging_mixin.py:188} INFO - [2025-05-11T06:06:54.156+0000] {dag.py:3036} INFO - Sync 1 DAGs
[2025-05-11T06:06:54.188+0000] {processor.py:183} INFO - Processing /opt/airflow/dags/raw_to_staging_dag.py took 0.117 seconds
[2025-05-11T06:07:24.446+0000] {processor.py:161} INFO - Started process (PID=374) to work on /opt/airflow/dags/raw_to_staging_dag.py
[2025-05-11T06:07:24.448+0000] {processor.py:830} INFO - Processing file /opt/airflow/dags/raw_to_staging_dag.py for tasks to queue
[2025-05-11T06:07:24.449+0000] {logging_mixin.py:188} INFO - [2025-05-11T06:07:24.448+0000] {dagbag.py:538} INFO - Filling up the DagBag from /opt/airflow/dags/raw_to_staging_dag.py
[2025-05-11T06:07:24.469+0000] {logging_mixin.py:188} WARNING - /home/airflow/.local/lib/python3.8/site-packages/airflow/providers/common/sql/operators/sql.py:139 RemovedInAirflow3Warning: The 'task_concurrency' parameter is deprecated. Please use 'max_active_tis_per_dag'.
[2025-05-11T06:07:24.488+0000] {processor.py:840} INFO - DAG(s) 'raw_to_staging_dag' retrieved from /opt/airflow/dags/raw_to_staging_dag.py
[2025-05-11T06:07:24.521+0000] {logging_mixin.py:188} INFO - [2025-05-11T06:07:24.521+0000] {dag.py:3036} INFO - Sync 1 DAGs
[2025-05-11T06:07:24.548+0000] {processor.py:183} INFO - Processing /opt/airflow/dags/raw_to_staging_dag.py took 0.110 seconds
[2025-05-11T06:07:54.860+0000] {processor.py:161} INFO - Started process (PID=379) to work on /opt/airflow/dags/raw_to_staging_dag.py
[2025-05-11T06:07:54.861+0000] {processor.py:830} INFO - Processing file /opt/airflow/dags/raw_to_staging_dag.py for tasks to queue
[2025-05-11T06:07:54.862+0000] {logging_mixin.py:188} INFO - [2025-05-11T06:07:54.862+0000] {dagbag.py:538} INFO - Filling up the DagBag from /opt/airflow/dags/raw_to_staging_dag.py
[2025-05-11T06:07:54.881+0000] {logging_mixin.py:188} WARNING - /home/airflow/.local/lib/python3.8/site-packages/airflow/providers/common/sql/operators/sql.py:139 RemovedInAirflow3Warning: The 'task_concurrency' parameter is deprecated. Please use 'max_active_tis_per_dag'.
[2025-05-11T06:07:54.896+0000] {processor.py:840} INFO - DAG(s) 'raw_to_staging_dag' retrieved from /opt/airflow/dags/raw_to_staging_dag.py
[2025-05-11T06:07:54.920+0000] {logging_mixin.py:188} INFO - [2025-05-11T06:07:54.920+0000] {dag.py:3036} INFO - Sync 1 DAGs
[2025-05-11T06:07:54.942+0000] {processor.py:183} INFO - Processing /opt/airflow/dags/raw_to_staging_dag.py took 0.091 seconds
[2025-05-11T06:08:25.269+0000] {processor.py:161} INFO - Started process (PID=384) to work on /opt/airflow/dags/raw_to_staging_dag.py
[2025-05-11T06:08:25.271+0000] {processor.py:830} INFO - Processing file /opt/airflow/dags/raw_to_staging_dag.py for tasks to queue
[2025-05-11T06:08:25.272+0000] {logging_mixin.py:188} INFO - [2025-05-11T06:08:25.271+0000] {dagbag.py:538} INFO - Filling up the DagBag from /opt/airflow/dags/raw_to_staging_dag.py
[2025-05-11T06:08:25.290+0000] {logging_mixin.py:188} WARNING - /home/airflow/.local/lib/python3.8/site-packages/airflow/providers/common/sql/operators/sql.py:139 RemovedInAirflow3Warning: The 'task_concurrency' parameter is deprecated. Please use 'max_active_tis_per_dag'.
[2025-05-11T06:08:25.303+0000] {processor.py:840} INFO - DAG(s) 'raw_to_staging_dag' retrieved from /opt/airflow/dags/raw_to_staging_dag.py
[2025-05-11T06:08:25.337+0000] {logging_mixin.py:188} INFO - [2025-05-11T06:08:25.337+0000] {dag.py:3036} INFO - Sync 1 DAGs
[2025-05-11T06:08:25.365+0000] {processor.py:183} INFO - Processing /opt/airflow/dags/raw_to_staging_dag.py took 0.113 seconds
[2025-05-11T06:08:55.677+0000] {processor.py:161} INFO - Started process (PID=389) to work on /opt/airflow/dags/raw_to_staging_dag.py
[2025-05-11T06:08:55.678+0000] {processor.py:830} INFO - Processing file /opt/airflow/dags/raw_to_staging_dag.py for tasks to queue
[2025-05-11T06:08:55.679+0000] {logging_mixin.py:188} INFO - [2025-05-11T06:08:55.679+0000] {dagbag.py:538} INFO - Filling up the DagBag from /opt/airflow/dags/raw_to_staging_dag.py
[2025-05-11T06:08:55.698+0000] {logging_mixin.py:188} WARNING - /home/airflow/.local/lib/python3.8/site-packages/airflow/providers/common/sql/operators/sql.py:139 RemovedInAirflow3Warning: The 'task_concurrency' parameter is deprecated. Please use 'max_active_tis_per_dag'.
[2025-05-11T06:08:55.714+0000] {processor.py:840} INFO - DAG(s) 'raw_to_staging_dag' retrieved from /opt/airflow/dags/raw_to_staging_dag.py
[2025-05-11T06:08:55.745+0000] {logging_mixin.py:188} INFO - [2025-05-11T06:08:55.745+0000] {dag.py:3036} INFO - Sync 1 DAGs
[2025-05-11T06:08:55.768+0000] {processor.py:183} INFO - Processing /opt/airflow/dags/raw_to_staging_dag.py took 0.097 seconds
[2025-05-11T06:09:26.117+0000] {processor.py:161} INFO - Started process (PID=402) to work on /opt/airflow/dags/raw_to_staging_dag.py
[2025-05-11T06:09:26.118+0000] {processor.py:830} INFO - Processing file /opt/airflow/dags/raw_to_staging_dag.py for tasks to queue
[2025-05-11T06:09:26.119+0000] {logging_mixin.py:188} INFO - [2025-05-11T06:09:26.119+0000] {dagbag.py:538} INFO - Filling up the DagBag from /opt/airflow/dags/raw_to_staging_dag.py
[2025-05-11T06:09:26.137+0000] {logging_mixin.py:188} WARNING - /home/airflow/.local/lib/python3.8/site-packages/airflow/providers/common/sql/operators/sql.py:139 RemovedInAirflow3Warning: The 'task_concurrency' parameter is deprecated. Please use 'max_active_tis_per_dag'.
[2025-05-11T06:09:26.148+0000] {processor.py:840} INFO - DAG(s) 'raw_to_staging_dag' retrieved from /opt/airflow/dags/raw_to_staging_dag.py
[2025-05-11T06:09:26.180+0000] {logging_mixin.py:188} INFO - [2025-05-11T06:09:26.180+0000] {dag.py:3036} INFO - Sync 1 DAGs
[2025-05-11T06:09:26.206+0000] {processor.py:183} INFO - Processing /opt/airflow/dags/raw_to_staging_dag.py took 0.096 seconds
[2025-05-11T06:09:56.945+0000] {processor.py:161} INFO - Started process (PID=611) to work on /opt/airflow/dags/raw_to_staging_dag.py
[2025-05-11T06:09:56.949+0000] {processor.py:830} INFO - Processing file /opt/airflow/dags/raw_to_staging_dag.py for tasks to queue
[2025-05-11T06:09:56.954+0000] {logging_mixin.py:188} INFO - [2025-05-11T06:09:56.953+0000] {dagbag.py:538} INFO - Filling up the DagBag from /opt/airflow/dags/raw_to_staging_dag.py
[2025-05-11T06:09:57.017+0000] {logging_mixin.py:188} WARNING - /home/airflow/.local/lib/python3.8/site-packages/airflow/providers/common/sql/operators/sql.py:139 RemovedInAirflow3Warning: The 'task_concurrency' parameter is deprecated. Please use 'max_active_tis_per_dag'.
[2025-05-11T06:09:57.058+0000] {processor.py:840} INFO - DAG(s) 'raw_to_staging_dag' retrieved from /opt/airflow/dags/raw_to_staging_dag.py
[2025-05-11T06:09:57.100+0000] {logging_mixin.py:188} INFO - [2025-05-11T06:09:57.100+0000] {dag.py:3036} INFO - Sync 1 DAGs
[2025-05-11T06:09:57.138+0000] {processor.py:183} INFO - Processing /opt/airflow/dags/raw_to_staging_dag.py took 0.200 seconds
[2025-05-11T06:10:27.568+0000] {processor.py:161} INFO - Started process (PID=634) to work on /opt/airflow/dags/raw_to_staging_dag.py
[2025-05-11T06:10:27.569+0000] {processor.py:830} INFO - Processing file /opt/airflow/dags/raw_to_staging_dag.py for tasks to queue
[2025-05-11T06:10:27.571+0000] {logging_mixin.py:188} INFO - [2025-05-11T06:10:27.570+0000] {dagbag.py:538} INFO - Filling up the DagBag from /opt/airflow/dags/raw_to_staging_dag.py
[2025-05-11T06:10:27.594+0000] {logging_mixin.py:188} WARNING - /home/airflow/.local/lib/python3.8/site-packages/airflow/providers/common/sql/operators/sql.py:139 RemovedInAirflow3Warning: The 'task_concurrency' parameter is deprecated. Please use 'max_active_tis_per_dag'.
[2025-05-11T06:10:27.612+0000] {processor.py:840} INFO - DAG(s) 'raw_to_staging_dag' retrieved from /opt/airflow/dags/raw_to_staging_dag.py
[2025-05-11T06:10:27.649+0000] {logging_mixin.py:188} INFO - [2025-05-11T06:10:27.648+0000] {dag.py:3036} INFO - Sync 1 DAGs
[2025-05-11T06:10:27.677+0000] {processor.py:183} INFO - Processing /opt/airflow/dags/raw_to_staging_dag.py took 0.117 seconds
[2025-05-11T06:10:58.172+0000] {processor.py:161} INFO - Started process (PID=639) to work on /opt/airflow/dags/raw_to_staging_dag.py
[2025-05-11T06:10:58.173+0000] {processor.py:830} INFO - Processing file /opt/airflow/dags/raw_to_staging_dag.py for tasks to queue
[2025-05-11T06:10:58.175+0000] {logging_mixin.py:188} INFO - [2025-05-11T06:10:58.174+0000] {dagbag.py:538} INFO - Filling up the DagBag from /opt/airflow/dags/raw_to_staging_dag.py
[2025-05-11T06:10:58.193+0000] {logging_mixin.py:188} WARNING - /home/airflow/.local/lib/python3.8/site-packages/airflow/providers/common/sql/operators/sql.py:139 RemovedInAirflow3Warning: The 'task_concurrency' parameter is deprecated. Please use 'max_active_tis_per_dag'.
[2025-05-11T06:10:58.211+0000] {processor.py:840} INFO - DAG(s) 'raw_to_staging_dag' retrieved from /opt/airflow/dags/raw_to_staging_dag.py
[2025-05-11T06:10:58.256+0000] {logging_mixin.py:188} INFO - [2025-05-11T06:10:58.256+0000] {dag.py:3036} INFO - Sync 1 DAGs
[2025-05-11T06:10:58.287+0000] {processor.py:183} INFO - Processing /opt/airflow/dags/raw_to_staging_dag.py took 0.125 seconds
[2025-05-11T06:11:28.469+0000] {processor.py:161} INFO - Started process (PID=644) to work on /opt/airflow/dags/raw_to_staging_dag.py
[2025-05-11T06:11:28.470+0000] {processor.py:830} INFO - Processing file /opt/airflow/dags/raw_to_staging_dag.py for tasks to queue
[2025-05-11T06:11:28.472+0000] {logging_mixin.py:188} INFO - [2025-05-11T06:11:28.471+0000] {dagbag.py:538} INFO - Filling up the DagBag from /opt/airflow/dags/raw_to_staging_dag.py
[2025-05-11T06:11:28.499+0000] {logging_mixin.py:188} WARNING - /home/airflow/.local/lib/python3.8/site-packages/airflow/providers/common/sql/operators/sql.py:139 RemovedInAirflow3Warning: The 'task_concurrency' parameter is deprecated. Please use 'max_active_tis_per_dag'.
[2025-05-11T06:11:28.528+0000] {processor.py:840} INFO - DAG(s) 'raw_to_staging_dag' retrieved from /opt/airflow/dags/raw_to_staging_dag.py
[2025-05-11T06:11:28.571+0000] {logging_mixin.py:188} INFO - [2025-05-11T06:11:28.571+0000] {dag.py:3036} INFO - Sync 1 DAGs
[2025-05-11T06:11:28.601+0000] {processor.py:183} INFO - Processing /opt/airflow/dags/raw_to_staging_dag.py took 0.143 seconds
[2025-05-11T06:11:55.877+0000] {processor.py:161} INFO - Started process (PID=649) to work on /opt/airflow/dags/raw_to_staging_dag.py
[2025-05-11T06:11:55.880+0000] {processor.py:830} INFO - Processing file /opt/airflow/dags/raw_to_staging_dag.py for tasks to queue
[2025-05-11T06:11:55.881+0000] {logging_mixin.py:188} INFO - [2025-05-11T06:11:55.881+0000] {dagbag.py:538} INFO - Filling up the DagBag from /opt/airflow/dags/raw_to_staging_dag.py
[2025-05-11T06:11:55.905+0000] {logging_mixin.py:188} WARNING - /home/airflow/.local/lib/python3.8/site-packages/airflow/providers/common/sql/operators/sql.py:139 RemovedInAirflow3Warning: The 'task_concurrency' parameter is deprecated. Please use 'max_active_tis_per_dag'.
[2025-05-11T06:11:55.918+0000] {processor.py:840} INFO - DAG(s) 'raw_to_staging_dag' retrieved from /opt/airflow/dags/raw_to_staging_dag.py
[2025-05-11T06:11:55.958+0000] {logging_mixin.py:188} INFO - [2025-05-11T06:11:55.957+0000] {dag.py:3036} INFO - Sync 1 DAGs
[2025-05-11T06:11:56.046+0000] {processor.py:183} INFO - Processing /opt/airflow/dags/raw_to_staging_dag.py took 0.177 seconds
[2025-05-11T06:12:26.315+0000] {processor.py:161} INFO - Started process (PID=654) to work on /opt/airflow/dags/raw_to_staging_dag.py
[2025-05-11T06:12:26.317+0000] {processor.py:830} INFO - Processing file /opt/airflow/dags/raw_to_staging_dag.py for tasks to queue
[2025-05-11T06:12:26.321+0000] {logging_mixin.py:188} INFO - [2025-05-11T06:12:26.318+0000] {dagbag.py:538} INFO - Filling up the DagBag from /opt/airflow/dags/raw_to_staging_dag.py
[2025-05-11T06:12:26.349+0000] {logging_mixin.py:188} WARNING - /home/airflow/.local/lib/python3.8/site-packages/airflow/providers/common/sql/operators/sql.py:139 RemovedInAirflow3Warning: The 'task_concurrency' parameter is deprecated. Please use 'max_active_tis_per_dag'.
[2025-05-11T06:12:26.367+0000] {processor.py:840} INFO - DAG(s) 'raw_to_staging_dag' retrieved from /opt/airflow/dags/raw_to_staging_dag.py
[2025-05-11T06:12:26.407+0000] {logging_mixin.py:188} INFO - [2025-05-11T06:12:26.407+0000] {dag.py:3036} INFO - Sync 1 DAGs
[2025-05-11T06:12:26.444+0000] {processor.py:183} INFO - Processing /opt/airflow/dags/raw_to_staging_dag.py took 0.135 seconds
[2025-05-11T06:12:56.735+0000] {processor.py:161} INFO - Started process (PID=659) to work on /opt/airflow/dags/raw_to_staging_dag.py
[2025-05-11T06:12:56.738+0000] {processor.py:830} INFO - Processing file /opt/airflow/dags/raw_to_staging_dag.py for tasks to queue
[2025-05-11T06:12:56.739+0000] {logging_mixin.py:188} INFO - [2025-05-11T06:12:56.738+0000] {dagbag.py:538} INFO - Filling up the DagBag from /opt/airflow/dags/raw_to_staging_dag.py
[2025-05-11T06:12:56.763+0000] {logging_mixin.py:188} WARNING - /home/airflow/.local/lib/python3.8/site-packages/airflow/providers/common/sql/operators/sql.py:139 RemovedInAirflow3Warning: The 'task_concurrency' parameter is deprecated. Please use 'max_active_tis_per_dag'.
[2025-05-11T06:12:56.779+0000] {processor.py:840} INFO - DAG(s) 'raw_to_staging_dag' retrieved from /opt/airflow/dags/raw_to_staging_dag.py
[2025-05-11T06:12:56.818+0000] {logging_mixin.py:188} INFO - [2025-05-11T06:12:56.818+0000] {dag.py:3036} INFO - Sync 1 DAGs
[2025-05-11T06:12:56.851+0000] {processor.py:183} INFO - Processing /opt/airflow/dags/raw_to_staging_dag.py took 0.124 seconds
[2025-05-11T06:13:27.087+0000] {processor.py:161} INFO - Started process (PID=664) to work on /opt/airflow/dags/raw_to_staging_dag.py
[2025-05-11T06:13:27.089+0000] {processor.py:830} INFO - Processing file /opt/airflow/dags/raw_to_staging_dag.py for tasks to queue
[2025-05-11T06:13:27.090+0000] {logging_mixin.py:188} INFO - [2025-05-11T06:13:27.089+0000] {dagbag.py:538} INFO - Filling up the DagBag from /opt/airflow/dags/raw_to_staging_dag.py
[2025-05-11T06:13:27.118+0000] {logging_mixin.py:188} WARNING - /home/airflow/.local/lib/python3.8/site-packages/airflow/providers/common/sql/operators/sql.py:139 RemovedInAirflow3Warning: The 'task_concurrency' parameter is deprecated. Please use 'max_active_tis_per_dag'.
[2025-05-11T06:13:27.133+0000] {processor.py:840} INFO - DAG(s) 'raw_to_staging_dag' retrieved from /opt/airflow/dags/raw_to_staging_dag.py
[2025-05-11T06:13:27.167+0000] {logging_mixin.py:188} INFO - [2025-05-11T06:13:27.167+0000] {dag.py:3036} INFO - Sync 1 DAGs
[2025-05-11T06:13:27.197+0000] {processor.py:183} INFO - Processing /opt/airflow/dags/raw_to_staging_dag.py took 0.122 seconds
[2025-05-11T06:13:57.458+0000] {processor.py:161} INFO - Started process (PID=669) to work on /opt/airflow/dags/raw_to_staging_dag.py
[2025-05-11T06:13:57.461+0000] {processor.py:830} INFO - Processing file /opt/airflow/dags/raw_to_staging_dag.py for tasks to queue
[2025-05-11T06:13:57.462+0000] {logging_mixin.py:188} INFO - [2025-05-11T06:13:57.461+0000] {dagbag.py:538} INFO - Filling up the DagBag from /opt/airflow/dags/raw_to_staging_dag.py
[2025-05-11T06:13:57.484+0000] {logging_mixin.py:188} WARNING - /home/airflow/.local/lib/python3.8/site-packages/airflow/providers/common/sql/operators/sql.py:139 RemovedInAirflow3Warning: The 'task_concurrency' parameter is deprecated. Please use 'max_active_tis_per_dag'.
[2025-05-11T06:13:57.499+0000] {processor.py:840} INFO - DAG(s) 'raw_to_staging_dag' retrieved from /opt/airflow/dags/raw_to_staging_dag.py
[2025-05-11T06:13:57.539+0000] {logging_mixin.py:188} INFO - [2025-05-11T06:13:57.539+0000] {dag.py:3036} INFO - Sync 1 DAGs
[2025-05-11T06:13:57.566+0000] {processor.py:183} INFO - Processing /opt/airflow/dags/raw_to_staging_dag.py took 0.115 seconds
[2025-05-11T06:14:27.912+0000] {processor.py:161} INFO - Started process (PID=674) to work on /opt/airflow/dags/raw_to_staging_dag.py
[2025-05-11T06:14:27.914+0000] {processor.py:830} INFO - Processing file /opt/airflow/dags/raw_to_staging_dag.py for tasks to queue
[2025-05-11T06:14:27.918+0000] {logging_mixin.py:188} INFO - [2025-05-11T06:14:27.916+0000] {dagbag.py:538} INFO - Filling up the DagBag from /opt/airflow/dags/raw_to_staging_dag.py
[2025-05-11T06:14:27.943+0000] {logging_mixin.py:188} WARNING - /home/airflow/.local/lib/python3.8/site-packages/airflow/providers/common/sql/operators/sql.py:139 RemovedInAirflow3Warning: The 'task_concurrency' parameter is deprecated. Please use 'max_active_tis_per_dag'.
[2025-05-11T06:14:27.961+0000] {processor.py:840} INFO - DAG(s) 'raw_to_staging_dag' retrieved from /opt/airflow/dags/raw_to_staging_dag.py
[2025-05-11T06:14:27.996+0000] {logging_mixin.py:188} INFO - [2025-05-11T06:14:27.996+0000] {dag.py:3036} INFO - Sync 1 DAGs
[2025-05-11T06:14:28.025+0000] {processor.py:183} INFO - Processing /opt/airflow/dags/raw_to_staging_dag.py took 0.120 seconds
[2025-05-11T06:14:59.035+0000] {processor.py:161} INFO - Started process (PID=821) to work on /opt/airflow/dags/raw_to_staging_dag.py
[2025-05-11T06:14:59.039+0000] {processor.py:830} INFO - Processing file /opt/airflow/dags/raw_to_staging_dag.py for tasks to queue
[2025-05-11T06:14:59.041+0000] {logging_mixin.py:188} INFO - [2025-05-11T06:14:59.040+0000] {dagbag.py:538} INFO - Filling up the DagBag from /opt/airflow/dags/raw_to_staging_dag.py
[2025-05-11T06:14:59.092+0000] {logging_mixin.py:188} WARNING - /home/airflow/.local/lib/python3.8/site-packages/airflow/providers/common/sql/operators/sql.py:139 RemovedInAirflow3Warning: The 'task_concurrency' parameter is deprecated. Please use 'max_active_tis_per_dag'.
[2025-05-11T06:14:59.117+0000] {processor.py:840} INFO - DAG(s) 'raw_to_staging_dag' retrieved from /opt/airflow/dags/raw_to_staging_dag.py
[2025-05-11T06:14:59.185+0000] {logging_mixin.py:188} INFO - [2025-05-11T06:14:59.185+0000] {dag.py:3036} INFO - Sync 1 DAGs
[2025-05-11T06:14:59.250+0000] {logging_mixin.py:188} INFO - [2025-05-11T06:14:59.249+0000] {dag.py:3823} INFO - Setting next_dagrun for raw_to_staging_dag to 2025-03-26 00:00:00+00:00, run_after=2025-03-27 00:00:00+00:00
[2025-05-11T06:14:59.298+0000] {processor.py:183} INFO - Processing /opt/airflow/dags/raw_to_staging_dag.py took 0.276 seconds
[2025-05-11T06:15:29.686+0000] {processor.py:161} INFO - Started process (PID=914) to work on /opt/airflow/dags/raw_to_staging_dag.py
[2025-05-11T06:15:29.692+0000] {processor.py:830} INFO - Processing file /opt/airflow/dags/raw_to_staging_dag.py for tasks to queue
[2025-05-11T06:15:29.693+0000] {logging_mixin.py:188} INFO - [2025-05-11T06:15:29.693+0000] {dagbag.py:538} INFO - Filling up the DagBag from /opt/airflow/dags/raw_to_staging_dag.py
[2025-05-11T06:15:29.720+0000] {logging_mixin.py:188} WARNING - /home/airflow/.local/lib/python3.8/site-packages/airflow/providers/common/sql/operators/sql.py:139 RemovedInAirflow3Warning: The 'task_concurrency' parameter is deprecated. Please use 'max_active_tis_per_dag'.
[2025-05-11T06:15:29.736+0000] {processor.py:840} INFO - DAG(s) 'raw_to_staging_dag' retrieved from /opt/airflow/dags/raw_to_staging_dag.py
[2025-05-11T06:15:29.902+0000] {logging_mixin.py:188} INFO - [2025-05-11T06:15:29.902+0000] {dag.py:3036} INFO - Sync 1 DAGs
[2025-05-11T06:15:29.913+0000] {logging_mixin.py:188} INFO - [2025-05-11T06:15:29.912+0000] {dag.py:3058} INFO - Creating ORM DAG for raw_to_staging_dag
[2025-05-11T06:15:29.921+0000] {logging_mixin.py:188} INFO - [2025-05-11T06:15:29.921+0000] {dag.py:3823} INFO - Setting next_dagrun for raw_to_staging_dag to 2025-01-01 00:00:00+00:00, run_after=2025-01-02 00:00:00+00:00
[2025-05-11T06:15:29.933+0000] {processor.py:183} INFO - Processing /opt/airflow/dags/raw_to_staging_dag.py took 0.280 seconds
[2025-05-11T06:16:00.071+0000] {processor.py:161} INFO - Started process (PID=919) to work on /opt/airflow/dags/raw_to_staging_dag.py
[2025-05-11T06:16:00.074+0000] {processor.py:830} INFO - Processing file /opt/airflow/dags/raw_to_staging_dag.py for tasks to queue
[2025-05-11T06:16:00.075+0000] {logging_mixin.py:188} INFO - [2025-05-11T06:16:00.075+0000] {dagbag.py:538} INFO - Filling up the DagBag from /opt/airflow/dags/raw_to_staging_dag.py
[2025-05-11T06:16:00.098+0000] {logging_mixin.py:188} WARNING - /home/airflow/.local/lib/python3.8/site-packages/airflow/providers/common/sql/operators/sql.py:139 RemovedInAirflow3Warning: The 'task_concurrency' parameter is deprecated. Please use 'max_active_tis_per_dag'.
[2025-05-11T06:16:00.116+0000] {processor.py:840} INFO - DAG(s) 'raw_to_staging_dag' retrieved from /opt/airflow/dags/raw_to_staging_dag.py
[2025-05-11T06:16:00.156+0000] {logging_mixin.py:188} INFO - [2025-05-11T06:16:00.156+0000] {dag.py:3036} INFO - Sync 1 DAGs
[2025-05-11T06:16:00.179+0000] {logging_mixin.py:188} INFO - [2025-05-11T06:16:00.179+0000] {dag.py:3823} INFO - Setting next_dagrun for raw_to_staging_dag to 2025-01-01 00:00:00+00:00, run_after=2025-01-02 00:00:00+00:00
[2025-05-11T06:16:00.190+0000] {processor.py:183} INFO - Processing /opt/airflow/dags/raw_to_staging_dag.py took 0.132 seconds
[2025-05-11T06:16:30.463+0000] {processor.py:161} INFO - Started process (PID=924) to work on /opt/airflow/dags/raw_to_staging_dag.py
[2025-05-11T06:16:30.466+0000] {processor.py:830} INFO - Processing file /opt/airflow/dags/raw_to_staging_dag.py for tasks to queue
[2025-05-11T06:16:30.467+0000] {logging_mixin.py:188} INFO - [2025-05-11T06:16:30.467+0000] {dagbag.py:538} INFO - Filling up the DagBag from /opt/airflow/dags/raw_to_staging_dag.py
[2025-05-11T06:16:30.490+0000] {logging_mixin.py:188} WARNING - /home/airflow/.local/lib/python3.8/site-packages/airflow/providers/common/sql/operators/sql.py:139 RemovedInAirflow3Warning: The 'task_concurrency' parameter is deprecated. Please use 'max_active_tis_per_dag'.
[2025-05-11T06:16:30.508+0000] {processor.py:840} INFO - DAG(s) 'raw_to_staging_dag' retrieved from /opt/airflow/dags/raw_to_staging_dag.py
[2025-05-11T06:16:30.543+0000] {logging_mixin.py:188} INFO - [2025-05-11T06:16:30.543+0000] {dag.py:3036} INFO - Sync 1 DAGs
[2025-05-11T06:16:30.564+0000] {logging_mixin.py:188} INFO - [2025-05-11T06:16:30.564+0000] {dag.py:3823} INFO - Setting next_dagrun for raw_to_staging_dag to 2025-01-01 00:00:00+00:00, run_after=2025-01-02 00:00:00+00:00
[2025-05-11T06:16:30.578+0000] {processor.py:183} INFO - Processing /opt/airflow/dags/raw_to_staging_dag.py took 0.123 seconds
[2025-05-11T06:17:00.915+0000] {processor.py:161} INFO - Started process (PID=929) to work on /opt/airflow/dags/raw_to_staging_dag.py
[2025-05-11T06:17:00.918+0000] {processor.py:830} INFO - Processing file /opt/airflow/dags/raw_to_staging_dag.py for tasks to queue
[2025-05-11T06:17:00.918+0000] {logging_mixin.py:188} INFO - [2025-05-11T06:17:00.918+0000] {dagbag.py:538} INFO - Filling up the DagBag from /opt/airflow/dags/raw_to_staging_dag.py
[2025-05-11T06:17:00.947+0000] {logging_mixin.py:188} WARNING - /home/airflow/.local/lib/python3.8/site-packages/airflow/providers/common/sql/operators/sql.py:139 RemovedInAirflow3Warning: The 'task_concurrency' parameter is deprecated. Please use 'max_active_tis_per_dag'.
[2025-05-11T06:17:00.961+0000] {processor.py:840} INFO - DAG(s) 'raw_to_staging_dag' retrieved from /opt/airflow/dags/raw_to_staging_dag.py
[2025-05-11T06:17:00.999+0000] {logging_mixin.py:188} INFO - [2025-05-11T06:17:00.999+0000] {dag.py:3036} INFO - Sync 1 DAGs
[2025-05-11T06:17:01.019+0000] {logging_mixin.py:188} INFO - [2025-05-11T06:17:01.018+0000] {dag.py:3823} INFO - Setting next_dagrun for raw_to_staging_dag to 2025-01-01 00:00:00+00:00, run_after=2025-01-02 00:00:00+00:00
[2025-05-11T06:17:01.033+0000] {processor.py:183} INFO - Processing /opt/airflow/dags/raw_to_staging_dag.py took 0.130 seconds
[2025-05-11T06:17:31.341+0000] {processor.py:161} INFO - Started process (PID=934) to work on /opt/airflow/dags/raw_to_staging_dag.py
[2025-05-11T06:17:31.343+0000] {processor.py:830} INFO - Processing file /opt/airflow/dags/raw_to_staging_dag.py for tasks to queue
[2025-05-11T06:17:31.344+0000] {logging_mixin.py:188} INFO - [2025-05-11T06:17:31.344+0000] {dagbag.py:538} INFO - Filling up the DagBag from /opt/airflow/dags/raw_to_staging_dag.py
[2025-05-11T06:17:31.371+0000] {logging_mixin.py:188} WARNING - /home/airflow/.local/lib/python3.8/site-packages/airflow/providers/common/sql/operators/sql.py:139 RemovedInAirflow3Warning: The 'task_concurrency' parameter is deprecated. Please use 'max_active_tis_per_dag'.
[2025-05-11T06:17:31.388+0000] {processor.py:840} INFO - DAG(s) 'raw_to_staging_dag' retrieved from /opt/airflow/dags/raw_to_staging_dag.py
[2025-05-11T06:17:31.419+0000] {logging_mixin.py:188} INFO - [2025-05-11T06:17:31.419+0000] {dag.py:3036} INFO - Sync 1 DAGs
[2025-05-11T06:17:31.436+0000] {logging_mixin.py:188} INFO - [2025-05-11T06:17:31.436+0000] {dag.py:3823} INFO - Setting next_dagrun for raw_to_staging_dag to 2025-01-01 00:00:00+00:00, run_after=2025-01-02 00:00:00+00:00
[2025-05-11T06:17:31.446+0000] {processor.py:183} INFO - Processing /opt/airflow/dags/raw_to_staging_dag.py took 0.115 seconds
[2025-05-11T06:18:01.758+0000] {processor.py:161} INFO - Started process (PID=939) to work on /opt/airflow/dags/raw_to_staging_dag.py
[2025-05-11T06:18:01.762+0000] {processor.py:830} INFO - Processing file /opt/airflow/dags/raw_to_staging_dag.py for tasks to queue
[2025-05-11T06:18:01.763+0000] {logging_mixin.py:188} INFO - [2025-05-11T06:18:01.763+0000] {dagbag.py:538} INFO - Filling up the DagBag from /opt/airflow/dags/raw_to_staging_dag.py
[2025-05-11T06:18:01.782+0000] {logging_mixin.py:188} WARNING - /home/airflow/.local/lib/python3.8/site-packages/airflow/providers/common/sql/operators/sql.py:139 RemovedInAirflow3Warning: The 'task_concurrency' parameter is deprecated. Please use 'max_active_tis_per_dag'.
[2025-05-11T06:18:01.800+0000] {processor.py:840} INFO - DAG(s) 'raw_to_staging_dag' retrieved from /opt/airflow/dags/raw_to_staging_dag.py
[2025-05-11T06:18:01.835+0000] {logging_mixin.py:188} INFO - [2025-05-11T06:18:01.835+0000] {dag.py:3036} INFO - Sync 1 DAGs
[2025-05-11T06:18:01.855+0000] {logging_mixin.py:188} INFO - [2025-05-11T06:18:01.855+0000] {dag.py:3823} INFO - Setting next_dagrun for raw_to_staging_dag to 2025-01-01 00:00:00+00:00, run_after=2025-01-02 00:00:00+00:00
[2025-05-11T06:18:01.865+0000] {processor.py:183} INFO - Processing /opt/airflow/dags/raw_to_staging_dag.py took 0.117 seconds
[2025-05-11T06:18:32.148+0000] {processor.py:161} INFO - Started process (PID=944) to work on /opt/airflow/dags/raw_to_staging_dag.py
[2025-05-11T06:18:32.150+0000] {processor.py:830} INFO - Processing file /opt/airflow/dags/raw_to_staging_dag.py for tasks to queue
[2025-05-11T06:18:32.151+0000] {logging_mixin.py:188} INFO - [2025-05-11T06:18:32.151+0000] {dagbag.py:538} INFO - Filling up the DagBag from /opt/airflow/dags/raw_to_staging_dag.py
[2025-05-11T06:18:32.176+0000] {logging_mixin.py:188} WARNING - /home/airflow/.local/lib/python3.8/site-packages/airflow/providers/common/sql/operators/sql.py:139 RemovedInAirflow3Warning: The 'task_concurrency' parameter is deprecated. Please use 'max_active_tis_per_dag'.
[2025-05-11T06:18:32.191+0000] {processor.py:840} INFO - DAG(s) 'raw_to_staging_dag' retrieved from /opt/airflow/dags/raw_to_staging_dag.py
[2025-05-11T06:18:32.228+0000] {logging_mixin.py:188} INFO - [2025-05-11T06:18:32.228+0000] {dag.py:3036} INFO - Sync 1 DAGs
[2025-05-11T06:18:32.250+0000] {logging_mixin.py:188} INFO - [2025-05-11T06:18:32.250+0000] {dag.py:3823} INFO - Setting next_dagrun for raw_to_staging_dag to 2025-01-01 00:00:00+00:00, run_after=2025-01-02 00:00:00+00:00
[2025-05-11T06:18:32.264+0000] {processor.py:183} INFO - Processing /opt/airflow/dags/raw_to_staging_dag.py took 0.130 seconds
[2025-05-11T06:19:02.486+0000] {processor.py:161} INFO - Started process (PID=949) to work on /opt/airflow/dags/raw_to_staging_dag.py
[2025-05-11T06:19:02.489+0000] {processor.py:830} INFO - Processing file /opt/airflow/dags/raw_to_staging_dag.py for tasks to queue
[2025-05-11T06:19:02.490+0000] {logging_mixin.py:188} INFO - [2025-05-11T06:19:02.490+0000] {dagbag.py:538} INFO - Filling up the DagBag from /opt/airflow/dags/raw_to_staging_dag.py
[2025-05-11T06:19:02.512+0000] {logging_mixin.py:188} WARNING - /home/airflow/.local/lib/python3.8/site-packages/airflow/providers/common/sql/operators/sql.py:139 RemovedInAirflow3Warning: The 'task_concurrency' parameter is deprecated. Please use 'max_active_tis_per_dag'.
[2025-05-11T06:19:02.530+0000] {processor.py:840} INFO - DAG(s) 'raw_to_staging_dag' retrieved from /opt/airflow/dags/raw_to_staging_dag.py
[2025-05-11T06:19:02.566+0000] {logging_mixin.py:188} INFO - [2025-05-11T06:19:02.566+0000] {dag.py:3036} INFO - Sync 1 DAGs
[2025-05-11T06:19:02.584+0000] {logging_mixin.py:188} INFO - [2025-05-11T06:19:02.583+0000] {dag.py:3823} INFO - Setting next_dagrun for raw_to_staging_dag to 2025-01-01 00:00:00+00:00, run_after=2025-01-02 00:00:00+00:00
[2025-05-11T06:19:02.594+0000] {processor.py:183} INFO - Processing /opt/airflow/dags/raw_to_staging_dag.py took 0.115 seconds
[2025-05-11T06:19:32.911+0000] {processor.py:161} INFO - Started process (PID=954) to work on /opt/airflow/dags/raw_to_staging_dag.py
[2025-05-11T06:19:32.913+0000] {processor.py:830} INFO - Processing file /opt/airflow/dags/raw_to_staging_dag.py for tasks to queue
[2025-05-11T06:19:32.914+0000] {logging_mixin.py:188} INFO - [2025-05-11T06:19:32.913+0000] {dagbag.py:538} INFO - Filling up the DagBag from /opt/airflow/dags/raw_to_staging_dag.py
[2025-05-11T06:19:32.933+0000] {logging_mixin.py:188} WARNING - /home/airflow/.local/lib/python3.8/site-packages/airflow/providers/common/sql/operators/sql.py:139 RemovedInAirflow3Warning: The 'task_concurrency' parameter is deprecated. Please use 'max_active_tis_per_dag'.
[2025-05-11T06:19:32.943+0000] {processor.py:840} INFO - DAG(s) 'raw_to_staging_dag' retrieved from /opt/airflow/dags/raw_to_staging_dag.py
[2025-05-11T06:19:32.970+0000] {logging_mixin.py:188} INFO - [2025-05-11T06:19:32.970+0000] {dag.py:3036} INFO - Sync 1 DAGs
[2025-05-11T06:19:32.989+0000] {logging_mixin.py:188} INFO - [2025-05-11T06:19:32.989+0000] {dag.py:3823} INFO - Setting next_dagrun for raw_to_staging_dag to 2025-01-01 00:00:00+00:00, run_after=2025-01-02 00:00:00+00:00
[2025-05-11T06:19:32.998+0000] {processor.py:183} INFO - Processing /opt/airflow/dags/raw_to_staging_dag.py took 0.091 seconds
[2025-05-11T06:20:03.331+0000] {processor.py:161} INFO - Started process (PID=959) to work on /opt/airflow/dags/raw_to_staging_dag.py
[2025-05-11T06:20:03.334+0000] {processor.py:830} INFO - Processing file /opt/airflow/dags/raw_to_staging_dag.py for tasks to queue
[2025-05-11T06:20:03.338+0000] {logging_mixin.py:188} INFO - [2025-05-11T06:20:03.335+0000] {dagbag.py:538} INFO - Filling up the DagBag from /opt/airflow/dags/raw_to_staging_dag.py
[2025-05-11T06:20:03.370+0000] {logging_mixin.py:188} WARNING - /home/airflow/.local/lib/python3.8/site-packages/airflow/providers/common/sql/operators/sql.py:139 RemovedInAirflow3Warning: The 'task_concurrency' parameter is deprecated. Please use 'max_active_tis_per_dag'.
[2025-05-11T06:20:03.387+0000] {processor.py:840} INFO - DAG(s) 'raw_to_staging_dag' retrieved from /opt/airflow/dags/raw_to_staging_dag.py
[2025-05-11T06:20:03.428+0000] {logging_mixin.py:188} INFO - [2025-05-11T06:20:03.428+0000] {dag.py:3036} INFO - Sync 1 DAGs
[2025-05-11T06:20:03.446+0000] {logging_mixin.py:188} INFO - [2025-05-11T06:20:03.446+0000] {dag.py:3823} INFO - Setting next_dagrun for raw_to_staging_dag to 2025-01-01 00:00:00+00:00, run_after=2025-01-02 00:00:00+00:00
[2025-05-11T06:20:03.459+0000] {processor.py:183} INFO - Processing /opt/airflow/dags/raw_to_staging_dag.py took 0.136 seconds
[2025-05-11T06:20:33.695+0000] {processor.py:161} INFO - Started process (PID=964) to work on /opt/airflow/dags/raw_to_staging_dag.py
[2025-05-11T06:20:33.697+0000] {processor.py:830} INFO - Processing file /opt/airflow/dags/raw_to_staging_dag.py for tasks to queue
[2025-05-11T06:20:33.698+0000] {logging_mixin.py:188} INFO - [2025-05-11T06:20:33.698+0000] {dagbag.py:538} INFO - Filling up the DagBag from /opt/airflow/dags/raw_to_staging_dag.py
[2025-05-11T06:20:33.726+0000] {logging_mixin.py:188} WARNING - /home/airflow/.local/lib/python3.8/site-packages/airflow/providers/common/sql/operators/sql.py:139 RemovedInAirflow3Warning: The 'task_concurrency' parameter is deprecated. Please use 'max_active_tis_per_dag'.
[2025-05-11T06:20:33.742+0000] {processor.py:840} INFO - DAG(s) 'raw_to_staging_dag' retrieved from /opt/airflow/dags/raw_to_staging_dag.py
[2025-05-11T06:20:33.761+0000] {logging_mixin.py:188} INFO - [2025-05-11T06:20:33.761+0000] {dag.py:3036} INFO - Sync 1 DAGs
[2025-05-11T06:20:33.783+0000] {logging_mixin.py:188} INFO - [2025-05-11T06:20:33.782+0000] {dag.py:3823} INFO - Setting next_dagrun for raw_to_staging_dag to 2025-01-01 00:00:00+00:00, run_after=2025-01-02 00:00:00+00:00
[2025-05-11T06:20:33.796+0000] {processor.py:183} INFO - Processing /opt/airflow/dags/raw_to_staging_dag.py took 0.109 seconds
[2025-05-11T06:21:04.075+0000] {processor.py:161} INFO - Started process (PID=969) to work on /opt/airflow/dags/raw_to_staging_dag.py
[2025-05-11T06:21:04.079+0000] {processor.py:830} INFO - Processing file /opt/airflow/dags/raw_to_staging_dag.py for tasks to queue
[2025-05-11T06:21:04.082+0000] {logging_mixin.py:188} INFO - [2025-05-11T06:21:04.081+0000] {dagbag.py:538} INFO - Filling up the DagBag from /opt/airflow/dags/raw_to_staging_dag.py
[2025-05-11T06:21:04.104+0000] {logging_mixin.py:188} WARNING - /home/airflow/.local/lib/python3.8/site-packages/airflow/providers/common/sql/operators/sql.py:139 RemovedInAirflow3Warning: The 'task_concurrency' parameter is deprecated. Please use 'max_active_tis_per_dag'.
[2025-05-11T06:21:04.116+0000] {processor.py:840} INFO - DAG(s) 'raw_to_staging_dag' retrieved from /opt/airflow/dags/raw_to_staging_dag.py
[2025-05-11T06:21:04.218+0000] {logging_mixin.py:188} INFO - [2025-05-11T06:21:04.218+0000] {dag.py:3036} INFO - Sync 1 DAGs
[2025-05-11T06:21:04.230+0000] {logging_mixin.py:188} INFO - [2025-05-11T06:21:04.230+0000] {dag.py:3823} INFO - Setting next_dagrun for raw_to_staging_dag to 2025-01-01 00:00:00+00:00, run_after=2025-01-02 00:00:00+00:00
[2025-05-11T06:21:04.240+0000] {processor.py:183} INFO - Processing /opt/airflow/dags/raw_to_staging_dag.py took 0.181 seconds
[2025-05-11T06:21:34.488+0000] {processor.py:161} INFO - Started process (PID=974) to work on /opt/airflow/dags/raw_to_staging_dag.py
[2025-05-11T06:21:34.492+0000] {processor.py:830} INFO - Processing file /opt/airflow/dags/raw_to_staging_dag.py for tasks to queue
[2025-05-11T06:21:34.494+0000] {logging_mixin.py:188} INFO - [2025-05-11T06:21:34.494+0000] {dagbag.py:538} INFO - Filling up the DagBag from /opt/airflow/dags/raw_to_staging_dag.py
[2025-05-11T06:21:34.527+0000] {logging_mixin.py:188} WARNING - /home/airflow/.local/lib/python3.8/site-packages/airflow/providers/common/sql/operators/sql.py:139 RemovedInAirflow3Warning: The 'task_concurrency' parameter is deprecated. Please use 'max_active_tis_per_dag'.
[2025-05-11T06:21:34.549+0000] {processor.py:840} INFO - DAG(s) 'raw_to_staging_dag' retrieved from /opt/airflow/dags/raw_to_staging_dag.py
[2025-05-11T06:21:34.593+0000] {logging_mixin.py:188} INFO - [2025-05-11T06:21:34.592+0000] {dag.py:3036} INFO - Sync 1 DAGs
[2025-05-11T06:21:34.614+0000] {logging_mixin.py:188} INFO - [2025-05-11T06:21:34.613+0000] {dag.py:3823} INFO - Setting next_dagrun for raw_to_staging_dag to 2025-01-01 00:00:00+00:00, run_after=2025-01-02 00:00:00+00:00
[2025-05-11T06:21:34.624+0000] {processor.py:183} INFO - Processing /opt/airflow/dags/raw_to_staging_dag.py took 0.141 seconds
[2025-05-11T06:22:04.951+0000] {processor.py:161} INFO - Started process (PID=979) to work on /opt/airflow/dags/raw_to_staging_dag.py
[2025-05-11T06:22:04.954+0000] {processor.py:830} INFO - Processing file /opt/airflow/dags/raw_to_staging_dag.py for tasks to queue
[2025-05-11T06:22:04.955+0000] {logging_mixin.py:188} INFO - [2025-05-11T06:22:04.955+0000] {dagbag.py:538} INFO - Filling up the DagBag from /opt/airflow/dags/raw_to_staging_dag.py
[2025-05-11T06:22:04.987+0000] {logging_mixin.py:188} WARNING - /home/airflow/.local/lib/python3.8/site-packages/airflow/providers/common/sql/operators/sql.py:139 RemovedInAirflow3Warning: The 'task_concurrency' parameter is deprecated. Please use 'max_active_tis_per_dag'.
[2025-05-11T06:22:05.005+0000] {processor.py:840} INFO - DAG(s) 'raw_to_staging_dag' retrieved from /opt/airflow/dags/raw_to_staging_dag.py
[2025-05-11T06:22:05.040+0000] {logging_mixin.py:188} INFO - [2025-05-11T06:22:05.040+0000] {dag.py:3036} INFO - Sync 1 DAGs
[2025-05-11T06:22:05.057+0000] {logging_mixin.py:188} INFO - [2025-05-11T06:22:05.057+0000] {dag.py:3823} INFO - Setting next_dagrun for raw_to_staging_dag to 2025-01-01 00:00:00+00:00, run_after=2025-01-02 00:00:00+00:00
[2025-05-11T06:22:05.067+0000] {processor.py:183} INFO - Processing /opt/airflow/dags/raw_to_staging_dag.py took 0.124 seconds
[2025-05-11T06:22:35.297+0000] {processor.py:161} INFO - Started process (PID=984) to work on /opt/airflow/dags/raw_to_staging_dag.py
[2025-05-11T06:22:35.299+0000] {processor.py:830} INFO - Processing file /opt/airflow/dags/raw_to_staging_dag.py for tasks to queue
[2025-05-11T06:22:35.300+0000] {logging_mixin.py:188} INFO - [2025-05-11T06:22:35.299+0000] {dagbag.py:538} INFO - Filling up the DagBag from /opt/airflow/dags/raw_to_staging_dag.py
[2025-05-11T06:22:35.322+0000] {logging_mixin.py:188} WARNING - /home/airflow/.local/lib/python3.8/site-packages/airflow/providers/common/sql/operators/sql.py:139 RemovedInAirflow3Warning: The 'task_concurrency' parameter is deprecated. Please use 'max_active_tis_per_dag'.
[2025-05-11T06:22:35.336+0000] {processor.py:840} INFO - DAG(s) 'raw_to_staging_dag' retrieved from /opt/airflow/dags/raw_to_staging_dag.py
[2025-05-11T06:22:35.365+0000] {logging_mixin.py:188} INFO - [2025-05-11T06:22:35.364+0000] {dag.py:3036} INFO - Sync 1 DAGs
[2025-05-11T06:22:35.385+0000] {logging_mixin.py:188} INFO - [2025-05-11T06:22:35.385+0000] {dag.py:3823} INFO - Setting next_dagrun for raw_to_staging_dag to 2025-01-01 00:00:00+00:00, run_after=2025-01-02 00:00:00+00:00
[2025-05-11T06:22:35.401+0000] {processor.py:183} INFO - Processing /opt/airflow/dags/raw_to_staging_dag.py took 0.116 seconds
[2025-05-11T06:23:05.734+0000] {processor.py:161} INFO - Started process (PID=989) to work on /opt/airflow/dags/raw_to_staging_dag.py
[2025-05-11T06:23:05.736+0000] {processor.py:830} INFO - Processing file /opt/airflow/dags/raw_to_staging_dag.py for tasks to queue
[2025-05-11T06:23:05.737+0000] {logging_mixin.py:188} INFO - [2025-05-11T06:23:05.737+0000] {dagbag.py:538} INFO - Filling up the DagBag from /opt/airflow/dags/raw_to_staging_dag.py
[2025-05-11T06:23:05.760+0000] {logging_mixin.py:188} WARNING - /home/airflow/.local/lib/python3.8/site-packages/airflow/providers/common/sql/operators/sql.py:139 RemovedInAirflow3Warning: The 'task_concurrency' parameter is deprecated. Please use 'max_active_tis_per_dag'.
[2025-05-11T06:23:05.786+0000] {processor.py:840} INFO - DAG(s) 'raw_to_staging_dag' retrieved from /opt/airflow/dags/raw_to_staging_dag.py
[2025-05-11T06:23:05.831+0000] {logging_mixin.py:188} INFO - [2025-05-11T06:23:05.831+0000] {dag.py:3036} INFO - Sync 1 DAGs
[2025-05-11T06:23:05.854+0000] {logging_mixin.py:188} INFO - [2025-05-11T06:23:05.854+0000] {dag.py:3823} INFO - Setting next_dagrun for raw_to_staging_dag to 2025-01-01 00:00:00+00:00, run_after=2025-01-02 00:00:00+00:00
[2025-05-11T06:23:05.866+0000] {processor.py:183} INFO - Processing /opt/airflow/dags/raw_to_staging_dag.py took 0.134 seconds
[2025-05-11T06:23:36.165+0000] {processor.py:161} INFO - Started process (PID=994) to work on /opt/airflow/dags/raw_to_staging_dag.py
[2025-05-11T06:23:36.171+0000] {processor.py:830} INFO - Processing file /opt/airflow/dags/raw_to_staging_dag.py for tasks to queue
[2025-05-11T06:23:36.173+0000] {logging_mixin.py:188} INFO - [2025-05-11T06:23:36.172+0000] {dagbag.py:538} INFO - Filling up the DagBag from /opt/airflow/dags/raw_to_staging_dag.py
[2025-05-11T06:23:36.200+0000] {logging_mixin.py:188} WARNING - /home/airflow/.local/lib/python3.8/site-packages/airflow/providers/common/sql/operators/sql.py:139 RemovedInAirflow3Warning: The 'task_concurrency' parameter is deprecated. Please use 'max_active_tis_per_dag'.
[2025-05-11T06:23:36.214+0000] {processor.py:840} INFO - DAG(s) 'raw_to_staging_dag' retrieved from /opt/airflow/dags/raw_to_staging_dag.py
[2025-05-11T06:23:36.254+0000] {logging_mixin.py:188} INFO - [2025-05-11T06:23:36.254+0000] {dag.py:3036} INFO - Sync 1 DAGs
[2025-05-11T06:23:36.284+0000] {logging_mixin.py:188} INFO - [2025-05-11T06:23:36.284+0000] {dag.py:3823} INFO - Setting next_dagrun for raw_to_staging_dag to 2025-01-01 00:00:00+00:00, run_after=2025-01-02 00:00:00+00:00
[2025-05-11T06:23:36.293+0000] {processor.py:183} INFO - Processing /opt/airflow/dags/raw_to_staging_dag.py took 0.144 seconds
[2025-05-11T06:40:31.598+0000] {processor.py:161} INFO - Started process (PID=167) to work on /opt/airflow/dags/raw_to_staging_dag.py
[2025-05-11T06:40:31.600+0000] {processor.py:830} INFO - Processing file /opt/airflow/dags/raw_to_staging_dag.py for tasks to queue
[2025-05-11T06:40:31.606+0000] {logging_mixin.py:188} INFO - [2025-05-11T06:40:31.603+0000] {dagbag.py:538} INFO - Filling up the DagBag from /opt/airflow/dags/raw_to_staging_dag.py
[2025-05-11T06:40:31.634+0000] {logging_mixin.py:188} WARNING - /home/airflow/.local/lib/python3.8/site-packages/airflow/providers/common/sql/operators/sql.py:139 RemovedInAirflow3Warning: The 'task_concurrency' parameter is deprecated. Please use 'max_active_tis_per_dag'.
[2025-05-11T06:40:31.661+0000] {processor.py:840} INFO - DAG(s) 'raw_to_staging_dag' retrieved from /opt/airflow/dags/raw_to_staging_dag.py
[2025-05-11T06:40:31.806+0000] {logging_mixin.py:188} INFO - [2025-05-11T06:40:31.806+0000] {override.py:1769} INFO - Created Permission View: can edit on DAG:raw_to_staging_dag
[2025-05-11T06:40:31.816+0000] {logging_mixin.py:188} INFO - [2025-05-11T06:40:31.816+0000] {override.py:1769} INFO - Created Permission View: can read on DAG:raw_to_staging_dag
[2025-05-11T06:40:31.819+0000] {logging_mixin.py:188} INFO - [2025-05-11T06:40:31.819+0000] {override.py:1769} INFO - Created Permission View: can delete on DAG:raw_to_staging_dag
[2025-05-11T06:40:31.819+0000] {logging_mixin.py:188} INFO - [2025-05-11T06:40:31.819+0000] {dag.py:3036} INFO - Sync 1 DAGs
[2025-05-11T06:40:31.826+0000] {logging_mixin.py:188} INFO - [2025-05-11T06:40:31.826+0000] {dag.py:3058} INFO - Creating ORM DAG for raw_to_staging_dag
[2025-05-11T06:40:31.832+0000] {logging_mixin.py:188} INFO - [2025-05-11T06:40:31.832+0000] {dag.py:3823} INFO - Setting next_dagrun for raw_to_staging_dag to 2025-01-01 00:00:00+00:00, run_after=2025-01-02 00:00:00+00:00
[2025-05-11T06:40:31.840+0000] {processor.py:183} INFO - Processing /opt/airflow/dags/raw_to_staging_dag.py took 0.246 seconds
[2025-05-11T06:41:01.952+0000] {processor.py:161} INFO - Started process (PID=172) to work on /opt/airflow/dags/raw_to_staging_dag.py
[2025-05-11T06:41:01.953+0000] {processor.py:830} INFO - Processing file /opt/airflow/dags/raw_to_staging_dag.py for tasks to queue
[2025-05-11T06:41:01.954+0000] {logging_mixin.py:188} INFO - [2025-05-11T06:41:01.953+0000] {dagbag.py:538} INFO - Filling up the DagBag from /opt/airflow/dags/raw_to_staging_dag.py
[2025-05-11T06:41:01.971+0000] {logging_mixin.py:188} WARNING - /home/airflow/.local/lib/python3.8/site-packages/airflow/providers/common/sql/operators/sql.py:139 RemovedInAirflow3Warning: The 'task_concurrency' parameter is deprecated. Please use 'max_active_tis_per_dag'.
[2025-05-11T06:41:01.989+0000] {processor.py:840} INFO - DAG(s) 'raw_to_staging_dag' retrieved from /opt/airflow/dags/raw_to_staging_dag.py
[2025-05-11T06:41:02.026+0000] {logging_mixin.py:188} INFO - [2025-05-11T06:41:02.025+0000] {dag.py:3036} INFO - Sync 1 DAGs
[2025-05-11T06:41:02.042+0000] {logging_mixin.py:188} INFO - [2025-05-11T06:41:02.042+0000] {dag.py:3823} INFO - Setting next_dagrun for raw_to_staging_dag to 2025-01-01 00:00:00+00:00, run_after=2025-01-02 00:00:00+00:00
[2025-05-11T06:41:02.051+0000] {processor.py:183} INFO - Processing /opt/airflow/dags/raw_to_staging_dag.py took 0.104 seconds
[2025-05-11T06:41:32.415+0000] {processor.py:161} INFO - Started process (PID=177) to work on /opt/airflow/dags/raw_to_staging_dag.py
[2025-05-11T06:41:32.416+0000] {processor.py:830} INFO - Processing file /opt/airflow/dags/raw_to_staging_dag.py for tasks to queue
[2025-05-11T06:41:32.417+0000] {logging_mixin.py:188} INFO - [2025-05-11T06:41:32.416+0000] {dagbag.py:538} INFO - Filling up the DagBag from /opt/airflow/dags/raw_to_staging_dag.py
[2025-05-11T06:41:32.434+0000] {logging_mixin.py:188} WARNING - /home/airflow/.local/lib/python3.8/site-packages/airflow/providers/common/sql/operators/sql.py:139 RemovedInAirflow3Warning: The 'task_concurrency' parameter is deprecated. Please use 'max_active_tis_per_dag'.
[2025-05-11T06:41:32.444+0000] {processor.py:840} INFO - DAG(s) 'raw_to_staging_dag' retrieved from /opt/airflow/dags/raw_to_staging_dag.py
[2025-05-11T06:41:32.472+0000] {logging_mixin.py:188} INFO - [2025-05-11T06:41:32.472+0000] {dag.py:3036} INFO - Sync 1 DAGs
[2025-05-11T06:41:32.488+0000] {logging_mixin.py:188} INFO - [2025-05-11T06:41:32.488+0000] {dag.py:3823} INFO - Setting next_dagrun for raw_to_staging_dag to 2025-01-01 00:00:00+00:00, run_after=2025-01-02 00:00:00+00:00
[2025-05-11T06:41:32.497+0000] {processor.py:183} INFO - Processing /opt/airflow/dags/raw_to_staging_dag.py took 0.086 seconds
[2025-05-11T06:42:02.806+0000] {processor.py:161} INFO - Started process (PID=182) to work on /opt/airflow/dags/raw_to_staging_dag.py
[2025-05-11T06:42:02.807+0000] {processor.py:830} INFO - Processing file /opt/airflow/dags/raw_to_staging_dag.py for tasks to queue
[2025-05-11T06:42:02.808+0000] {logging_mixin.py:188} INFO - [2025-05-11T06:42:02.808+0000] {dagbag.py:538} INFO - Filling up the DagBag from /opt/airflow/dags/raw_to_staging_dag.py
[2025-05-11T06:42:02.824+0000] {logging_mixin.py:188} WARNING - /home/airflow/.local/lib/python3.8/site-packages/airflow/providers/common/sql/operators/sql.py:139 RemovedInAirflow3Warning: The 'task_concurrency' parameter is deprecated. Please use 'max_active_tis_per_dag'.
[2025-05-11T06:42:02.834+0000] {processor.py:840} INFO - DAG(s) 'raw_to_staging_dag' retrieved from /opt/airflow/dags/raw_to_staging_dag.py
[2025-05-11T06:42:02.856+0000] {logging_mixin.py:188} INFO - [2025-05-11T06:42:02.856+0000] {dag.py:3036} INFO - Sync 1 DAGs
[2025-05-11T06:42:02.869+0000] {logging_mixin.py:188} INFO - [2025-05-11T06:42:02.869+0000] {dag.py:3823} INFO - Setting next_dagrun for raw_to_staging_dag to 2025-01-01 00:00:00+00:00, run_after=2025-01-02 00:00:00+00:00
[2025-05-11T06:42:02.876+0000] {processor.py:183} INFO - Processing /opt/airflow/dags/raw_to_staging_dag.py took 0.074 seconds
[2025-05-11T06:42:33.117+0000] {processor.py:161} INFO - Started process (PID=187) to work on /opt/airflow/dags/raw_to_staging_dag.py
[2025-05-11T06:42:33.118+0000] {processor.py:830} INFO - Processing file /opt/airflow/dags/raw_to_staging_dag.py for tasks to queue
[2025-05-11T06:42:33.119+0000] {logging_mixin.py:188} INFO - [2025-05-11T06:42:33.119+0000] {dagbag.py:538} INFO - Filling up the DagBag from /opt/airflow/dags/raw_to_staging_dag.py
[2025-05-11T06:42:33.133+0000] {logging_mixin.py:188} WARNING - /home/airflow/.local/lib/python3.8/site-packages/airflow/providers/common/sql/operators/sql.py:139 RemovedInAirflow3Warning: The 'task_concurrency' parameter is deprecated. Please use 'max_active_tis_per_dag'.
[2025-05-11T06:42:33.144+0000] {processor.py:840} INFO - DAG(s) 'raw_to_staging_dag' retrieved from /opt/airflow/dags/raw_to_staging_dag.py
[2025-05-11T06:42:33.169+0000] {logging_mixin.py:188} INFO - [2025-05-11T06:42:33.169+0000] {dag.py:3036} INFO - Sync 1 DAGs
[2025-05-11T06:42:33.182+0000] {logging_mixin.py:188} INFO - [2025-05-11T06:42:33.182+0000] {dag.py:3823} INFO - Setting next_dagrun for raw_to_staging_dag to 2025-01-01 00:00:00+00:00, run_after=2025-01-02 00:00:00+00:00
[2025-05-11T06:42:33.190+0000] {processor.py:183} INFO - Processing /opt/airflow/dags/raw_to_staging_dag.py took 0.077 seconds
[2025-05-11T06:43:03.457+0000] {processor.py:161} INFO - Started process (PID=192) to work on /opt/airflow/dags/raw_to_staging_dag.py
[2025-05-11T06:43:03.458+0000] {processor.py:830} INFO - Processing file /opt/airflow/dags/raw_to_staging_dag.py for tasks to queue
[2025-05-11T06:43:03.459+0000] {logging_mixin.py:188} INFO - [2025-05-11T06:43:03.458+0000] {dagbag.py:538} INFO - Filling up the DagBag from /opt/airflow/dags/raw_to_staging_dag.py
[2025-05-11T06:43:03.474+0000] {logging_mixin.py:188} WARNING - /home/airflow/.local/lib/python3.8/site-packages/airflow/providers/common/sql/operators/sql.py:139 RemovedInAirflow3Warning: The 'task_concurrency' parameter is deprecated. Please use 'max_active_tis_per_dag'.
[2025-05-11T06:43:03.485+0000] {processor.py:840} INFO - DAG(s) 'raw_to_staging_dag' retrieved from /opt/airflow/dags/raw_to_staging_dag.py
[2025-05-11T06:43:03.509+0000] {logging_mixin.py:188} INFO - [2025-05-11T06:43:03.509+0000] {dag.py:3036} INFO - Sync 1 DAGs
[2025-05-11T06:43:03.525+0000] {logging_mixin.py:188} INFO - [2025-05-11T06:43:03.524+0000] {dag.py:3823} INFO - Setting next_dagrun for raw_to_staging_dag to 2025-01-01 00:00:00+00:00, run_after=2025-01-02 00:00:00+00:00
[2025-05-11T06:43:03.534+0000] {processor.py:183} INFO - Processing /opt/airflow/dags/raw_to_staging_dag.py took 0.081 seconds
[2025-05-11T06:43:33.804+0000] {processor.py:161} INFO - Started process (PID=197) to work on /opt/airflow/dags/raw_to_staging_dag.py
[2025-05-11T06:43:33.804+0000] {processor.py:830} INFO - Processing file /opt/airflow/dags/raw_to_staging_dag.py for tasks to queue
[2025-05-11T06:43:33.805+0000] {logging_mixin.py:188} INFO - [2025-05-11T06:43:33.805+0000] {dagbag.py:538} INFO - Filling up the DagBag from /opt/airflow/dags/raw_to_staging_dag.py
[2025-05-11T06:43:33.821+0000] {logging_mixin.py:188} WARNING - /home/airflow/.local/lib/python3.8/site-packages/airflow/providers/common/sql/operators/sql.py:139 RemovedInAirflow3Warning: The 'task_concurrency' parameter is deprecated. Please use 'max_active_tis_per_dag'.
[2025-05-11T06:43:33.831+0000] {processor.py:840} INFO - DAG(s) 'raw_to_staging_dag' retrieved from /opt/airflow/dags/raw_to_staging_dag.py
[2025-05-11T06:43:33.854+0000] {logging_mixin.py:188} INFO - [2025-05-11T06:43:33.854+0000] {dag.py:3036} INFO - Sync 1 DAGs
[2025-05-11T06:43:33.869+0000] {logging_mixin.py:188} INFO - [2025-05-11T06:43:33.869+0000] {dag.py:3823} INFO - Setting next_dagrun for raw_to_staging_dag to 2025-01-01 00:00:00+00:00, run_after=2025-01-02 00:00:00+00:00
[2025-05-11T06:43:33.877+0000] {processor.py:183} INFO - Processing /opt/airflow/dags/raw_to_staging_dag.py took 0.077 seconds
[2025-05-11T06:44:04.164+0000] {processor.py:161} INFO - Started process (PID=202) to work on /opt/airflow/dags/raw_to_staging_dag.py
[2025-05-11T06:44:04.166+0000] {processor.py:830} INFO - Processing file /opt/airflow/dags/raw_to_staging_dag.py for tasks to queue
[2025-05-11T06:44:04.167+0000] {logging_mixin.py:188} INFO - [2025-05-11T06:44:04.166+0000] {dagbag.py:538} INFO - Filling up the DagBag from /opt/airflow/dags/raw_to_staging_dag.py
[2025-05-11T06:44:04.188+0000] {logging_mixin.py:188} WARNING - /home/airflow/.local/lib/python3.8/site-packages/airflow/providers/common/sql/operators/sql.py:139 RemovedInAirflow3Warning: The 'task_concurrency' parameter is deprecated. Please use 'max_active_tis_per_dag'.
[2025-05-11T06:44:04.199+0000] {processor.py:840} INFO - DAG(s) 'raw_to_staging_dag' retrieved from /opt/airflow/dags/raw_to_staging_dag.py
[2025-05-11T06:44:04.224+0000] {logging_mixin.py:188} INFO - [2025-05-11T06:44:04.224+0000] {dag.py:3036} INFO - Sync 1 DAGs
[2025-05-11T06:44:04.239+0000] {logging_mixin.py:188} INFO - [2025-05-11T06:44:04.239+0000] {dag.py:3823} INFO - Setting next_dagrun for raw_to_staging_dag to 2025-01-01 00:00:00+00:00, run_after=2025-01-02 00:00:00+00:00
[2025-05-11T06:44:04.249+0000] {processor.py:183} INFO - Processing /opt/airflow/dags/raw_to_staging_dag.py took 0.089 seconds
[2025-05-11T06:44:34.472+0000] {processor.py:161} INFO - Started process (PID=207) to work on /opt/airflow/dags/raw_to_staging_dag.py
[2025-05-11T06:44:34.473+0000] {processor.py:830} INFO - Processing file /opt/airflow/dags/raw_to_staging_dag.py for tasks to queue
[2025-05-11T06:44:34.474+0000] {logging_mixin.py:188} INFO - [2025-05-11T06:44:34.474+0000] {dagbag.py:538} INFO - Filling up the DagBag from /opt/airflow/dags/raw_to_staging_dag.py
[2025-05-11T06:44:34.493+0000] {logging_mixin.py:188} WARNING - /home/airflow/.local/lib/python3.8/site-packages/airflow/providers/common/sql/operators/sql.py:139 RemovedInAirflow3Warning: The 'task_concurrency' parameter is deprecated. Please use 'max_active_tis_per_dag'.
[2025-05-11T06:44:34.508+0000] {processor.py:840} INFO - DAG(s) 'raw_to_staging_dag' retrieved from /opt/airflow/dags/raw_to_staging_dag.py
[2025-05-11T06:44:34.540+0000] {logging_mixin.py:188} INFO - [2025-05-11T06:44:34.540+0000] {dag.py:3036} INFO - Sync 1 DAGs
[2025-05-11T06:44:34.559+0000] {logging_mixin.py:188} INFO - [2025-05-11T06:44:34.558+0000] {dag.py:3823} INFO - Setting next_dagrun for raw_to_staging_dag to 2025-01-01 00:00:00+00:00, run_after=2025-01-02 00:00:00+00:00
[2025-05-11T06:44:34.567+0000] {processor.py:183} INFO - Processing /opt/airflow/dags/raw_to_staging_dag.py took 0.099 seconds
[2025-05-11T06:45:04.751+0000] {processor.py:161} INFO - Started process (PID=212) to work on /opt/airflow/dags/raw_to_staging_dag.py
[2025-05-11T06:45:04.752+0000] {processor.py:830} INFO - Processing file /opt/airflow/dags/raw_to_staging_dag.py for tasks to queue
[2025-05-11T06:45:04.753+0000] {logging_mixin.py:188} INFO - [2025-05-11T06:45:04.752+0000] {dagbag.py:538} INFO - Filling up the DagBag from /opt/airflow/dags/raw_to_staging_dag.py
[2025-05-11T06:45:04.772+0000] {logging_mixin.py:188} WARNING - /home/airflow/.local/lib/python3.8/site-packages/airflow/providers/common/sql/operators/sql.py:139 RemovedInAirflow3Warning: The 'task_concurrency' parameter is deprecated. Please use 'max_active_tis_per_dag'.
[2025-05-11T06:45:04.786+0000] {processor.py:840} INFO - DAG(s) 'raw_to_staging_dag' retrieved from /opt/airflow/dags/raw_to_staging_dag.py
[2025-05-11T06:45:04.813+0000] {logging_mixin.py:188} INFO - [2025-05-11T06:45:04.813+0000] {dag.py:3036} INFO - Sync 1 DAGs
[2025-05-11T06:45:04.828+0000] {logging_mixin.py:188} INFO - [2025-05-11T06:45:04.827+0000] {dag.py:3823} INFO - Setting next_dagrun for raw_to_staging_dag to 2025-01-01 00:00:00+00:00, run_after=2025-01-02 00:00:00+00:00
[2025-05-11T06:45:04.839+0000] {processor.py:183} INFO - Processing /opt/airflow/dags/raw_to_staging_dag.py took 0.092 seconds
[2025-05-11T06:45:35.085+0000] {processor.py:161} INFO - Started process (PID=217) to work on /opt/airflow/dags/raw_to_staging_dag.py
[2025-05-11T06:45:35.086+0000] {processor.py:830} INFO - Processing file /opt/airflow/dags/raw_to_staging_dag.py for tasks to queue
[2025-05-11T06:45:35.087+0000] {logging_mixin.py:188} INFO - [2025-05-11T06:45:35.086+0000] {dagbag.py:538} INFO - Filling up the DagBag from /opt/airflow/dags/raw_to_staging_dag.py
[2025-05-11T06:45:35.101+0000] {logging_mixin.py:188} WARNING - /home/airflow/.local/lib/python3.8/site-packages/airflow/providers/common/sql/operators/sql.py:139 RemovedInAirflow3Warning: The 'task_concurrency' parameter is deprecated. Please use 'max_active_tis_per_dag'.
[2025-05-11T06:45:35.111+0000] {processor.py:840} INFO - DAG(s) 'raw_to_staging_dag' retrieved from /opt/airflow/dags/raw_to_staging_dag.py
[2025-05-11T06:45:35.137+0000] {logging_mixin.py:188} INFO - [2025-05-11T06:45:35.136+0000] {dag.py:3036} INFO - Sync 1 DAGs
[2025-05-11T06:45:35.153+0000] {logging_mixin.py:188} INFO - [2025-05-11T06:45:35.153+0000] {dag.py:3823} INFO - Setting next_dagrun for raw_to_staging_dag to 2025-01-01 00:00:00+00:00, run_after=2025-01-02 00:00:00+00:00
[2025-05-11T06:45:35.162+0000] {processor.py:183} INFO - Processing /opt/airflow/dags/raw_to_staging_dag.py took 0.080 seconds
[2025-05-11T06:46:05.441+0000] {processor.py:161} INFO - Started process (PID=222) to work on /opt/airflow/dags/raw_to_staging_dag.py
[2025-05-11T06:46:05.442+0000] {processor.py:830} INFO - Processing file /opt/airflow/dags/raw_to_staging_dag.py for tasks to queue
[2025-05-11T06:46:05.443+0000] {logging_mixin.py:188} INFO - [2025-05-11T06:46:05.442+0000] {dagbag.py:538} INFO - Filling up the DagBag from /opt/airflow/dags/raw_to_staging_dag.py
[2025-05-11T06:46:05.461+0000] {logging_mixin.py:188} WARNING - /home/airflow/.local/lib/python3.8/site-packages/airflow/providers/common/sql/operators/sql.py:139 RemovedInAirflow3Warning: The 'task_concurrency' parameter is deprecated. Please use 'max_active_tis_per_dag'.
[2025-05-11T06:46:05.478+0000] {processor.py:840} INFO - DAG(s) 'raw_to_staging_dag' retrieved from /opt/airflow/dags/raw_to_staging_dag.py
[2025-05-11T06:46:05.508+0000] {logging_mixin.py:188} INFO - [2025-05-11T06:46:05.508+0000] {dag.py:3036} INFO - Sync 1 DAGs
[2025-05-11T06:46:05.521+0000] {logging_mixin.py:188} INFO - [2025-05-11T06:46:05.521+0000] {dag.py:3823} INFO - Setting next_dagrun for raw_to_staging_dag to 2025-01-01 00:00:00+00:00, run_after=2025-01-02 00:00:00+00:00
[2025-05-11T06:46:05.533+0000] {processor.py:183} INFO - Processing /opt/airflow/dags/raw_to_staging_dag.py took 0.100 seconds
[2025-05-11T06:46:35.576+0000] {processor.py:161} INFO - Started process (PID=367) to work on /opt/airflow/dags/raw_to_staging_dag.py
[2025-05-11T06:46:35.577+0000] {processor.py:830} INFO - Processing file /opt/airflow/dags/raw_to_staging_dag.py for tasks to queue
[2025-05-11T06:46:35.578+0000] {logging_mixin.py:188} INFO - [2025-05-11T06:46:35.577+0000] {dagbag.py:538} INFO - Filling up the DagBag from /opt/airflow/dags/raw_to_staging_dag.py
[2025-05-11T06:46:35.589+0000] {logging_mixin.py:188} WARNING - /home/airflow/.local/lib/python3.8/site-packages/airflow/providers/common/sql/operators/sql.py:139 RemovedInAirflow3Warning: The 'task_concurrency' parameter is deprecated. Please use 'max_active_tis_per_dag'.
[2025-05-11T06:46:35.599+0000] {processor.py:840} INFO - DAG(s) 'raw_to_staging_dag' retrieved from /opt/airflow/dags/raw_to_staging_dag.py
[2025-05-11T06:46:35.615+0000] {logging_mixin.py:188} INFO - [2025-05-11T06:46:35.615+0000] {dag.py:3036} INFO - Sync 1 DAGs
[2025-05-11T06:46:35.631+0000] {processor.py:183} INFO - Processing /opt/airflow/dags/raw_to_staging_dag.py took 0.057 seconds
[2025-05-11T06:47:05.931+0000] {processor.py:161} INFO - Started process (PID=392) to work on /opt/airflow/dags/raw_to_staging_dag.py
[2025-05-11T06:47:05.932+0000] {processor.py:830} INFO - Processing file /opt/airflow/dags/raw_to_staging_dag.py for tasks to queue
[2025-05-11T06:47:05.933+0000] {logging_mixin.py:188} INFO - [2025-05-11T06:47:05.933+0000] {dagbag.py:538} INFO - Filling up the DagBag from /opt/airflow/dags/raw_to_staging_dag.py
[2025-05-11T06:47:05.953+0000] {logging_mixin.py:188} WARNING - /home/airflow/.local/lib/python3.8/site-packages/airflow/providers/common/sql/operators/sql.py:139 RemovedInAirflow3Warning: The 'task_concurrency' parameter is deprecated. Please use 'max_active_tis_per_dag'.
[2025-05-11T06:47:05.963+0000] {processor.py:840} INFO - DAG(s) 'raw_to_staging_dag' retrieved from /opt/airflow/dags/raw_to_staging_dag.py
[2025-05-11T06:47:05.995+0000] {logging_mixin.py:188} INFO - [2025-05-11T06:47:05.995+0000] {dag.py:3036} INFO - Sync 1 DAGs
[2025-05-11T06:47:06.017+0000] {processor.py:183} INFO - Processing /opt/airflow/dags/raw_to_staging_dag.py took 0.094 seconds
[2025-05-11T06:47:36.252+0000] {processor.py:161} INFO - Started process (PID=397) to work on /opt/airflow/dags/raw_to_staging_dag.py
[2025-05-11T06:47:36.254+0000] {processor.py:830} INFO - Processing file /opt/airflow/dags/raw_to_staging_dag.py for tasks to queue
[2025-05-11T06:47:36.255+0000] {logging_mixin.py:188} INFO - [2025-05-11T06:47:36.254+0000] {dagbag.py:538} INFO - Filling up the DagBag from /opt/airflow/dags/raw_to_staging_dag.py
[2025-05-11T06:47:36.273+0000] {logging_mixin.py:188} WARNING - /home/airflow/.local/lib/python3.8/site-packages/airflow/providers/common/sql/operators/sql.py:139 RemovedInAirflow3Warning: The 'task_concurrency' parameter is deprecated. Please use 'max_active_tis_per_dag'.
[2025-05-11T06:47:36.285+0000] {processor.py:840} INFO - DAG(s) 'raw_to_staging_dag' retrieved from /opt/airflow/dags/raw_to_staging_dag.py
[2025-05-11T06:47:36.313+0000] {logging_mixin.py:188} INFO - [2025-05-11T06:47:36.313+0000] {dag.py:3036} INFO - Sync 1 DAGs
[2025-05-11T06:47:36.338+0000] {processor.py:183} INFO - Processing /opt/airflow/dags/raw_to_staging_dag.py took 0.092 seconds
[2025-05-11T06:48:06.555+0000] {processor.py:161} INFO - Started process (PID=402) to work on /opt/airflow/dags/raw_to_staging_dag.py
[2025-05-11T06:48:06.556+0000] {processor.py:830} INFO - Processing file /opt/airflow/dags/raw_to_staging_dag.py for tasks to queue
[2025-05-11T06:48:06.557+0000] {logging_mixin.py:188} INFO - [2025-05-11T06:48:06.557+0000] {dagbag.py:538} INFO - Filling up the DagBag from /opt/airflow/dags/raw_to_staging_dag.py
[2025-05-11T06:48:06.574+0000] {logging_mixin.py:188} WARNING - /home/airflow/.local/lib/python3.8/site-packages/airflow/providers/common/sql/operators/sql.py:139 RemovedInAirflow3Warning: The 'task_concurrency' parameter is deprecated. Please use 'max_active_tis_per_dag'.
[2025-05-11T06:48:06.588+0000] {processor.py:840} INFO - DAG(s) 'raw_to_staging_dag' retrieved from /opt/airflow/dags/raw_to_staging_dag.py
[2025-05-11T06:48:06.613+0000] {logging_mixin.py:188} INFO - [2025-05-11T06:48:06.612+0000] {dag.py:3036} INFO - Sync 1 DAGs
[2025-05-11T06:48:06.637+0000] {processor.py:183} INFO - Processing /opt/airflow/dags/raw_to_staging_dag.py took 0.087 seconds
[2025-05-11T06:48:36.882+0000] {processor.py:161} INFO - Started process (PID=407) to work on /opt/airflow/dags/raw_to_staging_dag.py
[2025-05-11T06:48:36.883+0000] {processor.py:830} INFO - Processing file /opt/airflow/dags/raw_to_staging_dag.py for tasks to queue
[2025-05-11T06:48:36.884+0000] {logging_mixin.py:188} INFO - [2025-05-11T06:48:36.883+0000] {dagbag.py:538} INFO - Filling up the DagBag from /opt/airflow/dags/raw_to_staging_dag.py
[2025-05-11T06:48:36.903+0000] {logging_mixin.py:188} WARNING - /home/airflow/.local/lib/python3.8/site-packages/airflow/providers/common/sql/operators/sql.py:139 RemovedInAirflow3Warning: The 'task_concurrency' parameter is deprecated. Please use 'max_active_tis_per_dag'.
[2025-05-11T06:48:36.913+0000] {processor.py:840} INFO - DAG(s) 'raw_to_staging_dag' retrieved from /opt/airflow/dags/raw_to_staging_dag.py
[2025-05-11T06:48:36.940+0000] {logging_mixin.py:188} INFO - [2025-05-11T06:48:36.940+0000] {dag.py:3036} INFO - Sync 1 DAGs
[2025-05-11T06:48:36.965+0000] {processor.py:183} INFO - Processing /opt/airflow/dags/raw_to_staging_dag.py took 0.091 seconds
[2025-05-11T06:49:07.229+0000] {processor.py:161} INFO - Started process (PID=412) to work on /opt/airflow/dags/raw_to_staging_dag.py
[2025-05-11T06:49:07.230+0000] {processor.py:830} INFO - Processing file /opt/airflow/dags/raw_to_staging_dag.py for tasks to queue
[2025-05-11T06:49:07.231+0000] {logging_mixin.py:188} INFO - [2025-05-11T06:49:07.230+0000] {dagbag.py:538} INFO - Filling up the DagBag from /opt/airflow/dags/raw_to_staging_dag.py
[2025-05-11T06:49:07.250+0000] {logging_mixin.py:188} WARNING - /home/airflow/.local/lib/python3.8/site-packages/airflow/providers/common/sql/operators/sql.py:139 RemovedInAirflow3Warning: The 'task_concurrency' parameter is deprecated. Please use 'max_active_tis_per_dag'.
[2025-05-11T06:49:07.264+0000] {processor.py:840} INFO - DAG(s) 'raw_to_staging_dag' retrieved from /opt/airflow/dags/raw_to_staging_dag.py
[2025-05-11T06:49:07.313+0000] {logging_mixin.py:188} INFO - [2025-05-11T06:49:07.313+0000] {dag.py:3036} INFO - Sync 1 DAGs
[2025-05-11T06:49:07.400+0000] {processor.py:183} INFO - Processing /opt/airflow/dags/raw_to_staging_dag.py took 0.176 seconds
[2025-05-11T06:49:37.540+0000] {processor.py:161} INFO - Started process (PID=417) to work on /opt/airflow/dags/raw_to_staging_dag.py
[2025-05-11T06:49:37.541+0000] {processor.py:830} INFO - Processing file /opt/airflow/dags/raw_to_staging_dag.py for tasks to queue
[2025-05-11T06:49:37.541+0000] {logging_mixin.py:188} INFO - [2025-05-11T06:49:37.541+0000] {dagbag.py:538} INFO - Filling up the DagBag from /opt/airflow/dags/raw_to_staging_dag.py
[2025-05-11T06:49:37.562+0000] {logging_mixin.py:188} WARNING - /home/airflow/.local/lib/python3.8/site-packages/airflow/providers/common/sql/operators/sql.py:139 RemovedInAirflow3Warning: The 'task_concurrency' parameter is deprecated. Please use 'max_active_tis_per_dag'.
[2025-05-11T06:49:37.585+0000] {processor.py:840} INFO - DAG(s) 'raw_to_staging_dag' retrieved from /opt/airflow/dags/raw_to_staging_dag.py
[2025-05-11T06:49:37.648+0000] {logging_mixin.py:188} INFO - [2025-05-11T06:49:37.648+0000] {dag.py:3036} INFO - Sync 1 DAGs
[2025-05-11T06:49:37.671+0000] {processor.py:183} INFO - Processing /opt/airflow/dags/raw_to_staging_dag.py took 0.140 seconds
[2025-05-11T06:50:08.028+0000] {processor.py:161} INFO - Started process (PID=422) to work on /opt/airflow/dags/raw_to_staging_dag.py
[2025-05-11T06:50:08.029+0000] {processor.py:830} INFO - Processing file /opt/airflow/dags/raw_to_staging_dag.py for tasks to queue
[2025-05-11T06:50:08.030+0000] {logging_mixin.py:188} INFO - [2025-05-11T06:50:08.030+0000] {dagbag.py:538} INFO - Filling up the DagBag from /opt/airflow/dags/raw_to_staging_dag.py
[2025-05-11T06:50:08.046+0000] {logging_mixin.py:188} WARNING - /home/airflow/.local/lib/python3.8/site-packages/airflow/providers/common/sql/operators/sql.py:139 RemovedInAirflow3Warning: The 'task_concurrency' parameter is deprecated. Please use 'max_active_tis_per_dag'.
[2025-05-11T06:50:08.058+0000] {processor.py:840} INFO - DAG(s) 'raw_to_staging_dag' retrieved from /opt/airflow/dags/raw_to_staging_dag.py
[2025-05-11T06:50:08.087+0000] {logging_mixin.py:188} INFO - [2025-05-11T06:50:08.086+0000] {dag.py:3036} INFO - Sync 1 DAGs
[2025-05-11T06:50:08.113+0000] {processor.py:183} INFO - Processing /opt/airflow/dags/raw_to_staging_dag.py took 0.091 seconds
[2025-05-11T06:50:38.459+0000] {processor.py:161} INFO - Started process (PID=427) to work on /opt/airflow/dags/raw_to_staging_dag.py
[2025-05-11T06:50:38.460+0000] {processor.py:830} INFO - Processing file /opt/airflow/dags/raw_to_staging_dag.py for tasks to queue
[2025-05-11T06:50:38.461+0000] {logging_mixin.py:188} INFO - [2025-05-11T06:50:38.460+0000] {dagbag.py:538} INFO - Filling up the DagBag from /opt/airflow/dags/raw_to_staging_dag.py
[2025-05-11T06:50:38.475+0000] {logging_mixin.py:188} WARNING - /home/airflow/.local/lib/python3.8/site-packages/airflow/providers/common/sql/operators/sql.py:139 RemovedInAirflow3Warning: The 'task_concurrency' parameter is deprecated. Please use 'max_active_tis_per_dag'.
[2025-05-11T06:50:38.490+0000] {processor.py:840} INFO - DAG(s) 'raw_to_staging_dag' retrieved from /opt/airflow/dags/raw_to_staging_dag.py
[2025-05-11T06:50:38.523+0000] {logging_mixin.py:188} INFO - [2025-05-11T06:50:38.522+0000] {dag.py:3036} INFO - Sync 1 DAGs
[2025-05-11T06:50:38.554+0000] {processor.py:183} INFO - Processing /opt/airflow/dags/raw_to_staging_dag.py took 0.104 seconds
[2025-05-11T06:51:08.861+0000] {processor.py:161} INFO - Started process (PID=432) to work on /opt/airflow/dags/raw_to_staging_dag.py
[2025-05-11T06:51:08.862+0000] {processor.py:830} INFO - Processing file /opt/airflow/dags/raw_to_staging_dag.py for tasks to queue
[2025-05-11T06:51:08.863+0000] {logging_mixin.py:188} INFO - [2025-05-11T06:51:08.863+0000] {dagbag.py:538} INFO - Filling up the DagBag from /opt/airflow/dags/raw_to_staging_dag.py
[2025-05-11T06:51:08.884+0000] {logging_mixin.py:188} WARNING - /home/airflow/.local/lib/python3.8/site-packages/airflow/providers/common/sql/operators/sql.py:139 RemovedInAirflow3Warning: The 'task_concurrency' parameter is deprecated. Please use 'max_active_tis_per_dag'.
[2025-05-11T06:51:08.898+0000] {processor.py:840} INFO - DAG(s) 'raw_to_staging_dag' retrieved from /opt/airflow/dags/raw_to_staging_dag.py
[2025-05-11T06:51:08.933+0000] {logging_mixin.py:188} INFO - [2025-05-11T06:51:08.933+0000] {dag.py:3036} INFO - Sync 1 DAGs
[2025-05-11T06:51:08.969+0000] {processor.py:183} INFO - Processing /opt/airflow/dags/raw_to_staging_dag.py took 0.118 seconds
[2025-05-11T06:51:39.703+0000] {processor.py:161} INFO - Started process (PID=581) to work on /opt/airflow/dags/raw_to_staging_dag.py
[2025-05-11T06:51:39.705+0000] {processor.py:830} INFO - Processing file /opt/airflow/dags/raw_to_staging_dag.py for tasks to queue
[2025-05-11T06:51:39.706+0000] {logging_mixin.py:188} INFO - [2025-05-11T06:51:39.705+0000] {dagbag.py:538} INFO - Filling up the DagBag from /opt/airflow/dags/raw_to_staging_dag.py
[2025-05-11T06:51:39.718+0000] {logging_mixin.py:188} WARNING - /home/airflow/.local/lib/python3.8/site-packages/airflow/providers/common/sql/operators/sql.py:139 RemovedInAirflow3Warning: The 'task_concurrency' parameter is deprecated. Please use 'max_active_tis_per_dag'.
[2025-05-11T06:51:39.727+0000] {processor.py:840} INFO - DAG(s) 'raw_to_staging_dag' retrieved from /opt/airflow/dags/raw_to_staging_dag.py
[2025-05-11T06:51:39.745+0000] {logging_mixin.py:188} INFO - [2025-05-11T06:51:39.744+0000] {dag.py:3036} INFO - Sync 1 DAGs
[2025-05-11T06:51:39.765+0000] {processor.py:183} INFO - Processing /opt/airflow/dags/raw_to_staging_dag.py took 0.066 seconds
[2025-05-11T06:52:10.008+0000] {processor.py:161} INFO - Started process (PID=602) to work on /opt/airflow/dags/raw_to_staging_dag.py
[2025-05-11T06:52:10.009+0000] {processor.py:830} INFO - Processing file /opt/airflow/dags/raw_to_staging_dag.py for tasks to queue
[2025-05-11T06:52:10.010+0000] {logging_mixin.py:188} INFO - [2025-05-11T06:52:10.009+0000] {dagbag.py:538} INFO - Filling up the DagBag from /opt/airflow/dags/raw_to_staging_dag.py
[2025-05-11T06:52:10.032+0000] {logging_mixin.py:188} WARNING - /home/airflow/.local/lib/python3.8/site-packages/airflow/providers/common/sql/operators/sql.py:139 RemovedInAirflow3Warning: The 'task_concurrency' parameter is deprecated. Please use 'max_active_tis_per_dag'.
[2025-05-11T06:52:10.047+0000] {processor.py:840} INFO - DAG(s) 'raw_to_staging_dag' retrieved from /opt/airflow/dags/raw_to_staging_dag.py
[2025-05-11T06:52:10.082+0000] {logging_mixin.py:188} INFO - [2025-05-11T06:52:10.082+0000] {dag.py:3036} INFO - Sync 1 DAGs
[2025-05-11T06:52:10.113+0000] {processor.py:183} INFO - Processing /opt/airflow/dags/raw_to_staging_dag.py took 0.111 seconds
[2025-05-11T06:52:40.385+0000] {processor.py:161} INFO - Started process (PID=607) to work on /opt/airflow/dags/raw_to_staging_dag.py
[2025-05-11T06:52:40.385+0000] {processor.py:830} INFO - Processing file /opt/airflow/dags/raw_to_staging_dag.py for tasks to queue
[2025-05-11T06:52:40.387+0000] {logging_mixin.py:188} INFO - [2025-05-11T06:52:40.386+0000] {dagbag.py:538} INFO - Filling up the DagBag from /opt/airflow/dags/raw_to_staging_dag.py
[2025-05-11T06:52:40.407+0000] {logging_mixin.py:188} WARNING - /home/airflow/.local/lib/python3.8/site-packages/airflow/providers/common/sql/operators/sql.py:139 RemovedInAirflow3Warning: The 'task_concurrency' parameter is deprecated. Please use 'max_active_tis_per_dag'.
[2025-05-11T06:52:40.419+0000] {processor.py:840} INFO - DAG(s) 'raw_to_staging_dag' retrieved from /opt/airflow/dags/raw_to_staging_dag.py
[2025-05-11T06:52:40.447+0000] {logging_mixin.py:188} INFO - [2025-05-11T06:52:40.447+0000] {dag.py:3036} INFO - Sync 1 DAGs
[2025-05-11T06:52:40.474+0000] {processor.py:183} INFO - Processing /opt/airflow/dags/raw_to_staging_dag.py took 0.095 seconds
[2025-05-11T06:53:10.739+0000] {processor.py:161} INFO - Started process (PID=612) to work on /opt/airflow/dags/raw_to_staging_dag.py
[2025-05-11T06:53:10.740+0000] {processor.py:830} INFO - Processing file /opt/airflow/dags/raw_to_staging_dag.py for tasks to queue
[2025-05-11T06:53:10.741+0000] {logging_mixin.py:188} INFO - [2025-05-11T06:53:10.740+0000] {dagbag.py:538} INFO - Filling up the DagBag from /opt/airflow/dags/raw_to_staging_dag.py
[2025-05-11T06:53:10.754+0000] {logging_mixin.py:188} WARNING - /home/airflow/.local/lib/python3.8/site-packages/airflow/providers/common/sql/operators/sql.py:139 RemovedInAirflow3Warning: The 'task_concurrency' parameter is deprecated. Please use 'max_active_tis_per_dag'.
[2025-05-11T06:53:10.769+0000] {processor.py:840} INFO - DAG(s) 'raw_to_staging_dag' retrieved from /opt/airflow/dags/raw_to_staging_dag.py
[2025-05-11T06:53:10.797+0000] {logging_mixin.py:188} INFO - [2025-05-11T06:53:10.797+0000] {dag.py:3036} INFO - Sync 1 DAGs
[2025-05-11T06:53:10.820+0000] {processor.py:183} INFO - Processing /opt/airflow/dags/raw_to_staging_dag.py took 0.085 seconds
[2025-05-11T06:53:41.140+0000] {processor.py:161} INFO - Started process (PID=617) to work on /opt/airflow/dags/raw_to_staging_dag.py
[2025-05-11T06:53:41.141+0000] {processor.py:830} INFO - Processing file /opt/airflow/dags/raw_to_staging_dag.py for tasks to queue
[2025-05-11T06:53:41.142+0000] {logging_mixin.py:188} INFO - [2025-05-11T06:53:41.142+0000] {dagbag.py:538} INFO - Filling up the DagBag from /opt/airflow/dags/raw_to_staging_dag.py
[2025-05-11T06:53:41.165+0000] {logging_mixin.py:188} WARNING - /home/airflow/.local/lib/python3.8/site-packages/airflow/providers/common/sql/operators/sql.py:139 RemovedInAirflow3Warning: The 'task_concurrency' parameter is deprecated. Please use 'max_active_tis_per_dag'.
[2025-05-11T06:53:41.182+0000] {processor.py:840} INFO - DAG(s) 'raw_to_staging_dag' retrieved from /opt/airflow/dags/raw_to_staging_dag.py
[2025-05-11T06:53:41.207+0000] {logging_mixin.py:188} INFO - [2025-05-11T06:53:41.207+0000] {dag.py:3036} INFO - Sync 1 DAGs
[2025-05-11T06:53:41.233+0000] {processor.py:183} INFO - Processing /opt/airflow/dags/raw_to_staging_dag.py took 0.104 seconds
[2025-05-11T06:54:11.472+0000] {processor.py:161} INFO - Started process (PID=622) to work on /opt/airflow/dags/raw_to_staging_dag.py
[2025-05-11T06:54:11.473+0000] {processor.py:830} INFO - Processing file /opt/airflow/dags/raw_to_staging_dag.py for tasks to queue
[2025-05-11T06:54:11.474+0000] {logging_mixin.py:188} INFO - [2025-05-11T06:54:11.474+0000] {dagbag.py:538} INFO - Filling up the DagBag from /opt/airflow/dags/raw_to_staging_dag.py
[2025-05-11T06:54:11.491+0000] {logging_mixin.py:188} WARNING - /home/airflow/.local/lib/python3.8/site-packages/airflow/providers/common/sql/operators/sql.py:139 RemovedInAirflow3Warning: The 'task_concurrency' parameter is deprecated. Please use 'max_active_tis_per_dag'.
[2025-05-11T06:54:11.506+0000] {processor.py:840} INFO - DAG(s) 'raw_to_staging_dag' retrieved from /opt/airflow/dags/raw_to_staging_dag.py
[2025-05-11T06:54:11.530+0000] {logging_mixin.py:188} INFO - [2025-05-11T06:54:11.530+0000] {dag.py:3036} INFO - Sync 1 DAGs
[2025-05-11T06:54:11.554+0000] {processor.py:183} INFO - Processing /opt/airflow/dags/raw_to_staging_dag.py took 0.088 seconds
[2025-05-11T06:54:41.821+0000] {processor.py:161} INFO - Started process (PID=627) to work on /opt/airflow/dags/raw_to_staging_dag.py
[2025-05-11T06:54:41.822+0000] {processor.py:830} INFO - Processing file /opt/airflow/dags/raw_to_staging_dag.py for tasks to queue
[2025-05-11T06:54:41.823+0000] {logging_mixin.py:188} INFO - [2025-05-11T06:54:41.823+0000] {dagbag.py:538} INFO - Filling up the DagBag from /opt/airflow/dags/raw_to_staging_dag.py
[2025-05-11T06:54:41.839+0000] {logging_mixin.py:188} WARNING - /home/airflow/.local/lib/python3.8/site-packages/airflow/providers/common/sql/operators/sql.py:139 RemovedInAirflow3Warning: The 'task_concurrency' parameter is deprecated. Please use 'max_active_tis_per_dag'.
[2025-05-11T06:54:41.856+0000] {processor.py:840} INFO - DAG(s) 'raw_to_staging_dag' retrieved from /opt/airflow/dags/raw_to_staging_dag.py
[2025-05-11T06:54:41.878+0000] {logging_mixin.py:188} INFO - [2025-05-11T06:54:41.878+0000] {dag.py:3036} INFO - Sync 1 DAGs
[2025-05-11T06:54:41.903+0000] {processor.py:183} INFO - Processing /opt/airflow/dags/raw_to_staging_dag.py took 0.089 seconds
[2025-05-11T06:55:12.172+0000] {processor.py:161} INFO - Started process (PID=632) to work on /opt/airflow/dags/raw_to_staging_dag.py
[2025-05-11T06:55:12.173+0000] {processor.py:830} INFO - Processing file /opt/airflow/dags/raw_to_staging_dag.py for tasks to queue
[2025-05-11T06:55:12.174+0000] {logging_mixin.py:188} INFO - [2025-05-11T06:55:12.173+0000] {dagbag.py:538} INFO - Filling up the DagBag from /opt/airflow/dags/raw_to_staging_dag.py
[2025-05-11T06:55:12.190+0000] {logging_mixin.py:188} WARNING - /home/airflow/.local/lib/python3.8/site-packages/airflow/providers/common/sql/operators/sql.py:139 RemovedInAirflow3Warning: The 'task_concurrency' parameter is deprecated. Please use 'max_active_tis_per_dag'.
[2025-05-11T06:55:12.203+0000] {processor.py:840} INFO - DAG(s) 'raw_to_staging_dag' retrieved from /opt/airflow/dags/raw_to_staging_dag.py
[2025-05-11T06:55:12.230+0000] {logging_mixin.py:188} INFO - [2025-05-11T06:55:12.230+0000] {dag.py:3036} INFO - Sync 1 DAGs
[2025-05-11T06:55:12.251+0000] {processor.py:183} INFO - Processing /opt/airflow/dags/raw_to_staging_dag.py took 0.087 seconds
[2025-05-11T06:55:42.529+0000] {processor.py:161} INFO - Started process (PID=637) to work on /opt/airflow/dags/raw_to_staging_dag.py
[2025-05-11T06:55:42.530+0000] {processor.py:830} INFO - Processing file /opt/airflow/dags/raw_to_staging_dag.py for tasks to queue
[2025-05-11T06:55:42.532+0000] {logging_mixin.py:188} INFO - [2025-05-11T06:55:42.531+0000] {dagbag.py:538} INFO - Filling up the DagBag from /opt/airflow/dags/raw_to_staging_dag.py
[2025-05-11T06:55:42.549+0000] {logging_mixin.py:188} WARNING - /home/airflow/.local/lib/python3.8/site-packages/airflow/providers/common/sql/operators/sql.py:139 RemovedInAirflow3Warning: The 'task_concurrency' parameter is deprecated. Please use 'max_active_tis_per_dag'.
[2025-05-11T06:55:42.562+0000] {processor.py:840} INFO - DAG(s) 'raw_to_staging_dag' retrieved from /opt/airflow/dags/raw_to_staging_dag.py
[2025-05-11T06:55:42.591+0000] {logging_mixin.py:188} INFO - [2025-05-11T06:55:42.590+0000] {dag.py:3036} INFO - Sync 1 DAGs
[2025-05-11T06:55:42.648+0000] {processor.py:183} INFO - Processing /opt/airflow/dags/raw_to_staging_dag.py took 0.128 seconds
[2025-05-11T06:56:12.881+0000] {processor.py:161} INFO - Started process (PID=642) to work on /opt/airflow/dags/raw_to_staging_dag.py
[2025-05-11T06:56:12.882+0000] {processor.py:830} INFO - Processing file /opt/airflow/dags/raw_to_staging_dag.py for tasks to queue
[2025-05-11T06:56:12.884+0000] {logging_mixin.py:188} INFO - [2025-05-11T06:56:12.883+0000] {dagbag.py:538} INFO - Filling up the DagBag from /opt/airflow/dags/raw_to_staging_dag.py
[2025-05-11T06:56:12.907+0000] {logging_mixin.py:188} WARNING - /home/airflow/.local/lib/python3.8/site-packages/airflow/providers/common/sql/operators/sql.py:139 RemovedInAirflow3Warning: The 'task_concurrency' parameter is deprecated. Please use 'max_active_tis_per_dag'.
[2025-05-11T06:56:12.922+0000] {processor.py:840} INFO - DAG(s) 'raw_to_staging_dag' retrieved from /opt/airflow/dags/raw_to_staging_dag.py
[2025-05-11T06:56:12.950+0000] {logging_mixin.py:188} INFO - [2025-05-11T06:56:12.950+0000] {dag.py:3036} INFO - Sync 1 DAGs
[2025-05-11T06:56:12.971+0000] {processor.py:183} INFO - Processing /opt/airflow/dags/raw_to_staging_dag.py took 0.098 seconds
[2025-05-11T06:56:43.423+0000] {processor.py:161} INFO - Started process (PID=795) to work on /opt/airflow/dags/raw_to_staging_dag.py
[2025-05-11T06:56:43.424+0000] {processor.py:830} INFO - Processing file /opt/airflow/dags/raw_to_staging_dag.py for tasks to queue
[2025-05-11T06:56:43.425+0000] {logging_mixin.py:188} INFO - [2025-05-11T06:56:43.424+0000] {dagbag.py:538} INFO - Filling up the DagBag from /opt/airflow/dags/raw_to_staging_dag.py
[2025-05-11T06:56:43.437+0000] {logging_mixin.py:188} WARNING - /home/airflow/.local/lib/python3.8/site-packages/airflow/providers/common/sql/operators/sql.py:139 RemovedInAirflow3Warning: The 'task_concurrency' parameter is deprecated. Please use 'max_active_tis_per_dag'.
[2025-05-11T06:56:43.447+0000] {processor.py:840} INFO - DAG(s) 'raw_to_staging_dag' retrieved from /opt/airflow/dags/raw_to_staging_dag.py
[2025-05-11T06:56:43.466+0000] {logging_mixin.py:188} INFO - [2025-05-11T06:56:43.466+0000] {dag.py:3036} INFO - Sync 1 DAGs
[2025-05-11T06:56:43.491+0000] {processor.py:183} INFO - Processing /opt/airflow/dags/raw_to_staging_dag.py took 0.073 seconds
[2025-05-11T06:57:00.683+0000] {processor.py:161} INFO - Started process (PID=812) to work on /opt/airflow/dags/raw_to_staging_dag.py
[2025-05-11T06:57:00.685+0000] {processor.py:830} INFO - Processing file /opt/airflow/dags/raw_to_staging_dag.py for tasks to queue
[2025-05-11T06:57:00.686+0000] {logging_mixin.py:188} INFO - [2025-05-11T06:57:00.686+0000] {dagbag.py:538} INFO - Filling up the DagBag from /opt/airflow/dags/raw_to_staging_dag.py
[2025-05-11T06:57:00.723+0000] {logging_mixin.py:188} WARNING - /home/airflow/.local/lib/python3.8/site-packages/airflow/providers/common/sql/operators/sql.py:139 RemovedInAirflow3Warning: The 'task_concurrency' parameter is deprecated. Please use 'max_active_tis_per_dag'.
[2025-05-11T06:57:00.752+0000] {processor.py:840} INFO - DAG(s) 'raw_to_staging_dag' retrieved from /opt/airflow/dags/raw_to_staging_dag.py
[2025-05-11T06:57:00.781+0000] {logging_mixin.py:188} INFO - [2025-05-11T06:57:00.781+0000] {dag.py:3036} INFO - Sync 1 DAGs
[2025-05-11T06:57:00.812+0000] {processor.py:183} INFO - Processing /opt/airflow/dags/raw_to_staging_dag.py took 0.134 seconds
[2025-05-11T06:57:31.004+0000] {processor.py:161} INFO - Started process (PID=817) to work on /opt/airflow/dags/raw_to_staging_dag.py
[2025-05-11T06:57:31.006+0000] {processor.py:830} INFO - Processing file /opt/airflow/dags/raw_to_staging_dag.py for tasks to queue
[2025-05-11T06:57:31.008+0000] {logging_mixin.py:188} INFO - [2025-05-11T06:57:31.007+0000] {dagbag.py:538} INFO - Filling up the DagBag from /opt/airflow/dags/raw_to_staging_dag.py
[2025-05-11T06:57:31.023+0000] {logging_mixin.py:188} WARNING - /home/airflow/.local/lib/python3.8/site-packages/airflow/providers/common/sql/operators/sql.py:139 RemovedInAirflow3Warning: The 'task_concurrency' parameter is deprecated. Please use 'max_active_tis_per_dag'.
[2025-05-11T06:57:31.039+0000] {processor.py:840} INFO - DAG(s) 'raw_to_staging_dag' retrieved from /opt/airflow/dags/raw_to_staging_dag.py
[2025-05-11T06:57:31.061+0000] {logging_mixin.py:188} INFO - [2025-05-11T06:57:31.061+0000] {dag.py:3036} INFO - Sync 1 DAGs
[2025-05-11T06:57:31.083+0000] {processor.py:183} INFO - Processing /opt/airflow/dags/raw_to_staging_dag.py took 0.085 seconds
[2025-05-11T06:58:01.316+0000] {processor.py:161} INFO - Started process (PID=822) to work on /opt/airflow/dags/raw_to_staging_dag.py
[2025-05-11T06:58:01.318+0000] {processor.py:830} INFO - Processing file /opt/airflow/dags/raw_to_staging_dag.py for tasks to queue
[2025-05-11T06:58:01.322+0000] {logging_mixin.py:188} INFO - [2025-05-11T06:58:01.320+0000] {dagbag.py:538} INFO - Filling up the DagBag from /opt/airflow/dags/raw_to_staging_dag.py
[2025-05-11T06:58:01.336+0000] {logging_mixin.py:188} WARNING - /home/airflow/.local/lib/python3.8/site-packages/airflow/providers/common/sql/operators/sql.py:139 RemovedInAirflow3Warning: The 'task_concurrency' parameter is deprecated. Please use 'max_active_tis_per_dag'.
[2025-05-11T06:58:01.348+0000] {processor.py:840} INFO - DAG(s) 'raw_to_staging_dag' retrieved from /opt/airflow/dags/raw_to_staging_dag.py
[2025-05-11T06:58:01.372+0000] {logging_mixin.py:188} INFO - [2025-05-11T06:58:01.372+0000] {dag.py:3036} INFO - Sync 1 DAGs
[2025-05-11T06:58:01.395+0000] {processor.py:183} INFO - Processing /opt/airflow/dags/raw_to_staging_dag.py took 0.083 seconds
[2025-05-11T06:58:31.648+0000] {processor.py:161} INFO - Started process (PID=827) to work on /opt/airflow/dags/raw_to_staging_dag.py
[2025-05-11T06:58:31.650+0000] {processor.py:830} INFO - Processing file /opt/airflow/dags/raw_to_staging_dag.py for tasks to queue
[2025-05-11T06:58:31.656+0000] {logging_mixin.py:188} INFO - [2025-05-11T06:58:31.655+0000] {dagbag.py:538} INFO - Filling up the DagBag from /opt/airflow/dags/raw_to_staging_dag.py
[2025-05-11T06:58:31.682+0000] {logging_mixin.py:188} WARNING - /home/airflow/.local/lib/python3.8/site-packages/airflow/providers/common/sql/operators/sql.py:139 RemovedInAirflow3Warning: The 'task_concurrency' parameter is deprecated. Please use 'max_active_tis_per_dag'.
[2025-05-11T06:58:31.708+0000] {processor.py:840} INFO - DAG(s) 'raw_to_staging_dag' retrieved from /opt/airflow/dags/raw_to_staging_dag.py
[2025-05-11T06:58:31.738+0000] {logging_mixin.py:188} INFO - [2025-05-11T06:58:31.738+0000] {dag.py:3036} INFO - Sync 1 DAGs
[2025-05-11T06:58:31.761+0000] {processor.py:183} INFO - Processing /opt/airflow/dags/raw_to_staging_dag.py took 0.118 seconds
[2025-05-11T06:59:02.042+0000] {processor.py:161} INFO - Started process (PID=832) to work on /opt/airflow/dags/raw_to_staging_dag.py
[2025-05-11T06:59:02.044+0000] {processor.py:830} INFO - Processing file /opt/airflow/dags/raw_to_staging_dag.py for tasks to queue
[2025-05-11T06:59:02.045+0000] {logging_mixin.py:188} INFO - [2025-05-11T06:59:02.045+0000] {dagbag.py:538} INFO - Filling up the DagBag from /opt/airflow/dags/raw_to_staging_dag.py
[2025-05-11T06:59:02.065+0000] {logging_mixin.py:188} WARNING - /home/airflow/.local/lib/python3.8/site-packages/airflow/providers/common/sql/operators/sql.py:139 RemovedInAirflow3Warning: The 'task_concurrency' parameter is deprecated. Please use 'max_active_tis_per_dag'.
[2025-05-11T06:59:02.078+0000] {processor.py:840} INFO - DAG(s) 'raw_to_staging_dag' retrieved from /opt/airflow/dags/raw_to_staging_dag.py
[2025-05-11T06:59:02.103+0000] {logging_mixin.py:188} INFO - [2025-05-11T06:59:02.103+0000] {dag.py:3036} INFO - Sync 1 DAGs
[2025-05-11T06:59:02.127+0000] {processor.py:183} INFO - Processing /opt/airflow/dags/raw_to_staging_dag.py took 0.093 seconds
[2025-05-11T06:59:32.371+0000] {processor.py:161} INFO - Started process (PID=837) to work on /opt/airflow/dags/raw_to_staging_dag.py
[2025-05-11T06:59:32.373+0000] {processor.py:830} INFO - Processing file /opt/airflow/dags/raw_to_staging_dag.py for tasks to queue
[2025-05-11T06:59:32.374+0000] {logging_mixin.py:188} INFO - [2025-05-11T06:59:32.374+0000] {dagbag.py:538} INFO - Filling up the DagBag from /opt/airflow/dags/raw_to_staging_dag.py
[2025-05-11T06:59:32.395+0000] {logging_mixin.py:188} WARNING - /home/airflow/.local/lib/python3.8/site-packages/airflow/providers/common/sql/operators/sql.py:139 RemovedInAirflow3Warning: The 'task_concurrency' parameter is deprecated. Please use 'max_active_tis_per_dag'.
[2025-05-11T06:59:32.409+0000] {processor.py:840} INFO - DAG(s) 'raw_to_staging_dag' retrieved from /opt/airflow/dags/raw_to_staging_dag.py
[2025-05-11T06:59:32.436+0000] {logging_mixin.py:188} INFO - [2025-05-11T06:59:32.436+0000] {dag.py:3036} INFO - Sync 1 DAGs
[2025-05-11T06:59:32.460+0000] {processor.py:183} INFO - Processing /opt/airflow/dags/raw_to_staging_dag.py took 0.093 seconds
[2025-05-11T07:00:02.753+0000] {processor.py:161} INFO - Started process (PID=842) to work on /opt/airflow/dags/raw_to_staging_dag.py
[2025-05-11T07:00:02.755+0000] {processor.py:830} INFO - Processing file /opt/airflow/dags/raw_to_staging_dag.py for tasks to queue
[2025-05-11T07:00:02.757+0000] {logging_mixin.py:188} INFO - [2025-05-11T07:00:02.756+0000] {dagbag.py:538} INFO - Filling up the DagBag from /opt/airflow/dags/raw_to_staging_dag.py
[2025-05-11T07:00:02.780+0000] {logging_mixin.py:188} WARNING - /home/airflow/.local/lib/python3.8/site-packages/airflow/providers/common/sql/operators/sql.py:139 RemovedInAirflow3Warning: The 'task_concurrency' parameter is deprecated. Please use 'max_active_tis_per_dag'.
[2025-05-11T07:00:02.793+0000] {processor.py:840} INFO - DAG(s) 'raw_to_staging_dag' retrieved from /opt/airflow/dags/raw_to_staging_dag.py
[2025-05-11T07:00:02.818+0000] {logging_mixin.py:188} INFO - [2025-05-11T07:00:02.817+0000] {dag.py:3036} INFO - Sync 1 DAGs
[2025-05-11T07:00:02.856+0000] {processor.py:183} INFO - Processing /opt/airflow/dags/raw_to_staging_dag.py took 0.114 seconds
[2025-05-11T07:00:33.165+0000] {processor.py:161} INFO - Started process (PID=847) to work on /opt/airflow/dags/raw_to_staging_dag.py
[2025-05-11T07:00:33.168+0000] {processor.py:830} INFO - Processing file /opt/airflow/dags/raw_to_staging_dag.py for tasks to queue
[2025-05-11T07:00:33.170+0000] {logging_mixin.py:188} INFO - [2025-05-11T07:00:33.169+0000] {dagbag.py:538} INFO - Filling up the DagBag from /opt/airflow/dags/raw_to_staging_dag.py
[2025-05-11T07:00:33.190+0000] {logging_mixin.py:188} WARNING - /home/airflow/.local/lib/python3.8/site-packages/airflow/providers/common/sql/operators/sql.py:139 RemovedInAirflow3Warning: The 'task_concurrency' parameter is deprecated. Please use 'max_active_tis_per_dag'.
[2025-05-11T07:00:33.204+0000] {processor.py:840} INFO - DAG(s) 'raw_to_staging_dag' retrieved from /opt/airflow/dags/raw_to_staging_dag.py
[2025-05-11T07:00:33.228+0000] {logging_mixin.py:188} INFO - [2025-05-11T07:00:33.228+0000] {dag.py:3036} INFO - Sync 1 DAGs
[2025-05-11T07:00:33.255+0000] {processor.py:183} INFO - Processing /opt/airflow/dags/raw_to_staging_dag.py took 0.096 seconds
[2025-05-11T07:01:03.616+0000] {processor.py:161} INFO - Started process (PID=852) to work on /opt/airflow/dags/raw_to_staging_dag.py
[2025-05-11T07:01:03.618+0000] {processor.py:830} INFO - Processing file /opt/airflow/dags/raw_to_staging_dag.py for tasks to queue
[2025-05-11T07:01:03.620+0000] {logging_mixin.py:188} INFO - [2025-05-11T07:01:03.619+0000] {dagbag.py:538} INFO - Filling up the DagBag from /opt/airflow/dags/raw_to_staging_dag.py
[2025-05-11T07:01:03.648+0000] {logging_mixin.py:188} WARNING - /home/airflow/.local/lib/python3.8/site-packages/airflow/providers/common/sql/operators/sql.py:139 RemovedInAirflow3Warning: The 'task_concurrency' parameter is deprecated. Please use 'max_active_tis_per_dag'.
[2025-05-11T07:01:03.667+0000] {processor.py:840} INFO - DAG(s) 'raw_to_staging_dag' retrieved from /opt/airflow/dags/raw_to_staging_dag.py
[2025-05-11T07:01:03.702+0000] {logging_mixin.py:188} INFO - [2025-05-11T07:01:03.702+0000] {dag.py:3036} INFO - Sync 1 DAGs
[2025-05-11T07:01:03.729+0000] {processor.py:183} INFO - Processing /opt/airflow/dags/raw_to_staging_dag.py took 0.125 seconds
[2025-05-11T07:01:34.304+0000] {processor.py:161} INFO - Started process (PID=941) to work on /opt/airflow/dags/raw_to_staging_dag.py
[2025-05-11T07:01:34.312+0000] {processor.py:830} INFO - Processing file /opt/airflow/dags/raw_to_staging_dag.py for tasks to queue
[2025-05-11T07:01:34.321+0000] {logging_mixin.py:188} INFO - [2025-05-11T07:01:34.321+0000] {dagbag.py:538} INFO - Filling up the DagBag from /opt/airflow/dags/raw_to_staging_dag.py
[2025-05-11T07:01:34.369+0000] {logging_mixin.py:188} WARNING - /home/airflow/.local/lib/python3.8/site-packages/airflow/providers/common/sql/operators/sql.py:139 RemovedInAirflow3Warning: The 'task_concurrency' parameter is deprecated. Please use 'max_active_tis_per_dag'.
[2025-05-11T07:01:34.491+0000] {processor.py:840} INFO - DAG(s) 'raw_to_staging_dag' retrieved from /opt/airflow/dags/raw_to_staging_dag.py
[2025-05-11T07:01:34.734+0000] {logging_mixin.py:188} INFO - [2025-05-11T07:01:34.734+0000] {dag.py:3036} INFO - Sync 1 DAGs
[2025-05-11T07:01:34.835+0000] {logging_mixin.py:188} INFO - [2025-05-11T07:01:34.834+0000] {dag.py:3823} INFO - Setting next_dagrun for raw_to_staging_dag to 2025-01-16 00:00:00+00:00, run_after=2025-01-17 00:00:00+00:00
[2025-05-11T07:01:34.927+0000] {processor.py:183} INFO - Processing /opt/airflow/dags/raw_to_staging_dag.py took 0.661 seconds
[2025-05-11T07:02:05.073+0000] {processor.py:161} INFO - Started process (PID=1158) to work on /opt/airflow/dags/raw_to_staging_dag.py
[2025-05-11T07:02:05.074+0000] {processor.py:830} INFO - Processing file /opt/airflow/dags/raw_to_staging_dag.py for tasks to queue
[2025-05-11T07:02:05.075+0000] {logging_mixin.py:188} INFO - [2025-05-11T07:02:05.075+0000] {dagbag.py:538} INFO - Filling up the DagBag from /opt/airflow/dags/raw_to_staging_dag.py
[2025-05-11T07:02:05.087+0000] {logging_mixin.py:188} WARNING - /home/airflow/.local/lib/python3.8/site-packages/airflow/providers/common/sql/operators/sql.py:139 RemovedInAirflow3Warning: The 'task_concurrency' parameter is deprecated. Please use 'max_active_tis_per_dag'.
[2025-05-11T07:02:05.095+0000] {processor.py:840} INFO - DAG(s) 'raw_to_staging_dag' retrieved from /opt/airflow/dags/raw_to_staging_dag.py
[2025-05-11T07:02:05.113+0000] {logging_mixin.py:188} INFO - [2025-05-11T07:02:05.113+0000] {dag.py:3036} INFO - Sync 1 DAGs
[2025-05-11T07:02:05.130+0000] {processor.py:183} INFO - Processing /opt/airflow/dags/raw_to_staging_dag.py took 0.063 seconds
[2025-05-11T07:02:35.463+0000] {processor.py:161} INFO - Started process (PID=1177) to work on /opt/airflow/dags/raw_to_staging_dag.py
[2025-05-11T07:02:35.465+0000] {processor.py:830} INFO - Processing file /opt/airflow/dags/raw_to_staging_dag.py for tasks to queue
[2025-05-11T07:02:35.467+0000] {logging_mixin.py:188} INFO - [2025-05-11T07:02:35.466+0000] {dagbag.py:538} INFO - Filling up the DagBag from /opt/airflow/dags/raw_to_staging_dag.py
[2025-05-11T07:02:35.484+0000] {logging_mixin.py:188} WARNING - /home/airflow/.local/lib/python3.8/site-packages/airflow/providers/common/sql/operators/sql.py:139 RemovedInAirflow3Warning: The 'task_concurrency' parameter is deprecated. Please use 'max_active_tis_per_dag'.
[2025-05-11T07:02:35.497+0000] {processor.py:840} INFO - DAG(s) 'raw_to_staging_dag' retrieved from /opt/airflow/dags/raw_to_staging_dag.py
[2025-05-11T07:02:35.523+0000] {logging_mixin.py:188} INFO - [2025-05-11T07:02:35.523+0000] {dag.py:3036} INFO - Sync 1 DAGs
[2025-05-11T07:02:35.538+0000] {logging_mixin.py:188} INFO - [2025-05-11T07:02:35.538+0000] {dag.py:3823} INFO - Setting next_dagrun for raw_to_staging_dag to 2025-01-31 00:00:00+00:00, run_after=2025-02-01 00:00:00+00:00
[2025-05-11T07:02:35.548+0000] {processor.py:183} INFO - Processing /opt/airflow/dags/raw_to_staging_dag.py took 0.090 seconds
[2025-05-11T07:03:05.911+0000] {processor.py:161} INFO - Started process (PID=1192) to work on /opt/airflow/dags/raw_to_staging_dag.py
[2025-05-11T07:03:05.913+0000] {processor.py:830} INFO - Processing file /opt/airflow/dags/raw_to_staging_dag.py for tasks to queue
[2025-05-11T07:03:05.914+0000] {logging_mixin.py:188} INFO - [2025-05-11T07:03:05.914+0000] {dagbag.py:538} INFO - Filling up the DagBag from /opt/airflow/dags/raw_to_staging_dag.py
[2025-05-11T07:03:05.934+0000] {logging_mixin.py:188} WARNING - /home/airflow/.local/lib/python3.8/site-packages/airflow/providers/common/sql/operators/sql.py:139 RemovedInAirflow3Warning: The 'task_concurrency' parameter is deprecated. Please use 'max_active_tis_per_dag'.
[2025-05-11T07:03:05.946+0000] {processor.py:840} INFO - DAG(s) 'raw_to_staging_dag' retrieved from /opt/airflow/dags/raw_to_staging_dag.py
[2025-05-11T07:03:05.973+0000] {logging_mixin.py:188} INFO - [2025-05-11T07:03:05.973+0000] {dag.py:3036} INFO - Sync 1 DAGs
[2025-05-11T07:03:06.000+0000] {processor.py:183} INFO - Processing /opt/airflow/dags/raw_to_staging_dag.py took 0.095 seconds
[2025-05-11T07:03:36.347+0000] {processor.py:161} INFO - Started process (PID=1197) to work on /opt/airflow/dags/raw_to_staging_dag.py
[2025-05-11T07:03:36.351+0000] {processor.py:830} INFO - Processing file /opt/airflow/dags/raw_to_staging_dag.py for tasks to queue
[2025-05-11T07:03:36.352+0000] {logging_mixin.py:188} INFO - [2025-05-11T07:03:36.351+0000] {dagbag.py:538} INFO - Filling up the DagBag from /opt/airflow/dags/raw_to_staging_dag.py
[2025-05-11T07:03:36.371+0000] {logging_mixin.py:188} WARNING - /home/airflow/.local/lib/python3.8/site-packages/airflow/providers/common/sql/operators/sql.py:139 RemovedInAirflow3Warning: The 'task_concurrency' parameter is deprecated. Please use 'max_active_tis_per_dag'.
[2025-05-11T07:03:36.394+0000] {processor.py:840} INFO - DAG(s) 'raw_to_staging_dag' retrieved from /opt/airflow/dags/raw_to_staging_dag.py
[2025-05-11T07:03:36.436+0000] {logging_mixin.py:188} INFO - [2025-05-11T07:03:36.436+0000] {dag.py:3036} INFO - Sync 1 DAGs
[2025-05-11T07:03:36.474+0000] {processor.py:183} INFO - Processing /opt/airflow/dags/raw_to_staging_dag.py took 0.134 seconds
[2025-05-11T07:19:30.608+0000] {processor.py:161} INFO - Started process (PID=1202) to work on /opt/airflow/dags/raw_to_staging_dag.py
[2025-05-11T07:19:30.609+0000] {processor.py:830} INFO - Processing file /opt/airflow/dags/raw_to_staging_dag.py for tasks to queue
[2025-05-11T07:19:30.611+0000] {logging_mixin.py:188} INFO - [2025-05-11T07:19:30.610+0000] {dagbag.py:538} INFO - Filling up the DagBag from /opt/airflow/dags/raw_to_staging_dag.py
[2025-05-11T07:19:30.645+0000] {logging_mixin.py:188} WARNING - /home/airflow/.local/lib/python3.8/site-packages/airflow/providers/common/sql/operators/sql.py:139 RemovedInAirflow3Warning: The 'task_concurrency' parameter is deprecated. Please use 'max_active_tis_per_dag'.
[2025-05-11T07:19:30.663+0000] {processor.py:840} INFO - DAG(s) 'raw_to_staging_dag' retrieved from /opt/airflow/dags/raw_to_staging_dag.py
[2025-05-11T07:19:30.714+0000] {logging_mixin.py:188} INFO - [2025-05-11T07:19:30.714+0000] {dag.py:3036} INFO - Sync 1 DAGs
[2025-05-11T07:19:30.753+0000] {processor.py:183} INFO - Processing /opt/airflow/dags/raw_to_staging_dag.py took 0.151 seconds
[2025-05-11T07:32:47.835+0000] {processor.py:161} INFO - Started process (PID=1369) to work on /opt/airflow/dags/raw_to_staging_dag.py
[2025-05-11T07:32:47.837+0000] {processor.py:830} INFO - Processing file /opt/airflow/dags/raw_to_staging_dag.py for tasks to queue
[2025-05-11T07:32:47.838+0000] {logging_mixin.py:188} INFO - [2025-05-11T07:32:47.837+0000] {dagbag.py:538} INFO - Filling up the DagBag from /opt/airflow/dags/raw_to_staging_dag.py
[2025-05-11T07:32:47.858+0000] {logging_mixin.py:188} WARNING - /home/airflow/.local/lib/python3.8/site-packages/airflow/providers/common/sql/operators/sql.py:139 RemovedInAirflow3Warning: The 'task_concurrency' parameter is deprecated. Please use 'max_active_tis_per_dag'.
[2025-05-11T07:32:47.870+0000] {processor.py:840} INFO - DAG(s) 'raw_to_staging_dag' retrieved from /opt/airflow/dags/raw_to_staging_dag.py
[2025-05-11T07:32:47.896+0000] {logging_mixin.py:188} INFO - [2025-05-11T07:32:47.896+0000] {dag.py:3036} INFO - Sync 1 DAGs
[2025-05-11T07:32:47.916+0000] {processor.py:183} INFO - Processing /opt/airflow/dags/raw_to_staging_dag.py took 0.088 seconds
[2025-05-11T07:34:01.611+0000] {processor.py:161} INFO - Started process (PID=1534) to work on /opt/airflow/dags/raw_to_staging_dag.py
[2025-05-11T07:34:01.614+0000] {processor.py:830} INFO - Processing file /opt/airflow/dags/raw_to_staging_dag.py for tasks to queue
[2025-05-11T07:34:01.615+0000] {logging_mixin.py:188} INFO - [2025-05-11T07:34:01.614+0000] {dagbag.py:538} INFO - Filling up the DagBag from /opt/airflow/dags/raw_to_staging_dag.py
[2025-05-11T07:34:01.633+0000] {logging_mixin.py:188} WARNING - /home/airflow/.local/lib/python3.8/site-packages/airflow/providers/common/sql/operators/sql.py:139 RemovedInAirflow3Warning: The 'task_concurrency' parameter is deprecated. Please use 'max_active_tis_per_dag'.
[2025-05-11T07:34:01.650+0000] {processor.py:840} INFO - DAG(s) 'raw_to_staging_dag' retrieved from /opt/airflow/dags/raw_to_staging_dag.py
[2025-05-11T07:34:01.685+0000] {logging_mixin.py:188} INFO - [2025-05-11T07:34:01.685+0000] {dag.py:3036} INFO - Sync 1 DAGs
[2025-05-11T07:34:01.708+0000] {processor.py:183} INFO - Processing /opt/airflow/dags/raw_to_staging_dag.py took 0.103 seconds
[2025-05-11T08:20:10.720+0000] {processor.py:161} INFO - Started process (PID=1541) to work on /opt/airflow/dags/raw_to_staging_dag.py
[2025-05-11T08:20:10.722+0000] {processor.py:830} INFO - Processing file /opt/airflow/dags/raw_to_staging_dag.py for tasks to queue
[2025-05-11T08:20:10.723+0000] {logging_mixin.py:188} INFO - [2025-05-11T08:20:10.722+0000] {dagbag.py:538} INFO - Filling up the DagBag from /opt/airflow/dags/raw_to_staging_dag.py
[2025-05-11T08:20:10.749+0000] {logging_mixin.py:188} WARNING - /home/airflow/.local/lib/python3.8/site-packages/airflow/providers/common/sql/operators/sql.py:139 RemovedInAirflow3Warning: The 'task_concurrency' parameter is deprecated. Please use 'max_active_tis_per_dag'.
[2025-05-11T08:20:10.770+0000] {processor.py:840} INFO - DAG(s) 'raw_to_staging_dag' retrieved from /opt/airflow/dags/raw_to_staging_dag.py
[2025-05-11T08:20:10.838+0000] {logging_mixin.py:188} INFO - [2025-05-11T08:20:10.838+0000] {dag.py:3036} INFO - Sync 1 DAGs
[2025-05-11T08:20:10.894+0000] {processor.py:183} INFO - Processing /opt/airflow/dags/raw_to_staging_dag.py took 0.180 seconds
[2025-05-11T08:36:06.636+0000] {processor.py:161} INFO - Started process (PID=1864) to work on /opt/airflow/dags/raw_to_staging_dag.py
[2025-05-11T08:36:06.642+0000] {processor.py:830} INFO - Processing file /opt/airflow/dags/raw_to_staging_dag.py for tasks to queue
[2025-05-11T08:36:06.659+0000] {logging_mixin.py:188} INFO - [2025-05-11T08:36:06.659+0000] {dagbag.py:538} INFO - Filling up the DagBag from /opt/airflow/dags/raw_to_staging_dag.py
[2025-05-11T08:36:06.777+0000] {logging_mixin.py:188} WARNING - /home/airflow/.local/lib/python3.8/site-packages/airflow/providers/common/sql/operators/sql.py:139 RemovedInAirflow3Warning: The 'task_concurrency' parameter is deprecated. Please use 'max_active_tis_per_dag'.
[2025-05-11T08:36:06.847+0000] {processor.py:840} INFO - DAG(s) 'raw_to_staging_dag' retrieved from /opt/airflow/dags/raw_to_staging_dag.py
[2025-05-11T08:36:07.041+0000] {logging_mixin.py:188} INFO - [2025-05-11T08:36:07.040+0000] {dag.py:3036} INFO - Sync 1 DAGs
[2025-05-11T08:36:07.309+0000] {processor.py:183} INFO - Processing /opt/airflow/dags/raw_to_staging_dag.py took 0.707 seconds
[2025-05-11T08:56:05.877+0000] {processor.py:161} INFO - Started process (PID=2015) to work on /opt/airflow/dags/raw_to_staging_dag.py
[2025-05-11T08:56:05.879+0000] {processor.py:830} INFO - Processing file /opt/airflow/dags/raw_to_staging_dag.py for tasks to queue
[2025-05-11T08:56:05.880+0000] {logging_mixin.py:188} INFO - [2025-05-11T08:56:05.880+0000] {dagbag.py:538} INFO - Filling up the DagBag from /opt/airflow/dags/raw_to_staging_dag.py
[2025-05-11T08:56:05.898+0000] {logging_mixin.py:188} WARNING - /home/airflow/.local/lib/python3.8/site-packages/airflow/providers/common/sql/operators/sql.py:139 RemovedInAirflow3Warning: The 'task_concurrency' parameter is deprecated. Please use 'max_active_tis_per_dag'.
[2025-05-11T08:56:05.912+0000] {processor.py:840} INFO - DAG(s) 'raw_to_staging_dag' retrieved from /opt/airflow/dags/raw_to_staging_dag.py
[2025-05-11T08:56:05.940+0000] {logging_mixin.py:188} INFO - [2025-05-11T08:56:05.940+0000] {dag.py:3036} INFO - Sync 1 DAGs
[2025-05-11T08:56:05.965+0000] {processor.py:183} INFO - Processing /opt/airflow/dags/raw_to_staging_dag.py took 0.094 seconds
[2025-05-11T09:21:05.796+0000] {processor.py:161} INFO - Started process (PID=2182) to work on /opt/airflow/dags/raw_to_staging_dag.py
[2025-05-11T09:21:05.797+0000] {processor.py:830} INFO - Processing file /opt/airflow/dags/raw_to_staging_dag.py for tasks to queue
[2025-05-11T09:21:05.799+0000] {logging_mixin.py:188} INFO - [2025-05-11T09:21:05.798+0000] {dagbag.py:538} INFO - Filling up the DagBag from /opt/airflow/dags/raw_to_staging_dag.py
[2025-05-11T09:21:05.827+0000] {logging_mixin.py:188} WARNING - /home/airflow/.local/lib/python3.8/site-packages/airflow/providers/common/sql/operators/sql.py:139 RemovedInAirflow3Warning: The 'task_concurrency' parameter is deprecated. Please use 'max_active_tis_per_dag'.
[2025-05-11T09:21:05.848+0000] {processor.py:840} INFO - DAG(s) 'raw_to_staging_dag' retrieved from /opt/airflow/dags/raw_to_staging_dag.py
[2025-05-11T09:21:05.901+0000] {logging_mixin.py:188} INFO - [2025-05-11T09:21:05.900+0000] {dag.py:3036} INFO - Sync 1 DAGs
[2025-05-11T09:21:06.055+0000] {processor.py:183} INFO - Processing /opt/airflow/dags/raw_to_staging_dag.py took 0.263 seconds
[2025-05-11T10:05:39.631+0000] {processor.py:161} INFO - Started process (PID=2421) to work on /opt/airflow/dags/raw_to_staging_dag.py
[2025-05-11T10:05:39.631+0000] {processor.py:830} INFO - Processing file /opt/airflow/dags/raw_to_staging_dag.py for tasks to queue
[2025-05-11T10:05:39.632+0000] {logging_mixin.py:188} INFO - [2025-05-11T10:05:39.632+0000] {dagbag.py:538} INFO - Filling up the DagBag from /opt/airflow/dags/raw_to_staging_dag.py
[2025-05-11T10:05:39.639+0000] {logging_mixin.py:188} WARNING - /home/airflow/.local/lib/python3.8/site-packages/airflow/providers/common/sql/operators/sql.py:139 RemovedInAirflow3Warning: The 'task_concurrency' parameter is deprecated. Please use 'max_active_tis_per_dag'.
[2025-05-11T10:05:39.645+0000] {processor.py:840} INFO - DAG(s) 'raw_to_staging_dag' retrieved from /opt/airflow/dags/raw_to_staging_dag.py
[2025-05-11T10:05:39.661+0000] {logging_mixin.py:188} INFO - [2025-05-11T10:05:39.661+0000] {dag.py:3036} INFO - Sync 1 DAGs
[2025-05-11T10:05:39.677+0000] {processor.py:183} INFO - Processing /opt/airflow/dags/raw_to_staging_dag.py took 0.050 seconds
[2025-05-11T10:38:51.994+0000] {processor.py:161} INFO - Started process (PID=2618) to work on /opt/airflow/dags/raw_to_staging_dag.py
[2025-05-11T10:38:52.009+0000] {processor.py:830} INFO - Processing file /opt/airflow/dags/raw_to_staging_dag.py for tasks to queue
[2025-05-11T10:38:52.038+0000] {logging_mixin.py:188} INFO - [2025-05-11T10:38:52.010+0000] {dagbag.py:538} INFO - Filling up the DagBag from /opt/airflow/dags/raw_to_staging_dag.py
[2025-05-11T10:38:52.157+0000] {logging_mixin.py:188} WARNING - /home/airflow/.local/lib/python3.8/site-packages/airflow/providers/common/sql/operators/sql.py:139 RemovedInAirflow3Warning: The 'task_concurrency' parameter is deprecated. Please use 'max_active_tis_per_dag'.
[2025-05-11T10:38:52.352+0000] {processor.py:840} INFO - DAG(s) 'raw_to_staging_dag' retrieved from /opt/airflow/dags/raw_to_staging_dag.py
[2025-05-11T10:38:52.476+0000] {logging_mixin.py:188} INFO - [2025-05-11T10:38:52.476+0000] {dag.py:3036} INFO - Sync 1 DAGs
[2025-05-11T10:38:52.606+0000] {processor.py:183} INFO - Processing /opt/airflow/dags/raw_to_staging_dag.py took 0.722 seconds
[2025-05-11T11:06:33.688+0000] {processor.py:161} INFO - Started process (PID=2767) to work on /opt/airflow/dags/raw_to_staging_dag.py
[2025-05-11T11:06:33.691+0000] {processor.py:830} INFO - Processing file /opt/airflow/dags/raw_to_staging_dag.py for tasks to queue
[2025-05-11T11:06:33.694+0000] {logging_mixin.py:188} INFO - [2025-05-11T11:06:33.694+0000] {dagbag.py:538} INFO - Filling up the DagBag from /opt/airflow/dags/raw_to_staging_dag.py
[2025-05-11T11:06:33.714+0000] {logging_mixin.py:188} WARNING - /home/airflow/.local/lib/python3.8/site-packages/airflow/providers/common/sql/operators/sql.py:139 RemovedInAirflow3Warning: The 'task_concurrency' parameter is deprecated. Please use 'max_active_tis_per_dag'.
[2025-05-11T11:06:33.730+0000] {processor.py:840} INFO - DAG(s) 'raw_to_staging_dag' retrieved from /opt/airflow/dags/raw_to_staging_dag.py
[2025-05-11T11:06:33.759+0000] {logging_mixin.py:188} INFO - [2025-05-11T11:06:33.759+0000] {dag.py:3036} INFO - Sync 1 DAGs
[2025-05-11T11:06:33.784+0000] {processor.py:183} INFO - Processing /opt/airflow/dags/raw_to_staging_dag.py took 0.106 seconds
[2025-05-11T11:49:45.964+0000] {processor.py:161} INFO - Started process (PID=2984) to work on /opt/airflow/dags/raw_to_staging_dag.py
[2025-05-11T11:49:45.969+0000] {processor.py:830} INFO - Processing file /opt/airflow/dags/raw_to_staging_dag.py for tasks to queue
[2025-05-11T11:49:45.972+0000] {logging_mixin.py:188} INFO - [2025-05-11T11:49:45.971+0000] {dagbag.py:538} INFO - Filling up the DagBag from /opt/airflow/dags/raw_to_staging_dag.py
[2025-05-11T11:49:46.012+0000] {logging_mixin.py:188} WARNING - /home/airflow/.local/lib/python3.8/site-packages/airflow/providers/common/sql/operators/sql.py:139 RemovedInAirflow3Warning: The 'task_concurrency' parameter is deprecated. Please use 'max_active_tis_per_dag'.
[2025-05-11T11:49:46.053+0000] {processor.py:840} INFO - DAG(s) 'raw_to_staging_dag' retrieved from /opt/airflow/dags/raw_to_staging_dag.py
[2025-05-11T11:49:46.115+0000] {logging_mixin.py:188} INFO - [2025-05-11T11:49:46.114+0000] {dag.py:3036} INFO - Sync 1 DAGs
[2025-05-11T11:49:46.296+0000] {processor.py:183} INFO - Processing /opt/airflow/dags/raw_to_staging_dag.py took 0.339 seconds
[2025-05-11T12:41:02.042+0000] {processor.py:161} INFO - Started process (PID=3244) to work on /opt/airflow/dags/raw_to_staging_dag.py
[2025-05-11T12:41:02.062+0000] {processor.py:830} INFO - Processing file /opt/airflow/dags/raw_to_staging_dag.py for tasks to queue
[2025-05-11T12:41:02.111+0000] {logging_mixin.py:188} INFO - [2025-05-11T12:41:02.109+0000] {dagbag.py:538} INFO - Filling up the DagBag from /opt/airflow/dags/raw_to_staging_dag.py
[2025-05-11T12:41:02.468+0000] {logging_mixin.py:188} WARNING - /home/airflow/.local/lib/python3.8/site-packages/airflow/providers/common/sql/operators/sql.py:139 RemovedInAirflow3Warning: The 'task_concurrency' parameter is deprecated. Please use 'max_active_tis_per_dag'.
[2025-05-11T12:41:02.595+0000] {processor.py:840} INFO - DAG(s) 'raw_to_staging_dag' retrieved from /opt/airflow/dags/raw_to_staging_dag.py
[2025-05-11T12:41:02.706+0000] {logging_mixin.py:188} INFO - [2025-05-11T12:41:02.706+0000] {dag.py:3036} INFO - Sync 1 DAGs
[2025-05-11T12:41:03.057+0000] {processor.py:183} INFO - Processing /opt/airflow/dags/raw_to_staging_dag.py took 1.046 seconds
[2025-05-11T12:41:33.238+0000] {processor.py:161} INFO - Started process (PID=3390) to work on /opt/airflow/dags/raw_to_staging_dag.py
[2025-05-11T12:41:33.240+0000] {processor.py:830} INFO - Processing file /opt/airflow/dags/raw_to_staging_dag.py for tasks to queue
[2025-05-11T12:41:33.242+0000] {logging_mixin.py:188} INFO - [2025-05-11T12:41:33.241+0000] {dagbag.py:538} INFO - Filling up the DagBag from /opt/airflow/dags/raw_to_staging_dag.py
[2025-05-11T12:41:33.258+0000] {logging_mixin.py:188} WARNING - /home/airflow/.local/lib/python3.8/site-packages/airflow/providers/common/sql/operators/sql.py:139 RemovedInAirflow3Warning: The 'task_concurrency' parameter is deprecated. Please use 'max_active_tis_per_dag'.
[2025-05-11T12:41:33.273+0000] {processor.py:840} INFO - DAG(s) 'raw_to_staging_dag' retrieved from /opt/airflow/dags/raw_to_staging_dag.py
[2025-05-11T12:41:33.301+0000] {logging_mixin.py:188} INFO - [2025-05-11T12:41:33.300+0000] {dag.py:3036} INFO - Sync 1 DAGs
[2025-05-11T12:41:33.359+0000] {processor.py:183} INFO - Processing /opt/airflow/dags/raw_to_staging_dag.py took 0.125 seconds
[2025-05-11T13:02:35.914+0000] {processor.py:161} INFO - Started process (PID=3395) to work on /opt/airflow/dags/raw_to_staging_dag.py
[2025-05-11T13:02:35.915+0000] {processor.py:830} INFO - Processing file /opt/airflow/dags/raw_to_staging_dag.py for tasks to queue
[2025-05-11T13:02:35.917+0000] {logging_mixin.py:188} INFO - [2025-05-11T13:02:35.916+0000] {dagbag.py:538} INFO - Filling up the DagBag from /opt/airflow/dags/raw_to_staging_dag.py
[2025-05-11T13:02:35.937+0000] {logging_mixin.py:188} WARNING - /home/airflow/.local/lib/python3.8/site-packages/airflow/providers/common/sql/operators/sql.py:139 RemovedInAirflow3Warning: The 'task_concurrency' parameter is deprecated. Please use 'max_active_tis_per_dag'.
[2025-05-11T13:02:35.951+0000] {processor.py:840} INFO - DAG(s) 'raw_to_staging_dag' retrieved from /opt/airflow/dags/raw_to_staging_dag.py
[2025-05-11T13:02:35.976+0000] {logging_mixin.py:188} INFO - [2025-05-11T13:02:35.976+0000] {dag.py:3036} INFO - Sync 1 DAGs
[2025-05-11T13:02:36.013+0000] {processor.py:183} INFO - Processing /opt/airflow/dags/raw_to_staging_dag.py took 0.103 seconds
[2025-05-11T13:03:06.919+0000] {processor.py:161} INFO - Started process (PID=3610) to work on /opt/airflow/dags/raw_to_staging_dag.py
[2025-05-11T13:03:06.921+0000] {processor.py:830} INFO - Processing file /opt/airflow/dags/raw_to_staging_dag.py for tasks to queue
[2025-05-11T13:03:06.922+0000] {logging_mixin.py:188} INFO - [2025-05-11T13:03:06.921+0000] {dagbag.py:538} INFO - Filling up the DagBag from /opt/airflow/dags/raw_to_staging_dag.py
[2025-05-11T13:03:06.938+0000] {logging_mixin.py:188} WARNING - /home/airflow/.local/lib/python3.8/site-packages/airflow/providers/common/sql/operators/sql.py:139 RemovedInAirflow3Warning: The 'task_concurrency' parameter is deprecated. Please use 'max_active_tis_per_dag'.
[2025-05-11T13:03:06.948+0000] {processor.py:840} INFO - DAG(s) 'raw_to_staging_dag' retrieved from /opt/airflow/dags/raw_to_staging_dag.py
[2025-05-11T13:03:06.977+0000] {logging_mixin.py:188} INFO - [2025-05-11T13:03:06.977+0000] {dag.py:3036} INFO - Sync 1 DAGs
[2025-05-11T13:03:07.035+0000] {processor.py:183} INFO - Processing /opt/airflow/dags/raw_to_staging_dag.py took 0.121 seconds
[2025-05-11T13:03:37.355+0000] {processor.py:161} INFO - Started process (PID=3615) to work on /opt/airflow/dags/raw_to_staging_dag.py
[2025-05-11T13:03:37.357+0000] {processor.py:830} INFO - Processing file /opt/airflow/dags/raw_to_staging_dag.py for tasks to queue
[2025-05-11T13:03:37.359+0000] {logging_mixin.py:188} INFO - [2025-05-11T13:03:37.358+0000] {dagbag.py:538} INFO - Filling up the DagBag from /opt/airflow/dags/raw_to_staging_dag.py
[2025-05-11T13:03:37.381+0000] {logging_mixin.py:188} WARNING - /home/airflow/.local/lib/python3.8/site-packages/airflow/providers/common/sql/operators/sql.py:139 RemovedInAirflow3Warning: The 'task_concurrency' parameter is deprecated. Please use 'max_active_tis_per_dag'.
[2025-05-11T13:03:37.394+0000] {processor.py:840} INFO - DAG(s) 'raw_to_staging_dag' retrieved from /opt/airflow/dags/raw_to_staging_dag.py
[2025-05-11T13:03:37.422+0000] {logging_mixin.py:188} INFO - [2025-05-11T13:03:37.422+0000] {dag.py:3036} INFO - Sync 1 DAGs
[2025-05-11T13:03:37.448+0000] {processor.py:183} INFO - Processing /opt/airflow/dags/raw_to_staging_dag.py took 0.098 seconds
[2025-05-11T13:04:07.746+0000] {processor.py:161} INFO - Started process (PID=3620) to work on /opt/airflow/dags/raw_to_staging_dag.py
[2025-05-11T13:04:07.748+0000] {processor.py:830} INFO - Processing file /opt/airflow/dags/raw_to_staging_dag.py for tasks to queue
[2025-05-11T13:04:07.749+0000] {logging_mixin.py:188} INFO - [2025-05-11T13:04:07.749+0000] {dagbag.py:538} INFO - Filling up the DagBag from /opt/airflow/dags/raw_to_staging_dag.py
[2025-05-11T13:04:07.766+0000] {logging_mixin.py:188} WARNING - /home/airflow/.local/lib/python3.8/site-packages/airflow/providers/common/sql/operators/sql.py:139 RemovedInAirflow3Warning: The 'task_concurrency' parameter is deprecated. Please use 'max_active_tis_per_dag'.
[2025-05-11T13:04:07.778+0000] {processor.py:840} INFO - DAG(s) 'raw_to_staging_dag' retrieved from /opt/airflow/dags/raw_to_staging_dag.py
[2025-05-11T13:04:07.803+0000] {logging_mixin.py:188} INFO - [2025-05-11T13:04:07.803+0000] {dag.py:3036} INFO - Sync 1 DAGs
[2025-05-11T13:04:07.831+0000] {processor.py:183} INFO - Processing /opt/airflow/dags/raw_to_staging_dag.py took 0.089 seconds
[2025-05-11T13:04:38.120+0000] {processor.py:161} INFO - Started process (PID=3625) to work on /opt/airflow/dags/raw_to_staging_dag.py
[2025-05-11T13:04:38.122+0000] {processor.py:830} INFO - Processing file /opt/airflow/dags/raw_to_staging_dag.py for tasks to queue
[2025-05-11T13:04:38.123+0000] {logging_mixin.py:188} INFO - [2025-05-11T13:04:38.123+0000] {dagbag.py:538} INFO - Filling up the DagBag from /opt/airflow/dags/raw_to_staging_dag.py
[2025-05-11T13:04:38.141+0000] {logging_mixin.py:188} WARNING - /home/airflow/.local/lib/python3.8/site-packages/airflow/providers/common/sql/operators/sql.py:139 RemovedInAirflow3Warning: The 'task_concurrency' parameter is deprecated. Please use 'max_active_tis_per_dag'.
[2025-05-11T13:04:38.154+0000] {processor.py:840} INFO - DAG(s) 'raw_to_staging_dag' retrieved from /opt/airflow/dags/raw_to_staging_dag.py
[2025-05-11T13:04:38.179+0000] {logging_mixin.py:188} INFO - [2025-05-11T13:04:38.179+0000] {dag.py:3036} INFO - Sync 1 DAGs
[2025-05-11T13:04:38.208+0000] {processor.py:183} INFO - Processing /opt/airflow/dags/raw_to_staging_dag.py took 0.094 seconds
[2025-05-11T13:05:08.436+0000] {processor.py:161} INFO - Started process (PID=3630) to work on /opt/airflow/dags/raw_to_staging_dag.py
[2025-05-11T13:05:08.437+0000] {processor.py:830} INFO - Processing file /opt/airflow/dags/raw_to_staging_dag.py for tasks to queue
[2025-05-11T13:05:08.438+0000] {logging_mixin.py:188} INFO - [2025-05-11T13:05:08.438+0000] {dagbag.py:538} INFO - Filling up the DagBag from /opt/airflow/dags/raw_to_staging_dag.py
[2025-05-11T13:05:08.457+0000] {logging_mixin.py:188} WARNING - /home/airflow/.local/lib/python3.8/site-packages/airflow/providers/common/sql/operators/sql.py:139 RemovedInAirflow3Warning: The 'task_concurrency' parameter is deprecated. Please use 'max_active_tis_per_dag'.
[2025-05-11T13:05:08.469+0000] {processor.py:840} INFO - DAG(s) 'raw_to_staging_dag' retrieved from /opt/airflow/dags/raw_to_staging_dag.py
[2025-05-11T13:05:08.492+0000] {logging_mixin.py:188} INFO - [2025-05-11T13:05:08.492+0000] {dag.py:3036} INFO - Sync 1 DAGs
[2025-05-11T13:05:08.516+0000] {processor.py:183} INFO - Processing /opt/airflow/dags/raw_to_staging_dag.py took 0.084 seconds
[2025-05-11T13:05:38.815+0000] {processor.py:161} INFO - Started process (PID=3635) to work on /opt/airflow/dags/raw_to_staging_dag.py
[2025-05-11T13:05:38.817+0000] {processor.py:830} INFO - Processing file /opt/airflow/dags/raw_to_staging_dag.py for tasks to queue
[2025-05-11T13:05:38.818+0000] {logging_mixin.py:188} INFO - [2025-05-11T13:05:38.818+0000] {dagbag.py:538} INFO - Filling up the DagBag from /opt/airflow/dags/raw_to_staging_dag.py
[2025-05-11T13:05:38.833+0000] {logging_mixin.py:188} WARNING - /home/airflow/.local/lib/python3.8/site-packages/airflow/providers/common/sql/operators/sql.py:139 RemovedInAirflow3Warning: The 'task_concurrency' parameter is deprecated. Please use 'max_active_tis_per_dag'.
[2025-05-11T13:05:38.846+0000] {processor.py:840} INFO - DAG(s) 'raw_to_staging_dag' retrieved from /opt/airflow/dags/raw_to_staging_dag.py
[2025-05-11T13:05:38.869+0000] {logging_mixin.py:188} INFO - [2025-05-11T13:05:38.869+0000] {dag.py:3036} INFO - Sync 1 DAGs
[2025-05-11T13:05:38.927+0000] {processor.py:183} INFO - Processing /opt/airflow/dags/raw_to_staging_dag.py took 0.118 seconds
[2025-05-11T13:33:15.748+0000] {processor.py:161} INFO - Started process (PID=3645) to work on /opt/airflow/dags/raw_to_staging_dag.py
[2025-05-11T13:33:15.776+0000] {processor.py:830} INFO - Processing file /opt/airflow/dags/raw_to_staging_dag.py for tasks to queue
[2025-05-11T13:33:15.786+0000] {logging_mixin.py:188} INFO - [2025-05-11T13:33:15.778+0000] {dagbag.py:538} INFO - Filling up the DagBag from /opt/airflow/dags/raw_to_staging_dag.py
[2025-05-11T13:33:16.205+0000] {logging_mixin.py:188} WARNING - /home/airflow/.local/lib/python3.8/site-packages/airflow/providers/common/sql/operators/sql.py:139 RemovedInAirflow3Warning: The 'task_concurrency' parameter is deprecated. Please use 'max_active_tis_per_dag'.
[2025-05-11T13:33:16.554+0000] {processor.py:840} INFO - DAG(s) 'raw_to_staging_dag' retrieved from /opt/airflow/dags/raw_to_staging_dag.py
[2025-05-11T13:33:16.682+0000] {logging_mixin.py:188} INFO - [2025-05-11T13:33:16.682+0000] {dag.py:3036} INFO - Sync 1 DAGs
[2025-05-11T13:33:17.055+0000] {processor.py:183} INFO - Processing /opt/airflow/dags/raw_to_staging_dag.py took 1.347 seconds
[2025-05-11T13:33:47.244+0000] {processor.py:161} INFO - Started process (PID=3865) to work on /opt/airflow/dags/raw_to_staging_dag.py
[2025-05-11T13:33:47.246+0000] {processor.py:830} INFO - Processing file /opt/airflow/dags/raw_to_staging_dag.py for tasks to queue
[2025-05-11T13:33:47.247+0000] {logging_mixin.py:188} INFO - [2025-05-11T13:33:47.247+0000] {dagbag.py:538} INFO - Filling up the DagBag from /opt/airflow/dags/raw_to_staging_dag.py
[2025-05-11T13:33:47.259+0000] {logging_mixin.py:188} WARNING - /home/airflow/.local/lib/python3.8/site-packages/airflow/providers/common/sql/operators/sql.py:139 RemovedInAirflow3Warning: The 'task_concurrency' parameter is deprecated. Please use 'max_active_tis_per_dag'.
[2025-05-11T13:33:47.267+0000] {processor.py:840} INFO - DAG(s) 'raw_to_staging_dag' retrieved from /opt/airflow/dags/raw_to_staging_dag.py
[2025-05-11T13:33:47.285+0000] {logging_mixin.py:188} INFO - [2025-05-11T13:33:47.285+0000] {dag.py:3036} INFO - Sync 1 DAGs
[2025-05-11T13:33:47.318+0000] {processor.py:183} INFO - Processing /opt/airflow/dags/raw_to_staging_dag.py took 0.078 seconds
[2025-05-11T13:34:17.587+0000] {processor.py:161} INFO - Started process (PID=3870) to work on /opt/airflow/dags/raw_to_staging_dag.py
[2025-05-11T13:34:17.589+0000] {processor.py:830} INFO - Processing file /opt/airflow/dags/raw_to_staging_dag.py for tasks to queue
[2025-05-11T13:34:17.590+0000] {logging_mixin.py:188} INFO - [2025-05-11T13:34:17.589+0000] {dagbag.py:538} INFO - Filling up the DagBag from /opt/airflow/dags/raw_to_staging_dag.py
[2025-05-11T13:34:17.609+0000] {logging_mixin.py:188} WARNING - /home/airflow/.local/lib/python3.8/site-packages/airflow/providers/common/sql/operators/sql.py:139 RemovedInAirflow3Warning: The 'task_concurrency' parameter is deprecated. Please use 'max_active_tis_per_dag'.
[2025-05-11T13:34:17.630+0000] {processor.py:840} INFO - DAG(s) 'raw_to_staging_dag' retrieved from /opt/airflow/dags/raw_to_staging_dag.py
[2025-05-11T13:34:17.652+0000] {logging_mixin.py:188} INFO - [2025-05-11T13:34:17.652+0000] {dag.py:3036} INFO - Sync 1 DAGs
[2025-05-11T13:34:17.677+0000] {processor.py:183} INFO - Processing /opt/airflow/dags/raw_to_staging_dag.py took 0.093 seconds
[2025-05-11T13:34:47.944+0000] {processor.py:161} INFO - Started process (PID=3875) to work on /opt/airflow/dags/raw_to_staging_dag.py
[2025-05-11T13:34:47.946+0000] {processor.py:830} INFO - Processing file /opt/airflow/dags/raw_to_staging_dag.py for tasks to queue
[2025-05-11T13:34:47.947+0000] {logging_mixin.py:188} INFO - [2025-05-11T13:34:47.946+0000] {dagbag.py:538} INFO - Filling up the DagBag from /opt/airflow/dags/raw_to_staging_dag.py
[2025-05-11T13:34:47.965+0000] {logging_mixin.py:188} WARNING - /home/airflow/.local/lib/python3.8/site-packages/airflow/providers/common/sql/operators/sql.py:139 RemovedInAirflow3Warning: The 'task_concurrency' parameter is deprecated. Please use 'max_active_tis_per_dag'.
[2025-05-11T13:34:47.976+0000] {processor.py:840} INFO - DAG(s) 'raw_to_staging_dag' retrieved from /opt/airflow/dags/raw_to_staging_dag.py
[2025-05-11T13:34:47.999+0000] {logging_mixin.py:188} INFO - [2025-05-11T13:34:47.999+0000] {dag.py:3036} INFO - Sync 1 DAGs
[2025-05-11T13:34:48.021+0000] {processor.py:183} INFO - Processing /opt/airflow/dags/raw_to_staging_dag.py took 0.082 seconds
[2025-05-11T13:35:18.286+0000] {processor.py:161} INFO - Started process (PID=3880) to work on /opt/airflow/dags/raw_to_staging_dag.py
[2025-05-11T13:35:18.289+0000] {processor.py:830} INFO - Processing file /opt/airflow/dags/raw_to_staging_dag.py for tasks to queue
[2025-05-11T13:35:18.293+0000] {logging_mixin.py:188} INFO - [2025-05-11T13:35:18.291+0000] {dagbag.py:538} INFO - Filling up the DagBag from /opt/airflow/dags/raw_to_staging_dag.py
[2025-05-11T13:35:18.312+0000] {logging_mixin.py:188} WARNING - /home/airflow/.local/lib/python3.8/site-packages/airflow/providers/common/sql/operators/sql.py:139 RemovedInAirflow3Warning: The 'task_concurrency' parameter is deprecated. Please use 'max_active_tis_per_dag'.
[2025-05-11T13:35:18.329+0000] {processor.py:840} INFO - DAG(s) 'raw_to_staging_dag' retrieved from /opt/airflow/dags/raw_to_staging_dag.py
[2025-05-11T13:35:18.359+0000] {logging_mixin.py:188} INFO - [2025-05-11T13:35:18.358+0000] {dag.py:3036} INFO - Sync 1 DAGs
[2025-05-11T13:35:18.386+0000] {processor.py:183} INFO - Processing /opt/airflow/dags/raw_to_staging_dag.py took 0.105 seconds
[2025-05-11T13:35:48.630+0000] {processor.py:161} INFO - Started process (PID=3885) to work on /opt/airflow/dags/raw_to_staging_dag.py
[2025-05-11T13:35:48.633+0000] {processor.py:830} INFO - Processing file /opt/airflow/dags/raw_to_staging_dag.py for tasks to queue
[2025-05-11T13:35:48.634+0000] {logging_mixin.py:188} INFO - [2025-05-11T13:35:48.634+0000] {dagbag.py:538} INFO - Filling up the DagBag from /opt/airflow/dags/raw_to_staging_dag.py
[2025-05-11T13:35:48.652+0000] {logging_mixin.py:188} WARNING - /home/airflow/.local/lib/python3.8/site-packages/airflow/providers/common/sql/operators/sql.py:139 RemovedInAirflow3Warning: The 'task_concurrency' parameter is deprecated. Please use 'max_active_tis_per_dag'.
[2025-05-11T13:35:48.665+0000] {processor.py:840} INFO - DAG(s) 'raw_to_staging_dag' retrieved from /opt/airflow/dags/raw_to_staging_dag.py
[2025-05-11T13:35:48.693+0000] {logging_mixin.py:188} INFO - [2025-05-11T13:35:48.693+0000] {dag.py:3036} INFO - Sync 1 DAGs
[2025-05-11T13:35:48.719+0000] {processor.py:183} INFO - Processing /opt/airflow/dags/raw_to_staging_dag.py took 0.095 seconds
[2025-05-11T13:36:18.995+0000] {processor.py:161} INFO - Started process (PID=3890) to work on /opt/airflow/dags/raw_to_staging_dag.py
[2025-05-11T13:36:18.998+0000] {processor.py:830} INFO - Processing file /opt/airflow/dags/raw_to_staging_dag.py for tasks to queue
[2025-05-11T13:36:19.001+0000] {logging_mixin.py:188} INFO - [2025-05-11T13:36:19.000+0000] {dagbag.py:538} INFO - Filling up the DagBag from /opt/airflow/dags/raw_to_staging_dag.py
[2025-05-11T13:36:19.025+0000] {logging_mixin.py:188} WARNING - /home/airflow/.local/lib/python3.8/site-packages/airflow/providers/common/sql/operators/sql.py:139 RemovedInAirflow3Warning: The 'task_concurrency' parameter is deprecated. Please use 'max_active_tis_per_dag'.
[2025-05-11T13:36:19.036+0000] {processor.py:840} INFO - DAG(s) 'raw_to_staging_dag' retrieved from /opt/airflow/dags/raw_to_staging_dag.py
[2025-05-11T13:36:19.065+0000] {logging_mixin.py:188} INFO - [2025-05-11T13:36:19.064+0000] {dag.py:3036} INFO - Sync 1 DAGs
[2025-05-11T13:36:19.085+0000] {processor.py:183} INFO - Processing /opt/airflow/dags/raw_to_staging_dag.py took 0.098 seconds
[2025-05-11T13:36:49.385+0000] {processor.py:161} INFO - Started process (PID=3895) to work on /opt/airflow/dags/raw_to_staging_dag.py
[2025-05-11T13:36:49.387+0000] {processor.py:830} INFO - Processing file /opt/airflow/dags/raw_to_staging_dag.py for tasks to queue
[2025-05-11T13:36:49.390+0000] {logging_mixin.py:188} INFO - [2025-05-11T13:36:49.389+0000] {dagbag.py:538} INFO - Filling up the DagBag from /opt/airflow/dags/raw_to_staging_dag.py
[2025-05-11T13:36:49.409+0000] {logging_mixin.py:188} WARNING - /home/airflow/.local/lib/python3.8/site-packages/airflow/providers/common/sql/operators/sql.py:139 RemovedInAirflow3Warning: The 'task_concurrency' parameter is deprecated. Please use 'max_active_tis_per_dag'.
[2025-05-11T13:36:49.421+0000] {processor.py:840} INFO - DAG(s) 'raw_to_staging_dag' retrieved from /opt/airflow/dags/raw_to_staging_dag.py
[2025-05-11T13:36:49.448+0000] {logging_mixin.py:188} INFO - [2025-05-11T13:36:49.448+0000] {dag.py:3036} INFO - Sync 1 DAGs
[2025-05-11T13:36:49.468+0000] {processor.py:183} INFO - Processing /opt/airflow/dags/raw_to_staging_dag.py took 0.090 seconds
[2025-05-11T13:37:19.759+0000] {processor.py:161} INFO - Started process (PID=3900) to work on /opt/airflow/dags/raw_to_staging_dag.py
[2025-05-11T13:37:19.762+0000] {processor.py:830} INFO - Processing file /opt/airflow/dags/raw_to_staging_dag.py for tasks to queue
[2025-05-11T13:37:19.763+0000] {logging_mixin.py:188} INFO - [2025-05-11T13:37:19.763+0000] {dagbag.py:538} INFO - Filling up the DagBag from /opt/airflow/dags/raw_to_staging_dag.py
[2025-05-11T13:37:19.785+0000] {logging_mixin.py:188} WARNING - /home/airflow/.local/lib/python3.8/site-packages/airflow/providers/common/sql/operators/sql.py:139 RemovedInAirflow3Warning: The 'task_concurrency' parameter is deprecated. Please use 'max_active_tis_per_dag'.
[2025-05-11T13:37:19.795+0000] {processor.py:840} INFO - DAG(s) 'raw_to_staging_dag' retrieved from /opt/airflow/dags/raw_to_staging_dag.py
[2025-05-11T13:37:19.820+0000] {logging_mixin.py:188} INFO - [2025-05-11T13:37:19.820+0000] {dag.py:3036} INFO - Sync 1 DAGs
[2025-05-11T13:37:19.841+0000] {processor.py:183} INFO - Processing /opt/airflow/dags/raw_to_staging_dag.py took 0.088 seconds
[2025-05-11T13:37:50.170+0000] {processor.py:161} INFO - Started process (PID=3905) to work on /opt/airflow/dags/raw_to_staging_dag.py
[2025-05-11T13:37:50.173+0000] {processor.py:830} INFO - Processing file /opt/airflow/dags/raw_to_staging_dag.py for tasks to queue
[2025-05-11T13:37:50.175+0000] {logging_mixin.py:188} INFO - [2025-05-11T13:37:50.174+0000] {dagbag.py:538} INFO - Filling up the DagBag from /opt/airflow/dags/raw_to_staging_dag.py
[2025-05-11T13:37:50.192+0000] {logging_mixin.py:188} WARNING - /home/airflow/.local/lib/python3.8/site-packages/airflow/providers/common/sql/operators/sql.py:139 RemovedInAirflow3Warning: The 'task_concurrency' parameter is deprecated. Please use 'max_active_tis_per_dag'.
[2025-05-11T13:37:50.203+0000] {processor.py:840} INFO - DAG(s) 'raw_to_staging_dag' retrieved from /opt/airflow/dags/raw_to_staging_dag.py
[2025-05-11T13:37:50.229+0000] {logging_mixin.py:188} INFO - [2025-05-11T13:37:50.229+0000] {dag.py:3036} INFO - Sync 1 DAGs
[2025-05-11T13:37:50.250+0000] {processor.py:183} INFO - Processing /opt/airflow/dags/raw_to_staging_dag.py took 0.087 seconds
[2025-05-11T13:38:20.652+0000] {processor.py:161} INFO - Started process (PID=3910) to work on /opt/airflow/dags/raw_to_staging_dag.py
[2025-05-11T13:38:20.654+0000] {processor.py:830} INFO - Processing file /opt/airflow/dags/raw_to_staging_dag.py for tasks to queue
[2025-05-11T13:38:20.655+0000] {logging_mixin.py:188} INFO - [2025-05-11T13:38:20.655+0000] {dagbag.py:538} INFO - Filling up the DagBag from /opt/airflow/dags/raw_to_staging_dag.py
[2025-05-11T13:38:20.680+0000] {logging_mixin.py:188} WARNING - /home/airflow/.local/lib/python3.8/site-packages/airflow/providers/common/sql/operators/sql.py:139 RemovedInAirflow3Warning: The 'task_concurrency' parameter is deprecated. Please use 'max_active_tis_per_dag'.
[2025-05-11T13:38:20.692+0000] {processor.py:840} INFO - DAG(s) 'raw_to_staging_dag' retrieved from /opt/airflow/dags/raw_to_staging_dag.py
[2025-05-11T13:38:20.723+0000] {logging_mixin.py:188} INFO - [2025-05-11T13:38:20.723+0000] {dag.py:3036} INFO - Sync 1 DAGs
[2025-05-11T13:38:20.748+0000] {processor.py:183} INFO - Processing /opt/airflow/dags/raw_to_staging_dag.py took 0.103 seconds
[2025-05-11T13:38:51.086+0000] {processor.py:161} INFO - Started process (PID=4085) to work on /opt/airflow/dags/raw_to_staging_dag.py
[2025-05-11T13:38:51.088+0000] {processor.py:830} INFO - Processing file /opt/airflow/dags/raw_to_staging_dag.py for tasks to queue
[2025-05-11T13:38:51.090+0000] {logging_mixin.py:188} INFO - [2025-05-11T13:38:51.089+0000] {dagbag.py:538} INFO - Filling up the DagBag from /opt/airflow/dags/raw_to_staging_dag.py
[2025-05-11T13:38:51.105+0000] {logging_mixin.py:188} WARNING - /home/airflow/.local/lib/python3.8/site-packages/airflow/providers/common/sql/operators/sql.py:139 RemovedInAirflow3Warning: The 'task_concurrency' parameter is deprecated. Please use 'max_active_tis_per_dag'.
[2025-05-11T13:38:51.114+0000] {processor.py:840} INFO - DAG(s) 'raw_to_staging_dag' retrieved from /opt/airflow/dags/raw_to_staging_dag.py
[2025-05-11T13:38:51.131+0000] {logging_mixin.py:188} INFO - [2025-05-11T13:38:51.131+0000] {dag.py:3036} INFO - Sync 1 DAGs
[2025-05-11T13:38:51.149+0000] {processor.py:183} INFO - Processing /opt/airflow/dags/raw_to_staging_dag.py took 0.069 seconds
[2025-05-11T13:39:21.548+0000] {processor.py:161} INFO - Started process (PID=4090) to work on /opt/airflow/dags/raw_to_staging_dag.py
[2025-05-11T13:39:21.551+0000] {processor.py:830} INFO - Processing file /opt/airflow/dags/raw_to_staging_dag.py for tasks to queue
[2025-05-11T13:39:21.552+0000] {logging_mixin.py:188} INFO - [2025-05-11T13:39:21.551+0000] {dagbag.py:538} INFO - Filling up the DagBag from /opt/airflow/dags/raw_to_staging_dag.py
[2025-05-11T13:39:21.567+0000] {logging_mixin.py:188} WARNING - /home/airflow/.local/lib/python3.8/site-packages/airflow/providers/common/sql/operators/sql.py:139 RemovedInAirflow3Warning: The 'task_concurrency' parameter is deprecated. Please use 'max_active_tis_per_dag'.
[2025-05-11T13:39:21.578+0000] {processor.py:840} INFO - DAG(s) 'raw_to_staging_dag' retrieved from /opt/airflow/dags/raw_to_staging_dag.py
[2025-05-11T13:39:21.602+0000] {logging_mixin.py:188} INFO - [2025-05-11T13:39:21.602+0000] {dag.py:3036} INFO - Sync 1 DAGs
[2025-05-11T13:39:21.625+0000] {processor.py:183} INFO - Processing /opt/airflow/dags/raw_to_staging_dag.py took 0.081 seconds
[2025-05-11T13:39:51.900+0000] {processor.py:161} INFO - Started process (PID=4095) to work on /opt/airflow/dags/raw_to_staging_dag.py
[2025-05-11T13:39:51.908+0000] {processor.py:830} INFO - Processing file /opt/airflow/dags/raw_to_staging_dag.py for tasks to queue
[2025-05-11T13:39:51.909+0000] {logging_mixin.py:188} INFO - [2025-05-11T13:39:51.909+0000] {dagbag.py:538} INFO - Filling up the DagBag from /opt/airflow/dags/raw_to_staging_dag.py
[2025-05-11T13:39:51.932+0000] {logging_mixin.py:188} WARNING - /home/airflow/.local/lib/python3.8/site-packages/airflow/providers/common/sql/operators/sql.py:139 RemovedInAirflow3Warning: The 'task_concurrency' parameter is deprecated. Please use 'max_active_tis_per_dag'.
[2025-05-11T13:39:51.944+0000] {processor.py:840} INFO - DAG(s) 'raw_to_staging_dag' retrieved from /opt/airflow/dags/raw_to_staging_dag.py
[2025-05-11T13:39:51.974+0000] {logging_mixin.py:188} INFO - [2025-05-11T13:39:51.973+0000] {dag.py:3036} INFO - Sync 1 DAGs
[2025-05-11T13:39:51.996+0000] {processor.py:183} INFO - Processing /opt/airflow/dags/raw_to_staging_dag.py took 0.104 seconds
[2025-05-11T13:40:22.294+0000] {processor.py:161} INFO - Started process (PID=4100) to work on /opt/airflow/dags/raw_to_staging_dag.py
[2025-05-11T13:40:22.296+0000] {processor.py:830} INFO - Processing file /opt/airflow/dags/raw_to_staging_dag.py for tasks to queue
[2025-05-11T13:40:22.297+0000] {logging_mixin.py:188} INFO - [2025-05-11T13:40:22.296+0000] {dagbag.py:538} INFO - Filling up the DagBag from /opt/airflow/dags/raw_to_staging_dag.py
[2025-05-11T13:40:22.319+0000] {logging_mixin.py:188} WARNING - /home/airflow/.local/lib/python3.8/site-packages/airflow/providers/common/sql/operators/sql.py:139 RemovedInAirflow3Warning: The 'task_concurrency' parameter is deprecated. Please use 'max_active_tis_per_dag'.
[2025-05-11T13:40:22.334+0000] {processor.py:840} INFO - DAG(s) 'raw_to_staging_dag' retrieved from /opt/airflow/dags/raw_to_staging_dag.py
[2025-05-11T13:40:22.360+0000] {logging_mixin.py:188} INFO - [2025-05-11T13:40:22.359+0000] {dag.py:3036} INFO - Sync 1 DAGs
[2025-05-11T13:40:22.385+0000] {processor.py:183} INFO - Processing /opt/airflow/dags/raw_to_staging_dag.py took 0.096 seconds
[2025-05-11T13:40:52.622+0000] {processor.py:161} INFO - Started process (PID=4105) to work on /opt/airflow/dags/raw_to_staging_dag.py
[2025-05-11T13:40:52.624+0000] {processor.py:830} INFO - Processing file /opt/airflow/dags/raw_to_staging_dag.py for tasks to queue
[2025-05-11T13:40:52.625+0000] {logging_mixin.py:188} INFO - [2025-05-11T13:40:52.624+0000] {dagbag.py:538} INFO - Filling up the DagBag from /opt/airflow/dags/raw_to_staging_dag.py
[2025-05-11T13:40:52.645+0000] {logging_mixin.py:188} WARNING - /home/airflow/.local/lib/python3.8/site-packages/airflow/providers/common/sql/operators/sql.py:139 RemovedInAirflow3Warning: The 'task_concurrency' parameter is deprecated. Please use 'max_active_tis_per_dag'.
[2025-05-11T13:40:52.660+0000] {processor.py:840} INFO - DAG(s) 'raw_to_staging_dag' retrieved from /opt/airflow/dags/raw_to_staging_dag.py
[2025-05-11T13:40:52.691+0000] {logging_mixin.py:188} INFO - [2025-05-11T13:40:52.691+0000] {dag.py:3036} INFO - Sync 1 DAGs
[2025-05-11T13:40:52.714+0000] {processor.py:183} INFO - Processing /opt/airflow/dags/raw_to_staging_dag.py took 0.098 seconds
[2025-05-11T13:41:23.055+0000] {processor.py:161} INFO - Started process (PID=4110) to work on /opt/airflow/dags/raw_to_staging_dag.py
[2025-05-11T13:41:23.058+0000] {processor.py:830} INFO - Processing file /opt/airflow/dags/raw_to_staging_dag.py for tasks to queue
[2025-05-11T13:41:23.060+0000] {logging_mixin.py:188} INFO - [2025-05-11T13:41:23.059+0000] {dagbag.py:538} INFO - Filling up the DagBag from /opt/airflow/dags/raw_to_staging_dag.py
[2025-05-11T13:41:23.085+0000] {logging_mixin.py:188} WARNING - /home/airflow/.local/lib/python3.8/site-packages/airflow/providers/common/sql/operators/sql.py:139 RemovedInAirflow3Warning: The 'task_concurrency' parameter is deprecated. Please use 'max_active_tis_per_dag'.
[2025-05-11T13:41:23.097+0000] {processor.py:840} INFO - DAG(s) 'raw_to_staging_dag' retrieved from /opt/airflow/dags/raw_to_staging_dag.py
[2025-05-11T13:41:23.124+0000] {logging_mixin.py:188} INFO - [2025-05-11T13:41:23.124+0000] {dag.py:3036} INFO - Sync 1 DAGs
[2025-05-11T13:41:23.147+0000] {processor.py:183} INFO - Processing /opt/airflow/dags/raw_to_staging_dag.py took 0.104 seconds
[2025-05-11T13:41:53.552+0000] {processor.py:161} INFO - Started process (PID=4115) to work on /opt/airflow/dags/raw_to_staging_dag.py
[2025-05-11T13:41:53.554+0000] {processor.py:830} INFO - Processing file /opt/airflow/dags/raw_to_staging_dag.py for tasks to queue
[2025-05-11T13:41:53.555+0000] {logging_mixin.py:188} INFO - [2025-05-11T13:41:53.554+0000] {dagbag.py:538} INFO - Filling up the DagBag from /opt/airflow/dags/raw_to_staging_dag.py
[2025-05-11T13:41:53.575+0000] {logging_mixin.py:188} WARNING - /home/airflow/.local/lib/python3.8/site-packages/airflow/providers/common/sql/operators/sql.py:139 RemovedInAirflow3Warning: The 'task_concurrency' parameter is deprecated. Please use 'max_active_tis_per_dag'.
[2025-05-11T13:41:53.589+0000] {processor.py:840} INFO - DAG(s) 'raw_to_staging_dag' retrieved from /opt/airflow/dags/raw_to_staging_dag.py
[2025-05-11T13:41:53.623+0000] {logging_mixin.py:188} INFO - [2025-05-11T13:41:53.622+0000] {dag.py:3036} INFO - Sync 1 DAGs
[2025-05-11T13:41:53.649+0000] {processor.py:183} INFO - Processing /opt/airflow/dags/raw_to_staging_dag.py took 0.104 seconds
[2025-05-11T13:42:23.908+0000] {processor.py:161} INFO - Started process (PID=4120) to work on /opt/airflow/dags/raw_to_staging_dag.py
[2025-05-11T13:42:23.910+0000] {processor.py:830} INFO - Processing file /opt/airflow/dags/raw_to_staging_dag.py for tasks to queue
[2025-05-11T13:42:23.912+0000] {logging_mixin.py:188} INFO - [2025-05-11T13:42:23.911+0000] {dagbag.py:538} INFO - Filling up the DagBag from /opt/airflow/dags/raw_to_staging_dag.py
[2025-05-11T13:42:23.929+0000] {logging_mixin.py:188} WARNING - /home/airflow/.local/lib/python3.8/site-packages/airflow/providers/common/sql/operators/sql.py:139 RemovedInAirflow3Warning: The 'task_concurrency' parameter is deprecated. Please use 'max_active_tis_per_dag'.
[2025-05-11T13:42:23.943+0000] {processor.py:840} INFO - DAG(s) 'raw_to_staging_dag' retrieved from /opt/airflow/dags/raw_to_staging_dag.py
[2025-05-11T13:42:23.970+0000] {logging_mixin.py:188} INFO - [2025-05-11T13:42:23.970+0000] {dag.py:3036} INFO - Sync 1 DAGs
[2025-05-11T13:42:23.993+0000] {processor.py:183} INFO - Processing /opt/airflow/dags/raw_to_staging_dag.py took 0.090 seconds
[2025-05-11T13:42:54.263+0000] {processor.py:161} INFO - Started process (PID=4125) to work on /opt/airflow/dags/raw_to_staging_dag.py
[2025-05-11T13:42:54.265+0000] {processor.py:830} INFO - Processing file /opt/airflow/dags/raw_to_staging_dag.py for tasks to queue
[2025-05-11T13:42:54.266+0000] {logging_mixin.py:188} INFO - [2025-05-11T13:42:54.266+0000] {dagbag.py:538} INFO - Filling up the DagBag from /opt/airflow/dags/raw_to_staging_dag.py
[2025-05-11T13:42:54.289+0000] {logging_mixin.py:188} WARNING - /home/airflow/.local/lib/python3.8/site-packages/airflow/providers/common/sql/operators/sql.py:139 RemovedInAirflow3Warning: The 'task_concurrency' parameter is deprecated. Please use 'max_active_tis_per_dag'.
[2025-05-11T13:42:54.304+0000] {processor.py:840} INFO - DAG(s) 'raw_to_staging_dag' retrieved from /opt/airflow/dags/raw_to_staging_dag.py
[2025-05-11T13:42:54.334+0000] {logging_mixin.py:188} INFO - [2025-05-11T13:42:54.334+0000] {dag.py:3036} INFO - Sync 1 DAGs
[2025-05-11T13:42:54.359+0000] {processor.py:183} INFO - Processing /opt/airflow/dags/raw_to_staging_dag.py took 0.101 seconds
[2025-05-11T13:43:24.619+0000] {processor.py:161} INFO - Started process (PID=4132) to work on /opt/airflow/dags/raw_to_staging_dag.py
[2025-05-11T13:43:24.620+0000] {processor.py:830} INFO - Processing file /opt/airflow/dags/raw_to_staging_dag.py for tasks to queue
[2025-05-11T13:43:24.621+0000] {logging_mixin.py:188} INFO - [2025-05-11T13:43:24.621+0000] {dagbag.py:538} INFO - Filling up the DagBag from /opt/airflow/dags/raw_to_staging_dag.py
[2025-05-11T13:43:24.635+0000] {logging_mixin.py:188} WARNING - /home/airflow/.local/lib/python3.8/site-packages/airflow/providers/common/sql/operators/sql.py:139 RemovedInAirflow3Warning: The 'task_concurrency' parameter is deprecated. Please use 'max_active_tis_per_dag'.
[2025-05-11T13:43:24.645+0000] {processor.py:840} INFO - DAG(s) 'raw_to_staging_dag' retrieved from /opt/airflow/dags/raw_to_staging_dag.py
[2025-05-11T13:43:24.661+0000] {logging_mixin.py:188} INFO - [2025-05-11T13:43:24.661+0000] {dag.py:3036} INFO - Sync 1 DAGs
[2025-05-11T13:43:24.677+0000] {processor.py:183} INFO - Processing /opt/airflow/dags/raw_to_staging_dag.py took 0.060 seconds
[2025-05-11T13:43:55.228+0000] {processor.py:161} INFO - Started process (PID=4333) to work on /opt/airflow/dags/raw_to_staging_dag.py
[2025-05-11T13:43:55.231+0000] {processor.py:830} INFO - Processing file /opt/airflow/dags/raw_to_staging_dag.py for tasks to queue
[2025-05-11T13:43:55.232+0000] {logging_mixin.py:188} INFO - [2025-05-11T13:43:55.231+0000] {dagbag.py:538} INFO - Filling up the DagBag from /opt/airflow/dags/raw_to_staging_dag.py
[2025-05-11T13:43:55.249+0000] {logging_mixin.py:188} WARNING - /home/airflow/.local/lib/python3.8/site-packages/airflow/providers/common/sql/operators/sql.py:139 RemovedInAirflow3Warning: The 'task_concurrency' parameter is deprecated. Please use 'max_active_tis_per_dag'.
[2025-05-11T13:43:55.259+0000] {processor.py:840} INFO - DAG(s) 'raw_to_staging_dag' retrieved from /opt/airflow/dags/raw_to_staging_dag.py
[2025-05-11T13:43:55.274+0000] {logging_mixin.py:188} INFO - [2025-05-11T13:43:55.274+0000] {dag.py:3036} INFO - Sync 1 DAGs
[2025-05-11T13:43:55.326+0000] {processor.py:183} INFO - Processing /opt/airflow/dags/raw_to_staging_dag.py took 0.102 seconds
[2025-05-11T13:47:48.089+0000] {processor.py:161} INFO - Started process (PID=4344) to work on /opt/airflow/dags/raw_to_staging_dag.py
[2025-05-11T13:47:48.092+0000] {processor.py:830} INFO - Processing file /opt/airflow/dags/raw_to_staging_dag.py for tasks to queue
[2025-05-11T13:47:48.098+0000] {logging_mixin.py:188} INFO - [2025-05-11T13:47:48.095+0000] {dagbag.py:538} INFO - Filling up the DagBag from /opt/airflow/dags/raw_to_staging_dag.py
[2025-05-11T13:47:48.136+0000] {logging_mixin.py:188} WARNING - /home/airflow/.local/lib/python3.8/site-packages/airflow/providers/common/sql/operators/sql.py:139 RemovedInAirflow3Warning: The 'task_concurrency' parameter is deprecated. Please use 'max_active_tis_per_dag'.
[2025-05-11T13:47:48.157+0000] {processor.py:840} INFO - DAG(s) 'raw_to_staging_dag' retrieved from /opt/airflow/dags/raw_to_staging_dag.py
[2025-05-11T13:47:48.207+0000] {logging_mixin.py:188} INFO - [2025-05-11T13:47:48.207+0000] {dag.py:3036} INFO - Sync 1 DAGs
[2025-05-11T13:47:48.276+0000] {processor.py:183} INFO - Processing /opt/airflow/dags/raw_to_staging_dag.py took 0.199 seconds
[2025-05-11T13:48:18.479+0000] {processor.py:161} INFO - Started process (PID=4349) to work on /opt/airflow/dags/raw_to_staging_dag.py
[2025-05-11T13:48:18.481+0000] {processor.py:830} INFO - Processing file /opt/airflow/dags/raw_to_staging_dag.py for tasks to queue
[2025-05-11T13:48:18.484+0000] {logging_mixin.py:188} INFO - [2025-05-11T13:48:18.483+0000] {dagbag.py:538} INFO - Filling up the DagBag from /opt/airflow/dags/raw_to_staging_dag.py
[2025-05-11T13:48:18.506+0000] {logging_mixin.py:188} WARNING - /home/airflow/.local/lib/python3.8/site-packages/airflow/providers/common/sql/operators/sql.py:139 RemovedInAirflow3Warning: The 'task_concurrency' parameter is deprecated. Please use 'max_active_tis_per_dag'.
[2025-05-11T13:48:18.518+0000] {processor.py:840} INFO - DAG(s) 'raw_to_staging_dag' retrieved from /opt/airflow/dags/raw_to_staging_dag.py
[2025-05-11T13:48:18.546+0000] {logging_mixin.py:188} INFO - [2025-05-11T13:48:18.546+0000] {dag.py:3036} INFO - Sync 1 DAGs
[2025-05-11T13:48:18.574+0000] {processor.py:183} INFO - Processing /opt/airflow/dags/raw_to_staging_dag.py took 0.102 seconds
[2025-05-11T13:48:48.824+0000] {processor.py:161} INFO - Started process (PID=4488) to work on /opt/airflow/dags/raw_to_staging_dag.py
[2025-05-11T13:48:48.825+0000] {processor.py:830} INFO - Processing file /opt/airflow/dags/raw_to_staging_dag.py for tasks to queue
[2025-05-11T13:48:48.826+0000] {logging_mixin.py:188} INFO - [2025-05-11T13:48:48.826+0000] {dagbag.py:538} INFO - Filling up the DagBag from /opt/airflow/dags/raw_to_staging_dag.py
[2025-05-11T13:48:48.835+0000] {logging_mixin.py:188} WARNING - /home/airflow/.local/lib/python3.8/site-packages/airflow/providers/common/sql/operators/sql.py:139 RemovedInAirflow3Warning: The 'task_concurrency' parameter is deprecated. Please use 'max_active_tis_per_dag'.
[2025-05-11T13:48:48.841+0000] {processor.py:840} INFO - DAG(s) 'raw_to_staging_dag' retrieved from /opt/airflow/dags/raw_to_staging_dag.py
[2025-05-11T13:48:48.855+0000] {logging_mixin.py:188} INFO - [2025-05-11T13:48:48.855+0000] {dag.py:3036} INFO - Sync 1 DAGs
[2025-05-11T13:48:48.866+0000] {logging_mixin.py:188} INFO - [2025-05-11T13:48:48.866+0000] {dag.py:3823} INFO - Setting next_dagrun for raw_to_staging_dag to 2025-04-08 00:00:00+00:00, run_after=2025-04-09 00:00:00+00:00
[2025-05-11T13:48:48.873+0000] {processor.py:183} INFO - Processing /opt/airflow/dags/raw_to_staging_dag.py took 0.053 seconds
[2025-05-11T13:49:19.250+0000] {processor.py:161} INFO - Started process (PID=4571) to work on /opt/airflow/dags/raw_to_staging_dag.py
[2025-05-11T13:49:19.251+0000] {processor.py:830} INFO - Processing file /opt/airflow/dags/raw_to_staging_dag.py for tasks to queue
[2025-05-11T13:49:19.253+0000] {logging_mixin.py:188} INFO - [2025-05-11T13:49:19.252+0000] {dagbag.py:538} INFO - Filling up the DagBag from /opt/airflow/dags/raw_to_staging_dag.py
[2025-05-11T13:49:19.278+0000] {logging_mixin.py:188} WARNING - /home/airflow/.local/lib/python3.8/site-packages/airflow/providers/common/sql/operators/sql.py:139 RemovedInAirflow3Warning: The 'task_concurrency' parameter is deprecated. Please use 'max_active_tis_per_dag'.
[2025-05-11T13:49:19.290+0000] {processor.py:840} INFO - DAG(s) 'raw_to_staging_dag' retrieved from /opt/airflow/dags/raw_to_staging_dag.py
[2025-05-11T13:49:19.315+0000] {logging_mixin.py:188} INFO - [2025-05-11T13:49:19.315+0000] {dag.py:3036} INFO - Sync 1 DAGs
[2025-05-11T13:49:19.337+0000] {processor.py:183} INFO - Processing /opt/airflow/dags/raw_to_staging_dag.py took 0.093 seconds
[2025-05-11T13:49:49.607+0000] {processor.py:161} INFO - Started process (PID=4576) to work on /opt/airflow/dags/raw_to_staging_dag.py
[2025-05-11T13:49:49.609+0000] {processor.py:830} INFO - Processing file /opt/airflow/dags/raw_to_staging_dag.py for tasks to queue
[2025-05-11T13:49:49.610+0000] {logging_mixin.py:188} INFO - [2025-05-11T13:49:49.609+0000] {dagbag.py:538} INFO - Filling up the DagBag from /opt/airflow/dags/raw_to_staging_dag.py
[2025-05-11T13:49:49.629+0000] {logging_mixin.py:188} WARNING - /home/airflow/.local/lib/python3.8/site-packages/airflow/providers/common/sql/operators/sql.py:139 RemovedInAirflow3Warning: The 'task_concurrency' parameter is deprecated. Please use 'max_active_tis_per_dag'.
[2025-05-11T13:49:49.640+0000] {processor.py:840} INFO - DAG(s) 'raw_to_staging_dag' retrieved from /opt/airflow/dags/raw_to_staging_dag.py
[2025-05-11T13:49:49.666+0000] {logging_mixin.py:188} INFO - [2025-05-11T13:49:49.666+0000] {dag.py:3036} INFO - Sync 1 DAGs
[2025-05-11T13:49:49.693+0000] {processor.py:183} INFO - Processing /opt/airflow/dags/raw_to_staging_dag.py took 0.091 seconds
[2025-05-11T13:50:19.964+0000] {processor.py:161} INFO - Started process (PID=4581) to work on /opt/airflow/dags/raw_to_staging_dag.py
[2025-05-11T13:50:19.967+0000] {processor.py:830} INFO - Processing file /opt/airflow/dags/raw_to_staging_dag.py for tasks to queue
[2025-05-11T13:50:19.968+0000] {logging_mixin.py:188} INFO - [2025-05-11T13:50:19.968+0000] {dagbag.py:538} INFO - Filling up the DagBag from /opt/airflow/dags/raw_to_staging_dag.py
[2025-05-11T13:50:19.989+0000] {logging_mixin.py:188} WARNING - /home/airflow/.local/lib/python3.8/site-packages/airflow/providers/common/sql/operators/sql.py:139 RemovedInAirflow3Warning: The 'task_concurrency' parameter is deprecated. Please use 'max_active_tis_per_dag'.
[2025-05-11T13:50:20.001+0000] {processor.py:840} INFO - DAG(s) 'raw_to_staging_dag' retrieved from /opt/airflow/dags/raw_to_staging_dag.py
[2025-05-11T13:50:20.027+0000] {logging_mixin.py:188} INFO - [2025-05-11T13:50:20.027+0000] {dag.py:3036} INFO - Sync 1 DAGs
[2025-05-11T13:50:20.057+0000] {processor.py:183} INFO - Processing /opt/airflow/dags/raw_to_staging_dag.py took 0.100 seconds
[2025-05-11T13:50:50.256+0000] {processor.py:161} INFO - Started process (PID=4586) to work on /opt/airflow/dags/raw_to_staging_dag.py
[2025-05-11T13:50:50.258+0000] {processor.py:830} INFO - Processing file /opt/airflow/dags/raw_to_staging_dag.py for tasks to queue
[2025-05-11T13:50:50.259+0000] {logging_mixin.py:188} INFO - [2025-05-11T13:50:50.259+0000] {dagbag.py:538} INFO - Filling up the DagBag from /opt/airflow/dags/raw_to_staging_dag.py
[2025-05-11T13:50:50.288+0000] {logging_mixin.py:188} WARNING - /home/airflow/.local/lib/python3.8/site-packages/airflow/providers/common/sql/operators/sql.py:139 RemovedInAirflow3Warning: The 'task_concurrency' parameter is deprecated. Please use 'max_active_tis_per_dag'.
[2025-05-11T13:50:50.299+0000] {processor.py:840} INFO - DAG(s) 'raw_to_staging_dag' retrieved from /opt/airflow/dags/raw_to_staging_dag.py
[2025-05-11T13:50:50.328+0000] {logging_mixin.py:188} INFO - [2025-05-11T13:50:50.328+0000] {dag.py:3036} INFO - Sync 1 DAGs
[2025-05-11T13:50:50.353+0000] {processor.py:183} INFO - Processing /opt/airflow/dags/raw_to_staging_dag.py took 0.106 seconds
[2025-05-11T13:51:20.671+0000] {processor.py:161} INFO - Started process (PID=4591) to work on /opt/airflow/dags/raw_to_staging_dag.py
[2025-05-11T13:51:20.673+0000] {processor.py:830} INFO - Processing file /opt/airflow/dags/raw_to_staging_dag.py for tasks to queue
[2025-05-11T13:51:20.674+0000] {logging_mixin.py:188} INFO - [2025-05-11T13:51:20.674+0000] {dagbag.py:538} INFO - Filling up the DagBag from /opt/airflow/dags/raw_to_staging_dag.py
[2025-05-11T13:51:20.699+0000] {logging_mixin.py:188} WARNING - /home/airflow/.local/lib/python3.8/site-packages/airflow/providers/common/sql/operators/sql.py:139 RemovedInAirflow3Warning: The 'task_concurrency' parameter is deprecated. Please use 'max_active_tis_per_dag'.
[2025-05-11T13:51:20.715+0000] {processor.py:840} INFO - DAG(s) 'raw_to_staging_dag' retrieved from /opt/airflow/dags/raw_to_staging_dag.py
[2025-05-11T13:51:20.741+0000] {logging_mixin.py:188} INFO - [2025-05-11T13:51:20.740+0000] {dag.py:3036} INFO - Sync 1 DAGs
[2025-05-11T13:51:20.764+0000] {processor.py:183} INFO - Processing /opt/airflow/dags/raw_to_staging_dag.py took 0.101 seconds
[2025-05-11T13:51:51.059+0000] {processor.py:161} INFO - Started process (PID=4596) to work on /opt/airflow/dags/raw_to_staging_dag.py
[2025-05-11T13:51:51.061+0000] {processor.py:830} INFO - Processing file /opt/airflow/dags/raw_to_staging_dag.py for tasks to queue
[2025-05-11T13:51:51.065+0000] {logging_mixin.py:188} INFO - [2025-05-11T13:51:51.063+0000] {dagbag.py:538} INFO - Filling up the DagBag from /opt/airflow/dags/raw_to_staging_dag.py
[2025-05-11T13:51:51.084+0000] {logging_mixin.py:188} WARNING - /home/airflow/.local/lib/python3.8/site-packages/airflow/providers/common/sql/operators/sql.py:139 RemovedInAirflow3Warning: The 'task_concurrency' parameter is deprecated. Please use 'max_active_tis_per_dag'.
[2025-05-11T13:51:51.098+0000] {processor.py:840} INFO - DAG(s) 'raw_to_staging_dag' retrieved from /opt/airflow/dags/raw_to_staging_dag.py
[2025-05-11T13:51:51.126+0000] {logging_mixin.py:188} INFO - [2025-05-11T13:51:51.126+0000] {dag.py:3036} INFO - Sync 1 DAGs
[2025-05-11T13:51:51.149+0000] {processor.py:183} INFO - Processing /opt/airflow/dags/raw_to_staging_dag.py took 0.097 seconds
[2025-05-11T13:52:21.437+0000] {processor.py:161} INFO - Started process (PID=4601) to work on /opt/airflow/dags/raw_to_staging_dag.py
[2025-05-11T13:52:21.439+0000] {processor.py:830} INFO - Processing file /opt/airflow/dags/raw_to_staging_dag.py for tasks to queue
[2025-05-11T13:52:21.440+0000] {logging_mixin.py:188} INFO - [2025-05-11T13:52:21.439+0000] {dagbag.py:538} INFO - Filling up the DagBag from /opt/airflow/dags/raw_to_staging_dag.py
[2025-05-11T13:52:21.459+0000] {logging_mixin.py:188} WARNING - /home/airflow/.local/lib/python3.8/site-packages/airflow/providers/common/sql/operators/sql.py:139 RemovedInAirflow3Warning: The 'task_concurrency' parameter is deprecated. Please use 'max_active_tis_per_dag'.
[2025-05-11T13:52:21.473+0000] {processor.py:840} INFO - DAG(s) 'raw_to_staging_dag' retrieved from /opt/airflow/dags/raw_to_staging_dag.py
[2025-05-11T13:52:21.497+0000] {logging_mixin.py:188} INFO - [2025-05-11T13:52:21.497+0000] {dag.py:3036} INFO - Sync 1 DAGs
[2025-05-11T13:52:21.523+0000] {processor.py:183} INFO - Processing /opt/airflow/dags/raw_to_staging_dag.py took 0.099 seconds
[2025-05-11T13:52:51.805+0000] {processor.py:161} INFO - Started process (PID=4606) to work on /opt/airflow/dags/raw_to_staging_dag.py
[2025-05-11T13:52:51.806+0000] {processor.py:830} INFO - Processing file /opt/airflow/dags/raw_to_staging_dag.py for tasks to queue
[2025-05-11T13:52:51.807+0000] {logging_mixin.py:188} INFO - [2025-05-11T13:52:51.807+0000] {dagbag.py:538} INFO - Filling up the DagBag from /opt/airflow/dags/raw_to_staging_dag.py
[2025-05-11T13:52:51.827+0000] {logging_mixin.py:188} WARNING - /home/airflow/.local/lib/python3.8/site-packages/airflow/providers/common/sql/operators/sql.py:139 RemovedInAirflow3Warning: The 'task_concurrency' parameter is deprecated. Please use 'max_active_tis_per_dag'.
[2025-05-11T13:52:51.837+0000] {processor.py:840} INFO - DAG(s) 'raw_to_staging_dag' retrieved from /opt/airflow/dags/raw_to_staging_dag.py
[2025-05-11T13:52:51.864+0000] {logging_mixin.py:188} INFO - [2025-05-11T13:52:51.864+0000] {dag.py:3036} INFO - Sync 1 DAGs
[2025-05-11T13:52:51.892+0000] {processor.py:183} INFO - Processing /opt/airflow/dags/raw_to_staging_dag.py took 0.094 seconds
[2025-05-11T13:53:22.229+0000] {processor.py:161} INFO - Started process (PID=4611) to work on /opt/airflow/dags/raw_to_staging_dag.py
[2025-05-11T13:53:22.231+0000] {processor.py:830} INFO - Processing file /opt/airflow/dags/raw_to_staging_dag.py for tasks to queue
[2025-05-11T13:53:22.233+0000] {logging_mixin.py:188} INFO - [2025-05-11T13:53:22.232+0000] {dagbag.py:538} INFO - Filling up the DagBag from /opt/airflow/dags/raw_to_staging_dag.py
[2025-05-11T13:53:22.252+0000] {logging_mixin.py:188} WARNING - /home/airflow/.local/lib/python3.8/site-packages/airflow/providers/common/sql/operators/sql.py:139 RemovedInAirflow3Warning: The 'task_concurrency' parameter is deprecated. Please use 'max_active_tis_per_dag'.
[2025-05-11T13:53:22.268+0000] {processor.py:840} INFO - DAG(s) 'raw_to_staging_dag' retrieved from /opt/airflow/dags/raw_to_staging_dag.py
[2025-05-11T13:53:22.296+0000] {logging_mixin.py:188} INFO - [2025-05-11T13:53:22.296+0000] {dag.py:3036} INFO - Sync 1 DAGs
[2025-05-11T13:53:22.319+0000] {processor.py:183} INFO - Processing /opt/airflow/dags/raw_to_staging_dag.py took 0.097 seconds
[2025-05-11T13:53:52.876+0000] {processor.py:161} INFO - Started process (PID=4702) to work on /opt/airflow/dags/raw_to_staging_dag.py
[2025-05-11T13:53:52.878+0000] {processor.py:830} INFO - Processing file /opt/airflow/dags/raw_to_staging_dag.py for tasks to queue
[2025-05-11T13:53:52.879+0000] {logging_mixin.py:188} INFO - [2025-05-11T13:53:52.879+0000] {dagbag.py:538} INFO - Filling up the DagBag from /opt/airflow/dags/raw_to_staging_dag.py
[2025-05-11T13:53:52.895+0000] {logging_mixin.py:188} WARNING - /home/airflow/.local/lib/python3.8/site-packages/airflow/providers/common/sql/operators/sql.py:139 RemovedInAirflow3Warning: The 'task_concurrency' parameter is deprecated. Please use 'max_active_tis_per_dag'.
[2025-05-11T13:53:52.905+0000] {processor.py:840} INFO - DAG(s) 'raw_to_staging_dag' retrieved from /opt/airflow/dags/raw_to_staging_dag.py
[2025-05-11T13:53:52.922+0000] {logging_mixin.py:188} INFO - [2025-05-11T13:53:52.922+0000] {dag.py:3036} INFO - Sync 1 DAGs
[2025-05-11T13:53:52.935+0000] {logging_mixin.py:188} INFO - [2025-05-11T13:53:52.935+0000] {dag.py:3823} INFO - Setting next_dagrun for raw_to_staging_dag to 2025-04-14 00:00:00+00:00, run_after=2025-04-15 00:00:00+00:00
[2025-05-11T13:53:52.951+0000] {processor.py:183} INFO - Processing /opt/airflow/dags/raw_to_staging_dag.py took 0.080 seconds
[2025-05-11T13:54:23.359+0000] {processor.py:161} INFO - Started process (PID=4813) to work on /opt/airflow/dags/raw_to_staging_dag.py
[2025-05-11T13:54:23.360+0000] {processor.py:830} INFO - Processing file /opt/airflow/dags/raw_to_staging_dag.py for tasks to queue
[2025-05-11T13:54:23.361+0000] {logging_mixin.py:188} INFO - [2025-05-11T13:54:23.361+0000] {dagbag.py:538} INFO - Filling up the DagBag from /opt/airflow/dags/raw_to_staging_dag.py
[2025-05-11T13:54:23.373+0000] {logging_mixin.py:188} WARNING - /home/airflow/.local/lib/python3.8/site-packages/airflow/providers/common/sql/operators/sql.py:139 RemovedInAirflow3Warning: The 'task_concurrency' parameter is deprecated. Please use 'max_active_tis_per_dag'.
[2025-05-11T13:54:23.383+0000] {processor.py:840} INFO - DAG(s) 'raw_to_staging_dag' retrieved from /opt/airflow/dags/raw_to_staging_dag.py
[2025-05-11T13:54:23.405+0000] {logging_mixin.py:188} INFO - [2025-05-11T13:54:23.405+0000] {dag.py:3036} INFO - Sync 1 DAGs
[2025-05-11T13:54:23.424+0000] {logging_mixin.py:188} INFO - [2025-05-11T13:54:23.423+0000] {dag.py:3823} INFO - Setting next_dagrun for raw_to_staging_dag to 2025-04-18 00:00:00+00:00, run_after=2025-04-19 00:00:00+00:00
[2025-05-11T13:54:23.432+0000] {processor.py:183} INFO - Processing /opt/airflow/dags/raw_to_staging_dag.py took 0.079 seconds
[2025-05-11T13:54:53.860+0000] {processor.py:161} INFO - Started process (PID=4828) to work on /opt/airflow/dags/raw_to_staging_dag.py
[2025-05-11T13:54:53.862+0000] {processor.py:830} INFO - Processing file /opt/airflow/dags/raw_to_staging_dag.py for tasks to queue
[2025-05-11T13:54:53.863+0000] {logging_mixin.py:188} INFO - [2025-05-11T13:54:53.863+0000] {dagbag.py:538} INFO - Filling up the DagBag from /opt/airflow/dags/raw_to_staging_dag.py
[2025-05-11T13:54:53.882+0000] {logging_mixin.py:188} WARNING - /home/airflow/.local/lib/python3.8/site-packages/airflow/providers/common/sql/operators/sql.py:139 RemovedInAirflow3Warning: The 'task_concurrency' parameter is deprecated. Please use 'max_active_tis_per_dag'.
[2025-05-11T13:54:53.896+0000] {processor.py:840} INFO - DAG(s) 'raw_to_staging_dag' retrieved from /opt/airflow/dags/raw_to_staging_dag.py
[2025-05-11T13:54:53.926+0000] {logging_mixin.py:188} INFO - [2025-05-11T13:54:53.926+0000] {dag.py:3036} INFO - Sync 1 DAGs
[2025-05-11T13:54:53.954+0000] {processor.py:183} INFO - Processing /opt/airflow/dags/raw_to_staging_dag.py took 0.105 seconds
[2025-05-11T13:55:24.181+0000] {processor.py:161} INFO - Started process (PID=4833) to work on /opt/airflow/dags/raw_to_staging_dag.py
[2025-05-11T13:55:24.182+0000] {processor.py:830} INFO - Processing file /opt/airflow/dags/raw_to_staging_dag.py for tasks to queue
[2025-05-11T13:55:24.183+0000] {logging_mixin.py:188} INFO - [2025-05-11T13:55:24.183+0000] {dagbag.py:538} INFO - Filling up the DagBag from /opt/airflow/dags/raw_to_staging_dag.py
[2025-05-11T13:55:24.200+0000] {logging_mixin.py:188} WARNING - /home/airflow/.local/lib/python3.8/site-packages/airflow/providers/common/sql/operators/sql.py:139 RemovedInAirflow3Warning: The 'task_concurrency' parameter is deprecated. Please use 'max_active_tis_per_dag'.
[2025-05-11T13:55:24.215+0000] {processor.py:840} INFO - DAG(s) 'raw_to_staging_dag' retrieved from /opt/airflow/dags/raw_to_staging_dag.py
[2025-05-11T13:55:24.246+0000] {logging_mixin.py:188} INFO - [2025-05-11T13:55:24.246+0000] {dag.py:3036} INFO - Sync 1 DAGs
[2025-05-11T13:55:24.271+0000] {processor.py:183} INFO - Processing /opt/airflow/dags/raw_to_staging_dag.py took 0.096 seconds
[2025-05-11T13:55:54.623+0000] {processor.py:161} INFO - Started process (PID=4838) to work on /opt/airflow/dags/raw_to_staging_dag.py
[2025-05-11T13:55:54.624+0000] {processor.py:830} INFO - Processing file /opt/airflow/dags/raw_to_staging_dag.py for tasks to queue
[2025-05-11T13:55:54.626+0000] {logging_mixin.py:188} INFO - [2025-05-11T13:55:54.625+0000] {dagbag.py:538} INFO - Filling up the DagBag from /opt/airflow/dags/raw_to_staging_dag.py
[2025-05-11T13:55:54.643+0000] {logging_mixin.py:188} WARNING - /home/airflow/.local/lib/python3.8/site-packages/airflow/providers/common/sql/operators/sql.py:139 RemovedInAirflow3Warning: The 'task_concurrency' parameter is deprecated. Please use 'max_active_tis_per_dag'.
[2025-05-11T13:55:54.660+0000] {processor.py:840} INFO - DAG(s) 'raw_to_staging_dag' retrieved from /opt/airflow/dags/raw_to_staging_dag.py
[2025-05-11T13:55:54.684+0000] {logging_mixin.py:188} INFO - [2025-05-11T13:55:54.684+0000] {dag.py:3036} INFO - Sync 1 DAGs
[2025-05-11T13:55:54.708+0000] {processor.py:183} INFO - Processing /opt/airflow/dags/raw_to_staging_dag.py took 0.091 seconds
[2025-05-11T13:56:25.003+0000] {processor.py:161} INFO - Started process (PID=4843) to work on /opt/airflow/dags/raw_to_staging_dag.py
[2025-05-11T13:56:25.005+0000] {processor.py:830} INFO - Processing file /opt/airflow/dags/raw_to_staging_dag.py for tasks to queue
[2025-05-11T13:56:25.007+0000] {logging_mixin.py:188} INFO - [2025-05-11T13:56:25.006+0000] {dagbag.py:538} INFO - Filling up the DagBag from /opt/airflow/dags/raw_to_staging_dag.py
[2025-05-11T13:56:25.033+0000] {logging_mixin.py:188} WARNING - /home/airflow/.local/lib/python3.8/site-packages/airflow/providers/common/sql/operators/sql.py:139 RemovedInAirflow3Warning: The 'task_concurrency' parameter is deprecated. Please use 'max_active_tis_per_dag'.
[2025-05-11T13:56:25.047+0000] {processor.py:840} INFO - DAG(s) 'raw_to_staging_dag' retrieved from /opt/airflow/dags/raw_to_staging_dag.py
[2025-05-11T13:56:25.079+0000] {logging_mixin.py:188} INFO - [2025-05-11T13:56:25.079+0000] {dag.py:3036} INFO - Sync 1 DAGs
[2025-05-11T13:56:25.101+0000] {processor.py:183} INFO - Processing /opt/airflow/dags/raw_to_staging_dag.py took 0.105 seconds
[2025-05-11T13:56:55.446+0000] {processor.py:161} INFO - Started process (PID=4848) to work on /opt/airflow/dags/raw_to_staging_dag.py
[2025-05-11T13:56:55.448+0000] {processor.py:830} INFO - Processing file /opt/airflow/dags/raw_to_staging_dag.py for tasks to queue
[2025-05-11T13:56:55.450+0000] {logging_mixin.py:188} INFO - [2025-05-11T13:56:55.449+0000] {dagbag.py:538} INFO - Filling up the DagBag from /opt/airflow/dags/raw_to_staging_dag.py
[2025-05-11T13:56:55.475+0000] {logging_mixin.py:188} WARNING - /home/airflow/.local/lib/python3.8/site-packages/airflow/providers/common/sql/operators/sql.py:139 RemovedInAirflow3Warning: The 'task_concurrency' parameter is deprecated. Please use 'max_active_tis_per_dag'.
[2025-05-11T13:56:55.488+0000] {processor.py:840} INFO - DAG(s) 'raw_to_staging_dag' retrieved from /opt/airflow/dags/raw_to_staging_dag.py
[2025-05-11T13:56:55.514+0000] {logging_mixin.py:188} INFO - [2025-05-11T13:56:55.514+0000] {dag.py:3036} INFO - Sync 1 DAGs
[2025-05-11T13:56:55.542+0000] {processor.py:183} INFO - Processing /opt/airflow/dags/raw_to_staging_dag.py took 0.105 seconds
[2025-05-11T13:57:26.018+0000] {processor.py:161} INFO - Started process (PID=4853) to work on /opt/airflow/dags/raw_to_staging_dag.py
[2025-05-11T13:57:26.020+0000] {processor.py:830} INFO - Processing file /opt/airflow/dags/raw_to_staging_dag.py for tasks to queue
[2025-05-11T13:57:26.021+0000] {logging_mixin.py:188} INFO - [2025-05-11T13:57:26.021+0000] {dagbag.py:538} INFO - Filling up the DagBag from /opt/airflow/dags/raw_to_staging_dag.py
[2025-05-11T13:57:26.041+0000] {logging_mixin.py:188} WARNING - /home/airflow/.local/lib/python3.8/site-packages/airflow/providers/common/sql/operators/sql.py:139 RemovedInAirflow3Warning: The 'task_concurrency' parameter is deprecated. Please use 'max_active_tis_per_dag'.
[2025-05-11T13:57:26.056+0000] {processor.py:840} INFO - DAG(s) 'raw_to_staging_dag' retrieved from /opt/airflow/dags/raw_to_staging_dag.py
[2025-05-11T13:57:26.084+0000] {logging_mixin.py:188} INFO - [2025-05-11T13:57:26.084+0000] {dag.py:3036} INFO - Sync 1 DAGs
[2025-05-11T13:57:26.112+0000] {processor.py:183} INFO - Processing /opt/airflow/dags/raw_to_staging_dag.py took 0.099 seconds
[2025-05-11T13:57:56.506+0000] {processor.py:161} INFO - Started process (PID=4858) to work on /opt/airflow/dags/raw_to_staging_dag.py
[2025-05-11T13:57:56.508+0000] {processor.py:830} INFO - Processing file /opt/airflow/dags/raw_to_staging_dag.py for tasks to queue
[2025-05-11T13:57:56.509+0000] {logging_mixin.py:188} INFO - [2025-05-11T13:57:56.509+0000] {dagbag.py:538} INFO - Filling up the DagBag from /opt/airflow/dags/raw_to_staging_dag.py
[2025-05-11T13:57:56.538+0000] {logging_mixin.py:188} WARNING - /home/airflow/.local/lib/python3.8/site-packages/airflow/providers/common/sql/operators/sql.py:139 RemovedInAirflow3Warning: The 'task_concurrency' parameter is deprecated. Please use 'max_active_tis_per_dag'.
[2025-05-11T13:57:56.553+0000] {processor.py:840} INFO - DAG(s) 'raw_to_staging_dag' retrieved from /opt/airflow/dags/raw_to_staging_dag.py
[2025-05-11T13:57:56.581+0000] {logging_mixin.py:188} INFO - [2025-05-11T13:57:56.581+0000] {dag.py:3036} INFO - Sync 1 DAGs
[2025-05-11T13:57:56.605+0000] {processor.py:183} INFO - Processing /opt/airflow/dags/raw_to_staging_dag.py took 0.110 seconds
[2025-05-11T13:58:26.924+0000] {processor.py:161} INFO - Started process (PID=4863) to work on /opt/airflow/dags/raw_to_staging_dag.py
[2025-05-11T13:58:26.927+0000] {processor.py:830} INFO - Processing file /opt/airflow/dags/raw_to_staging_dag.py for tasks to queue
[2025-05-11T13:58:26.928+0000] {logging_mixin.py:188} INFO - [2025-05-11T13:58:26.928+0000] {dagbag.py:538} INFO - Filling up the DagBag from /opt/airflow/dags/raw_to_staging_dag.py
[2025-05-11T13:58:26.944+0000] {logging_mixin.py:188} WARNING - /home/airflow/.local/lib/python3.8/site-packages/airflow/providers/common/sql/operators/sql.py:139 RemovedInAirflow3Warning: The 'task_concurrency' parameter is deprecated. Please use 'max_active_tis_per_dag'.
[2025-05-11T13:58:26.959+0000] {processor.py:840} INFO - DAG(s) 'raw_to_staging_dag' retrieved from /opt/airflow/dags/raw_to_staging_dag.py
[2025-05-11T13:58:26.983+0000] {logging_mixin.py:188} INFO - [2025-05-11T13:58:26.983+0000] {dag.py:3036} INFO - Sync 1 DAGs
[2025-05-11T13:58:27.012+0000] {processor.py:183} INFO - Processing /opt/airflow/dags/raw_to_staging_dag.py took 0.093 seconds
[2025-05-11T13:58:57.382+0000] {processor.py:161} INFO - Started process (PID=4918) to work on /opt/airflow/dags/raw_to_staging_dag.py
[2025-05-11T13:58:57.384+0000] {processor.py:830} INFO - Processing file /opt/airflow/dags/raw_to_staging_dag.py for tasks to queue
[2025-05-11T13:58:57.385+0000] {logging_mixin.py:188} INFO - [2025-05-11T13:58:57.385+0000] {dagbag.py:538} INFO - Filling up the DagBag from /opt/airflow/dags/raw_to_staging_dag.py
[2025-05-11T13:58:57.408+0000] {logging_mixin.py:188} WARNING - /home/airflow/.local/lib/python3.8/site-packages/airflow/providers/common/sql/operators/sql.py:139 RemovedInAirflow3Warning: The 'task_concurrency' parameter is deprecated. Please use 'max_active_tis_per_dag'.
[2025-05-11T13:58:57.421+0000] {processor.py:840} INFO - DAG(s) 'raw_to_staging_dag' retrieved from /opt/airflow/dags/raw_to_staging_dag.py
[2025-05-11T13:58:57.447+0000] {logging_mixin.py:188} INFO - [2025-05-11T13:58:57.446+0000] {dag.py:3036} INFO - Sync 1 DAGs
[2025-05-11T13:58:57.461+0000] {logging_mixin.py:188} INFO - [2025-05-11T13:58:57.461+0000] {dag.py:3823} INFO - Setting next_dagrun for raw_to_staging_dag to 2025-04-19 00:00:00+00:00, run_after=2025-04-20 00:00:00+00:00
[2025-05-11T13:58:57.474+0000] {processor.py:183} INFO - Processing /opt/airflow/dags/raw_to_staging_dag.py took 0.098 seconds
[2025-05-11T13:59:27.823+0000] {processor.py:161} INFO - Started process (PID=5065) to work on /opt/airflow/dags/raw_to_staging_dag.py
[2025-05-11T13:59:27.825+0000] {processor.py:830} INFO - Processing file /opt/airflow/dags/raw_to_staging_dag.py for tasks to queue
[2025-05-11T13:59:27.826+0000] {logging_mixin.py:188} INFO - [2025-05-11T13:59:27.825+0000] {dagbag.py:538} INFO - Filling up the DagBag from /opt/airflow/dags/raw_to_staging_dag.py
[2025-05-11T13:59:27.840+0000] {logging_mixin.py:188} WARNING - /home/airflow/.local/lib/python3.8/site-packages/airflow/providers/common/sql/operators/sql.py:139 RemovedInAirflow3Warning: The 'task_concurrency' parameter is deprecated. Please use 'max_active_tis_per_dag'.
[2025-05-11T13:59:27.851+0000] {processor.py:840} INFO - DAG(s) 'raw_to_staging_dag' retrieved from /opt/airflow/dags/raw_to_staging_dag.py
[2025-05-11T13:59:27.875+0000] {logging_mixin.py:188} INFO - [2025-05-11T13:59:27.875+0000] {dag.py:3036} INFO - Sync 1 DAGs
[2025-05-11T13:59:27.893+0000] {logging_mixin.py:188} INFO - [2025-05-11T13:59:27.893+0000] {dag.py:3823} INFO - Setting next_dagrun for raw_to_staging_dag to 2025-04-23 00:00:00+00:00, run_after=2025-04-24 00:00:00+00:00
[2025-05-11T13:59:27.903+0000] {processor.py:183} INFO - Processing /opt/airflow/dags/raw_to_staging_dag.py took 0.084 seconds
[2025-05-11T13:59:58.221+0000] {processor.py:161} INFO - Started process (PID=5080) to work on /opt/airflow/dags/raw_to_staging_dag.py
[2025-05-11T13:59:58.224+0000] {processor.py:830} INFO - Processing file /opt/airflow/dags/raw_to_staging_dag.py for tasks to queue
[2025-05-11T13:59:58.225+0000] {logging_mixin.py:188} INFO - [2025-05-11T13:59:58.224+0000] {dagbag.py:538} INFO - Filling up the DagBag from /opt/airflow/dags/raw_to_staging_dag.py
[2025-05-11T13:59:58.248+0000] {logging_mixin.py:188} WARNING - /home/airflow/.local/lib/python3.8/site-packages/airflow/providers/common/sql/operators/sql.py:139 RemovedInAirflow3Warning: The 'task_concurrency' parameter is deprecated. Please use 'max_active_tis_per_dag'.
[2025-05-11T13:59:58.265+0000] {processor.py:840} INFO - DAG(s) 'raw_to_staging_dag' retrieved from /opt/airflow/dags/raw_to_staging_dag.py
[2025-05-11T13:59:58.292+0000] {logging_mixin.py:188} INFO - [2025-05-11T13:59:58.292+0000] {dag.py:3036} INFO - Sync 1 DAGs
[2025-05-11T13:59:58.320+0000] {processor.py:183} INFO - Processing /opt/airflow/dags/raw_to_staging_dag.py took 0.105 seconds
[2025-05-11T14:00:28.585+0000] {processor.py:161} INFO - Started process (PID=5085) to work on /opt/airflow/dags/raw_to_staging_dag.py
[2025-05-11T14:00:28.586+0000] {processor.py:830} INFO - Processing file /opt/airflow/dags/raw_to_staging_dag.py for tasks to queue
[2025-05-11T14:00:28.588+0000] {logging_mixin.py:188} INFO - [2025-05-11T14:00:28.587+0000] {dagbag.py:538} INFO - Filling up the DagBag from /opt/airflow/dags/raw_to_staging_dag.py
[2025-05-11T14:00:28.615+0000] {logging_mixin.py:188} WARNING - /home/airflow/.local/lib/python3.8/site-packages/airflow/providers/common/sql/operators/sql.py:139 RemovedInAirflow3Warning: The 'task_concurrency' parameter is deprecated. Please use 'max_active_tis_per_dag'.
[2025-05-11T14:00:28.630+0000] {processor.py:840} INFO - DAG(s) 'raw_to_staging_dag' retrieved from /opt/airflow/dags/raw_to_staging_dag.py
[2025-05-11T14:00:28.657+0000] {logging_mixin.py:188} INFO - [2025-05-11T14:00:28.657+0000] {dag.py:3036} INFO - Sync 1 DAGs
[2025-05-11T14:00:28.682+0000] {processor.py:183} INFO - Processing /opt/airflow/dags/raw_to_staging_dag.py took 0.107 seconds
[2025-05-11T14:00:58.974+0000] {processor.py:161} INFO - Started process (PID=5090) to work on /opt/airflow/dags/raw_to_staging_dag.py
[2025-05-11T14:00:58.977+0000] {processor.py:830} INFO - Processing file /opt/airflow/dags/raw_to_staging_dag.py for tasks to queue
[2025-05-11T14:00:58.978+0000] {logging_mixin.py:188} INFO - [2025-05-11T14:00:58.977+0000] {dagbag.py:538} INFO - Filling up the DagBag from /opt/airflow/dags/raw_to_staging_dag.py
[2025-05-11T14:00:58.994+0000] {logging_mixin.py:188} WARNING - /home/airflow/.local/lib/python3.8/site-packages/airflow/providers/common/sql/operators/sql.py:139 RemovedInAirflow3Warning: The 'task_concurrency' parameter is deprecated. Please use 'max_active_tis_per_dag'.
[2025-05-11T14:00:59.010+0000] {processor.py:840} INFO - DAG(s) 'raw_to_staging_dag' retrieved from /opt/airflow/dags/raw_to_staging_dag.py
[2025-05-11T14:00:59.037+0000] {logging_mixin.py:188} INFO - [2025-05-11T14:00:59.037+0000] {dag.py:3036} INFO - Sync 1 DAGs
[2025-05-11T14:00:59.063+0000] {processor.py:183} INFO - Processing /opt/airflow/dags/raw_to_staging_dag.py took 0.095 seconds
[2025-05-11T14:01:29.352+0000] {processor.py:161} INFO - Started process (PID=5095) to work on /opt/airflow/dags/raw_to_staging_dag.py
[2025-05-11T14:01:29.354+0000] {processor.py:830} INFO - Processing file /opt/airflow/dags/raw_to_staging_dag.py for tasks to queue
[2025-05-11T14:01:29.355+0000] {logging_mixin.py:188} INFO - [2025-05-11T14:01:29.355+0000] {dagbag.py:538} INFO - Filling up the DagBag from /opt/airflow/dags/raw_to_staging_dag.py
[2025-05-11T14:01:29.379+0000] {logging_mixin.py:188} WARNING - /home/airflow/.local/lib/python3.8/site-packages/airflow/providers/common/sql/operators/sql.py:139 RemovedInAirflow3Warning: The 'task_concurrency' parameter is deprecated. Please use 'max_active_tis_per_dag'.
[2025-05-11T14:01:29.392+0000] {processor.py:840} INFO - DAG(s) 'raw_to_staging_dag' retrieved from /opt/airflow/dags/raw_to_staging_dag.py
[2025-05-11T14:01:29.425+0000] {logging_mixin.py:188} INFO - [2025-05-11T14:01:29.425+0000] {dag.py:3036} INFO - Sync 1 DAGs
[2025-05-11T14:01:29.447+0000] {processor.py:183} INFO - Processing /opt/airflow/dags/raw_to_staging_dag.py took 0.102 seconds
[2025-05-11T14:01:59.682+0000] {processor.py:161} INFO - Started process (PID=5100) to work on /opt/airflow/dags/raw_to_staging_dag.py
[2025-05-11T14:01:59.685+0000] {processor.py:830} INFO - Processing file /opt/airflow/dags/raw_to_staging_dag.py for tasks to queue
[2025-05-11T14:01:59.687+0000] {logging_mixin.py:188} INFO - [2025-05-11T14:01:59.687+0000] {dagbag.py:538} INFO - Filling up the DagBag from /opt/airflow/dags/raw_to_staging_dag.py
[2025-05-11T14:01:59.710+0000] {logging_mixin.py:188} WARNING - /home/airflow/.local/lib/python3.8/site-packages/airflow/providers/common/sql/operators/sql.py:139 RemovedInAirflow3Warning: The 'task_concurrency' parameter is deprecated. Please use 'max_active_tis_per_dag'.
[2025-05-11T14:01:59.722+0000] {processor.py:840} INFO - DAG(s) 'raw_to_staging_dag' retrieved from /opt/airflow/dags/raw_to_staging_dag.py
[2025-05-11T14:01:59.756+0000] {logging_mixin.py:188} INFO - [2025-05-11T14:01:59.756+0000] {dag.py:3036} INFO - Sync 1 DAGs
[2025-05-11T14:01:59.781+0000] {processor.py:183} INFO - Processing /opt/airflow/dags/raw_to_staging_dag.py took 0.112 seconds
[2025-05-11T14:02:30.048+0000] {processor.py:161} INFO - Started process (PID=5105) to work on /opt/airflow/dags/raw_to_staging_dag.py
[2025-05-11T14:02:30.049+0000] {processor.py:830} INFO - Processing file /opt/airflow/dags/raw_to_staging_dag.py for tasks to queue
[2025-05-11T14:02:30.050+0000] {logging_mixin.py:188} INFO - [2025-05-11T14:02:30.050+0000] {dagbag.py:538} INFO - Filling up the DagBag from /opt/airflow/dags/raw_to_staging_dag.py
[2025-05-11T14:02:30.068+0000] {logging_mixin.py:188} WARNING - /home/airflow/.local/lib/python3.8/site-packages/airflow/providers/common/sql/operators/sql.py:139 RemovedInAirflow3Warning: The 'task_concurrency' parameter is deprecated. Please use 'max_active_tis_per_dag'.
[2025-05-11T14:02:30.080+0000] {processor.py:840} INFO - DAG(s) 'raw_to_staging_dag' retrieved from /opt/airflow/dags/raw_to_staging_dag.py
[2025-05-11T14:02:30.108+0000] {logging_mixin.py:188} INFO - [2025-05-11T14:02:30.107+0000] {dag.py:3036} INFO - Sync 1 DAGs
[2025-05-11T14:02:30.131+0000] {processor.py:183} INFO - Processing /opt/airflow/dags/raw_to_staging_dag.py took 0.088 seconds
[2025-05-11T14:03:00.403+0000] {processor.py:161} INFO - Started process (PID=5110) to work on /opt/airflow/dags/raw_to_staging_dag.py
[2025-05-11T14:03:00.405+0000] {processor.py:830} INFO - Processing file /opt/airflow/dags/raw_to_staging_dag.py for tasks to queue
[2025-05-11T14:03:00.407+0000] {logging_mixin.py:188} INFO - [2025-05-11T14:03:00.406+0000] {dagbag.py:538} INFO - Filling up the DagBag from /opt/airflow/dags/raw_to_staging_dag.py
[2025-05-11T14:03:00.432+0000] {logging_mixin.py:188} WARNING - /home/airflow/.local/lib/python3.8/site-packages/airflow/providers/common/sql/operators/sql.py:139 RemovedInAirflow3Warning: The 'task_concurrency' parameter is deprecated. Please use 'max_active_tis_per_dag'.
[2025-05-11T14:03:00.447+0000] {processor.py:840} INFO - DAG(s) 'raw_to_staging_dag' retrieved from /opt/airflow/dags/raw_to_staging_dag.py
[2025-05-11T14:03:00.477+0000] {logging_mixin.py:188} INFO - [2025-05-11T14:03:00.477+0000] {dag.py:3036} INFO - Sync 1 DAGs
[2025-05-11T14:03:00.501+0000] {processor.py:183} INFO - Processing /opt/airflow/dags/raw_to_staging_dag.py took 0.105 seconds
[2025-05-11T14:03:30.813+0000] {processor.py:161} INFO - Started process (PID=5115) to work on /opt/airflow/dags/raw_to_staging_dag.py
[2025-05-11T14:03:30.816+0000] {processor.py:830} INFO - Processing file /opt/airflow/dags/raw_to_staging_dag.py for tasks to queue
[2025-05-11T14:03:30.817+0000] {logging_mixin.py:188} INFO - [2025-05-11T14:03:30.816+0000] {dagbag.py:538} INFO - Filling up the DagBag from /opt/airflow/dags/raw_to_staging_dag.py
[2025-05-11T14:03:30.838+0000] {logging_mixin.py:188} WARNING - /home/airflow/.local/lib/python3.8/site-packages/airflow/providers/common/sql/operators/sql.py:139 RemovedInAirflow3Warning: The 'task_concurrency' parameter is deprecated. Please use 'max_active_tis_per_dag'.
[2025-05-11T14:03:30.850+0000] {processor.py:840} INFO - DAG(s) 'raw_to_staging_dag' retrieved from /opt/airflow/dags/raw_to_staging_dag.py
[2025-05-11T14:03:30.883+0000] {logging_mixin.py:188} INFO - [2025-05-11T14:03:30.883+0000] {dag.py:3036} INFO - Sync 1 DAGs
[2025-05-11T14:03:30.911+0000] {processor.py:183} INFO - Processing /opt/airflow/dags/raw_to_staging_dag.py took 0.105 seconds
[2025-05-11T14:04:01.254+0000] {processor.py:161} INFO - Started process (PID=5175) to work on /opt/airflow/dags/raw_to_staging_dag.py
[2025-05-11T14:04:01.257+0000] {processor.py:830} INFO - Processing file /opt/airflow/dags/raw_to_staging_dag.py for tasks to queue
[2025-05-11T14:04:01.258+0000] {logging_mixin.py:188} INFO - [2025-05-11T14:04:01.258+0000] {dagbag.py:538} INFO - Filling up the DagBag from /opt/airflow/dags/raw_to_staging_dag.py
[2025-05-11T14:04:01.284+0000] {logging_mixin.py:188} WARNING - /home/airflow/.local/lib/python3.8/site-packages/airflow/providers/common/sql/operators/sql.py:139 RemovedInAirflow3Warning: The 'task_concurrency' parameter is deprecated. Please use 'max_active_tis_per_dag'.
[2025-05-11T14:04:01.315+0000] {processor.py:840} INFO - DAG(s) 'raw_to_staging_dag' retrieved from /opt/airflow/dags/raw_to_staging_dag.py
[2025-05-11T14:04:01.352+0000] {logging_mixin.py:188} INFO - [2025-05-11T14:04:01.352+0000] {dag.py:3036} INFO - Sync 1 DAGs
[2025-05-11T14:04:01.432+0000] {processor.py:183} INFO - Processing /opt/airflow/dags/raw_to_staging_dag.py took 0.190 seconds
[2025-05-11T14:04:31.752+0000] {processor.py:161} INFO - Started process (PID=5345) to work on /opt/airflow/dags/raw_to_staging_dag.py
[2025-05-11T14:04:31.755+0000] {processor.py:830} INFO - Processing file /opt/airflow/dags/raw_to_staging_dag.py for tasks to queue
[2025-05-11T14:04:31.756+0000] {logging_mixin.py:188} INFO - [2025-05-11T14:04:31.755+0000] {dagbag.py:538} INFO - Filling up the DagBag from /opt/airflow/dags/raw_to_staging_dag.py
[2025-05-11T14:04:31.770+0000] {logging_mixin.py:188} WARNING - /home/airflow/.local/lib/python3.8/site-packages/airflow/providers/common/sql/operators/sql.py:139 RemovedInAirflow3Warning: The 'task_concurrency' parameter is deprecated. Please use 'max_active_tis_per_dag'.
[2025-05-11T14:04:31.779+0000] {processor.py:840} INFO - DAG(s) 'raw_to_staging_dag' retrieved from /opt/airflow/dags/raw_to_staging_dag.py
[2025-05-11T14:04:31.801+0000] {logging_mixin.py:188} INFO - [2025-05-11T14:04:31.801+0000] {dag.py:3036} INFO - Sync 1 DAGs
[2025-05-11T14:04:31.876+0000] {processor.py:183} INFO - Processing /opt/airflow/dags/raw_to_staging_dag.py took 0.130 seconds
[2025-05-11T14:05:02.155+0000] {processor.py:161} INFO - Started process (PID=5350) to work on /opt/airflow/dags/raw_to_staging_dag.py
[2025-05-11T14:05:02.157+0000] {processor.py:830} INFO - Processing file /opt/airflow/dags/raw_to_staging_dag.py for tasks to queue
[2025-05-11T14:05:02.158+0000] {logging_mixin.py:188} INFO - [2025-05-11T14:05:02.158+0000] {dagbag.py:538} INFO - Filling up the DagBag from /opt/airflow/dags/raw_to_staging_dag.py
[2025-05-11T14:05:02.174+0000] {logging_mixin.py:188} WARNING - /home/airflow/.local/lib/python3.8/site-packages/airflow/providers/common/sql/operators/sql.py:139 RemovedInAirflow3Warning: The 'task_concurrency' parameter is deprecated. Please use 'max_active_tis_per_dag'.
[2025-05-11T14:05:02.189+0000] {processor.py:840} INFO - DAG(s) 'raw_to_staging_dag' retrieved from /opt/airflow/dags/raw_to_staging_dag.py
[2025-05-11T14:05:02.222+0000] {logging_mixin.py:188} INFO - [2025-05-11T14:05:02.221+0000] {dag.py:3036} INFO - Sync 1 DAGs
[2025-05-11T14:05:02.247+0000] {processor.py:183} INFO - Processing /opt/airflow/dags/raw_to_staging_dag.py took 0.100 seconds
[2025-05-11T14:05:32.578+0000] {processor.py:161} INFO - Started process (PID=5355) to work on /opt/airflow/dags/raw_to_staging_dag.py
[2025-05-11T14:05:32.585+0000] {processor.py:830} INFO - Processing file /opt/airflow/dags/raw_to_staging_dag.py for tasks to queue
[2025-05-11T14:05:32.587+0000] {logging_mixin.py:188} INFO - [2025-05-11T14:05:32.586+0000] {dagbag.py:538} INFO - Filling up the DagBag from /opt/airflow/dags/raw_to_staging_dag.py
[2025-05-11T14:05:32.613+0000] {logging_mixin.py:188} WARNING - /home/airflow/.local/lib/python3.8/site-packages/airflow/providers/common/sql/operators/sql.py:139 RemovedInAirflow3Warning: The 'task_concurrency' parameter is deprecated. Please use 'max_active_tis_per_dag'.
[2025-05-11T14:05:32.627+0000] {processor.py:840} INFO - DAG(s) 'raw_to_staging_dag' retrieved from /opt/airflow/dags/raw_to_staging_dag.py
[2025-05-11T14:05:32.654+0000] {logging_mixin.py:188} INFO - [2025-05-11T14:05:32.654+0000] {dag.py:3036} INFO - Sync 1 DAGs
[2025-05-11T14:05:32.681+0000] {processor.py:183} INFO - Processing /opt/airflow/dags/raw_to_staging_dag.py took 0.110 seconds
[2025-05-11T14:06:03.095+0000] {processor.py:161} INFO - Started process (PID=5360) to work on /opt/airflow/dags/raw_to_staging_dag.py
[2025-05-11T14:06:03.097+0000] {processor.py:830} INFO - Processing file /opt/airflow/dags/raw_to_staging_dag.py for tasks to queue
[2025-05-11T14:06:03.098+0000] {logging_mixin.py:188} INFO - [2025-05-11T14:06:03.098+0000] {dagbag.py:538} INFO - Filling up the DagBag from /opt/airflow/dags/raw_to_staging_dag.py
[2025-05-11T14:06:03.122+0000] {logging_mixin.py:188} WARNING - /home/airflow/.local/lib/python3.8/site-packages/airflow/providers/common/sql/operators/sql.py:139 RemovedInAirflow3Warning: The 'task_concurrency' parameter is deprecated. Please use 'max_active_tis_per_dag'.
[2025-05-11T14:06:03.135+0000] {processor.py:840} INFO - DAG(s) 'raw_to_staging_dag' retrieved from /opt/airflow/dags/raw_to_staging_dag.py
[2025-05-11T14:06:03.166+0000] {logging_mixin.py:188} INFO - [2025-05-11T14:06:03.166+0000] {dag.py:3036} INFO - Sync 1 DAGs
[2025-05-11T14:06:03.195+0000] {processor.py:183} INFO - Processing /opt/airflow/dags/raw_to_staging_dag.py took 0.109 seconds
[2025-05-11T14:06:33.474+0000] {processor.py:161} INFO - Started process (PID=5365) to work on /opt/airflow/dags/raw_to_staging_dag.py
[2025-05-11T14:06:33.476+0000] {processor.py:830} INFO - Processing file /opt/airflow/dags/raw_to_staging_dag.py for tasks to queue
[2025-05-11T14:06:33.478+0000] {logging_mixin.py:188} INFO - [2025-05-11T14:06:33.477+0000] {dagbag.py:538} INFO - Filling up the DagBag from /opt/airflow/dags/raw_to_staging_dag.py
[2025-05-11T14:06:33.502+0000] {logging_mixin.py:188} WARNING - /home/airflow/.local/lib/python3.8/site-packages/airflow/providers/common/sql/operators/sql.py:139 RemovedInAirflow3Warning: The 'task_concurrency' parameter is deprecated. Please use 'max_active_tis_per_dag'.
[2025-05-11T14:06:33.517+0000] {processor.py:840} INFO - DAG(s) 'raw_to_staging_dag' retrieved from /opt/airflow/dags/raw_to_staging_dag.py
[2025-05-11T14:06:33.546+0000] {logging_mixin.py:188} INFO - [2025-05-11T14:06:33.545+0000] {dag.py:3036} INFO - Sync 1 DAGs
[2025-05-11T14:06:33.573+0000] {processor.py:183} INFO - Processing /opt/airflow/dags/raw_to_staging_dag.py took 0.110 seconds
[2025-05-11T14:07:03.900+0000] {processor.py:161} INFO - Started process (PID=5370) to work on /opt/airflow/dags/raw_to_staging_dag.py
[2025-05-11T14:07:03.902+0000] {processor.py:830} INFO - Processing file /opt/airflow/dags/raw_to_staging_dag.py for tasks to queue
[2025-05-11T14:07:03.903+0000] {logging_mixin.py:188} INFO - [2025-05-11T14:07:03.902+0000] {dagbag.py:538} INFO - Filling up the DagBag from /opt/airflow/dags/raw_to_staging_dag.py
[2025-05-11T14:07:03.922+0000] {logging_mixin.py:188} WARNING - /home/airflow/.local/lib/python3.8/site-packages/airflow/providers/common/sql/operators/sql.py:139 RemovedInAirflow3Warning: The 'task_concurrency' parameter is deprecated. Please use 'max_active_tis_per_dag'.
[2025-05-11T14:07:03.934+0000] {processor.py:840} INFO - DAG(s) 'raw_to_staging_dag' retrieved from /opt/airflow/dags/raw_to_staging_dag.py
[2025-05-11T14:07:03.968+0000] {logging_mixin.py:188} INFO - [2025-05-11T14:07:03.967+0000] {dag.py:3036} INFO - Sync 1 DAGs
[2025-05-11T14:07:04.006+0000] {processor.py:183} INFO - Processing /opt/airflow/dags/raw_to_staging_dag.py took 0.111 seconds
[2025-05-11T14:07:34.360+0000] {processor.py:161} INFO - Started process (PID=5375) to work on /opt/airflow/dags/raw_to_staging_dag.py
[2025-05-11T14:07:34.363+0000] {processor.py:830} INFO - Processing file /opt/airflow/dags/raw_to_staging_dag.py for tasks to queue
[2025-05-11T14:07:34.364+0000] {logging_mixin.py:188} INFO - [2025-05-11T14:07:34.364+0000] {dagbag.py:538} INFO - Filling up the DagBag from /opt/airflow/dags/raw_to_staging_dag.py
[2025-05-11T14:07:34.387+0000] {logging_mixin.py:188} WARNING - /home/airflow/.local/lib/python3.8/site-packages/airflow/providers/common/sql/operators/sql.py:139 RemovedInAirflow3Warning: The 'task_concurrency' parameter is deprecated. Please use 'max_active_tis_per_dag'.
[2025-05-11T14:07:34.399+0000] {processor.py:840} INFO - DAG(s) 'raw_to_staging_dag' retrieved from /opt/airflow/dags/raw_to_staging_dag.py
[2025-05-11T14:07:34.426+0000] {logging_mixin.py:188} INFO - [2025-05-11T14:07:34.426+0000] {dag.py:3036} INFO - Sync 1 DAGs
[2025-05-11T14:07:34.451+0000] {processor.py:183} INFO - Processing /opt/airflow/dags/raw_to_staging_dag.py took 0.098 seconds
[2025-05-11T14:08:04.769+0000] {processor.py:161} INFO - Started process (PID=5380) to work on /opt/airflow/dags/raw_to_staging_dag.py
[2025-05-11T14:08:04.771+0000] {processor.py:830} INFO - Processing file /opt/airflow/dags/raw_to_staging_dag.py for tasks to queue
[2025-05-11T14:08:04.773+0000] {logging_mixin.py:188} INFO - [2025-05-11T14:08:04.772+0000] {dagbag.py:538} INFO - Filling up the DagBag from /opt/airflow/dags/raw_to_staging_dag.py
[2025-05-11T14:08:04.796+0000] {logging_mixin.py:188} WARNING - /home/airflow/.local/lib/python3.8/site-packages/airflow/providers/common/sql/operators/sql.py:139 RemovedInAirflow3Warning: The 'task_concurrency' parameter is deprecated. Please use 'max_active_tis_per_dag'.
[2025-05-11T14:08:04.811+0000] {processor.py:840} INFO - DAG(s) 'raw_to_staging_dag' retrieved from /opt/airflow/dags/raw_to_staging_dag.py
[2025-05-11T14:08:04.844+0000] {logging_mixin.py:188} INFO - [2025-05-11T14:08:04.843+0000] {dag.py:3036} INFO - Sync 1 DAGs
[2025-05-11T14:08:04.863+0000] {processor.py:183} INFO - Processing /opt/airflow/dags/raw_to_staging_dag.py took 0.101 seconds
[2025-05-11T14:08:35.205+0000] {processor.py:161} INFO - Started process (PID=5385) to work on /opt/airflow/dags/raw_to_staging_dag.py
[2025-05-11T14:08:35.207+0000] {processor.py:830} INFO - Processing file /opt/airflow/dags/raw_to_staging_dag.py for tasks to queue
[2025-05-11T14:08:35.208+0000] {logging_mixin.py:188} INFO - [2025-05-11T14:08:35.207+0000] {dagbag.py:538} INFO - Filling up the DagBag from /opt/airflow/dags/raw_to_staging_dag.py
[2025-05-11T14:08:35.227+0000] {logging_mixin.py:188} WARNING - /home/airflow/.local/lib/python3.8/site-packages/airflow/providers/common/sql/operators/sql.py:139 RemovedInAirflow3Warning: The 'task_concurrency' parameter is deprecated. Please use 'max_active_tis_per_dag'.
[2025-05-11T14:08:35.242+0000] {processor.py:840} INFO - DAG(s) 'raw_to_staging_dag' retrieved from /opt/airflow/dags/raw_to_staging_dag.py
[2025-05-11T14:08:35.269+0000] {logging_mixin.py:188} INFO - [2025-05-11T14:08:35.268+0000] {dag.py:3036} INFO - Sync 1 DAGs
[2025-05-11T14:08:35.291+0000] {processor.py:183} INFO - Processing /opt/airflow/dags/raw_to_staging_dag.py took 0.092 seconds
[2025-05-11T14:09:05.601+0000] {processor.py:161} INFO - Started process (PID=5430) to work on /opt/airflow/dags/raw_to_staging_dag.py
[2025-05-11T14:09:05.603+0000] {processor.py:830} INFO - Processing file /opt/airflow/dags/raw_to_staging_dag.py for tasks to queue
[2025-05-11T14:09:05.608+0000] {logging_mixin.py:188} INFO - [2025-05-11T14:09:05.607+0000] {dagbag.py:538} INFO - Filling up the DagBag from /opt/airflow/dags/raw_to_staging_dag.py
[2025-05-11T14:09:05.648+0000] {logging_mixin.py:188} WARNING - /home/airflow/.local/lib/python3.8/site-packages/airflow/providers/common/sql/operators/sql.py:139 RemovedInAirflow3Warning: The 'task_concurrency' parameter is deprecated. Please use 'max_active_tis_per_dag'.
[2025-05-11T14:09:05.677+0000] {processor.py:840} INFO - DAG(s) 'raw_to_staging_dag' retrieved from /opt/airflow/dags/raw_to_staging_dag.py
[2025-05-11T14:09:05.731+0000] {logging_mixin.py:188} INFO - [2025-05-11T14:09:05.731+0000] {dag.py:3036} INFO - Sync 1 DAGs
[2025-05-11T14:09:05.812+0000] {processor.py:183} INFO - Processing /opt/airflow/dags/raw_to_staging_dag.py took 0.214 seconds
[2025-05-11T14:09:36.123+0000] {processor.py:161} INFO - Started process (PID=5595) to work on /opt/airflow/dags/raw_to_staging_dag.py
[2025-05-11T14:09:36.124+0000] {processor.py:830} INFO - Processing file /opt/airflow/dags/raw_to_staging_dag.py for tasks to queue
[2025-05-11T14:09:36.125+0000] {logging_mixin.py:188} INFO - [2025-05-11T14:09:36.125+0000] {dagbag.py:538} INFO - Filling up the DagBag from /opt/airflow/dags/raw_to_staging_dag.py
[2025-05-11T14:09:36.136+0000] {logging_mixin.py:188} WARNING - /home/airflow/.local/lib/python3.8/site-packages/airflow/providers/common/sql/operators/sql.py:139 RemovedInAirflow3Warning: The 'task_concurrency' parameter is deprecated. Please use 'max_active_tis_per_dag'.
[2025-05-11T14:09:36.144+0000] {processor.py:840} INFO - DAG(s) 'raw_to_staging_dag' retrieved from /opt/airflow/dags/raw_to_staging_dag.py
[2025-05-11T14:09:36.165+0000] {logging_mixin.py:188} INFO - [2025-05-11T14:09:36.165+0000] {dag.py:3036} INFO - Sync 1 DAGs
[2025-05-11T14:09:36.181+0000] {logging_mixin.py:188} INFO - [2025-05-11T14:09:36.180+0000] {dag.py:3823} INFO - Setting next_dagrun for raw_to_staging_dag to 2025-05-04 00:00:00+00:00, run_after=2025-05-05 00:00:00+00:00
[2025-05-11T14:09:36.189+0000] {processor.py:183} INFO - Processing /opt/airflow/dags/raw_to_staging_dag.py took 0.069 seconds
[2025-05-11T14:10:06.524+0000] {processor.py:161} INFO - Started process (PID=5610) to work on /opt/airflow/dags/raw_to_staging_dag.py
[2025-05-11T14:10:06.526+0000] {processor.py:830} INFO - Processing file /opt/airflow/dags/raw_to_staging_dag.py for tasks to queue
[2025-05-11T14:10:06.526+0000] {logging_mixin.py:188} INFO - [2025-05-11T14:10:06.526+0000] {dagbag.py:538} INFO - Filling up the DagBag from /opt/airflow/dags/raw_to_staging_dag.py
[2025-05-11T14:10:06.545+0000] {logging_mixin.py:188} WARNING - /home/airflow/.local/lib/python3.8/site-packages/airflow/providers/common/sql/operators/sql.py:139 RemovedInAirflow3Warning: The 'task_concurrency' parameter is deprecated. Please use 'max_active_tis_per_dag'.
[2025-05-11T14:10:06.559+0000] {processor.py:840} INFO - DAG(s) 'raw_to_staging_dag' retrieved from /opt/airflow/dags/raw_to_staging_dag.py
[2025-05-11T14:10:06.584+0000] {logging_mixin.py:188} INFO - [2025-05-11T14:10:06.584+0000] {dag.py:3036} INFO - Sync 1 DAGs
[2025-05-11T14:10:06.610+0000] {processor.py:183} INFO - Processing /opt/airflow/dags/raw_to_staging_dag.py took 0.093 seconds
[2025-05-11T14:10:36.930+0000] {processor.py:161} INFO - Started process (PID=5615) to work on /opt/airflow/dags/raw_to_staging_dag.py
[2025-05-11T14:10:36.932+0000] {processor.py:830} INFO - Processing file /opt/airflow/dags/raw_to_staging_dag.py for tasks to queue
[2025-05-11T14:10:36.933+0000] {logging_mixin.py:188} INFO - [2025-05-11T14:10:36.933+0000] {dagbag.py:538} INFO - Filling up the DagBag from /opt/airflow/dags/raw_to_staging_dag.py
[2025-05-11T14:10:36.948+0000] {logging_mixin.py:188} WARNING - /home/airflow/.local/lib/python3.8/site-packages/airflow/providers/common/sql/operators/sql.py:139 RemovedInAirflow3Warning: The 'task_concurrency' parameter is deprecated. Please use 'max_active_tis_per_dag'.
[2025-05-11T14:10:36.963+0000] {processor.py:840} INFO - DAG(s) 'raw_to_staging_dag' retrieved from /opt/airflow/dags/raw_to_staging_dag.py
[2025-05-11T14:10:36.995+0000] {logging_mixin.py:188} INFO - [2025-05-11T14:10:36.995+0000] {dag.py:3036} INFO - Sync 1 DAGs
[2025-05-11T14:10:37.017+0000] {processor.py:183} INFO - Processing /opt/airflow/dags/raw_to_staging_dag.py took 0.092 seconds
[2025-05-11T14:11:07.298+0000] {processor.py:161} INFO - Started process (PID=5620) to work on /opt/airflow/dags/raw_to_staging_dag.py
[2025-05-11T14:11:07.300+0000] {processor.py:830} INFO - Processing file /opt/airflow/dags/raw_to_staging_dag.py for tasks to queue
[2025-05-11T14:11:07.301+0000] {logging_mixin.py:188} INFO - [2025-05-11T14:11:07.301+0000] {dagbag.py:538} INFO - Filling up the DagBag from /opt/airflow/dags/raw_to_staging_dag.py
[2025-05-11T14:11:07.319+0000] {logging_mixin.py:188} WARNING - /home/airflow/.local/lib/python3.8/site-packages/airflow/providers/common/sql/operators/sql.py:139 RemovedInAirflow3Warning: The 'task_concurrency' parameter is deprecated. Please use 'max_active_tis_per_dag'.
[2025-05-11T14:11:07.331+0000] {processor.py:840} INFO - DAG(s) 'raw_to_staging_dag' retrieved from /opt/airflow/dags/raw_to_staging_dag.py
[2025-05-11T14:11:07.357+0000] {logging_mixin.py:188} INFO - [2025-05-11T14:11:07.357+0000] {dag.py:3036} INFO - Sync 1 DAGs
[2025-05-11T14:11:07.378+0000] {processor.py:183} INFO - Processing /opt/airflow/dags/raw_to_staging_dag.py took 0.085 seconds
[2025-05-11T14:11:37.722+0000] {processor.py:161} INFO - Started process (PID=5625) to work on /opt/airflow/dags/raw_to_staging_dag.py
[2025-05-11T14:11:37.723+0000] {processor.py:830} INFO - Processing file /opt/airflow/dags/raw_to_staging_dag.py for tasks to queue
[2025-05-11T14:11:37.724+0000] {logging_mixin.py:188} INFO - [2025-05-11T14:11:37.723+0000] {dagbag.py:538} INFO - Filling up the DagBag from /opt/airflow/dags/raw_to_staging_dag.py
[2025-05-11T14:11:37.740+0000] {logging_mixin.py:188} WARNING - /home/airflow/.local/lib/python3.8/site-packages/airflow/providers/common/sql/operators/sql.py:139 RemovedInAirflow3Warning: The 'task_concurrency' parameter is deprecated. Please use 'max_active_tis_per_dag'.
[2025-05-11T14:11:37.755+0000] {processor.py:840} INFO - DAG(s) 'raw_to_staging_dag' retrieved from /opt/airflow/dags/raw_to_staging_dag.py
[2025-05-11T14:11:37.781+0000] {logging_mixin.py:188} INFO - [2025-05-11T14:11:37.780+0000] {dag.py:3036} INFO - Sync 1 DAGs
[2025-05-11T14:11:37.807+0000] {processor.py:183} INFO - Processing /opt/airflow/dags/raw_to_staging_dag.py took 0.091 seconds
[2025-05-11T14:12:08.078+0000] {processor.py:161} INFO - Started process (PID=5630) to work on /opt/airflow/dags/raw_to_staging_dag.py
[2025-05-11T14:12:08.082+0000] {processor.py:830} INFO - Processing file /opt/airflow/dags/raw_to_staging_dag.py for tasks to queue
[2025-05-11T14:12:08.083+0000] {logging_mixin.py:188} INFO - [2025-05-11T14:12:08.082+0000] {dagbag.py:538} INFO - Filling up the DagBag from /opt/airflow/dags/raw_to_staging_dag.py
[2025-05-11T14:12:08.103+0000] {logging_mixin.py:188} WARNING - /home/airflow/.local/lib/python3.8/site-packages/airflow/providers/common/sql/operators/sql.py:139 RemovedInAirflow3Warning: The 'task_concurrency' parameter is deprecated. Please use 'max_active_tis_per_dag'.
[2025-05-11T14:12:08.118+0000] {processor.py:840} INFO - DAG(s) 'raw_to_staging_dag' retrieved from /opt/airflow/dags/raw_to_staging_dag.py
[2025-05-11T14:12:08.146+0000] {logging_mixin.py:188} INFO - [2025-05-11T14:12:08.146+0000] {dag.py:3036} INFO - Sync 1 DAGs
[2025-05-11T14:12:08.167+0000] {processor.py:183} INFO - Processing /opt/airflow/dags/raw_to_staging_dag.py took 0.105 seconds
[2025-05-11T14:12:38.423+0000] {processor.py:161} INFO - Started process (PID=5635) to work on /opt/airflow/dags/raw_to_staging_dag.py
[2025-05-11T14:12:38.426+0000] {processor.py:830} INFO - Processing file /opt/airflow/dags/raw_to_staging_dag.py for tasks to queue
[2025-05-11T14:12:38.427+0000] {logging_mixin.py:188} INFO - [2025-05-11T14:12:38.427+0000] {dagbag.py:538} INFO - Filling up the DagBag from /opt/airflow/dags/raw_to_staging_dag.py
[2025-05-11T14:12:38.449+0000] {logging_mixin.py:188} WARNING - /home/airflow/.local/lib/python3.8/site-packages/airflow/providers/common/sql/operators/sql.py:139 RemovedInAirflow3Warning: The 'task_concurrency' parameter is deprecated. Please use 'max_active_tis_per_dag'.
[2025-05-11T14:12:38.463+0000] {processor.py:840} INFO - DAG(s) 'raw_to_staging_dag' retrieved from /opt/airflow/dags/raw_to_staging_dag.py
[2025-05-11T14:12:38.489+0000] {logging_mixin.py:188} INFO - [2025-05-11T14:12:38.489+0000] {dag.py:3036} INFO - Sync 1 DAGs
[2025-05-11T14:12:38.513+0000] {processor.py:183} INFO - Processing /opt/airflow/dags/raw_to_staging_dag.py took 0.096 seconds
[2025-05-11T14:13:08.785+0000] {processor.py:161} INFO - Started process (PID=5640) to work on /opt/airflow/dags/raw_to_staging_dag.py
[2025-05-11T14:13:08.788+0000] {processor.py:830} INFO - Processing file /opt/airflow/dags/raw_to_staging_dag.py for tasks to queue
[2025-05-11T14:13:08.789+0000] {logging_mixin.py:188} INFO - [2025-05-11T14:13:08.789+0000] {dagbag.py:538} INFO - Filling up the DagBag from /opt/airflow/dags/raw_to_staging_dag.py
[2025-05-11T14:13:08.810+0000] {logging_mixin.py:188} WARNING - /home/airflow/.local/lib/python3.8/site-packages/airflow/providers/common/sql/operators/sql.py:139 RemovedInAirflow3Warning: The 'task_concurrency' parameter is deprecated. Please use 'max_active_tis_per_dag'.
[2025-05-11T14:13:08.827+0000] {processor.py:840} INFO - DAG(s) 'raw_to_staging_dag' retrieved from /opt/airflow/dags/raw_to_staging_dag.py
[2025-05-11T14:13:08.856+0000] {logging_mixin.py:188} INFO - [2025-05-11T14:13:08.856+0000] {dag.py:3036} INFO - Sync 1 DAGs
[2025-05-11T14:13:08.877+0000] {processor.py:183} INFO - Processing /opt/airflow/dags/raw_to_staging_dag.py took 0.098 seconds
[2025-05-11T14:13:39.158+0000] {processor.py:161} INFO - Started process (PID=5645) to work on /opt/airflow/dags/raw_to_staging_dag.py
[2025-05-11T14:13:39.161+0000] {processor.py:830} INFO - Processing file /opt/airflow/dags/raw_to_staging_dag.py for tasks to queue
[2025-05-11T14:13:39.163+0000] {logging_mixin.py:188} INFO - [2025-05-11T14:13:39.162+0000] {dagbag.py:538} INFO - Filling up the DagBag from /opt/airflow/dags/raw_to_staging_dag.py
[2025-05-11T14:13:39.185+0000] {logging_mixin.py:188} WARNING - /home/airflow/.local/lib/python3.8/site-packages/airflow/providers/common/sql/operators/sql.py:139 RemovedInAirflow3Warning: The 'task_concurrency' parameter is deprecated. Please use 'max_active_tis_per_dag'.
[2025-05-11T14:13:39.197+0000] {processor.py:840} INFO - DAG(s) 'raw_to_staging_dag' retrieved from /opt/airflow/dags/raw_to_staging_dag.py
[2025-05-11T14:13:39.223+0000] {logging_mixin.py:188} INFO - [2025-05-11T14:13:39.223+0000] {dag.py:3036} INFO - Sync 1 DAGs
[2025-05-11T14:13:39.249+0000] {processor.py:183} INFO - Processing /opt/airflow/dags/raw_to_staging_dag.py took 0.105 seconds
[2025-05-11T14:14:09.547+0000] {processor.py:161} INFO - Started process (PID=5658) to work on /opt/airflow/dags/raw_to_staging_dag.py
[2025-05-11T14:14:09.549+0000] {processor.py:830} INFO - Processing file /opt/airflow/dags/raw_to_staging_dag.py for tasks to queue
[2025-05-11T14:14:09.550+0000] {logging_mixin.py:188} INFO - [2025-05-11T14:14:09.550+0000] {dagbag.py:538} INFO - Filling up the DagBag from /opt/airflow/dags/raw_to_staging_dag.py
[2025-05-11T14:14:09.573+0000] {logging_mixin.py:188} WARNING - /home/airflow/.local/lib/python3.8/site-packages/airflow/providers/common/sql/operators/sql.py:139 RemovedInAirflow3Warning: The 'task_concurrency' parameter is deprecated. Please use 'max_active_tis_per_dag'.
[2025-05-11T14:14:09.588+0000] {processor.py:840} INFO - DAG(s) 'raw_to_staging_dag' retrieved from /opt/airflow/dags/raw_to_staging_dag.py
[2025-05-11T14:14:09.610+0000] {logging_mixin.py:188} INFO - [2025-05-11T14:14:09.609+0000] {dag.py:3036} INFO - Sync 1 DAGs
[2025-05-11T14:14:09.636+0000] {processor.py:183} INFO - Processing /opt/airflow/dags/raw_to_staging_dag.py took 0.097 seconds
[2025-05-11T14:14:39.980+0000] {processor.py:161} INFO - Started process (PID=5855) to work on /opt/airflow/dags/raw_to_staging_dag.py
[2025-05-11T14:14:39.982+0000] {processor.py:830} INFO - Processing file /opt/airflow/dags/raw_to_staging_dag.py for tasks to queue
[2025-05-11T14:14:39.983+0000] {logging_mixin.py:188} INFO - [2025-05-11T14:14:39.982+0000] {dagbag.py:538} INFO - Filling up the DagBag from /opt/airflow/dags/raw_to_staging_dag.py
[2025-05-11T14:14:39.996+0000] {logging_mixin.py:188} WARNING - /home/airflow/.local/lib/python3.8/site-packages/airflow/providers/common/sql/operators/sql.py:139 RemovedInAirflow3Warning: The 'task_concurrency' parameter is deprecated. Please use 'max_active_tis_per_dag'.
[2025-05-11T14:14:40.005+0000] {processor.py:840} INFO - DAG(s) 'raw_to_staging_dag' retrieved from /opt/airflow/dags/raw_to_staging_dag.py
[2025-05-11T14:14:40.026+0000] {logging_mixin.py:188} INFO - [2025-05-11T14:14:40.025+0000] {dag.py:3036} INFO - Sync 1 DAGs
[2025-05-11T14:14:40.037+0000] {logging_mixin.py:188} INFO - [2025-05-11T14:14:40.037+0000] {dag.py:3823} INFO - Setting next_dagrun for raw_to_staging_dag to 2025-05-09 00:00:00+00:00, run_after=2025-05-10 00:00:00+00:00
[2025-05-11T14:14:40.048+0000] {processor.py:183} INFO - Processing /opt/airflow/dags/raw_to_staging_dag.py took 0.077 seconds
[2025-05-11T14:15:10.401+0000] {processor.py:161} INFO - Started process (PID=5870) to work on /opt/airflow/dags/raw_to_staging_dag.py
[2025-05-11T14:15:10.403+0000] {processor.py:830} INFO - Processing file /opt/airflow/dags/raw_to_staging_dag.py for tasks to queue
[2025-05-11T14:15:10.404+0000] {logging_mixin.py:188} INFO - [2025-05-11T14:15:10.403+0000] {dagbag.py:538} INFO - Filling up the DagBag from /opt/airflow/dags/raw_to_staging_dag.py
[2025-05-11T14:15:10.421+0000] {logging_mixin.py:188} WARNING - /home/airflow/.local/lib/python3.8/site-packages/airflow/providers/common/sql/operators/sql.py:139 RemovedInAirflow3Warning: The 'task_concurrency' parameter is deprecated. Please use 'max_active_tis_per_dag'.
[2025-05-11T14:15:10.439+0000] {processor.py:840} INFO - DAG(s) 'raw_to_staging_dag' retrieved from /opt/airflow/dags/raw_to_staging_dag.py
[2025-05-11T14:15:10.464+0000] {logging_mixin.py:188} INFO - [2025-05-11T14:15:10.464+0000] {dag.py:3036} INFO - Sync 1 DAGs
[2025-05-11T14:15:10.491+0000] {processor.py:183} INFO - Processing /opt/airflow/dags/raw_to_staging_dag.py took 0.098 seconds
[2025-05-11T14:15:40.744+0000] {processor.py:161} INFO - Started process (PID=5875) to work on /opt/airflow/dags/raw_to_staging_dag.py
[2025-05-11T14:15:40.745+0000] {processor.py:830} INFO - Processing file /opt/airflow/dags/raw_to_staging_dag.py for tasks to queue
[2025-05-11T14:15:40.746+0000] {logging_mixin.py:188} INFO - [2025-05-11T14:15:40.746+0000] {dagbag.py:538} INFO - Filling up the DagBag from /opt/airflow/dags/raw_to_staging_dag.py
[2025-05-11T14:15:40.767+0000] {logging_mixin.py:188} WARNING - /home/airflow/.local/lib/python3.8/site-packages/airflow/providers/common/sql/operators/sql.py:139 RemovedInAirflow3Warning: The 'task_concurrency' parameter is deprecated. Please use 'max_active_tis_per_dag'.
[2025-05-11T14:15:40.786+0000] {processor.py:840} INFO - DAG(s) 'raw_to_staging_dag' retrieved from /opt/airflow/dags/raw_to_staging_dag.py
[2025-05-11T14:15:40.807+0000] {logging_mixin.py:188} INFO - [2025-05-11T14:15:40.807+0000] {dag.py:3036} INFO - Sync 1 DAGs
[2025-05-11T14:15:40.833+0000] {processor.py:183} INFO - Processing /opt/airflow/dags/raw_to_staging_dag.py took 0.095 seconds
[2025-05-11T14:16:11.146+0000] {processor.py:161} INFO - Started process (PID=5880) to work on /opt/airflow/dags/raw_to_staging_dag.py
[2025-05-11T14:16:11.148+0000] {processor.py:830} INFO - Processing file /opt/airflow/dags/raw_to_staging_dag.py for tasks to queue
[2025-05-11T14:16:11.149+0000] {logging_mixin.py:188} INFO - [2025-05-11T14:16:11.149+0000] {dagbag.py:538} INFO - Filling up the DagBag from /opt/airflow/dags/raw_to_staging_dag.py
[2025-05-11T14:16:11.168+0000] {logging_mixin.py:188} WARNING - /home/airflow/.local/lib/python3.8/site-packages/airflow/providers/common/sql/operators/sql.py:139 RemovedInAirflow3Warning: The 'task_concurrency' parameter is deprecated. Please use 'max_active_tis_per_dag'.
[2025-05-11T14:16:11.182+0000] {processor.py:840} INFO - DAG(s) 'raw_to_staging_dag' retrieved from /opt/airflow/dags/raw_to_staging_dag.py
[2025-05-11T14:16:11.206+0000] {logging_mixin.py:188} INFO - [2025-05-11T14:16:11.206+0000] {dag.py:3036} INFO - Sync 1 DAGs
[2025-05-11T14:16:11.228+0000] {processor.py:183} INFO - Processing /opt/airflow/dags/raw_to_staging_dag.py took 0.092 seconds
[2025-05-11T14:16:41.501+0000] {processor.py:161} INFO - Started process (PID=5885) to work on /opt/airflow/dags/raw_to_staging_dag.py
[2025-05-11T14:16:41.503+0000] {processor.py:830} INFO - Processing file /opt/airflow/dags/raw_to_staging_dag.py for tasks to queue
[2025-05-11T14:16:41.504+0000] {logging_mixin.py:188} INFO - [2025-05-11T14:16:41.504+0000] {dagbag.py:538} INFO - Filling up the DagBag from /opt/airflow/dags/raw_to_staging_dag.py
[2025-05-11T14:16:41.527+0000] {logging_mixin.py:188} WARNING - /home/airflow/.local/lib/python3.8/site-packages/airflow/providers/common/sql/operators/sql.py:139 RemovedInAirflow3Warning: The 'task_concurrency' parameter is deprecated. Please use 'max_active_tis_per_dag'.
[2025-05-11T14:16:41.540+0000] {processor.py:840} INFO - DAG(s) 'raw_to_staging_dag' retrieved from /opt/airflow/dags/raw_to_staging_dag.py
[2025-05-11T14:16:41.566+0000] {logging_mixin.py:188} INFO - [2025-05-11T14:16:41.566+0000] {dag.py:3036} INFO - Sync 1 DAGs
[2025-05-11T14:16:41.591+0000] {processor.py:183} INFO - Processing /opt/airflow/dags/raw_to_staging_dag.py took 0.096 seconds
[2025-05-11T14:17:11.841+0000] {processor.py:161} INFO - Started process (PID=5890) to work on /opt/airflow/dags/raw_to_staging_dag.py
[2025-05-11T14:17:11.842+0000] {processor.py:830} INFO - Processing file /opt/airflow/dags/raw_to_staging_dag.py for tasks to queue
[2025-05-11T14:17:11.843+0000] {logging_mixin.py:188} INFO - [2025-05-11T14:17:11.843+0000] {dagbag.py:538} INFO - Filling up the DagBag from /opt/airflow/dags/raw_to_staging_dag.py
[2025-05-11T14:17:11.861+0000] {logging_mixin.py:188} WARNING - /home/airflow/.local/lib/python3.8/site-packages/airflow/providers/common/sql/operators/sql.py:139 RemovedInAirflow3Warning: The 'task_concurrency' parameter is deprecated. Please use 'max_active_tis_per_dag'.
[2025-05-11T14:17:11.877+0000] {processor.py:840} INFO - DAG(s) 'raw_to_staging_dag' retrieved from /opt/airflow/dags/raw_to_staging_dag.py
[2025-05-11T14:17:11.899+0000] {logging_mixin.py:188} INFO - [2025-05-11T14:17:11.899+0000] {dag.py:3036} INFO - Sync 1 DAGs
[2025-05-11T14:17:11.923+0000] {processor.py:183} INFO - Processing /opt/airflow/dags/raw_to_staging_dag.py took 0.088 seconds
[2025-05-11T14:17:42.208+0000] {processor.py:161} INFO - Started process (PID=5895) to work on /opt/airflow/dags/raw_to_staging_dag.py
[2025-05-11T14:17:42.210+0000] {processor.py:830} INFO - Processing file /opt/airflow/dags/raw_to_staging_dag.py for tasks to queue
[2025-05-11T14:17:42.212+0000] {logging_mixin.py:188} INFO - [2025-05-11T14:17:42.211+0000] {dagbag.py:538} INFO - Filling up the DagBag from /opt/airflow/dags/raw_to_staging_dag.py
[2025-05-11T14:17:42.230+0000] {logging_mixin.py:188} WARNING - /home/airflow/.local/lib/python3.8/site-packages/airflow/providers/common/sql/operators/sql.py:139 RemovedInAirflow3Warning: The 'task_concurrency' parameter is deprecated. Please use 'max_active_tis_per_dag'.
[2025-05-11T14:17:42.244+0000] {processor.py:840} INFO - DAG(s) 'raw_to_staging_dag' retrieved from /opt/airflow/dags/raw_to_staging_dag.py
[2025-05-11T14:17:42.272+0000] {logging_mixin.py:188} INFO - [2025-05-11T14:17:42.272+0000] {dag.py:3036} INFO - Sync 1 DAGs
[2025-05-11T14:17:42.335+0000] {processor.py:183} INFO - Processing /opt/airflow/dags/raw_to_staging_dag.py took 0.135 seconds
[2025-05-11T14:18:12.568+0000] {processor.py:161} INFO - Started process (PID=5900) to work on /opt/airflow/dags/raw_to_staging_dag.py
[2025-05-11T14:18:12.571+0000] {processor.py:830} INFO - Processing file /opt/airflow/dags/raw_to_staging_dag.py for tasks to queue
[2025-05-11T14:18:12.572+0000] {logging_mixin.py:188} INFO - [2025-05-11T14:18:12.572+0000] {dagbag.py:538} INFO - Filling up the DagBag from /opt/airflow/dags/raw_to_staging_dag.py
[2025-05-11T14:18:12.598+0000] {logging_mixin.py:188} WARNING - /home/airflow/.local/lib/python3.8/site-packages/airflow/providers/common/sql/operators/sql.py:139 RemovedInAirflow3Warning: The 'task_concurrency' parameter is deprecated. Please use 'max_active_tis_per_dag'.
[2025-05-11T14:18:12.616+0000] {processor.py:840} INFO - DAG(s) 'raw_to_staging_dag' retrieved from /opt/airflow/dags/raw_to_staging_dag.py
[2025-05-11T14:18:12.639+0000] {logging_mixin.py:188} INFO - [2025-05-11T14:18:12.638+0000] {dag.py:3036} INFO - Sync 1 DAGs
[2025-05-11T14:18:12.661+0000] {processor.py:183} INFO - Processing /opt/airflow/dags/raw_to_staging_dag.py took 0.106 seconds
[2025-05-11T14:18:43.010+0000] {processor.py:161} INFO - Started process (PID=5905) to work on /opt/airflow/dags/raw_to_staging_dag.py
[2025-05-11T14:18:43.013+0000] {processor.py:830} INFO - Processing file /opt/airflow/dags/raw_to_staging_dag.py for tasks to queue
[2025-05-11T14:18:43.015+0000] {logging_mixin.py:188} INFO - [2025-05-11T14:18:43.014+0000] {dagbag.py:538} INFO - Filling up the DagBag from /opt/airflow/dags/raw_to_staging_dag.py
[2025-05-11T14:18:43.036+0000] {logging_mixin.py:188} WARNING - /home/airflow/.local/lib/python3.8/site-packages/airflow/providers/common/sql/operators/sql.py:139 RemovedInAirflow3Warning: The 'task_concurrency' parameter is deprecated. Please use 'max_active_tis_per_dag'.
[2025-05-11T14:18:43.050+0000] {processor.py:840} INFO - DAG(s) 'raw_to_staging_dag' retrieved from /opt/airflow/dags/raw_to_staging_dag.py
[2025-05-11T14:18:43.078+0000] {logging_mixin.py:188} INFO - [2025-05-11T14:18:43.078+0000] {dag.py:3036} INFO - Sync 1 DAGs
[2025-05-11T14:18:43.102+0000] {processor.py:183} INFO - Processing /opt/airflow/dags/raw_to_staging_dag.py took 0.097 seconds
[2025-05-11T14:19:13.369+0000] {processor.py:161} INFO - Started process (PID=5910) to work on /opt/airflow/dags/raw_to_staging_dag.py
[2025-05-11T14:19:13.372+0000] {processor.py:830} INFO - Processing file /opt/airflow/dags/raw_to_staging_dag.py for tasks to queue
[2025-05-11T14:19:13.373+0000] {logging_mixin.py:188} INFO - [2025-05-11T14:19:13.372+0000] {dagbag.py:538} INFO - Filling up the DagBag from /opt/airflow/dags/raw_to_staging_dag.py
[2025-05-11T14:19:13.391+0000] {logging_mixin.py:188} WARNING - /home/airflow/.local/lib/python3.8/site-packages/airflow/providers/common/sql/operators/sql.py:139 RemovedInAirflow3Warning: The 'task_concurrency' parameter is deprecated. Please use 'max_active_tis_per_dag'.
[2025-05-11T14:19:13.406+0000] {processor.py:840} INFO - DAG(s) 'raw_to_staging_dag' retrieved from /opt/airflow/dags/raw_to_staging_dag.py
[2025-05-11T14:19:13.433+0000] {logging_mixin.py:188} INFO - [2025-05-11T14:19:13.433+0000] {dag.py:3036} INFO - Sync 1 DAGs
[2025-05-11T14:19:13.454+0000] {processor.py:183} INFO - Processing /opt/airflow/dags/raw_to_staging_dag.py took 0.097 seconds
[2025-05-11T14:19:43.853+0000] {processor.py:161} INFO - Started process (PID=6085) to work on /opt/airflow/dags/raw_to_staging_dag.py
[2025-05-11T14:19:43.856+0000] {processor.py:830} INFO - Processing file /opt/airflow/dags/raw_to_staging_dag.py for tasks to queue
[2025-05-11T14:19:43.857+0000] {logging_mixin.py:188} INFO - [2025-05-11T14:19:43.857+0000] {dagbag.py:538} INFO - Filling up the DagBag from /opt/airflow/dags/raw_to_staging_dag.py
[2025-05-11T14:19:43.869+0000] {logging_mixin.py:188} WARNING - /home/airflow/.local/lib/python3.8/site-packages/airflow/providers/common/sql/operators/sql.py:139 RemovedInAirflow3Warning: The 'task_concurrency' parameter is deprecated. Please use 'max_active_tis_per_dag'.
[2025-05-11T14:19:43.878+0000] {processor.py:840} INFO - DAG(s) 'raw_to_staging_dag' retrieved from /opt/airflow/dags/raw_to_staging_dag.py
[2025-05-11T14:19:43.894+0000] {logging_mixin.py:188} INFO - [2025-05-11T14:19:43.894+0000] {dag.py:3036} INFO - Sync 1 DAGs
[2025-05-11T14:19:43.907+0000] {logging_mixin.py:188} INFO - [2025-05-11T14:19:43.907+0000] {dag.py:3823} INFO - Setting next_dagrun for raw_to_staging_dag to 2025-05-11 00:00:00+00:00, run_after=2025-05-12 00:00:00+00:00
[2025-05-11T14:19:43.917+0000] {processor.py:183} INFO - Processing /opt/airflow/dags/raw_to_staging_dag.py took 0.068 seconds
[2025-05-11T14:20:14.232+0000] {processor.py:161} INFO - Started process (PID=6090) to work on /opt/airflow/dags/raw_to_staging_dag.py
[2025-05-11T14:20:14.233+0000] {processor.py:830} INFO - Processing file /opt/airflow/dags/raw_to_staging_dag.py for tasks to queue
[2025-05-11T14:20:14.234+0000] {logging_mixin.py:188} INFO - [2025-05-11T14:20:14.234+0000] {dagbag.py:538} INFO - Filling up the DagBag from /opt/airflow/dags/raw_to_staging_dag.py
[2025-05-11T14:20:14.253+0000] {logging_mixin.py:188} WARNING - /home/airflow/.local/lib/python3.8/site-packages/airflow/providers/common/sql/operators/sql.py:139 RemovedInAirflow3Warning: The 'task_concurrency' parameter is deprecated. Please use 'max_active_tis_per_dag'.
[2025-05-11T14:20:14.269+0000] {processor.py:840} INFO - DAG(s) 'raw_to_staging_dag' retrieved from /opt/airflow/dags/raw_to_staging_dag.py
[2025-05-11T14:20:14.292+0000] {logging_mixin.py:188} INFO - [2025-05-11T14:20:14.292+0000] {dag.py:3036} INFO - Sync 1 DAGs
[2025-05-11T14:20:14.309+0000] {logging_mixin.py:188} INFO - [2025-05-11T14:20:14.309+0000] {dag.py:3823} INFO - Setting next_dagrun for raw_to_staging_dag to 2025-05-11 00:00:00+00:00, run_after=2025-05-12 00:00:00+00:00
[2025-05-11T14:20:14.320+0000] {processor.py:183} INFO - Processing /opt/airflow/dags/raw_to_staging_dag.py took 0.092 seconds
[2025-05-11T14:20:44.612+0000] {processor.py:161} INFO - Started process (PID=6095) to work on /opt/airflow/dags/raw_to_staging_dag.py
[2025-05-11T14:20:44.613+0000] {processor.py:830} INFO - Processing file /opt/airflow/dags/raw_to_staging_dag.py for tasks to queue
[2025-05-11T14:20:44.615+0000] {logging_mixin.py:188} INFO - [2025-05-11T14:20:44.614+0000] {dagbag.py:538} INFO - Filling up the DagBag from /opt/airflow/dags/raw_to_staging_dag.py
[2025-05-11T14:20:44.638+0000] {logging_mixin.py:188} WARNING - /home/airflow/.local/lib/python3.8/site-packages/airflow/providers/common/sql/operators/sql.py:139 RemovedInAirflow3Warning: The 'task_concurrency' parameter is deprecated. Please use 'max_active_tis_per_dag'.
[2025-05-11T14:20:44.650+0000] {processor.py:840} INFO - DAG(s) 'raw_to_staging_dag' retrieved from /opt/airflow/dags/raw_to_staging_dag.py
[2025-05-11T14:20:44.676+0000] {logging_mixin.py:188} INFO - [2025-05-11T14:20:44.676+0000] {dag.py:3036} INFO - Sync 1 DAGs
[2025-05-11T14:20:44.689+0000] {logging_mixin.py:188} INFO - [2025-05-11T14:20:44.689+0000] {dag.py:3823} INFO - Setting next_dagrun for raw_to_staging_dag to 2025-05-11 00:00:00+00:00, run_after=2025-05-12 00:00:00+00:00
[2025-05-11T14:20:44.698+0000] {processor.py:183} INFO - Processing /opt/airflow/dags/raw_to_staging_dag.py took 0.092 seconds
[2025-05-11T14:21:15.027+0000] {processor.py:161} INFO - Started process (PID=6100) to work on /opt/airflow/dags/raw_to_staging_dag.py
[2025-05-11T14:21:15.029+0000] {processor.py:830} INFO - Processing file /opt/airflow/dags/raw_to_staging_dag.py for tasks to queue
[2025-05-11T14:21:15.030+0000] {logging_mixin.py:188} INFO - [2025-05-11T14:21:15.030+0000] {dagbag.py:538} INFO - Filling up the DagBag from /opt/airflow/dags/raw_to_staging_dag.py
[2025-05-11T14:21:15.048+0000] {logging_mixin.py:188} WARNING - /home/airflow/.local/lib/python3.8/site-packages/airflow/providers/common/sql/operators/sql.py:139 RemovedInAirflow3Warning: The 'task_concurrency' parameter is deprecated. Please use 'max_active_tis_per_dag'.
[2025-05-11T14:21:15.064+0000] {processor.py:840} INFO - DAG(s) 'raw_to_staging_dag' retrieved from /opt/airflow/dags/raw_to_staging_dag.py
[2025-05-11T14:21:15.138+0000] {logging_mixin.py:188} INFO - [2025-05-11T14:21:15.137+0000] {dag.py:3036} INFO - Sync 1 DAGs
[2025-05-11T14:21:15.151+0000] {logging_mixin.py:188} INFO - [2025-05-11T14:21:15.151+0000] {dag.py:3823} INFO - Setting next_dagrun for raw_to_staging_dag to 2025-05-11 00:00:00+00:00, run_after=2025-05-12 00:00:00+00:00
[2025-05-11T14:21:15.162+0000] {processor.py:183} INFO - Processing /opt/airflow/dags/raw_to_staging_dag.py took 0.141 seconds
[2025-05-11T14:21:45.450+0000] {processor.py:161} INFO - Started process (PID=6105) to work on /opt/airflow/dags/raw_to_staging_dag.py
[2025-05-11T14:21:45.454+0000] {processor.py:830} INFO - Processing file /opt/airflow/dags/raw_to_staging_dag.py for tasks to queue
[2025-05-11T14:21:45.455+0000] {logging_mixin.py:188} INFO - [2025-05-11T14:21:45.455+0000] {dagbag.py:538} INFO - Filling up the DagBag from /opt/airflow/dags/raw_to_staging_dag.py
[2025-05-11T14:21:45.475+0000] {logging_mixin.py:188} WARNING - /home/airflow/.local/lib/python3.8/site-packages/airflow/providers/common/sql/operators/sql.py:139 RemovedInAirflow3Warning: The 'task_concurrency' parameter is deprecated. Please use 'max_active_tis_per_dag'.
[2025-05-11T14:21:45.491+0000] {processor.py:840} INFO - DAG(s) 'raw_to_staging_dag' retrieved from /opt/airflow/dags/raw_to_staging_dag.py
[2025-05-11T14:21:45.521+0000] {logging_mixin.py:188} INFO - [2025-05-11T14:21:45.521+0000] {dag.py:3036} INFO - Sync 1 DAGs
[2025-05-11T14:21:45.537+0000] {logging_mixin.py:188} INFO - [2025-05-11T14:21:45.537+0000] {dag.py:3823} INFO - Setting next_dagrun for raw_to_staging_dag to 2025-05-11 00:00:00+00:00, run_after=2025-05-12 00:00:00+00:00
[2025-05-11T14:21:45.546+0000] {processor.py:183} INFO - Processing /opt/airflow/dags/raw_to_staging_dag.py took 0.107 seconds
[2025-05-11T14:22:15.885+0000] {processor.py:161} INFO - Started process (PID=6110) to work on /opt/airflow/dags/raw_to_staging_dag.py
[2025-05-11T14:22:15.887+0000] {processor.py:830} INFO - Processing file /opt/airflow/dags/raw_to_staging_dag.py for tasks to queue
[2025-05-11T14:22:15.888+0000] {logging_mixin.py:188} INFO - [2025-05-11T14:22:15.888+0000] {dagbag.py:538} INFO - Filling up the DagBag from /opt/airflow/dags/raw_to_staging_dag.py
[2025-05-11T14:22:15.907+0000] {logging_mixin.py:188} WARNING - /home/airflow/.local/lib/python3.8/site-packages/airflow/providers/common/sql/operators/sql.py:139 RemovedInAirflow3Warning: The 'task_concurrency' parameter is deprecated. Please use 'max_active_tis_per_dag'.
[2025-05-11T14:22:15.918+0000] {processor.py:840} INFO - DAG(s) 'raw_to_staging_dag' retrieved from /opt/airflow/dags/raw_to_staging_dag.py
[2025-05-11T14:22:15.948+0000] {logging_mixin.py:188} INFO - [2025-05-11T14:22:15.948+0000] {dag.py:3036} INFO - Sync 1 DAGs
[2025-05-11T14:22:15.963+0000] {logging_mixin.py:188} INFO - [2025-05-11T14:22:15.962+0000] {dag.py:3823} INFO - Setting next_dagrun for raw_to_staging_dag to 2025-05-11 00:00:00+00:00, run_after=2025-05-12 00:00:00+00:00
[2025-05-11T14:22:15.974+0000] {processor.py:183} INFO - Processing /opt/airflow/dags/raw_to_staging_dag.py took 0.096 seconds
[2025-05-11T14:22:46.228+0000] {processor.py:161} INFO - Started process (PID=6115) to work on /opt/airflow/dags/raw_to_staging_dag.py
[2025-05-11T14:22:46.230+0000] {processor.py:830} INFO - Processing file /opt/airflow/dags/raw_to_staging_dag.py for tasks to queue
[2025-05-11T14:22:46.231+0000] {logging_mixin.py:188} INFO - [2025-05-11T14:22:46.231+0000] {dagbag.py:538} INFO - Filling up the DagBag from /opt/airflow/dags/raw_to_staging_dag.py
[2025-05-11T14:22:46.251+0000] {logging_mixin.py:188} WARNING - /home/airflow/.local/lib/python3.8/site-packages/airflow/providers/common/sql/operators/sql.py:139 RemovedInAirflow3Warning: The 'task_concurrency' parameter is deprecated. Please use 'max_active_tis_per_dag'.
[2025-05-11T14:22:46.265+0000] {processor.py:840} INFO - DAG(s) 'raw_to_staging_dag' retrieved from /opt/airflow/dags/raw_to_staging_dag.py
[2025-05-11T14:22:46.289+0000] {logging_mixin.py:188} INFO - [2025-05-11T14:22:46.289+0000] {dag.py:3036} INFO - Sync 1 DAGs
[2025-05-11T14:22:46.305+0000] {logging_mixin.py:188} INFO - [2025-05-11T14:22:46.305+0000] {dag.py:3823} INFO - Setting next_dagrun for raw_to_staging_dag to 2025-05-11 00:00:00+00:00, run_after=2025-05-12 00:00:00+00:00
[2025-05-11T14:22:46.314+0000] {processor.py:183} INFO - Processing /opt/airflow/dags/raw_to_staging_dag.py took 0.090 seconds
[2025-05-11T14:23:16.601+0000] {processor.py:161} INFO - Started process (PID=6120) to work on /opt/airflow/dags/raw_to_staging_dag.py
[2025-05-11T14:23:16.603+0000] {processor.py:830} INFO - Processing file /opt/airflow/dags/raw_to_staging_dag.py for tasks to queue
[2025-05-11T14:23:16.604+0000] {logging_mixin.py:188} INFO - [2025-05-11T14:23:16.604+0000] {dagbag.py:538} INFO - Filling up the DagBag from /opt/airflow/dags/raw_to_staging_dag.py
[2025-05-11T14:23:16.624+0000] {logging_mixin.py:188} WARNING - /home/airflow/.local/lib/python3.8/site-packages/airflow/providers/common/sql/operators/sql.py:139 RemovedInAirflow3Warning: The 'task_concurrency' parameter is deprecated. Please use 'max_active_tis_per_dag'.
[2025-05-11T14:23:16.638+0000] {processor.py:840} INFO - DAG(s) 'raw_to_staging_dag' retrieved from /opt/airflow/dags/raw_to_staging_dag.py
[2025-05-11T14:23:16.661+0000] {logging_mixin.py:188} INFO - [2025-05-11T14:23:16.661+0000] {dag.py:3036} INFO - Sync 1 DAGs
[2025-05-11T14:23:16.680+0000] {logging_mixin.py:188} INFO - [2025-05-11T14:23:16.679+0000] {dag.py:3823} INFO - Setting next_dagrun for raw_to_staging_dag to 2025-05-11 00:00:00+00:00, run_after=2025-05-12 00:00:00+00:00
[2025-05-11T14:23:16.689+0000] {processor.py:183} INFO - Processing /opt/airflow/dags/raw_to_staging_dag.py took 0.094 seconds
[2025-05-11T14:23:46.978+0000] {processor.py:161} INFO - Started process (PID=6125) to work on /opt/airflow/dags/raw_to_staging_dag.py
[2025-05-11T14:23:46.982+0000] {processor.py:830} INFO - Processing file /opt/airflow/dags/raw_to_staging_dag.py for tasks to queue
[2025-05-11T14:23:46.983+0000] {logging_mixin.py:188} INFO - [2025-05-11T14:23:46.982+0000] {dagbag.py:538} INFO - Filling up the DagBag from /opt/airflow/dags/raw_to_staging_dag.py
[2025-05-11T14:23:47.000+0000] {logging_mixin.py:188} WARNING - /home/airflow/.local/lib/python3.8/site-packages/airflow/providers/common/sql/operators/sql.py:139 RemovedInAirflow3Warning: The 'task_concurrency' parameter is deprecated. Please use 'max_active_tis_per_dag'.
[2025-05-11T14:23:47.012+0000] {processor.py:840} INFO - DAG(s) 'raw_to_staging_dag' retrieved from /opt/airflow/dags/raw_to_staging_dag.py
[2025-05-11T14:23:47.042+0000] {logging_mixin.py:188} INFO - [2025-05-11T14:23:47.042+0000] {dag.py:3036} INFO - Sync 1 DAGs
[2025-05-11T14:23:47.058+0000] {logging_mixin.py:188} INFO - [2025-05-11T14:23:47.058+0000] {dag.py:3823} INFO - Setting next_dagrun for raw_to_staging_dag to 2025-05-11 00:00:00+00:00, run_after=2025-05-12 00:00:00+00:00
[2025-05-11T14:23:47.068+0000] {processor.py:183} INFO - Processing /opt/airflow/dags/raw_to_staging_dag.py took 0.095 seconds
[2025-05-11T14:24:17.352+0000] {processor.py:161} INFO - Started process (PID=6130) to work on /opt/airflow/dags/raw_to_staging_dag.py
[2025-05-11T14:24:17.354+0000] {processor.py:830} INFO - Processing file /opt/airflow/dags/raw_to_staging_dag.py for tasks to queue
[2025-05-11T14:24:17.355+0000] {logging_mixin.py:188} INFO - [2025-05-11T14:24:17.354+0000] {dagbag.py:538} INFO - Filling up the DagBag from /opt/airflow/dags/raw_to_staging_dag.py
[2025-05-11T14:24:17.374+0000] {logging_mixin.py:188} WARNING - /home/airflow/.local/lib/python3.8/site-packages/airflow/providers/common/sql/operators/sql.py:139 RemovedInAirflow3Warning: The 'task_concurrency' parameter is deprecated. Please use 'max_active_tis_per_dag'.
[2025-05-11T14:24:17.386+0000] {processor.py:840} INFO - DAG(s) 'raw_to_staging_dag' retrieved from /opt/airflow/dags/raw_to_staging_dag.py
[2025-05-11T14:24:17.416+0000] {logging_mixin.py:188} INFO - [2025-05-11T14:24:17.416+0000] {dag.py:3036} INFO - Sync 1 DAGs
[2025-05-11T14:24:17.429+0000] {logging_mixin.py:188} INFO - [2025-05-11T14:24:17.429+0000] {dag.py:3823} INFO - Setting next_dagrun for raw_to_staging_dag to 2025-05-11 00:00:00+00:00, run_after=2025-05-12 00:00:00+00:00
[2025-05-11T14:24:17.438+0000] {processor.py:183} INFO - Processing /opt/airflow/dags/raw_to_staging_dag.py took 0.097 seconds
[2025-05-11T14:24:47.850+0000] {processor.py:161} INFO - Started process (PID=6245) to work on /opt/airflow/dags/raw_to_staging_dag.py
[2025-05-11T14:24:47.853+0000] {processor.py:830} INFO - Processing file /opt/airflow/dags/raw_to_staging_dag.py for tasks to queue
[2025-05-11T14:24:47.854+0000] {logging_mixin.py:188} INFO - [2025-05-11T14:24:47.853+0000] {dagbag.py:538} INFO - Filling up the DagBag from /opt/airflow/dags/raw_to_staging_dag.py
[2025-05-11T14:24:47.864+0000] {logging_mixin.py:188} WARNING - /home/airflow/.local/lib/python3.8/site-packages/airflow/providers/common/sql/operators/sql.py:139 RemovedInAirflow3Warning: The 'task_concurrency' parameter is deprecated. Please use 'max_active_tis_per_dag'.
[2025-05-11T14:24:47.874+0000] {processor.py:840} INFO - DAG(s) 'raw_to_staging_dag' retrieved from /opt/airflow/dags/raw_to_staging_dag.py
[2025-05-11T14:24:47.895+0000] {logging_mixin.py:188} INFO - [2025-05-11T14:24:47.895+0000] {dag.py:3036} INFO - Sync 1 DAGs
[2025-05-11T14:24:47.908+0000] {logging_mixin.py:188} INFO - [2025-05-11T14:24:47.908+0000] {dag.py:3823} INFO - Setting next_dagrun for raw_to_staging_dag to 2025-05-11 00:00:00+00:00, run_after=2025-05-12 00:00:00+00:00
[2025-05-11T14:24:47.915+0000] {processor.py:183} INFO - Processing /opt/airflow/dags/raw_to_staging_dag.py took 0.071 seconds
[2025-05-11T14:25:18.252+0000] {processor.py:161} INFO - Started process (PID=6250) to work on /opt/airflow/dags/raw_to_staging_dag.py
[2025-05-11T14:25:18.254+0000] {processor.py:830} INFO - Processing file /opt/airflow/dags/raw_to_staging_dag.py for tasks to queue
[2025-05-11T14:25:18.255+0000] {logging_mixin.py:188} INFO - [2025-05-11T14:25:18.255+0000] {dagbag.py:538} INFO - Filling up the DagBag from /opt/airflow/dags/raw_to_staging_dag.py
[2025-05-11T14:25:18.275+0000] {logging_mixin.py:188} WARNING - /home/airflow/.local/lib/python3.8/site-packages/airflow/providers/common/sql/operators/sql.py:139 RemovedInAirflow3Warning: The 'task_concurrency' parameter is deprecated. Please use 'max_active_tis_per_dag'.
[2025-05-11T14:25:18.286+0000] {processor.py:840} INFO - DAG(s) 'raw_to_staging_dag' retrieved from /opt/airflow/dags/raw_to_staging_dag.py
[2025-05-11T14:25:18.311+0000] {logging_mixin.py:188} INFO - [2025-05-11T14:25:18.311+0000] {dag.py:3036} INFO - Sync 1 DAGs
[2025-05-11T14:25:18.328+0000] {logging_mixin.py:188} INFO - [2025-05-11T14:25:18.328+0000] {dag.py:3823} INFO - Setting next_dagrun for raw_to_staging_dag to 2025-05-11 00:00:00+00:00, run_after=2025-05-12 00:00:00+00:00
[2025-05-11T14:25:18.339+0000] {processor.py:183} INFO - Processing /opt/airflow/dags/raw_to_staging_dag.py took 0.094 seconds
[2025-05-11T14:25:48.571+0000] {processor.py:161} INFO - Started process (PID=6255) to work on /opt/airflow/dags/raw_to_staging_dag.py
[2025-05-11T14:25:48.572+0000] {processor.py:830} INFO - Processing file /opt/airflow/dags/raw_to_staging_dag.py for tasks to queue
[2025-05-11T14:25:48.573+0000] {logging_mixin.py:188} INFO - [2025-05-11T14:25:48.573+0000] {dagbag.py:538} INFO - Filling up the DagBag from /opt/airflow/dags/raw_to_staging_dag.py
[2025-05-11T14:25:48.589+0000] {logging_mixin.py:188} WARNING - /home/airflow/.local/lib/python3.8/site-packages/airflow/providers/common/sql/operators/sql.py:139 RemovedInAirflow3Warning: The 'task_concurrency' parameter is deprecated. Please use 'max_active_tis_per_dag'.
[2025-05-11T14:25:48.599+0000] {processor.py:840} INFO - DAG(s) 'raw_to_staging_dag' retrieved from /opt/airflow/dags/raw_to_staging_dag.py
[2025-05-11T14:25:48.629+0000] {logging_mixin.py:188} INFO - [2025-05-11T14:25:48.629+0000] {dag.py:3036} INFO - Sync 1 DAGs
[2025-05-11T14:25:48.642+0000] {logging_mixin.py:188} INFO - [2025-05-11T14:25:48.642+0000] {dag.py:3823} INFO - Setting next_dagrun for raw_to_staging_dag to 2025-05-11 00:00:00+00:00, run_after=2025-05-12 00:00:00+00:00
[2025-05-11T14:25:48.652+0000] {processor.py:183} INFO - Processing /opt/airflow/dags/raw_to_staging_dag.py took 0.086 seconds
[2025-05-11T14:26:18.962+0000] {processor.py:161} INFO - Started process (PID=6260) to work on /opt/airflow/dags/raw_to_staging_dag.py
[2025-05-11T14:26:18.965+0000] {processor.py:830} INFO - Processing file /opt/airflow/dags/raw_to_staging_dag.py for tasks to queue
[2025-05-11T14:26:18.966+0000] {logging_mixin.py:188} INFO - [2025-05-11T14:26:18.966+0000] {dagbag.py:538} INFO - Filling up the DagBag from /opt/airflow/dags/raw_to_staging_dag.py
[2025-05-11T14:26:18.985+0000] {logging_mixin.py:188} WARNING - /home/airflow/.local/lib/python3.8/site-packages/airflow/providers/common/sql/operators/sql.py:139 RemovedInAirflow3Warning: The 'task_concurrency' parameter is deprecated. Please use 'max_active_tis_per_dag'.
[2025-05-11T14:26:18.998+0000] {processor.py:840} INFO - DAG(s) 'raw_to_staging_dag' retrieved from /opt/airflow/dags/raw_to_staging_dag.py
[2025-05-11T14:26:19.025+0000] {logging_mixin.py:188} INFO - [2025-05-11T14:26:19.025+0000] {dag.py:3036} INFO - Sync 1 DAGs
[2025-05-11T14:26:19.043+0000] {logging_mixin.py:188} INFO - [2025-05-11T14:26:19.043+0000] {dag.py:3823} INFO - Setting next_dagrun for raw_to_staging_dag to 2025-05-11 00:00:00+00:00, run_after=2025-05-12 00:00:00+00:00
[2025-05-11T14:26:19.053+0000] {processor.py:183} INFO - Processing /opt/airflow/dags/raw_to_staging_dag.py took 0.097 seconds
[2025-05-11T14:26:49.331+0000] {processor.py:161} INFO - Started process (PID=6265) to work on /opt/airflow/dags/raw_to_staging_dag.py
[2025-05-11T14:26:49.333+0000] {processor.py:830} INFO - Processing file /opt/airflow/dags/raw_to_staging_dag.py for tasks to queue
[2025-05-11T14:26:49.334+0000] {logging_mixin.py:188} INFO - [2025-05-11T14:26:49.334+0000] {dagbag.py:538} INFO - Filling up the DagBag from /opt/airflow/dags/raw_to_staging_dag.py
[2025-05-11T14:26:49.349+0000] {logging_mixin.py:188} WARNING - /home/airflow/.local/lib/python3.8/site-packages/airflow/providers/common/sql/operators/sql.py:139 RemovedInAirflow3Warning: The 'task_concurrency' parameter is deprecated. Please use 'max_active_tis_per_dag'.
[2025-05-11T14:26:49.363+0000] {processor.py:840} INFO - DAG(s) 'raw_to_staging_dag' retrieved from /opt/airflow/dags/raw_to_staging_dag.py
[2025-05-11T14:26:49.390+0000] {logging_mixin.py:188} INFO - [2025-05-11T14:26:49.390+0000] {dag.py:3036} INFO - Sync 1 DAGs
[2025-05-11T14:26:49.406+0000] {logging_mixin.py:188} INFO - [2025-05-11T14:26:49.405+0000] {dag.py:3823} INFO - Setting next_dagrun for raw_to_staging_dag to 2025-05-11 00:00:00+00:00, run_after=2025-05-12 00:00:00+00:00
[2025-05-11T14:26:49.415+0000] {processor.py:183} INFO - Processing /opt/airflow/dags/raw_to_staging_dag.py took 0.097 seconds
[2025-05-11T14:27:19.711+0000] {processor.py:161} INFO - Started process (PID=6270) to work on /opt/airflow/dags/raw_to_staging_dag.py
[2025-05-11T14:27:19.713+0000] {processor.py:830} INFO - Processing file /opt/airflow/dags/raw_to_staging_dag.py for tasks to queue
[2025-05-11T14:27:19.714+0000] {logging_mixin.py:188} INFO - [2025-05-11T14:27:19.714+0000] {dagbag.py:538} INFO - Filling up the DagBag from /opt/airflow/dags/raw_to_staging_dag.py
[2025-05-11T14:27:19.734+0000] {logging_mixin.py:188} WARNING - /home/airflow/.local/lib/python3.8/site-packages/airflow/providers/common/sql/operators/sql.py:139 RemovedInAirflow3Warning: The 'task_concurrency' parameter is deprecated. Please use 'max_active_tis_per_dag'.
[2025-05-11T14:27:19.746+0000] {processor.py:840} INFO - DAG(s) 'raw_to_staging_dag' retrieved from /opt/airflow/dags/raw_to_staging_dag.py
[2025-05-11T14:27:19.775+0000] {logging_mixin.py:188} INFO - [2025-05-11T14:27:19.775+0000] {dag.py:3036} INFO - Sync 1 DAGs
[2025-05-11T14:27:19.796+0000] {logging_mixin.py:188} INFO - [2025-05-11T14:27:19.795+0000] {dag.py:3823} INFO - Setting next_dagrun for raw_to_staging_dag to 2025-05-11 00:00:00+00:00, run_after=2025-05-12 00:00:00+00:00
[2025-05-11T14:27:19.806+0000] {processor.py:183} INFO - Processing /opt/airflow/dags/raw_to_staging_dag.py took 0.106 seconds
[2025-05-11T14:27:50.106+0000] {processor.py:161} INFO - Started process (PID=6275) to work on /opt/airflow/dags/raw_to_staging_dag.py
[2025-05-11T14:27:50.109+0000] {processor.py:830} INFO - Processing file /opt/airflow/dags/raw_to_staging_dag.py for tasks to queue
[2025-05-11T14:27:50.110+0000] {logging_mixin.py:188} INFO - [2025-05-11T14:27:50.109+0000] {dagbag.py:538} INFO - Filling up the DagBag from /opt/airflow/dags/raw_to_staging_dag.py
[2025-05-11T14:27:50.132+0000] {logging_mixin.py:188} WARNING - /home/airflow/.local/lib/python3.8/site-packages/airflow/providers/common/sql/operators/sql.py:139 RemovedInAirflow3Warning: The 'task_concurrency' parameter is deprecated. Please use 'max_active_tis_per_dag'.
[2025-05-11T14:27:50.148+0000] {processor.py:840} INFO - DAG(s) 'raw_to_staging_dag' retrieved from /opt/airflow/dags/raw_to_staging_dag.py
[2025-05-11T14:27:50.178+0000] {logging_mixin.py:188} INFO - [2025-05-11T14:27:50.178+0000] {dag.py:3036} INFO - Sync 1 DAGs
[2025-05-11T14:27:50.193+0000] {logging_mixin.py:188} INFO - [2025-05-11T14:27:50.193+0000] {dag.py:3823} INFO - Setting next_dagrun for raw_to_staging_dag to 2025-05-11 00:00:00+00:00, run_after=2025-05-12 00:00:00+00:00
[2025-05-11T14:27:50.204+0000] {processor.py:183} INFO - Processing /opt/airflow/dags/raw_to_staging_dag.py took 0.107 seconds
[2025-05-11T14:28:20.504+0000] {processor.py:161} INFO - Started process (PID=6280) to work on /opt/airflow/dags/raw_to_staging_dag.py
[2025-05-11T14:28:20.506+0000] {processor.py:830} INFO - Processing file /opt/airflow/dags/raw_to_staging_dag.py for tasks to queue
[2025-05-11T14:28:20.507+0000] {logging_mixin.py:188} INFO - [2025-05-11T14:28:20.507+0000] {dagbag.py:538} INFO - Filling up the DagBag from /opt/airflow/dags/raw_to_staging_dag.py
[2025-05-11T14:28:20.530+0000] {logging_mixin.py:188} WARNING - /home/airflow/.local/lib/python3.8/site-packages/airflow/providers/common/sql/operators/sql.py:139 RemovedInAirflow3Warning: The 'task_concurrency' parameter is deprecated. Please use 'max_active_tis_per_dag'.
[2025-05-11T14:28:20.541+0000] {processor.py:840} INFO - DAG(s) 'raw_to_staging_dag' retrieved from /opt/airflow/dags/raw_to_staging_dag.py
[2025-05-11T14:28:20.570+0000] {logging_mixin.py:188} INFO - [2025-05-11T14:28:20.570+0000] {dag.py:3036} INFO - Sync 1 DAGs
[2025-05-11T14:28:20.585+0000] {logging_mixin.py:188} INFO - [2025-05-11T14:28:20.585+0000] {dag.py:3823} INFO - Setting next_dagrun for raw_to_staging_dag to 2025-05-11 00:00:00+00:00, run_after=2025-05-12 00:00:00+00:00
[2025-05-11T14:28:20.595+0000] {processor.py:183} INFO - Processing /opt/airflow/dags/raw_to_staging_dag.py took 0.098 seconds
[2025-05-11T14:28:50.868+0000] {processor.py:161} INFO - Started process (PID=6285) to work on /opt/airflow/dags/raw_to_staging_dag.py
[2025-05-11T14:28:50.869+0000] {processor.py:830} INFO - Processing file /opt/airflow/dags/raw_to_staging_dag.py for tasks to queue
[2025-05-11T14:28:50.870+0000] {logging_mixin.py:188} INFO - [2025-05-11T14:28:50.870+0000] {dagbag.py:538} INFO - Filling up the DagBag from /opt/airflow/dags/raw_to_staging_dag.py
[2025-05-11T14:28:50.891+0000] {logging_mixin.py:188} WARNING - /home/airflow/.local/lib/python3.8/site-packages/airflow/providers/common/sql/operators/sql.py:139 RemovedInAirflow3Warning: The 'task_concurrency' parameter is deprecated. Please use 'max_active_tis_per_dag'.
[2025-05-11T14:28:50.905+0000] {processor.py:840} INFO - DAG(s) 'raw_to_staging_dag' retrieved from /opt/airflow/dags/raw_to_staging_dag.py
[2025-05-11T14:28:50.935+0000] {logging_mixin.py:188} INFO - [2025-05-11T14:28:50.935+0000] {dag.py:3036} INFO - Sync 1 DAGs
[2025-05-11T14:28:50.951+0000] {logging_mixin.py:188} INFO - [2025-05-11T14:28:50.950+0000] {dag.py:3823} INFO - Setting next_dagrun for raw_to_staging_dag to 2025-05-11 00:00:00+00:00, run_after=2025-05-12 00:00:00+00:00
[2025-05-11T14:28:50.959+0000] {processor.py:183} INFO - Processing /opt/airflow/dags/raw_to_staging_dag.py took 0.099 seconds
[2025-05-11T14:29:21.263+0000] {processor.py:161} INFO - Started process (PID=6290) to work on /opt/airflow/dags/raw_to_staging_dag.py
[2025-05-11T14:29:21.264+0000] {processor.py:830} INFO - Processing file /opt/airflow/dags/raw_to_staging_dag.py for tasks to queue
[2025-05-11T14:29:21.266+0000] {logging_mixin.py:188} INFO - [2025-05-11T14:29:21.265+0000] {dagbag.py:538} INFO - Filling up the DagBag from /opt/airflow/dags/raw_to_staging_dag.py
[2025-05-11T14:29:21.291+0000] {logging_mixin.py:188} WARNING - /home/airflow/.local/lib/python3.8/site-packages/airflow/providers/common/sql/operators/sql.py:139 RemovedInAirflow3Warning: The 'task_concurrency' parameter is deprecated. Please use 'max_active_tis_per_dag'.
[2025-05-11T14:29:21.307+0000] {processor.py:840} INFO - DAG(s) 'raw_to_staging_dag' retrieved from /opt/airflow/dags/raw_to_staging_dag.py
[2025-05-11T14:29:21.340+0000] {logging_mixin.py:188} INFO - [2025-05-11T14:29:21.340+0000] {dag.py:3036} INFO - Sync 1 DAGs
[2025-05-11T14:29:21.355+0000] {logging_mixin.py:188} INFO - [2025-05-11T14:29:21.355+0000] {dag.py:3823} INFO - Setting next_dagrun for raw_to_staging_dag to 2025-05-11 00:00:00+00:00, run_after=2025-05-12 00:00:00+00:00
[2025-05-11T14:29:21.368+0000] {processor.py:183} INFO - Processing /opt/airflow/dags/raw_to_staging_dag.py took 0.114 seconds
[2025-05-11T14:29:51.695+0000] {processor.py:161} INFO - Started process (PID=6355) to work on /opt/airflow/dags/raw_to_staging_dag.py
[2025-05-11T14:29:51.696+0000] {processor.py:830} INFO - Processing file /opt/airflow/dags/raw_to_staging_dag.py for tasks to queue
[2025-05-11T14:29:51.697+0000] {logging_mixin.py:188} INFO - [2025-05-11T14:29:51.697+0000] {dagbag.py:538} INFO - Filling up the DagBag from /opt/airflow/dags/raw_to_staging_dag.py
[2025-05-11T14:29:51.719+0000] {logging_mixin.py:188} WARNING - /home/airflow/.local/lib/python3.8/site-packages/airflow/providers/common/sql/operators/sql.py:139 RemovedInAirflow3Warning: The 'task_concurrency' parameter is deprecated. Please use 'max_active_tis_per_dag'.
[2025-05-11T14:29:51.731+0000] {processor.py:840} INFO - DAG(s) 'raw_to_staging_dag' retrieved from /opt/airflow/dags/raw_to_staging_dag.py
[2025-05-11T14:29:51.754+0000] {logging_mixin.py:188} INFO - [2025-05-11T14:29:51.754+0000] {dag.py:3036} INFO - Sync 1 DAGs
[2025-05-11T14:29:51.771+0000] {logging_mixin.py:188} INFO - [2025-05-11T14:29:51.771+0000] {dag.py:3823} INFO - Setting next_dagrun for raw_to_staging_dag to 2025-05-11 00:00:00+00:00, run_after=2025-05-12 00:00:00+00:00
[2025-05-11T14:29:51.781+0000] {processor.py:183} INFO - Processing /opt/airflow/dags/raw_to_staging_dag.py took 0.092 seconds
[2025-05-11T14:30:22.082+0000] {processor.py:161} INFO - Started process (PID=6360) to work on /opt/airflow/dags/raw_to_staging_dag.py
[2025-05-11T14:30:22.085+0000] {processor.py:830} INFO - Processing file /opt/airflow/dags/raw_to_staging_dag.py for tasks to queue
[2025-05-11T14:30:22.087+0000] {logging_mixin.py:188} INFO - [2025-05-11T14:30:22.086+0000] {dagbag.py:538} INFO - Filling up the DagBag from /opt/airflow/dags/raw_to_staging_dag.py
[2025-05-11T14:30:22.114+0000] {logging_mixin.py:188} WARNING - /home/airflow/.local/lib/python3.8/site-packages/airflow/providers/common/sql/operators/sql.py:139 RemovedInAirflow3Warning: The 'task_concurrency' parameter is deprecated. Please use 'max_active_tis_per_dag'.
[2025-05-11T14:30:22.126+0000] {processor.py:840} INFO - DAG(s) 'raw_to_staging_dag' retrieved from /opt/airflow/dags/raw_to_staging_dag.py
[2025-05-11T14:30:22.158+0000] {logging_mixin.py:188} INFO - [2025-05-11T14:30:22.158+0000] {dag.py:3036} INFO - Sync 1 DAGs
[2025-05-11T14:30:22.172+0000] {logging_mixin.py:188} INFO - [2025-05-11T14:30:22.171+0000] {dag.py:3823} INFO - Setting next_dagrun for raw_to_staging_dag to 2025-05-11 00:00:00+00:00, run_after=2025-05-12 00:00:00+00:00
[2025-05-11T14:30:22.180+0000] {processor.py:183} INFO - Processing /opt/airflow/dags/raw_to_staging_dag.py took 0.110 seconds
[2025-05-11T14:30:52.482+0000] {processor.py:161} INFO - Started process (PID=6365) to work on /opt/airflow/dags/raw_to_staging_dag.py
[2025-05-11T14:30:52.484+0000] {processor.py:830} INFO - Processing file /opt/airflow/dags/raw_to_staging_dag.py for tasks to queue
[2025-05-11T14:30:52.485+0000] {logging_mixin.py:188} INFO - [2025-05-11T14:30:52.485+0000] {dagbag.py:538} INFO - Filling up the DagBag from /opt/airflow/dags/raw_to_staging_dag.py
[2025-05-11T14:30:52.504+0000] {logging_mixin.py:188} WARNING - /home/airflow/.local/lib/python3.8/site-packages/airflow/providers/common/sql/operators/sql.py:139 RemovedInAirflow3Warning: The 'task_concurrency' parameter is deprecated. Please use 'max_active_tis_per_dag'.
[2025-05-11T14:30:52.520+0000] {processor.py:840} INFO - DAG(s) 'raw_to_staging_dag' retrieved from /opt/airflow/dags/raw_to_staging_dag.py
[2025-05-11T14:30:52.546+0000] {logging_mixin.py:188} INFO - [2025-05-11T14:30:52.546+0000] {dag.py:3036} INFO - Sync 1 DAGs
[2025-05-11T14:30:52.559+0000] {logging_mixin.py:188} INFO - [2025-05-11T14:30:52.559+0000] {dag.py:3823} INFO - Setting next_dagrun for raw_to_staging_dag to 2025-05-11 00:00:00+00:00, run_after=2025-05-12 00:00:00+00:00
[2025-05-11T14:30:52.569+0000] {processor.py:183} INFO - Processing /opt/airflow/dags/raw_to_staging_dag.py took 0.092 seconds
[2025-05-11T14:31:22.926+0000] {processor.py:161} INFO - Started process (PID=6370) to work on /opt/airflow/dags/raw_to_staging_dag.py
[2025-05-11T14:31:22.927+0000] {processor.py:830} INFO - Processing file /opt/airflow/dags/raw_to_staging_dag.py for tasks to queue
[2025-05-11T14:31:22.928+0000] {logging_mixin.py:188} INFO - [2025-05-11T14:31:22.928+0000] {dagbag.py:538} INFO - Filling up the DagBag from /opt/airflow/dags/raw_to_staging_dag.py
[2025-05-11T14:31:22.946+0000] {logging_mixin.py:188} WARNING - /home/airflow/.local/lib/python3.8/site-packages/airflow/providers/common/sql/operators/sql.py:139 RemovedInAirflow3Warning: The 'task_concurrency' parameter is deprecated. Please use 'max_active_tis_per_dag'.
[2025-05-11T14:31:22.961+0000] {processor.py:840} INFO - DAG(s) 'raw_to_staging_dag' retrieved from /opt/airflow/dags/raw_to_staging_dag.py
[2025-05-11T14:31:22.988+0000] {logging_mixin.py:188} INFO - [2025-05-11T14:31:22.988+0000] {dag.py:3036} INFO - Sync 1 DAGs
[2025-05-11T14:31:23.004+0000] {logging_mixin.py:188} INFO - [2025-05-11T14:31:23.003+0000] {dag.py:3823} INFO - Setting next_dagrun for raw_to_staging_dag to 2025-05-11 00:00:00+00:00, run_after=2025-05-12 00:00:00+00:00
[2025-05-11T14:31:23.015+0000] {processor.py:183} INFO - Processing /opt/airflow/dags/raw_to_staging_dag.py took 0.096 seconds
[2025-05-11T14:31:53.331+0000] {processor.py:161} INFO - Started process (PID=6375) to work on /opt/airflow/dags/raw_to_staging_dag.py
[2025-05-11T14:31:53.333+0000] {processor.py:830} INFO - Processing file /opt/airflow/dags/raw_to_staging_dag.py for tasks to queue
[2025-05-11T14:31:53.334+0000] {logging_mixin.py:188} INFO - [2025-05-11T14:31:53.333+0000] {dagbag.py:538} INFO - Filling up the DagBag from /opt/airflow/dags/raw_to_staging_dag.py
[2025-05-11T14:31:53.356+0000] {logging_mixin.py:188} WARNING - /home/airflow/.local/lib/python3.8/site-packages/airflow/providers/common/sql/operators/sql.py:139 RemovedInAirflow3Warning: The 'task_concurrency' parameter is deprecated. Please use 'max_active_tis_per_dag'.
[2025-05-11T14:31:53.366+0000] {processor.py:840} INFO - DAG(s) 'raw_to_staging_dag' retrieved from /opt/airflow/dags/raw_to_staging_dag.py
[2025-05-11T14:31:53.391+0000] {logging_mixin.py:188} INFO - [2025-05-11T14:31:53.391+0000] {dag.py:3036} INFO - Sync 1 DAGs
[2025-05-11T14:31:53.405+0000] {logging_mixin.py:188} INFO - [2025-05-11T14:31:53.405+0000] {dag.py:3823} INFO - Setting next_dagrun for raw_to_staging_dag to 2025-05-11 00:00:00+00:00, run_after=2025-05-12 00:00:00+00:00
[2025-05-11T14:31:53.414+0000] {processor.py:183} INFO - Processing /opt/airflow/dags/raw_to_staging_dag.py took 0.088 seconds
[2025-05-11T14:32:23.753+0000] {processor.py:161} INFO - Started process (PID=6380) to work on /opt/airflow/dags/raw_to_staging_dag.py
[2025-05-11T14:32:23.755+0000] {processor.py:830} INFO - Processing file /opt/airflow/dags/raw_to_staging_dag.py for tasks to queue
[2025-05-11T14:32:23.756+0000] {logging_mixin.py:188} INFO - [2025-05-11T14:32:23.756+0000] {dagbag.py:538} INFO - Filling up the DagBag from /opt/airflow/dags/raw_to_staging_dag.py
[2025-05-11T14:32:23.780+0000] {logging_mixin.py:188} WARNING - /home/airflow/.local/lib/python3.8/site-packages/airflow/providers/common/sql/operators/sql.py:139 RemovedInAirflow3Warning: The 'task_concurrency' parameter is deprecated. Please use 'max_active_tis_per_dag'.
[2025-05-11T14:32:23.800+0000] {processor.py:840} INFO - DAG(s) 'raw_to_staging_dag' retrieved from /opt/airflow/dags/raw_to_staging_dag.py
[2025-05-11T14:32:23.839+0000] {logging_mixin.py:188} INFO - [2025-05-11T14:32:23.839+0000] {dag.py:3036} INFO - Sync 1 DAGs
[2025-05-11T14:32:23.857+0000] {logging_mixin.py:188} INFO - [2025-05-11T14:32:23.857+0000] {dag.py:3823} INFO - Setting next_dagrun for raw_to_staging_dag to 2025-05-11 00:00:00+00:00, run_after=2025-05-12 00:00:00+00:00
[2025-05-11T14:32:23.867+0000] {processor.py:183} INFO - Processing /opt/airflow/dags/raw_to_staging_dag.py took 0.120 seconds
[2025-05-11T14:32:54.126+0000] {processor.py:161} INFO - Started process (PID=6385) to work on /opt/airflow/dags/raw_to_staging_dag.py
[2025-05-11T14:32:54.128+0000] {processor.py:830} INFO - Processing file /opt/airflow/dags/raw_to_staging_dag.py for tasks to queue
[2025-05-11T14:32:54.129+0000] {logging_mixin.py:188} INFO - [2025-05-11T14:32:54.129+0000] {dagbag.py:538} INFO - Filling up the DagBag from /opt/airflow/dags/raw_to_staging_dag.py
[2025-05-11T14:32:54.148+0000] {logging_mixin.py:188} WARNING - /home/airflow/.local/lib/python3.8/site-packages/airflow/providers/common/sql/operators/sql.py:139 RemovedInAirflow3Warning: The 'task_concurrency' parameter is deprecated. Please use 'max_active_tis_per_dag'.
[2025-05-11T14:32:54.160+0000] {processor.py:840} INFO - DAG(s) 'raw_to_staging_dag' retrieved from /opt/airflow/dags/raw_to_staging_dag.py
[2025-05-11T14:32:54.188+0000] {logging_mixin.py:188} INFO - [2025-05-11T14:32:54.188+0000] {dag.py:3036} INFO - Sync 1 DAGs
[2025-05-11T14:32:54.203+0000] {logging_mixin.py:188} INFO - [2025-05-11T14:32:54.203+0000] {dag.py:3823} INFO - Setting next_dagrun for raw_to_staging_dag to 2025-05-11 00:00:00+00:00, run_after=2025-05-12 00:00:00+00:00
[2025-05-11T14:32:54.212+0000] {processor.py:183} INFO - Processing /opt/airflow/dags/raw_to_staging_dag.py took 0.093 seconds
[2025-05-11T14:33:24.480+0000] {processor.py:161} INFO - Started process (PID=6390) to work on /opt/airflow/dags/raw_to_staging_dag.py
[2025-05-11T14:33:24.482+0000] {processor.py:830} INFO - Processing file /opt/airflow/dags/raw_to_staging_dag.py for tasks to queue
[2025-05-11T14:33:24.484+0000] {logging_mixin.py:188} INFO - [2025-05-11T14:33:24.484+0000] {dagbag.py:538} INFO - Filling up the DagBag from /opt/airflow/dags/raw_to_staging_dag.py
[2025-05-11T14:33:24.500+0000] {logging_mixin.py:188} WARNING - /home/airflow/.local/lib/python3.8/site-packages/airflow/providers/common/sql/operators/sql.py:139 RemovedInAirflow3Warning: The 'task_concurrency' parameter is deprecated. Please use 'max_active_tis_per_dag'.
[2025-05-11T14:33:24.512+0000] {processor.py:840} INFO - DAG(s) 'raw_to_staging_dag' retrieved from /opt/airflow/dags/raw_to_staging_dag.py
[2025-05-11T14:33:24.532+0000] {logging_mixin.py:188} INFO - [2025-05-11T14:33:24.532+0000] {dag.py:3036} INFO - Sync 1 DAGs
[2025-05-11T14:33:24.548+0000] {logging_mixin.py:188} INFO - [2025-05-11T14:33:24.548+0000] {dag.py:3823} INFO - Setting next_dagrun for raw_to_staging_dag to 2025-05-11 00:00:00+00:00, run_after=2025-05-12 00:00:00+00:00
[2025-05-11T14:33:24.557+0000] {processor.py:183} INFO - Processing /opt/airflow/dags/raw_to_staging_dag.py took 0.082 seconds
[2025-05-11T14:33:54.821+0000] {processor.py:161} INFO - Started process (PID=6395) to work on /opt/airflow/dags/raw_to_staging_dag.py
[2025-05-11T14:33:54.823+0000] {processor.py:830} INFO - Processing file /opt/airflow/dags/raw_to_staging_dag.py for tasks to queue
[2025-05-11T14:33:54.825+0000] {logging_mixin.py:188} INFO - [2025-05-11T14:33:54.824+0000] {dagbag.py:538} INFO - Filling up the DagBag from /opt/airflow/dags/raw_to_staging_dag.py
[2025-05-11T14:33:54.843+0000] {logging_mixin.py:188} WARNING - /home/airflow/.local/lib/python3.8/site-packages/airflow/providers/common/sql/operators/sql.py:139 RemovedInAirflow3Warning: The 'task_concurrency' parameter is deprecated. Please use 'max_active_tis_per_dag'.
[2025-05-11T14:33:54.859+0000] {processor.py:840} INFO - DAG(s) 'raw_to_staging_dag' retrieved from /opt/airflow/dags/raw_to_staging_dag.py
[2025-05-11T14:33:54.885+0000] {logging_mixin.py:188} INFO - [2025-05-11T14:33:54.885+0000] {dag.py:3036} INFO - Sync 1 DAGs
[2025-05-11T14:33:54.904+0000] {logging_mixin.py:188} INFO - [2025-05-11T14:33:54.904+0000] {dag.py:3823} INFO - Setting next_dagrun for raw_to_staging_dag to 2025-05-11 00:00:00+00:00, run_after=2025-05-12 00:00:00+00:00
[2025-05-11T14:33:54.912+0000] {processor.py:183} INFO - Processing /opt/airflow/dags/raw_to_staging_dag.py took 0.095 seconds
[2025-05-11T14:34:25.167+0000] {processor.py:161} INFO - Started process (PID=6400) to work on /opt/airflow/dags/raw_to_staging_dag.py
[2025-05-11T14:34:25.169+0000] {processor.py:830} INFO - Processing file /opt/airflow/dags/raw_to_staging_dag.py for tasks to queue
[2025-05-11T14:34:25.170+0000] {logging_mixin.py:188} INFO - [2025-05-11T14:34:25.169+0000] {dagbag.py:538} INFO - Filling up the DagBag from /opt/airflow/dags/raw_to_staging_dag.py
[2025-05-11T14:34:25.186+0000] {logging_mixin.py:188} WARNING - /home/airflow/.local/lib/python3.8/site-packages/airflow/providers/common/sql/operators/sql.py:139 RemovedInAirflow3Warning: The 'task_concurrency' parameter is deprecated. Please use 'max_active_tis_per_dag'.
[2025-05-11T14:34:25.201+0000] {processor.py:840} INFO - DAG(s) 'raw_to_staging_dag' retrieved from /opt/airflow/dags/raw_to_staging_dag.py
[2025-05-11T14:34:25.227+0000] {logging_mixin.py:188} INFO - [2025-05-11T14:34:25.227+0000] {dag.py:3036} INFO - Sync 1 DAGs
[2025-05-11T14:34:25.241+0000] {logging_mixin.py:188} INFO - [2025-05-11T14:34:25.241+0000] {dag.py:3823} INFO - Setting next_dagrun for raw_to_staging_dag to 2025-05-11 00:00:00+00:00, run_after=2025-05-12 00:00:00+00:00
[2025-05-11T14:34:25.249+0000] {processor.py:183} INFO - Processing /opt/airflow/dags/raw_to_staging_dag.py took 0.087 seconds
[2025-05-11T14:34:55.568+0000] {processor.py:161} INFO - Started process (PID=6415) to work on /opt/airflow/dags/raw_to_staging_dag.py
[2025-05-11T14:34:55.570+0000] {processor.py:830} INFO - Processing file /opt/airflow/dags/raw_to_staging_dag.py for tasks to queue
[2025-05-11T14:34:55.571+0000] {logging_mixin.py:188} INFO - [2025-05-11T14:34:55.571+0000] {dagbag.py:538} INFO - Filling up the DagBag from /opt/airflow/dags/raw_to_staging_dag.py
[2025-05-11T14:34:55.589+0000] {logging_mixin.py:188} WARNING - /home/airflow/.local/lib/python3.8/site-packages/airflow/providers/common/sql/operators/sql.py:139 RemovedInAirflow3Warning: The 'task_concurrency' parameter is deprecated. Please use 'max_active_tis_per_dag'.
[2025-05-11T14:34:55.600+0000] {processor.py:840} INFO - DAG(s) 'raw_to_staging_dag' retrieved from /opt/airflow/dags/raw_to_staging_dag.py
[2025-05-11T14:34:55.627+0000] {logging_mixin.py:188} INFO - [2025-05-11T14:34:55.627+0000] {dag.py:3036} INFO - Sync 1 DAGs
[2025-05-11T14:34:55.646+0000] {logging_mixin.py:188} INFO - [2025-05-11T14:34:55.646+0000] {dag.py:3823} INFO - Setting next_dagrun for raw_to_staging_dag to 2025-05-11 00:00:00+00:00, run_after=2025-05-12 00:00:00+00:00
[2025-05-11T14:34:55.656+0000] {processor.py:183} INFO - Processing /opt/airflow/dags/raw_to_staging_dag.py took 0.096 seconds
[2025-05-11T14:35:25.945+0000] {processor.py:161} INFO - Started process (PID=6420) to work on /opt/airflow/dags/raw_to_staging_dag.py
[2025-05-11T14:35:25.947+0000] {processor.py:830} INFO - Processing file /opt/airflow/dags/raw_to_staging_dag.py for tasks to queue
[2025-05-11T14:35:25.948+0000] {logging_mixin.py:188} INFO - [2025-05-11T14:35:25.947+0000] {dagbag.py:538} INFO - Filling up the DagBag from /opt/airflow/dags/raw_to_staging_dag.py
[2025-05-11T14:35:25.966+0000] {logging_mixin.py:188} WARNING - /home/airflow/.local/lib/python3.8/site-packages/airflow/providers/common/sql/operators/sql.py:139 RemovedInAirflow3Warning: The 'task_concurrency' parameter is deprecated. Please use 'max_active_tis_per_dag'.
[2025-05-11T14:35:25.977+0000] {processor.py:840} INFO - DAG(s) 'raw_to_staging_dag' retrieved from /opt/airflow/dags/raw_to_staging_dag.py
[2025-05-11T14:35:26.005+0000] {logging_mixin.py:188} INFO - [2025-05-11T14:35:26.005+0000] {dag.py:3036} INFO - Sync 1 DAGs
[2025-05-11T14:35:26.021+0000] {logging_mixin.py:188} INFO - [2025-05-11T14:35:26.021+0000] {dag.py:3823} INFO - Setting next_dagrun for raw_to_staging_dag to 2025-05-11 00:00:00+00:00, run_after=2025-05-12 00:00:00+00:00
[2025-05-11T14:35:26.034+0000] {processor.py:183} INFO - Processing /opt/airflow/dags/raw_to_staging_dag.py took 0.098 seconds
[2025-05-11T14:35:56.334+0000] {processor.py:161} INFO - Started process (PID=6425) to work on /opt/airflow/dags/raw_to_staging_dag.py
[2025-05-11T14:35:56.336+0000] {processor.py:830} INFO - Processing file /opt/airflow/dags/raw_to_staging_dag.py for tasks to queue
[2025-05-11T14:35:56.337+0000] {logging_mixin.py:188} INFO - [2025-05-11T14:35:56.337+0000] {dagbag.py:538} INFO - Filling up the DagBag from /opt/airflow/dags/raw_to_staging_dag.py
[2025-05-11T14:35:56.358+0000] {logging_mixin.py:188} WARNING - /home/airflow/.local/lib/python3.8/site-packages/airflow/providers/common/sql/operators/sql.py:139 RemovedInAirflow3Warning: The 'task_concurrency' parameter is deprecated. Please use 'max_active_tis_per_dag'.
[2025-05-11T14:35:56.369+0000] {processor.py:840} INFO - DAG(s) 'raw_to_staging_dag' retrieved from /opt/airflow/dags/raw_to_staging_dag.py
[2025-05-11T14:35:56.398+0000] {logging_mixin.py:188} INFO - [2025-05-11T14:35:56.397+0000] {dag.py:3036} INFO - Sync 1 DAGs
[2025-05-11T14:35:56.414+0000] {logging_mixin.py:188} INFO - [2025-05-11T14:35:56.414+0000] {dag.py:3823} INFO - Setting next_dagrun for raw_to_staging_dag to 2025-05-11 00:00:00+00:00, run_after=2025-05-12 00:00:00+00:00
[2025-05-11T14:35:56.423+0000] {processor.py:183} INFO - Processing /opt/airflow/dags/raw_to_staging_dag.py took 0.098 seconds
[2025-05-11T14:36:26.715+0000] {processor.py:161} INFO - Started process (PID=6430) to work on /opt/airflow/dags/raw_to_staging_dag.py
[2025-05-11T14:36:26.717+0000] {processor.py:830} INFO - Processing file /opt/airflow/dags/raw_to_staging_dag.py for tasks to queue
[2025-05-11T14:36:26.724+0000] {logging_mixin.py:188} INFO - [2025-05-11T14:36:26.719+0000] {dagbag.py:538} INFO - Filling up the DagBag from /opt/airflow/dags/raw_to_staging_dag.py
[2025-05-11T14:36:26.746+0000] {logging_mixin.py:188} WARNING - /home/airflow/.local/lib/python3.8/site-packages/airflow/providers/common/sql/operators/sql.py:139 RemovedInAirflow3Warning: The 'task_concurrency' parameter is deprecated. Please use 'max_active_tis_per_dag'.
[2025-05-11T14:36:26.757+0000] {processor.py:840} INFO - DAG(s) 'raw_to_staging_dag' retrieved from /opt/airflow/dags/raw_to_staging_dag.py
[2025-05-11T14:36:26.783+0000] {logging_mixin.py:188} INFO - [2025-05-11T14:36:26.783+0000] {dag.py:3036} INFO - Sync 1 DAGs
[2025-05-11T14:36:26.802+0000] {logging_mixin.py:188} INFO - [2025-05-11T14:36:26.802+0000] {dag.py:3823} INFO - Setting next_dagrun for raw_to_staging_dag to 2025-05-11 00:00:00+00:00, run_after=2025-05-12 00:00:00+00:00
[2025-05-11T14:36:26.811+0000] {processor.py:183} INFO - Processing /opt/airflow/dags/raw_to_staging_dag.py took 0.103 seconds
[2025-05-11T14:36:57.161+0000] {processor.py:161} INFO - Started process (PID=6435) to work on /opt/airflow/dags/raw_to_staging_dag.py
[2025-05-11T14:36:57.162+0000] {processor.py:830} INFO - Processing file /opt/airflow/dags/raw_to_staging_dag.py for tasks to queue
[2025-05-11T14:36:57.163+0000] {logging_mixin.py:188} INFO - [2025-05-11T14:36:57.163+0000] {dagbag.py:538} INFO - Filling up the DagBag from /opt/airflow/dags/raw_to_staging_dag.py
[2025-05-11T14:36:57.182+0000] {logging_mixin.py:188} WARNING - /home/airflow/.local/lib/python3.8/site-packages/airflow/providers/common/sql/operators/sql.py:139 RemovedInAirflow3Warning: The 'task_concurrency' parameter is deprecated. Please use 'max_active_tis_per_dag'.
[2025-05-11T14:36:57.193+0000] {processor.py:840} INFO - DAG(s) 'raw_to_staging_dag' retrieved from /opt/airflow/dags/raw_to_staging_dag.py
[2025-05-11T14:36:57.218+0000] {logging_mixin.py:188} INFO - [2025-05-11T14:36:57.218+0000] {dag.py:3036} INFO - Sync 1 DAGs
[2025-05-11T14:36:57.234+0000] {logging_mixin.py:188} INFO - [2025-05-11T14:36:57.234+0000] {dag.py:3823} INFO - Setting next_dagrun for raw_to_staging_dag to 2025-05-11 00:00:00+00:00, run_after=2025-05-12 00:00:00+00:00
[2025-05-11T14:36:57.245+0000] {processor.py:183} INFO - Processing /opt/airflow/dags/raw_to_staging_dag.py took 0.089 seconds
[2025-05-11T14:37:27.553+0000] {processor.py:161} INFO - Started process (PID=6440) to work on /opt/airflow/dags/raw_to_staging_dag.py
[2025-05-11T14:37:27.555+0000] {processor.py:830} INFO - Processing file /opt/airflow/dags/raw_to_staging_dag.py for tasks to queue
[2025-05-11T14:37:27.556+0000] {logging_mixin.py:188} INFO - [2025-05-11T14:37:27.555+0000] {dagbag.py:538} INFO - Filling up the DagBag from /opt/airflow/dags/raw_to_staging_dag.py
[2025-05-11T14:37:27.576+0000] {logging_mixin.py:188} WARNING - /home/airflow/.local/lib/python3.8/site-packages/airflow/providers/common/sql/operators/sql.py:139 RemovedInAirflow3Warning: The 'task_concurrency' parameter is deprecated. Please use 'max_active_tis_per_dag'.
[2025-05-11T14:37:27.590+0000] {processor.py:840} INFO - DAG(s) 'raw_to_staging_dag' retrieved from /opt/airflow/dags/raw_to_staging_dag.py
[2025-05-11T14:37:27.621+0000] {logging_mixin.py:188} INFO - [2025-05-11T14:37:27.621+0000] {dag.py:3036} INFO - Sync 1 DAGs
[2025-05-11T14:37:27.635+0000] {logging_mixin.py:188} INFO - [2025-05-11T14:37:27.635+0000] {dag.py:3823} INFO - Setting next_dagrun for raw_to_staging_dag to 2025-05-11 00:00:00+00:00, run_after=2025-05-12 00:00:00+00:00
[2025-05-11T14:37:27.644+0000] {processor.py:183} INFO - Processing /opt/airflow/dags/raw_to_staging_dag.py took 0.095 seconds
[2025-05-11T14:37:57.935+0000] {processor.py:161} INFO - Started process (PID=6445) to work on /opt/airflow/dags/raw_to_staging_dag.py
[2025-05-11T14:37:57.936+0000] {processor.py:830} INFO - Processing file /opt/airflow/dags/raw_to_staging_dag.py for tasks to queue
[2025-05-11T14:37:57.938+0000] {logging_mixin.py:188} INFO - [2025-05-11T14:37:57.937+0000] {dagbag.py:538} INFO - Filling up the DagBag from /opt/airflow/dags/raw_to_staging_dag.py
[2025-05-11T14:37:57.957+0000] {logging_mixin.py:188} WARNING - /home/airflow/.local/lib/python3.8/site-packages/airflow/providers/common/sql/operators/sql.py:139 RemovedInAirflow3Warning: The 'task_concurrency' parameter is deprecated. Please use 'max_active_tis_per_dag'.
[2025-05-11T14:37:57.968+0000] {processor.py:840} INFO - DAG(s) 'raw_to_staging_dag' retrieved from /opt/airflow/dags/raw_to_staging_dag.py
[2025-05-11T14:37:57.998+0000] {logging_mixin.py:188} INFO - [2025-05-11T14:37:57.998+0000] {dag.py:3036} INFO - Sync 1 DAGs
[2025-05-11T14:37:58.015+0000] {logging_mixin.py:188} INFO - [2025-05-11T14:37:58.015+0000] {dag.py:3823} INFO - Setting next_dagrun for raw_to_staging_dag to 2025-05-11 00:00:00+00:00, run_after=2025-05-12 00:00:00+00:00
[2025-05-11T14:37:58.024+0000] {processor.py:183} INFO - Processing /opt/airflow/dags/raw_to_staging_dag.py took 0.097 seconds
[2025-05-11T14:38:28.331+0000] {processor.py:161} INFO - Started process (PID=6450) to work on /opt/airflow/dags/raw_to_staging_dag.py
[2025-05-11T14:38:28.333+0000] {processor.py:830} INFO - Processing file /opt/airflow/dags/raw_to_staging_dag.py for tasks to queue
[2025-05-11T14:38:28.334+0000] {logging_mixin.py:188} INFO - [2025-05-11T14:38:28.333+0000] {dagbag.py:538} INFO - Filling up the DagBag from /opt/airflow/dags/raw_to_staging_dag.py
[2025-05-11T14:38:28.352+0000] {logging_mixin.py:188} WARNING - /home/airflow/.local/lib/python3.8/site-packages/airflow/providers/common/sql/operators/sql.py:139 RemovedInAirflow3Warning: The 'task_concurrency' parameter is deprecated. Please use 'max_active_tis_per_dag'.
[2025-05-11T14:38:28.363+0000] {processor.py:840} INFO - DAG(s) 'raw_to_staging_dag' retrieved from /opt/airflow/dags/raw_to_staging_dag.py
[2025-05-11T14:38:28.396+0000] {logging_mixin.py:188} INFO - [2025-05-11T14:38:28.395+0000] {dag.py:3036} INFO - Sync 1 DAGs
[2025-05-11T14:38:28.410+0000] {logging_mixin.py:188} INFO - [2025-05-11T14:38:28.410+0000] {dag.py:3823} INFO - Setting next_dagrun for raw_to_staging_dag to 2025-05-11 00:00:00+00:00, run_after=2025-05-12 00:00:00+00:00
[2025-05-11T14:38:28.419+0000] {processor.py:183} INFO - Processing /opt/airflow/dags/raw_to_staging_dag.py took 0.094 seconds
[2025-05-11T14:38:58.690+0000] {processor.py:161} INFO - Started process (PID=6455) to work on /opt/airflow/dags/raw_to_staging_dag.py
[2025-05-11T14:38:58.692+0000] {processor.py:830} INFO - Processing file /opt/airflow/dags/raw_to_staging_dag.py for tasks to queue
[2025-05-11T14:38:58.693+0000] {logging_mixin.py:188} INFO - [2025-05-11T14:38:58.692+0000] {dagbag.py:538} INFO - Filling up the DagBag from /opt/airflow/dags/raw_to_staging_dag.py
[2025-05-11T14:38:58.712+0000] {logging_mixin.py:188} WARNING - /home/airflow/.local/lib/python3.8/site-packages/airflow/providers/common/sql/operators/sql.py:139 RemovedInAirflow3Warning: The 'task_concurrency' parameter is deprecated. Please use 'max_active_tis_per_dag'.
[2025-05-11T14:38:58.728+0000] {processor.py:840} INFO - DAG(s) 'raw_to_staging_dag' retrieved from /opt/airflow/dags/raw_to_staging_dag.py
[2025-05-11T14:38:58.754+0000] {logging_mixin.py:188} INFO - [2025-05-11T14:38:58.754+0000] {dag.py:3036} INFO - Sync 1 DAGs
[2025-05-11T14:38:58.770+0000] {logging_mixin.py:188} INFO - [2025-05-11T14:38:58.770+0000] {dag.py:3823} INFO - Setting next_dagrun for raw_to_staging_dag to 2025-05-11 00:00:00+00:00, run_after=2025-05-12 00:00:00+00:00
[2025-05-11T14:38:58.779+0000] {processor.py:183} INFO - Processing /opt/airflow/dags/raw_to_staging_dag.py took 0.098 seconds
[2025-05-11T14:39:29.044+0000] {processor.py:161} INFO - Started process (PID=6460) to work on /opt/airflow/dags/raw_to_staging_dag.py
[2025-05-11T14:39:29.047+0000] {processor.py:830} INFO - Processing file /opt/airflow/dags/raw_to_staging_dag.py for tasks to queue
[2025-05-11T14:39:29.049+0000] {logging_mixin.py:188} INFO - [2025-05-11T14:39:29.048+0000] {dagbag.py:538} INFO - Filling up the DagBag from /opt/airflow/dags/raw_to_staging_dag.py
[2025-05-11T14:39:29.064+0000] {logging_mixin.py:188} WARNING - /home/airflow/.local/lib/python3.8/site-packages/airflow/providers/common/sql/operators/sql.py:139 RemovedInAirflow3Warning: The 'task_concurrency' parameter is deprecated. Please use 'max_active_tis_per_dag'.
[2025-05-11T14:39:29.083+0000] {processor.py:840} INFO - DAG(s) 'raw_to_staging_dag' retrieved from /opt/airflow/dags/raw_to_staging_dag.py
[2025-05-11T14:39:29.108+0000] {logging_mixin.py:188} INFO - [2025-05-11T14:39:29.108+0000] {dag.py:3036} INFO - Sync 1 DAGs
[2025-05-11T14:39:29.122+0000] {logging_mixin.py:188} INFO - [2025-05-11T14:39:29.122+0000] {dag.py:3823} INFO - Setting next_dagrun for raw_to_staging_dag to 2025-05-11 00:00:00+00:00, run_after=2025-05-12 00:00:00+00:00
[2025-05-11T14:39:29.131+0000] {processor.py:183} INFO - Processing /opt/airflow/dags/raw_to_staging_dag.py took 0.100 seconds
[2025-05-11T14:39:59.459+0000] {processor.py:161} INFO - Started process (PID=6465) to work on /opt/airflow/dags/raw_to_staging_dag.py
[2025-05-11T14:39:59.462+0000] {processor.py:830} INFO - Processing file /opt/airflow/dags/raw_to_staging_dag.py for tasks to queue
[2025-05-11T14:39:59.466+0000] {logging_mixin.py:188} INFO - [2025-05-11T14:39:59.463+0000] {dagbag.py:538} INFO - Filling up the DagBag from /opt/airflow/dags/raw_to_staging_dag.py
[2025-05-11T14:39:59.491+0000] {logging_mixin.py:188} WARNING - /home/airflow/.local/lib/python3.8/site-packages/airflow/providers/common/sql/operators/sql.py:139 RemovedInAirflow3Warning: The 'task_concurrency' parameter is deprecated. Please use 'max_active_tis_per_dag'.
[2025-05-11T14:39:59.505+0000] {processor.py:840} INFO - DAG(s) 'raw_to_staging_dag' retrieved from /opt/airflow/dags/raw_to_staging_dag.py
[2025-05-11T14:39:59.530+0000] {logging_mixin.py:188} INFO - [2025-05-11T14:39:59.530+0000] {dag.py:3036} INFO - Sync 1 DAGs
[2025-05-11T14:39:59.546+0000] {logging_mixin.py:188} INFO - [2025-05-11T14:39:59.546+0000] {dag.py:3823} INFO - Setting next_dagrun for raw_to_staging_dag to 2025-05-11 00:00:00+00:00, run_after=2025-05-12 00:00:00+00:00
[2025-05-11T14:39:59.555+0000] {processor.py:183} INFO - Processing /opt/airflow/dags/raw_to_staging_dag.py took 0.101 seconds
[2025-05-11T14:40:29.851+0000] {processor.py:161} INFO - Started process (PID=6470) to work on /opt/airflow/dags/raw_to_staging_dag.py
[2025-05-11T14:40:29.854+0000] {processor.py:830} INFO - Processing file /opt/airflow/dags/raw_to_staging_dag.py for tasks to queue
[2025-05-11T14:40:29.855+0000] {logging_mixin.py:188} INFO - [2025-05-11T14:40:29.855+0000] {dagbag.py:538} INFO - Filling up the DagBag from /opt/airflow/dags/raw_to_staging_dag.py
[2025-05-11T14:40:29.876+0000] {logging_mixin.py:188} WARNING - /home/airflow/.local/lib/python3.8/site-packages/airflow/providers/common/sql/operators/sql.py:139 RemovedInAirflow3Warning: The 'task_concurrency' parameter is deprecated. Please use 'max_active_tis_per_dag'.
[2025-05-11T14:40:29.891+0000] {processor.py:840} INFO - DAG(s) 'raw_to_staging_dag' retrieved from /opt/airflow/dags/raw_to_staging_dag.py
[2025-05-11T14:40:29.919+0000] {logging_mixin.py:188} INFO - [2025-05-11T14:40:29.919+0000] {dag.py:3036} INFO - Sync 1 DAGs
[2025-05-11T14:40:29.935+0000] {logging_mixin.py:188} INFO - [2025-05-11T14:40:29.934+0000] {dag.py:3823} INFO - Setting next_dagrun for raw_to_staging_dag to 2025-05-11 00:00:00+00:00, run_after=2025-05-12 00:00:00+00:00
[2025-05-11T14:40:29.943+0000] {processor.py:183} INFO - Processing /opt/airflow/dags/raw_to_staging_dag.py took 0.106 seconds
[2025-05-11T14:41:00.245+0000] {processor.py:161} INFO - Started process (PID=6475) to work on /opt/airflow/dags/raw_to_staging_dag.py
[2025-05-11T14:41:00.251+0000] {processor.py:830} INFO - Processing file /opt/airflow/dags/raw_to_staging_dag.py for tasks to queue
[2025-05-11T14:41:00.252+0000] {logging_mixin.py:188} INFO - [2025-05-11T14:41:00.252+0000] {dagbag.py:538} INFO - Filling up the DagBag from /opt/airflow/dags/raw_to_staging_dag.py
[2025-05-11T14:41:00.274+0000] {logging_mixin.py:188} WARNING - /home/airflow/.local/lib/python3.8/site-packages/airflow/providers/common/sql/operators/sql.py:139 RemovedInAirflow3Warning: The 'task_concurrency' parameter is deprecated. Please use 'max_active_tis_per_dag'.
[2025-05-11T14:41:00.293+0000] {processor.py:840} INFO - DAG(s) 'raw_to_staging_dag' retrieved from /opt/airflow/dags/raw_to_staging_dag.py
[2025-05-11T14:41:00.326+0000] {logging_mixin.py:188} INFO - [2025-05-11T14:41:00.326+0000] {dag.py:3036} INFO - Sync 1 DAGs
[2025-05-11T14:41:00.345+0000] {logging_mixin.py:188} INFO - [2025-05-11T14:41:00.345+0000] {dag.py:3823} INFO - Setting next_dagrun for raw_to_staging_dag to 2025-05-11 00:00:00+00:00, run_after=2025-05-12 00:00:00+00:00
[2025-05-11T14:41:00.357+0000] {processor.py:183} INFO - Processing /opt/airflow/dags/raw_to_staging_dag.py took 0.119 seconds
[2025-05-11T14:41:30.632+0000] {processor.py:161} INFO - Started process (PID=6480) to work on /opt/airflow/dags/raw_to_staging_dag.py
[2025-05-11T14:41:30.640+0000] {processor.py:830} INFO - Processing file /opt/airflow/dags/raw_to_staging_dag.py for tasks to queue
[2025-05-11T14:41:30.643+0000] {logging_mixin.py:188} INFO - [2025-05-11T14:41:30.642+0000] {dagbag.py:538} INFO - Filling up the DagBag from /opt/airflow/dags/raw_to_staging_dag.py
[2025-05-11T14:41:30.661+0000] {logging_mixin.py:188} WARNING - /home/airflow/.local/lib/python3.8/site-packages/airflow/providers/common/sql/operators/sql.py:139 RemovedInAirflow3Warning: The 'task_concurrency' parameter is deprecated. Please use 'max_active_tis_per_dag'.
[2025-05-11T14:41:30.674+0000] {processor.py:840} INFO - DAG(s) 'raw_to_staging_dag' retrieved from /opt/airflow/dags/raw_to_staging_dag.py
[2025-05-11T14:41:30.696+0000] {logging_mixin.py:188} INFO - [2025-05-11T14:41:30.696+0000] {dag.py:3036} INFO - Sync 1 DAGs
[2025-05-11T14:41:30.716+0000] {logging_mixin.py:188} INFO - [2025-05-11T14:41:30.716+0000] {dag.py:3823} INFO - Setting next_dagrun for raw_to_staging_dag to 2025-05-11 00:00:00+00:00, run_after=2025-05-12 00:00:00+00:00
[2025-05-11T14:41:30.724+0000] {processor.py:183} INFO - Processing /opt/airflow/dags/raw_to_staging_dag.py took 0.102 seconds
[2025-05-11T14:42:01.054+0000] {processor.py:161} INFO - Started process (PID=6485) to work on /opt/airflow/dags/raw_to_staging_dag.py
[2025-05-11T14:42:01.057+0000] {processor.py:830} INFO - Processing file /opt/airflow/dags/raw_to_staging_dag.py for tasks to queue
[2025-05-11T14:42:01.060+0000] {logging_mixin.py:188} INFO - [2025-05-11T14:42:01.059+0000] {dagbag.py:538} INFO - Filling up the DagBag from /opt/airflow/dags/raw_to_staging_dag.py
[2025-05-11T14:42:01.075+0000] {logging_mixin.py:188} WARNING - /home/airflow/.local/lib/python3.8/site-packages/airflow/providers/common/sql/operators/sql.py:139 RemovedInAirflow3Warning: The 'task_concurrency' parameter is deprecated. Please use 'max_active_tis_per_dag'.
[2025-05-11T14:42:01.090+0000] {processor.py:840} INFO - DAG(s) 'raw_to_staging_dag' retrieved from /opt/airflow/dags/raw_to_staging_dag.py
[2025-05-11T14:42:01.114+0000] {logging_mixin.py:188} INFO - [2025-05-11T14:42:01.114+0000] {dag.py:3036} INFO - Sync 1 DAGs
[2025-05-11T14:42:01.133+0000] {logging_mixin.py:188} INFO - [2025-05-11T14:42:01.133+0000] {dag.py:3823} INFO - Setting next_dagrun for raw_to_staging_dag to 2025-05-11 00:00:00+00:00, run_after=2025-05-12 00:00:00+00:00
[2025-05-11T14:42:01.142+0000] {processor.py:183} INFO - Processing /opt/airflow/dags/raw_to_staging_dag.py took 0.094 seconds
[2025-05-11T14:42:31.425+0000] {processor.py:161} INFO - Started process (PID=6490) to work on /opt/airflow/dags/raw_to_staging_dag.py
[2025-05-11T14:42:31.426+0000] {processor.py:830} INFO - Processing file /opt/airflow/dags/raw_to_staging_dag.py for tasks to queue
[2025-05-11T14:42:31.427+0000] {logging_mixin.py:188} INFO - [2025-05-11T14:42:31.426+0000] {dagbag.py:538} INFO - Filling up the DagBag from /opt/airflow/dags/raw_to_staging_dag.py
[2025-05-11T14:42:31.442+0000] {logging_mixin.py:188} WARNING - /home/airflow/.local/lib/python3.8/site-packages/airflow/providers/common/sql/operators/sql.py:139 RemovedInAirflow3Warning: The 'task_concurrency' parameter is deprecated. Please use 'max_active_tis_per_dag'.
[2025-05-11T14:42:31.456+0000] {processor.py:840} INFO - DAG(s) 'raw_to_staging_dag' retrieved from /opt/airflow/dags/raw_to_staging_dag.py
[2025-05-11T14:42:31.475+0000] {logging_mixin.py:188} INFO - [2025-05-11T14:42:31.475+0000] {dag.py:3036} INFO - Sync 1 DAGs
[2025-05-11T14:42:31.494+0000] {logging_mixin.py:188} INFO - [2025-05-11T14:42:31.494+0000] {dag.py:3823} INFO - Setting next_dagrun for raw_to_staging_dag to 2025-05-11 00:00:00+00:00, run_after=2025-05-12 00:00:00+00:00
[2025-05-11T14:42:31.505+0000] {processor.py:183} INFO - Processing /opt/airflow/dags/raw_to_staging_dag.py took 0.084 seconds
[2025-05-11T14:43:01.829+0000] {processor.py:161} INFO - Started process (PID=6495) to work on /opt/airflow/dags/raw_to_staging_dag.py
[2025-05-11T14:43:01.832+0000] {processor.py:830} INFO - Processing file /opt/airflow/dags/raw_to_staging_dag.py for tasks to queue
[2025-05-11T14:43:01.833+0000] {logging_mixin.py:188} INFO - [2025-05-11T14:43:01.832+0000] {dagbag.py:538} INFO - Filling up the DagBag from /opt/airflow/dags/raw_to_staging_dag.py
[2025-05-11T14:43:01.854+0000] {logging_mixin.py:188} WARNING - /home/airflow/.local/lib/python3.8/site-packages/airflow/providers/common/sql/operators/sql.py:139 RemovedInAirflow3Warning: The 'task_concurrency' parameter is deprecated. Please use 'max_active_tis_per_dag'.
[2025-05-11T14:43:01.865+0000] {processor.py:840} INFO - DAG(s) 'raw_to_staging_dag' retrieved from /opt/airflow/dags/raw_to_staging_dag.py
[2025-05-11T14:43:01.889+0000] {logging_mixin.py:188} INFO - [2025-05-11T14:43:01.888+0000] {dag.py:3036} INFO - Sync 1 DAGs
[2025-05-11T14:43:01.906+0000] {logging_mixin.py:188} INFO - [2025-05-11T14:43:01.905+0000] {dag.py:3823} INFO - Setting next_dagrun for raw_to_staging_dag to 2025-05-11 00:00:00+00:00, run_after=2025-05-12 00:00:00+00:00
[2025-05-11T14:43:01.915+0000] {processor.py:183} INFO - Processing /opt/airflow/dags/raw_to_staging_dag.py took 0.094 seconds
[2025-05-11T14:43:32.182+0000] {processor.py:161} INFO - Started process (PID=6500) to work on /opt/airflow/dags/raw_to_staging_dag.py
[2025-05-11T14:43:32.184+0000] {processor.py:830} INFO - Processing file /opt/airflow/dags/raw_to_staging_dag.py for tasks to queue
[2025-05-11T14:43:32.184+0000] {logging_mixin.py:188} INFO - [2025-05-11T14:43:32.184+0000] {dagbag.py:538} INFO - Filling up the DagBag from /opt/airflow/dags/raw_to_staging_dag.py
[2025-05-11T14:43:32.196+0000] {logging_mixin.py:188} WARNING - /home/airflow/.local/lib/python3.8/site-packages/airflow/providers/common/sql/operators/sql.py:139 RemovedInAirflow3Warning: The 'task_concurrency' parameter is deprecated. Please use 'max_active_tis_per_dag'.
[2025-05-11T14:43:32.205+0000] {processor.py:840} INFO - DAG(s) 'raw_to_staging_dag' retrieved from /opt/airflow/dags/raw_to_staging_dag.py
[2025-05-11T14:43:32.221+0000] {logging_mixin.py:188} INFO - [2025-05-11T14:43:32.221+0000] {dag.py:3036} INFO - Sync 1 DAGs
[2025-05-11T14:43:32.238+0000] {logging_mixin.py:188} INFO - [2025-05-11T14:43:32.238+0000] {dag.py:3823} INFO - Setting next_dagrun for raw_to_staging_dag to 2025-05-11 00:00:00+00:00, run_after=2025-05-12 00:00:00+00:00
[2025-05-11T14:43:32.248+0000] {processor.py:183} INFO - Processing /opt/airflow/dags/raw_to_staging_dag.py took 0.069 seconds
[2025-05-11T14:44:02.528+0000] {processor.py:161} INFO - Started process (PID=6505) to work on /opt/airflow/dags/raw_to_staging_dag.py
[2025-05-11T14:44:02.532+0000] {processor.py:830} INFO - Processing file /opt/airflow/dags/raw_to_staging_dag.py for tasks to queue
[2025-05-11T14:44:02.533+0000] {logging_mixin.py:188} INFO - [2025-05-11T14:44:02.533+0000] {dagbag.py:538} INFO - Filling up the DagBag from /opt/airflow/dags/raw_to_staging_dag.py
[2025-05-11T14:44:02.547+0000] {logging_mixin.py:188} WARNING - /home/airflow/.local/lib/python3.8/site-packages/airflow/providers/common/sql/operators/sql.py:139 RemovedInAirflow3Warning: The 'task_concurrency' parameter is deprecated. Please use 'max_active_tis_per_dag'.
[2025-05-11T14:44:02.563+0000] {processor.py:840} INFO - DAG(s) 'raw_to_staging_dag' retrieved from /opt/airflow/dags/raw_to_staging_dag.py
[2025-05-11T14:44:02.597+0000] {logging_mixin.py:188} INFO - [2025-05-11T14:44:02.597+0000] {dag.py:3036} INFO - Sync 1 DAGs
[2025-05-11T14:44:02.614+0000] {logging_mixin.py:188} INFO - [2025-05-11T14:44:02.614+0000] {dag.py:3823} INFO - Setting next_dagrun for raw_to_staging_dag to 2025-05-11 00:00:00+00:00, run_after=2025-05-12 00:00:00+00:00
[2025-05-11T14:44:02.624+0000] {processor.py:183} INFO - Processing /opt/airflow/dags/raw_to_staging_dag.py took 0.109 seconds
[2025-05-11T14:44:32.874+0000] {processor.py:161} INFO - Started process (PID=6510) to work on /opt/airflow/dags/raw_to_staging_dag.py
[2025-05-11T14:44:32.877+0000] {processor.py:830} INFO - Processing file /opt/airflow/dags/raw_to_staging_dag.py for tasks to queue
[2025-05-11T14:44:32.878+0000] {logging_mixin.py:188} INFO - [2025-05-11T14:44:32.877+0000] {dagbag.py:538} INFO - Filling up the DagBag from /opt/airflow/dags/raw_to_staging_dag.py
[2025-05-11T14:44:32.892+0000] {logging_mixin.py:188} WARNING - /home/airflow/.local/lib/python3.8/site-packages/airflow/providers/common/sql/operators/sql.py:139 RemovedInAirflow3Warning: The 'task_concurrency' parameter is deprecated. Please use 'max_active_tis_per_dag'.
[2025-05-11T14:44:32.905+0000] {processor.py:840} INFO - DAG(s) 'raw_to_staging_dag' retrieved from /opt/airflow/dags/raw_to_staging_dag.py
[2025-05-11T14:44:32.931+0000] {logging_mixin.py:188} INFO - [2025-05-11T14:44:32.931+0000] {dag.py:3036} INFO - Sync 1 DAGs
[2025-05-11T14:44:32.951+0000] {logging_mixin.py:188} INFO - [2025-05-11T14:44:32.951+0000] {dag.py:3823} INFO - Setting next_dagrun for raw_to_staging_dag to 2025-05-11 00:00:00+00:00, run_after=2025-05-12 00:00:00+00:00
[2025-05-11T14:44:32.962+0000] {processor.py:183} INFO - Processing /opt/airflow/dags/raw_to_staging_dag.py took 0.102 seconds
[2025-05-11T14:45:03.703+0000] {processor.py:161} INFO - Started process (PID=6515) to work on /opt/airflow/dags/raw_to_staging_dag.py
[2025-05-11T14:45:03.705+0000] {processor.py:830} INFO - Processing file /opt/airflow/dags/raw_to_staging_dag.py for tasks to queue
[2025-05-11T14:45:03.706+0000] {logging_mixin.py:188} INFO - [2025-05-11T14:45:03.705+0000] {dagbag.py:538} INFO - Filling up the DagBag from /opt/airflow/dags/raw_to_staging_dag.py
[2025-05-11T14:45:03.721+0000] {logging_mixin.py:188} WARNING - /home/airflow/.local/lib/python3.8/site-packages/airflow/providers/common/sql/operators/sql.py:139 RemovedInAirflow3Warning: The 'task_concurrency' parameter is deprecated. Please use 'max_active_tis_per_dag'.
[2025-05-11T14:45:03.734+0000] {processor.py:840} INFO - DAG(s) 'raw_to_staging_dag' retrieved from /opt/airflow/dags/raw_to_staging_dag.py
[2025-05-11T14:45:03.755+0000] {logging_mixin.py:188} INFO - [2025-05-11T14:45:03.755+0000] {dag.py:3036} INFO - Sync 1 DAGs
[2025-05-11T14:45:03.773+0000] {logging_mixin.py:188} INFO - [2025-05-11T14:45:03.773+0000] {dag.py:3823} INFO - Setting next_dagrun for raw_to_staging_dag to 2025-05-11 00:00:00+00:00, run_after=2025-05-12 00:00:00+00:00
[2025-05-11T14:45:03.784+0000] {processor.py:183} INFO - Processing /opt/airflow/dags/raw_to_staging_dag.py took 0.085 seconds
[2025-05-11T14:46:18.898+0000] {processor.py:161} INFO - Started process (PID=6522) to work on /opt/airflow/dags/raw_to_staging_dag.py
[2025-05-11T14:46:18.900+0000] {processor.py:830} INFO - Processing file /opt/airflow/dags/raw_to_staging_dag.py for tasks to queue
[2025-05-11T14:46:18.902+0000] {logging_mixin.py:188} INFO - [2025-05-11T14:46:18.901+0000] {dagbag.py:538} INFO - Filling up the DagBag from /opt/airflow/dags/raw_to_staging_dag.py
[2025-05-11T14:46:18.925+0000] {logging_mixin.py:188} WARNING - /home/airflow/.local/lib/python3.8/site-packages/airflow/providers/common/sql/operators/sql.py:139 RemovedInAirflow3Warning: The 'task_concurrency' parameter is deprecated. Please use 'max_active_tis_per_dag'.
[2025-05-11T14:46:18.939+0000] {processor.py:840} INFO - DAG(s) 'raw_to_staging_dag' retrieved from /opt/airflow/dags/raw_to_staging_dag.py
[2025-05-11T14:46:18.965+0000] {logging_mixin.py:188} INFO - [2025-05-11T14:46:18.965+0000] {dag.py:3036} INFO - Sync 1 DAGs
[2025-05-11T14:46:18.982+0000] {logging_mixin.py:188} INFO - [2025-05-11T14:46:18.982+0000] {dag.py:3823} INFO - Setting next_dagrun for raw_to_staging_dag to 2025-05-11 00:00:00+00:00, run_after=2025-05-12 00:00:00+00:00
[2025-05-11T14:46:18.992+0000] {processor.py:183} INFO - Processing /opt/airflow/dags/raw_to_staging_dag.py took 0.109 seconds
[2025-05-11T14:46:49.336+0000] {processor.py:161} INFO - Started process (PID=6527) to work on /opt/airflow/dags/raw_to_staging_dag.py
[2025-05-11T14:46:49.339+0000] {processor.py:830} INFO - Processing file /opt/airflow/dags/raw_to_staging_dag.py for tasks to queue
[2025-05-11T14:46:49.340+0000] {logging_mixin.py:188} INFO - [2025-05-11T14:46:49.340+0000] {dagbag.py:538} INFO - Filling up the DagBag from /opt/airflow/dags/raw_to_staging_dag.py
[2025-05-11T14:46:49.360+0000] {logging_mixin.py:188} WARNING - /home/airflow/.local/lib/python3.8/site-packages/airflow/providers/common/sql/operators/sql.py:139 RemovedInAirflow3Warning: The 'task_concurrency' parameter is deprecated. Please use 'max_active_tis_per_dag'.
[2025-05-11T14:46:49.376+0000] {processor.py:840} INFO - DAG(s) 'raw_to_staging_dag' retrieved from /opt/airflow/dags/raw_to_staging_dag.py
[2025-05-11T14:46:49.401+0000] {logging_mixin.py:188} INFO - [2025-05-11T14:46:49.401+0000] {dag.py:3036} INFO - Sync 1 DAGs
[2025-05-11T14:46:49.416+0000] {logging_mixin.py:188} INFO - [2025-05-11T14:46:49.416+0000] {dag.py:3823} INFO - Setting next_dagrun for raw_to_staging_dag to 2025-05-11 00:00:00+00:00, run_after=2025-05-12 00:00:00+00:00
[2025-05-11T14:46:49.424+0000] {processor.py:183} INFO - Processing /opt/airflow/dags/raw_to_staging_dag.py took 0.096 seconds
[2025-05-11T14:47:19.725+0000] {processor.py:161} INFO - Started process (PID=6532) to work on /opt/airflow/dags/raw_to_staging_dag.py
[2025-05-11T14:47:19.727+0000] {processor.py:830} INFO - Processing file /opt/airflow/dags/raw_to_staging_dag.py for tasks to queue
[2025-05-11T14:47:19.728+0000] {logging_mixin.py:188} INFO - [2025-05-11T14:47:19.727+0000] {dagbag.py:538} INFO - Filling up the DagBag from /opt/airflow/dags/raw_to_staging_dag.py
[2025-05-11T14:47:19.744+0000] {logging_mixin.py:188} WARNING - /home/airflow/.local/lib/python3.8/site-packages/airflow/providers/common/sql/operators/sql.py:139 RemovedInAirflow3Warning: The 'task_concurrency' parameter is deprecated. Please use 'max_active_tis_per_dag'.
[2025-05-11T14:47:19.756+0000] {processor.py:840} INFO - DAG(s) 'raw_to_staging_dag' retrieved from /opt/airflow/dags/raw_to_staging_dag.py
[2025-05-11T14:47:19.777+0000] {logging_mixin.py:188} INFO - [2025-05-11T14:47:19.777+0000] {dag.py:3036} INFO - Sync 1 DAGs
[2025-05-11T14:47:19.790+0000] {logging_mixin.py:188} INFO - [2025-05-11T14:47:19.790+0000] {dag.py:3823} INFO - Setting next_dagrun for raw_to_staging_dag to 2025-05-11 00:00:00+00:00, run_after=2025-05-12 00:00:00+00:00
[2025-05-11T14:47:19.798+0000] {processor.py:183} INFO - Processing /opt/airflow/dags/raw_to_staging_dag.py took 0.078 seconds
[2025-05-11T14:47:50.165+0000] {processor.py:161} INFO - Started process (PID=6537) to work on /opt/airflow/dags/raw_to_staging_dag.py
[2025-05-11T14:47:50.167+0000] {processor.py:830} INFO - Processing file /opt/airflow/dags/raw_to_staging_dag.py for tasks to queue
[2025-05-11T14:47:50.168+0000] {logging_mixin.py:188} INFO - [2025-05-11T14:47:50.168+0000] {dagbag.py:538} INFO - Filling up the DagBag from /opt/airflow/dags/raw_to_staging_dag.py
[2025-05-11T14:47:50.186+0000] {logging_mixin.py:188} WARNING - /home/airflow/.local/lib/python3.8/site-packages/airflow/providers/common/sql/operators/sql.py:139 RemovedInAirflow3Warning: The 'task_concurrency' parameter is deprecated. Please use 'max_active_tis_per_dag'.
[2025-05-11T14:47:50.199+0000] {processor.py:840} INFO - DAG(s) 'raw_to_staging_dag' retrieved from /opt/airflow/dags/raw_to_staging_dag.py
[2025-05-11T14:47:50.225+0000] {logging_mixin.py:188} INFO - [2025-05-11T14:47:50.225+0000] {dag.py:3036} INFO - Sync 1 DAGs
[2025-05-11T14:47:50.238+0000] {logging_mixin.py:188} INFO - [2025-05-11T14:47:50.237+0000] {dag.py:3823} INFO - Setting next_dagrun for raw_to_staging_dag to 2025-05-11 00:00:00+00:00, run_after=2025-05-12 00:00:00+00:00
[2025-05-11T14:47:50.248+0000] {processor.py:183} INFO - Processing /opt/airflow/dags/raw_to_staging_dag.py took 0.088 seconds
[2025-05-11T14:48:20.663+0000] {processor.py:161} INFO - Started process (PID=6542) to work on /opt/airflow/dags/raw_to_staging_dag.py
[2025-05-11T14:48:20.665+0000] {processor.py:830} INFO - Processing file /opt/airflow/dags/raw_to_staging_dag.py for tasks to queue
[2025-05-11T14:48:20.668+0000] {logging_mixin.py:188} INFO - [2025-05-11T14:48:20.666+0000] {dagbag.py:538} INFO - Filling up the DagBag from /opt/airflow/dags/raw_to_staging_dag.py
[2025-05-11T14:48:20.687+0000] {logging_mixin.py:188} WARNING - /home/airflow/.local/lib/python3.8/site-packages/airflow/providers/common/sql/operators/sql.py:139 RemovedInAirflow3Warning: The 'task_concurrency' parameter is deprecated. Please use 'max_active_tis_per_dag'.
[2025-05-11T14:48:20.704+0000] {processor.py:840} INFO - DAG(s) 'raw_to_staging_dag' retrieved from /opt/airflow/dags/raw_to_staging_dag.py
[2025-05-11T14:48:20.725+0000] {logging_mixin.py:188} INFO - [2025-05-11T14:48:20.725+0000] {dag.py:3036} INFO - Sync 1 DAGs
[2025-05-11T14:48:20.740+0000] {logging_mixin.py:188} INFO - [2025-05-11T14:48:20.740+0000] {dag.py:3823} INFO - Setting next_dagrun for raw_to_staging_dag to 2025-05-11 00:00:00+00:00, run_after=2025-05-12 00:00:00+00:00
[2025-05-11T14:48:20.749+0000] {processor.py:183} INFO - Processing /opt/airflow/dags/raw_to_staging_dag.py took 0.091 seconds
[2025-05-11T14:48:51.150+0000] {processor.py:161} INFO - Started process (PID=6547) to work on /opt/airflow/dags/raw_to_staging_dag.py
[2025-05-11T14:48:51.152+0000] {processor.py:830} INFO - Processing file /opt/airflow/dags/raw_to_staging_dag.py for tasks to queue
[2025-05-11T14:48:51.153+0000] {logging_mixin.py:188} INFO - [2025-05-11T14:48:51.153+0000] {dagbag.py:538} INFO - Filling up the DagBag from /opt/airflow/dags/raw_to_staging_dag.py
[2025-05-11T14:48:51.172+0000] {logging_mixin.py:188} WARNING - /home/airflow/.local/lib/python3.8/site-packages/airflow/providers/common/sql/operators/sql.py:139 RemovedInAirflow3Warning: The 'task_concurrency' parameter is deprecated. Please use 'max_active_tis_per_dag'.
[2025-05-11T14:48:51.188+0000] {processor.py:840} INFO - DAG(s) 'raw_to_staging_dag' retrieved from /opt/airflow/dags/raw_to_staging_dag.py
[2025-05-11T14:48:51.247+0000] {logging_mixin.py:188} INFO - [2025-05-11T14:48:51.246+0000] {dag.py:3036} INFO - Sync 1 DAGs
[2025-05-11T14:48:51.266+0000] {logging_mixin.py:188} INFO - [2025-05-11T14:48:51.266+0000] {dag.py:3823} INFO - Setting next_dagrun for raw_to_staging_dag to 2025-05-11 00:00:00+00:00, run_after=2025-05-12 00:00:00+00:00
[2025-05-11T14:48:51.279+0000] {processor.py:183} INFO - Processing /opt/airflow/dags/raw_to_staging_dag.py took 0.137 seconds
[2025-05-11T14:49:21.688+0000] {processor.py:161} INFO - Started process (PID=6552) to work on /opt/airflow/dags/raw_to_staging_dag.py
[2025-05-11T14:49:21.692+0000] {processor.py:830} INFO - Processing file /opt/airflow/dags/raw_to_staging_dag.py for tasks to queue
[2025-05-11T14:49:21.697+0000] {logging_mixin.py:188} INFO - [2025-05-11T14:49:21.695+0000] {dagbag.py:538} INFO - Filling up the DagBag from /opt/airflow/dags/raw_to_staging_dag.py
[2025-05-11T14:49:21.719+0000] {logging_mixin.py:188} WARNING - /home/airflow/.local/lib/python3.8/site-packages/airflow/providers/common/sql/operators/sql.py:139 RemovedInAirflow3Warning: The 'task_concurrency' parameter is deprecated. Please use 'max_active_tis_per_dag'.
[2025-05-11T14:49:21.737+0000] {processor.py:840} INFO - DAG(s) 'raw_to_staging_dag' retrieved from /opt/airflow/dags/raw_to_staging_dag.py
[2025-05-11T14:49:22.090+0000] {logging_mixin.py:188} INFO - [2025-05-11T14:49:22.090+0000] {dag.py:3036} INFO - Sync 1 DAGs
[2025-05-11T14:49:22.121+0000] {logging_mixin.py:188} INFO - [2025-05-11T14:49:22.121+0000] {dag.py:3823} INFO - Setting next_dagrun for raw_to_staging_dag to 2025-05-11 00:00:00+00:00, run_after=2025-05-12 00:00:00+00:00
[2025-05-11T14:49:22.139+0000] {processor.py:183} INFO - Processing /opt/airflow/dags/raw_to_staging_dag.py took 0.469 seconds
[2025-05-11T14:49:52.579+0000] {processor.py:161} INFO - Started process (PID=6557) to work on /opt/airflow/dags/raw_to_staging_dag.py
[2025-05-11T14:49:52.581+0000] {processor.py:830} INFO - Processing file /opt/airflow/dags/raw_to_staging_dag.py for tasks to queue
[2025-05-11T14:49:52.586+0000] {logging_mixin.py:188} INFO - [2025-05-11T14:49:52.584+0000] {dagbag.py:538} INFO - Filling up the DagBag from /opt/airflow/dags/raw_to_staging_dag.py
[2025-05-11T14:49:52.617+0000] {logging_mixin.py:188} WARNING - /home/airflow/.local/lib/python3.8/site-packages/airflow/providers/common/sql/operators/sql.py:139 RemovedInAirflow3Warning: The 'task_concurrency' parameter is deprecated. Please use 'max_active_tis_per_dag'.
[2025-05-11T14:49:52.633+0000] {processor.py:840} INFO - DAG(s) 'raw_to_staging_dag' retrieved from /opt/airflow/dags/raw_to_staging_dag.py
[2025-05-11T14:49:52.681+0000] {logging_mixin.py:188} INFO - [2025-05-11T14:49:52.681+0000] {dag.py:3036} INFO - Sync 1 DAGs
[2025-05-11T14:49:52.697+0000] {logging_mixin.py:188} INFO - [2025-05-11T14:49:52.696+0000] {dag.py:3823} INFO - Setting next_dagrun for raw_to_staging_dag to 2025-05-11 00:00:00+00:00, run_after=2025-05-12 00:00:00+00:00
[2025-05-11T14:49:52.711+0000] {processor.py:183} INFO - Processing /opt/airflow/dags/raw_to_staging_dag.py took 0.141 seconds
[2025-05-11T14:50:22.983+0000] {processor.py:161} INFO - Started process (PID=6562) to work on /opt/airflow/dags/raw_to_staging_dag.py
[2025-05-11T14:50:22.985+0000] {processor.py:830} INFO - Processing file /opt/airflow/dags/raw_to_staging_dag.py for tasks to queue
[2025-05-11T14:50:22.986+0000] {logging_mixin.py:188} INFO - [2025-05-11T14:50:22.986+0000] {dagbag.py:538} INFO - Filling up the DagBag from /opt/airflow/dags/raw_to_staging_dag.py
[2025-05-11T14:50:23.005+0000] {logging_mixin.py:188} WARNING - /home/airflow/.local/lib/python3.8/site-packages/airflow/providers/common/sql/operators/sql.py:139 RemovedInAirflow3Warning: The 'task_concurrency' parameter is deprecated. Please use 'max_active_tis_per_dag'.
[2025-05-11T14:50:23.023+0000] {processor.py:840} INFO - DAG(s) 'raw_to_staging_dag' retrieved from /opt/airflow/dags/raw_to_staging_dag.py
[2025-05-11T14:50:23.049+0000] {logging_mixin.py:188} INFO - [2025-05-11T14:50:23.049+0000] {dag.py:3036} INFO - Sync 1 DAGs
[2025-05-11T14:50:23.066+0000] {logging_mixin.py:188} INFO - [2025-05-11T14:50:23.065+0000] {dag.py:3823} INFO - Setting next_dagrun for raw_to_staging_dag to 2025-05-11 00:00:00+00:00, run_after=2025-05-12 00:00:00+00:00
[2025-05-11T14:50:23.077+0000] {processor.py:183} INFO - Processing /opt/airflow/dags/raw_to_staging_dag.py took 0.102 seconds
[2025-05-11T14:50:53.374+0000] {processor.py:161} INFO - Started process (PID=6567) to work on /opt/airflow/dags/raw_to_staging_dag.py
[2025-05-11T14:50:53.376+0000] {processor.py:830} INFO - Processing file /opt/airflow/dags/raw_to_staging_dag.py for tasks to queue
[2025-05-11T14:50:53.378+0000] {logging_mixin.py:188} INFO - [2025-05-11T14:50:53.377+0000] {dagbag.py:538} INFO - Filling up the DagBag from /opt/airflow/dags/raw_to_staging_dag.py
[2025-05-11T14:50:53.399+0000] {logging_mixin.py:188} WARNING - /home/airflow/.local/lib/python3.8/site-packages/airflow/providers/common/sql/operators/sql.py:139 RemovedInAirflow3Warning: The 'task_concurrency' parameter is deprecated. Please use 'max_active_tis_per_dag'.
[2025-05-11T14:50:53.413+0000] {processor.py:840} INFO - DAG(s) 'raw_to_staging_dag' retrieved from /opt/airflow/dags/raw_to_staging_dag.py
[2025-05-11T14:50:53.444+0000] {logging_mixin.py:188} INFO - [2025-05-11T14:50:53.444+0000] {dag.py:3036} INFO - Sync 1 DAGs
[2025-05-11T14:50:53.458+0000] {logging_mixin.py:188} INFO - [2025-05-11T14:50:53.458+0000] {dag.py:3823} INFO - Setting next_dagrun for raw_to_staging_dag to 2025-05-11 00:00:00+00:00, run_after=2025-05-12 00:00:00+00:00
[2025-05-11T14:50:53.467+0000] {processor.py:183} INFO - Processing /opt/airflow/dags/raw_to_staging_dag.py took 0.102 seconds
[2025-05-11T14:51:23.737+0000] {processor.py:161} INFO - Started process (PID=6572) to work on /opt/airflow/dags/raw_to_staging_dag.py
[2025-05-11T14:51:23.739+0000] {processor.py:830} INFO - Processing file /opt/airflow/dags/raw_to_staging_dag.py for tasks to queue
[2025-05-11T14:51:23.740+0000] {logging_mixin.py:188} INFO - [2025-05-11T14:51:23.740+0000] {dagbag.py:538} INFO - Filling up the DagBag from /opt/airflow/dags/raw_to_staging_dag.py
[2025-05-11T14:51:23.758+0000] {logging_mixin.py:188} WARNING - /home/airflow/.local/lib/python3.8/site-packages/airflow/providers/common/sql/operators/sql.py:139 RemovedInAirflow3Warning: The 'task_concurrency' parameter is deprecated. Please use 'max_active_tis_per_dag'.
[2025-05-11T14:51:23.773+0000] {processor.py:840} INFO - DAG(s) 'raw_to_staging_dag' retrieved from /opt/airflow/dags/raw_to_staging_dag.py
[2025-05-11T14:51:23.798+0000] {logging_mixin.py:188} INFO - [2025-05-11T14:51:23.798+0000] {dag.py:3036} INFO - Sync 1 DAGs
[2025-05-11T14:51:23.812+0000] {logging_mixin.py:188} INFO - [2025-05-11T14:51:23.812+0000] {dag.py:3823} INFO - Setting next_dagrun for raw_to_staging_dag to 2025-05-11 00:00:00+00:00, run_after=2025-05-12 00:00:00+00:00
[2025-05-11T14:51:23.820+0000] {processor.py:183} INFO - Processing /opt/airflow/dags/raw_to_staging_dag.py took 0.097 seconds
[2025-05-11T14:51:54.203+0000] {processor.py:161} INFO - Started process (PID=6577) to work on /opt/airflow/dags/raw_to_staging_dag.py
[2025-05-11T14:51:54.205+0000] {processor.py:830} INFO - Processing file /opt/airflow/dags/raw_to_staging_dag.py for tasks to queue
[2025-05-11T14:51:54.206+0000] {logging_mixin.py:188} INFO - [2025-05-11T14:51:54.205+0000] {dagbag.py:538} INFO - Filling up the DagBag from /opt/airflow/dags/raw_to_staging_dag.py
[2025-05-11T14:51:54.227+0000] {logging_mixin.py:188} WARNING - /home/airflow/.local/lib/python3.8/site-packages/airflow/providers/common/sql/operators/sql.py:139 RemovedInAirflow3Warning: The 'task_concurrency' parameter is deprecated. Please use 'max_active_tis_per_dag'.
[2025-05-11T14:51:54.240+0000] {processor.py:840} INFO - DAG(s) 'raw_to_staging_dag' retrieved from /opt/airflow/dags/raw_to_staging_dag.py
[2025-05-11T14:51:54.279+0000] {logging_mixin.py:188} INFO - [2025-05-11T14:51:54.279+0000] {dag.py:3036} INFO - Sync 1 DAGs
[2025-05-11T14:51:54.300+0000] {logging_mixin.py:188} INFO - [2025-05-11T14:51:54.299+0000] {dag.py:3823} INFO - Setting next_dagrun for raw_to_staging_dag to 2025-05-11 00:00:00+00:00, run_after=2025-05-12 00:00:00+00:00
[2025-05-11T14:51:54.308+0000] {processor.py:183} INFO - Processing /opt/airflow/dags/raw_to_staging_dag.py took 0.111 seconds
[2025-05-11T14:52:24.640+0000] {processor.py:161} INFO - Started process (PID=6582) to work on /opt/airflow/dags/raw_to_staging_dag.py
[2025-05-11T14:52:24.643+0000] {processor.py:830} INFO - Processing file /opt/airflow/dags/raw_to_staging_dag.py for tasks to queue
[2025-05-11T14:52:24.644+0000] {logging_mixin.py:188} INFO - [2025-05-11T14:52:24.644+0000] {dagbag.py:538} INFO - Filling up the DagBag from /opt/airflow/dags/raw_to_staging_dag.py
[2025-05-11T14:52:24.666+0000] {logging_mixin.py:188} WARNING - /home/airflow/.local/lib/python3.8/site-packages/airflow/providers/common/sql/operators/sql.py:139 RemovedInAirflow3Warning: The 'task_concurrency' parameter is deprecated. Please use 'max_active_tis_per_dag'.
[2025-05-11T14:52:24.680+0000] {processor.py:840} INFO - DAG(s) 'raw_to_staging_dag' retrieved from /opt/airflow/dags/raw_to_staging_dag.py
[2025-05-11T14:52:24.709+0000] {logging_mixin.py:188} INFO - [2025-05-11T14:52:24.709+0000] {dag.py:3036} INFO - Sync 1 DAGs
[2025-05-11T14:52:24.724+0000] {logging_mixin.py:188} INFO - [2025-05-11T14:52:24.724+0000] {dag.py:3823} INFO - Setting next_dagrun for raw_to_staging_dag to 2025-05-11 00:00:00+00:00, run_after=2025-05-12 00:00:00+00:00
[2025-05-11T14:52:24.736+0000] {processor.py:183} INFO - Processing /opt/airflow/dags/raw_to_staging_dag.py took 0.103 seconds
[2025-05-11T14:52:55.047+0000] {processor.py:161} INFO - Started process (PID=6587) to work on /opt/airflow/dags/raw_to_staging_dag.py
[2025-05-11T14:52:55.048+0000] {processor.py:830} INFO - Processing file /opt/airflow/dags/raw_to_staging_dag.py for tasks to queue
[2025-05-11T14:52:55.049+0000] {logging_mixin.py:188} INFO - [2025-05-11T14:52:55.049+0000] {dagbag.py:538} INFO - Filling up the DagBag from /opt/airflow/dags/raw_to_staging_dag.py
[2025-05-11T14:52:55.067+0000] {logging_mixin.py:188} WARNING - /home/airflow/.local/lib/python3.8/site-packages/airflow/providers/common/sql/operators/sql.py:139 RemovedInAirflow3Warning: The 'task_concurrency' parameter is deprecated. Please use 'max_active_tis_per_dag'.
[2025-05-11T14:52:55.081+0000] {processor.py:840} INFO - DAG(s) 'raw_to_staging_dag' retrieved from /opt/airflow/dags/raw_to_staging_dag.py
[2025-05-11T14:52:55.104+0000] {logging_mixin.py:188} INFO - [2025-05-11T14:52:55.104+0000] {dag.py:3036} INFO - Sync 1 DAGs
[2025-05-11T14:52:55.118+0000] {logging_mixin.py:188} INFO - [2025-05-11T14:52:55.118+0000] {dag.py:3823} INFO - Setting next_dagrun for raw_to_staging_dag to 2025-05-11 00:00:00+00:00, run_after=2025-05-12 00:00:00+00:00
[2025-05-11T14:52:55.129+0000] {processor.py:183} INFO - Processing /opt/airflow/dags/raw_to_staging_dag.py took 0.089 seconds
[2025-05-11T14:53:25.492+0000] {processor.py:161} INFO - Started process (PID=6592) to work on /opt/airflow/dags/raw_to_staging_dag.py
[2025-05-11T14:53:25.494+0000] {processor.py:830} INFO - Processing file /opt/airflow/dags/raw_to_staging_dag.py for tasks to queue
[2025-05-11T14:53:25.496+0000] {logging_mixin.py:188} INFO - [2025-05-11T14:53:25.495+0000] {dagbag.py:538} INFO - Filling up the DagBag from /opt/airflow/dags/raw_to_staging_dag.py
[2025-05-11T14:53:25.519+0000] {logging_mixin.py:188} WARNING - /home/airflow/.local/lib/python3.8/site-packages/airflow/providers/common/sql/operators/sql.py:139 RemovedInAirflow3Warning: The 'task_concurrency' parameter is deprecated. Please use 'max_active_tis_per_dag'.
[2025-05-11T14:53:25.535+0000] {processor.py:840} INFO - DAG(s) 'raw_to_staging_dag' retrieved from /opt/airflow/dags/raw_to_staging_dag.py
[2025-05-11T14:53:25.563+0000] {logging_mixin.py:188} INFO - [2025-05-11T14:53:25.563+0000] {dag.py:3036} INFO - Sync 1 DAGs
[2025-05-11T14:53:25.581+0000] {logging_mixin.py:188} INFO - [2025-05-11T14:53:25.581+0000] {dag.py:3823} INFO - Setting next_dagrun for raw_to_staging_dag to 2025-05-11 00:00:00+00:00, run_after=2025-05-12 00:00:00+00:00
[2025-05-11T14:53:25.593+0000] {processor.py:183} INFO - Processing /opt/airflow/dags/raw_to_staging_dag.py took 0.109 seconds
[2025-05-11T14:53:55.893+0000] {processor.py:161} INFO - Started process (PID=6597) to work on /opt/airflow/dags/raw_to_staging_dag.py
[2025-05-11T14:53:55.895+0000] {processor.py:830} INFO - Processing file /opt/airflow/dags/raw_to_staging_dag.py for tasks to queue
[2025-05-11T14:53:55.896+0000] {logging_mixin.py:188} INFO - [2025-05-11T14:53:55.896+0000] {dagbag.py:538} INFO - Filling up the DagBag from /opt/airflow/dags/raw_to_staging_dag.py
[2025-05-11T14:53:55.918+0000] {logging_mixin.py:188} WARNING - /home/airflow/.local/lib/python3.8/site-packages/airflow/providers/common/sql/operators/sql.py:139 RemovedInAirflow3Warning: The 'task_concurrency' parameter is deprecated. Please use 'max_active_tis_per_dag'.
[2025-05-11T14:53:55.934+0000] {processor.py:840} INFO - DAG(s) 'raw_to_staging_dag' retrieved from /opt/airflow/dags/raw_to_staging_dag.py
[2025-05-11T14:53:55.972+0000] {logging_mixin.py:188} INFO - [2025-05-11T14:53:55.972+0000] {dag.py:3036} INFO - Sync 1 DAGs
[2025-05-11T14:53:55.988+0000] {logging_mixin.py:188} INFO - [2025-05-11T14:53:55.988+0000] {dag.py:3823} INFO - Setting next_dagrun for raw_to_staging_dag to 2025-05-11 00:00:00+00:00, run_after=2025-05-12 00:00:00+00:00
[2025-05-11T14:53:55.999+0000] {processor.py:183} INFO - Processing /opt/airflow/dags/raw_to_staging_dag.py took 0.114 seconds
[2025-05-11T14:54:26.388+0000] {processor.py:161} INFO - Started process (PID=6602) to work on /opt/airflow/dags/raw_to_staging_dag.py
[2025-05-11T14:54:26.391+0000] {processor.py:830} INFO - Processing file /opt/airflow/dags/raw_to_staging_dag.py for tasks to queue
[2025-05-11T14:54:26.392+0000] {logging_mixin.py:188} INFO - [2025-05-11T14:54:26.391+0000] {dagbag.py:538} INFO - Filling up the DagBag from /opt/airflow/dags/raw_to_staging_dag.py
[2025-05-11T14:54:26.412+0000] {logging_mixin.py:188} WARNING - /home/airflow/.local/lib/python3.8/site-packages/airflow/providers/common/sql/operators/sql.py:139 RemovedInAirflow3Warning: The 'task_concurrency' parameter is deprecated. Please use 'max_active_tis_per_dag'.
[2025-05-11T14:54:26.427+0000] {processor.py:840} INFO - DAG(s) 'raw_to_staging_dag' retrieved from /opt/airflow/dags/raw_to_staging_dag.py
[2025-05-11T14:54:26.463+0000] {logging_mixin.py:188} INFO - [2025-05-11T14:54:26.463+0000] {dag.py:3036} INFO - Sync 1 DAGs
[2025-05-11T14:54:26.478+0000] {logging_mixin.py:188} INFO - [2025-05-11T14:54:26.478+0000] {dag.py:3823} INFO - Setting next_dagrun for raw_to_staging_dag to 2025-05-11 00:00:00+00:00, run_after=2025-05-12 00:00:00+00:00
[2025-05-11T14:54:26.488+0000] {processor.py:183} INFO - Processing /opt/airflow/dags/raw_to_staging_dag.py took 0.108 seconds
[2025-05-11T14:54:56.795+0000] {processor.py:161} INFO - Started process (PID=6607) to work on /opt/airflow/dags/raw_to_staging_dag.py
[2025-05-11T14:54:56.797+0000] {processor.py:830} INFO - Processing file /opt/airflow/dags/raw_to_staging_dag.py for tasks to queue
[2025-05-11T14:54:56.798+0000] {logging_mixin.py:188} INFO - [2025-05-11T14:54:56.797+0000] {dagbag.py:538} INFO - Filling up the DagBag from /opt/airflow/dags/raw_to_staging_dag.py
[2025-05-11T14:54:56.817+0000] {logging_mixin.py:188} WARNING - /home/airflow/.local/lib/python3.8/site-packages/airflow/providers/common/sql/operators/sql.py:139 RemovedInAirflow3Warning: The 'task_concurrency' parameter is deprecated. Please use 'max_active_tis_per_dag'.
[2025-05-11T14:54:56.833+0000] {processor.py:840} INFO - DAG(s) 'raw_to_staging_dag' retrieved from /opt/airflow/dags/raw_to_staging_dag.py
[2025-05-11T14:54:56.863+0000] {logging_mixin.py:188} INFO - [2025-05-11T14:54:56.863+0000] {dag.py:3036} INFO - Sync 1 DAGs
[2025-05-11T14:54:56.878+0000] {logging_mixin.py:188} INFO - [2025-05-11T14:54:56.878+0000] {dag.py:3823} INFO - Setting next_dagrun for raw_to_staging_dag to 2025-05-11 00:00:00+00:00, run_after=2025-05-12 00:00:00+00:00
[2025-05-11T14:54:56.887+0000] {processor.py:183} INFO - Processing /opt/airflow/dags/raw_to_staging_dag.py took 0.100 seconds
[2025-05-11T14:55:27.162+0000] {processor.py:161} INFO - Started process (PID=6612) to work on /opt/airflow/dags/raw_to_staging_dag.py
[2025-05-11T14:55:27.164+0000] {processor.py:830} INFO - Processing file /opt/airflow/dags/raw_to_staging_dag.py for tasks to queue
[2025-05-11T14:55:27.165+0000] {logging_mixin.py:188} INFO - [2025-05-11T14:55:27.164+0000] {dagbag.py:538} INFO - Filling up the DagBag from /opt/airflow/dags/raw_to_staging_dag.py
[2025-05-11T14:55:27.184+0000] {logging_mixin.py:188} WARNING - /home/airflow/.local/lib/python3.8/site-packages/airflow/providers/common/sql/operators/sql.py:139 RemovedInAirflow3Warning: The 'task_concurrency' parameter is deprecated. Please use 'max_active_tis_per_dag'.
[2025-05-11T14:55:27.196+0000] {processor.py:840} INFO - DAG(s) 'raw_to_staging_dag' retrieved from /opt/airflow/dags/raw_to_staging_dag.py
[2025-05-11T14:55:27.228+0000] {logging_mixin.py:188} INFO - [2025-05-11T14:55:27.228+0000] {dag.py:3036} INFO - Sync 1 DAGs
[2025-05-11T14:55:27.244+0000] {logging_mixin.py:188} INFO - [2025-05-11T14:55:27.244+0000] {dag.py:3823} INFO - Setting next_dagrun for raw_to_staging_dag to 2025-05-11 00:00:00+00:00, run_after=2025-05-12 00:00:00+00:00
[2025-05-11T14:55:27.254+0000] {processor.py:183} INFO - Processing /opt/airflow/dags/raw_to_staging_dag.py took 0.098 seconds
[2025-05-11T14:55:57.566+0000] {processor.py:161} INFO - Started process (PID=6617) to work on /opt/airflow/dags/raw_to_staging_dag.py
[2025-05-11T14:55:57.568+0000] {processor.py:830} INFO - Processing file /opt/airflow/dags/raw_to_staging_dag.py for tasks to queue
[2025-05-11T14:55:57.569+0000] {logging_mixin.py:188} INFO - [2025-05-11T14:55:57.569+0000] {dagbag.py:538} INFO - Filling up the DagBag from /opt/airflow/dags/raw_to_staging_dag.py
[2025-05-11T14:55:57.585+0000] {logging_mixin.py:188} WARNING - /home/airflow/.local/lib/python3.8/site-packages/airflow/providers/common/sql/operators/sql.py:139 RemovedInAirflow3Warning: The 'task_concurrency' parameter is deprecated. Please use 'max_active_tis_per_dag'.
[2025-05-11T14:55:57.599+0000] {processor.py:840} INFO - DAG(s) 'raw_to_staging_dag' retrieved from /opt/airflow/dags/raw_to_staging_dag.py
[2025-05-11T14:55:57.622+0000] {logging_mixin.py:188} INFO - [2025-05-11T14:55:57.622+0000] {dag.py:3036} INFO - Sync 1 DAGs
[2025-05-11T14:55:57.637+0000] {logging_mixin.py:188} INFO - [2025-05-11T14:55:57.637+0000] {dag.py:3823} INFO - Setting next_dagrun for raw_to_staging_dag to 2025-05-11 00:00:00+00:00, run_after=2025-05-12 00:00:00+00:00
[2025-05-11T14:55:57.647+0000] {processor.py:183} INFO - Processing /opt/airflow/dags/raw_to_staging_dag.py took 0.089 seconds
[2025-05-11T14:56:08.791+0000] {processor.py:161} INFO - Started process (PID=6622) to work on /opt/airflow/dags/raw_to_staging_dag.py
[2025-05-11T14:56:08.792+0000] {processor.py:830} INFO - Processing file /opt/airflow/dags/raw_to_staging_dag.py for tasks to queue
[2025-05-11T14:56:08.794+0000] {logging_mixin.py:188} INFO - [2025-05-11T14:56:08.793+0000] {dagbag.py:538} INFO - Filling up the DagBag from /opt/airflow/dags/raw_to_staging_dag.py
[2025-05-11T14:56:08.816+0000] {logging_mixin.py:188} WARNING - /home/airflow/.local/lib/python3.8/site-packages/airflow/providers/common/sql/operators/sql.py:139 RemovedInAirflow3Warning: The 'task_concurrency' parameter is deprecated. Please use 'max_active_tis_per_dag'.
[2025-05-11T14:56:08.831+0000] {processor.py:840} INFO - DAG(s) 'raw_to_staging_dag' retrieved from /opt/airflow/dags/raw_to_staging_dag.py
[2025-05-11T14:56:08.962+0000] {logging_mixin.py:188} INFO - [2025-05-11T14:56:08.962+0000] {dag.py:3036} INFO - Sync 1 DAGs
[2025-05-11T14:56:08.975+0000] {logging_mixin.py:188} INFO - [2025-05-11T14:56:08.975+0000] {dag.py:3823} INFO - Setting next_dagrun for raw_to_staging_dag to 2025-05-11 00:00:00+00:00, run_after=2025-05-12 00:00:00+00:00
[2025-05-11T14:56:08.986+0000] {processor.py:183} INFO - Processing /opt/airflow/dags/raw_to_staging_dag.py took 0.201 seconds
[2025-05-11T14:56:39.249+0000] {processor.py:161} INFO - Started process (PID=6627) to work on /opt/airflow/dags/raw_to_staging_dag.py
[2025-05-11T14:56:39.250+0000] {processor.py:830} INFO - Processing file /opt/airflow/dags/raw_to_staging_dag.py for tasks to queue
[2025-05-11T14:56:39.251+0000] {logging_mixin.py:188} INFO - [2025-05-11T14:56:39.251+0000] {dagbag.py:538} INFO - Filling up the DagBag from /opt/airflow/dags/raw_to_staging_dag.py
[2025-05-11T14:56:39.271+0000] {logging_mixin.py:188} WARNING - /home/airflow/.local/lib/python3.8/site-packages/airflow/providers/common/sql/operators/sql.py:139 RemovedInAirflow3Warning: The 'task_concurrency' parameter is deprecated. Please use 'max_active_tis_per_dag'.
[2025-05-11T14:56:39.282+0000] {processor.py:840} INFO - DAG(s) 'raw_to_staging_dag' retrieved from /opt/airflow/dags/raw_to_staging_dag.py
[2025-05-11T14:56:39.305+0000] {logging_mixin.py:188} INFO - [2025-05-11T14:56:39.305+0000] {dag.py:3036} INFO - Sync 1 DAGs
[2025-05-11T14:56:39.321+0000] {logging_mixin.py:188} INFO - [2025-05-11T14:56:39.321+0000] {dag.py:3823} INFO - Setting next_dagrun for raw_to_staging_dag to 2025-05-11 00:00:00+00:00, run_after=2025-05-12 00:00:00+00:00
[2025-05-11T14:56:39.330+0000] {processor.py:183} INFO - Processing /opt/airflow/dags/raw_to_staging_dag.py took 0.088 seconds
[2025-05-11T14:57:09.720+0000] {processor.py:161} INFO - Started process (PID=6632) to work on /opt/airflow/dags/raw_to_staging_dag.py
[2025-05-11T14:57:09.723+0000] {processor.py:830} INFO - Processing file /opt/airflow/dags/raw_to_staging_dag.py for tasks to queue
[2025-05-11T14:57:09.725+0000] {logging_mixin.py:188} INFO - [2025-05-11T14:57:09.724+0000] {dagbag.py:538} INFO - Filling up the DagBag from /opt/airflow/dags/raw_to_staging_dag.py
[2025-05-11T14:57:09.748+0000] {logging_mixin.py:188} WARNING - /home/airflow/.local/lib/python3.8/site-packages/airflow/providers/common/sql/operators/sql.py:139 RemovedInAirflow3Warning: The 'task_concurrency' parameter is deprecated. Please use 'max_active_tis_per_dag'.
[2025-05-11T14:57:09.762+0000] {processor.py:840} INFO - DAG(s) 'raw_to_staging_dag' retrieved from /opt/airflow/dags/raw_to_staging_dag.py
[2025-05-11T14:57:09.785+0000] {logging_mixin.py:188} INFO - [2025-05-11T14:57:09.785+0000] {dag.py:3036} INFO - Sync 1 DAGs
[2025-05-11T14:57:09.801+0000] {logging_mixin.py:188} INFO - [2025-05-11T14:57:09.800+0000] {dag.py:3823} INFO - Setting next_dagrun for raw_to_staging_dag to 2025-05-11 00:00:00+00:00, run_after=2025-05-12 00:00:00+00:00
[2025-05-11T14:57:09.810+0000] {processor.py:183} INFO - Processing /opt/airflow/dags/raw_to_staging_dag.py took 0.097 seconds
[2025-05-11T14:57:40.170+0000] {processor.py:161} INFO - Started process (PID=6637) to work on /opt/airflow/dags/raw_to_staging_dag.py
[2025-05-11T14:57:40.171+0000] {processor.py:830} INFO - Processing file /opt/airflow/dags/raw_to_staging_dag.py for tasks to queue
[2025-05-11T14:57:40.173+0000] {logging_mixin.py:188} INFO - [2025-05-11T14:57:40.172+0000] {dagbag.py:538} INFO - Filling up the DagBag from /opt/airflow/dags/raw_to_staging_dag.py
[2025-05-11T14:57:40.188+0000] {logging_mixin.py:188} WARNING - /home/airflow/.local/lib/python3.8/site-packages/airflow/providers/common/sql/operators/sql.py:139 RemovedInAirflow3Warning: The 'task_concurrency' parameter is deprecated. Please use 'max_active_tis_per_dag'.
[2025-05-11T14:57:40.202+0000] {processor.py:840} INFO - DAG(s) 'raw_to_staging_dag' retrieved from /opt/airflow/dags/raw_to_staging_dag.py
[2025-05-11T14:57:40.233+0000] {logging_mixin.py:188} INFO - [2025-05-11T14:57:40.233+0000] {dag.py:3036} INFO - Sync 1 DAGs
[2025-05-11T14:57:40.249+0000] {logging_mixin.py:188} INFO - [2025-05-11T14:57:40.249+0000] {dag.py:3823} INFO - Setting next_dagrun for raw_to_staging_dag to 2025-05-11 00:00:00+00:00, run_after=2025-05-12 00:00:00+00:00
[2025-05-11T14:57:40.258+0000] {processor.py:183} INFO - Processing /opt/airflow/dags/raw_to_staging_dag.py took 0.097 seconds
[2025-05-11T14:58:10.558+0000] {processor.py:161} INFO - Started process (PID=6642) to work on /opt/airflow/dags/raw_to_staging_dag.py
[2025-05-11T14:58:10.561+0000] {processor.py:830} INFO - Processing file /opt/airflow/dags/raw_to_staging_dag.py for tasks to queue
[2025-05-11T14:58:10.562+0000] {logging_mixin.py:188} INFO - [2025-05-11T14:58:10.561+0000] {dagbag.py:538} INFO - Filling up the DagBag from /opt/airflow/dags/raw_to_staging_dag.py
[2025-05-11T14:58:10.584+0000] {logging_mixin.py:188} WARNING - /home/airflow/.local/lib/python3.8/site-packages/airflow/providers/common/sql/operators/sql.py:139 RemovedInAirflow3Warning: The 'task_concurrency' parameter is deprecated. Please use 'max_active_tis_per_dag'.
[2025-05-11T14:58:10.594+0000] {processor.py:840} INFO - DAG(s) 'raw_to_staging_dag' retrieved from /opt/airflow/dags/raw_to_staging_dag.py
[2025-05-11T14:58:10.621+0000] {logging_mixin.py:188} INFO - [2025-05-11T14:58:10.621+0000] {dag.py:3036} INFO - Sync 1 DAGs
[2025-05-11T14:58:10.635+0000] {logging_mixin.py:188} INFO - [2025-05-11T14:58:10.634+0000] {dag.py:3823} INFO - Setting next_dagrun for raw_to_staging_dag to 2025-05-11 00:00:00+00:00, run_after=2025-05-12 00:00:00+00:00
[2025-05-11T14:58:10.644+0000] {processor.py:183} INFO - Processing /opt/airflow/dags/raw_to_staging_dag.py took 0.093 seconds
[2025-05-11T14:58:40.954+0000] {processor.py:161} INFO - Started process (PID=6647) to work on /opt/airflow/dags/raw_to_staging_dag.py
[2025-05-11T14:58:40.956+0000] {processor.py:830} INFO - Processing file /opt/airflow/dags/raw_to_staging_dag.py for tasks to queue
[2025-05-11T14:58:40.959+0000] {logging_mixin.py:188} INFO - [2025-05-11T14:58:40.958+0000] {dagbag.py:538} INFO - Filling up the DagBag from /opt/airflow/dags/raw_to_staging_dag.py
[2025-05-11T14:58:40.989+0000] {logging_mixin.py:188} WARNING - /home/airflow/.local/lib/python3.8/site-packages/airflow/providers/common/sql/operators/sql.py:139 RemovedInAirflow3Warning: The 'task_concurrency' parameter is deprecated. Please use 'max_active_tis_per_dag'.
[2025-05-11T14:58:41.008+0000] {processor.py:840} INFO - DAG(s) 'raw_to_staging_dag' retrieved from /opt/airflow/dags/raw_to_staging_dag.py
[2025-05-11T14:58:41.041+0000] {logging_mixin.py:188} INFO - [2025-05-11T14:58:41.041+0000] {dag.py:3036} INFO - Sync 1 DAGs
[2025-05-11T14:58:41.056+0000] {logging_mixin.py:188} INFO - [2025-05-11T14:58:41.056+0000] {dag.py:3823} INFO - Setting next_dagrun for raw_to_staging_dag to 2025-05-11 00:00:00+00:00, run_after=2025-05-12 00:00:00+00:00
[2025-05-11T14:58:41.068+0000] {processor.py:183} INFO - Processing /opt/airflow/dags/raw_to_staging_dag.py took 0.126 seconds
[2025-05-11T14:59:11.354+0000] {processor.py:161} INFO - Started process (PID=6652) to work on /opt/airflow/dags/raw_to_staging_dag.py
[2025-05-11T14:59:11.357+0000] {processor.py:830} INFO - Processing file /opt/airflow/dags/raw_to_staging_dag.py for tasks to queue
[2025-05-11T14:59:11.358+0000] {logging_mixin.py:188} INFO - [2025-05-11T14:59:11.358+0000] {dagbag.py:538} INFO - Filling up the DagBag from /opt/airflow/dags/raw_to_staging_dag.py
[2025-05-11T14:59:11.376+0000] {logging_mixin.py:188} WARNING - /home/airflow/.local/lib/python3.8/site-packages/airflow/providers/common/sql/operators/sql.py:139 RemovedInAirflow3Warning: The 'task_concurrency' parameter is deprecated. Please use 'max_active_tis_per_dag'.
[2025-05-11T14:59:11.390+0000] {processor.py:840} INFO - DAG(s) 'raw_to_staging_dag' retrieved from /opt/airflow/dags/raw_to_staging_dag.py
[2025-05-11T14:59:11.415+0000] {logging_mixin.py:188} INFO - [2025-05-11T14:59:11.415+0000] {dag.py:3036} INFO - Sync 1 DAGs
[2025-05-11T14:59:11.429+0000] {logging_mixin.py:188} INFO - [2025-05-11T14:59:11.429+0000] {dag.py:3823} INFO - Setting next_dagrun for raw_to_staging_dag to 2025-05-11 00:00:00+00:00, run_after=2025-05-12 00:00:00+00:00
[2025-05-11T14:59:11.438+0000] {processor.py:183} INFO - Processing /opt/airflow/dags/raw_to_staging_dag.py took 0.096 seconds
[2025-05-11T14:59:41.764+0000] {processor.py:161} INFO - Started process (PID=6657) to work on /opt/airflow/dags/raw_to_staging_dag.py
[2025-05-11T14:59:41.765+0000] {processor.py:830} INFO - Processing file /opt/airflow/dags/raw_to_staging_dag.py for tasks to queue
[2025-05-11T14:59:41.766+0000] {logging_mixin.py:188} INFO - [2025-05-11T14:59:41.766+0000] {dagbag.py:538} INFO - Filling up the DagBag from /opt/airflow/dags/raw_to_staging_dag.py
[2025-05-11T14:59:41.787+0000] {logging_mixin.py:188} WARNING - /home/airflow/.local/lib/python3.8/site-packages/airflow/providers/common/sql/operators/sql.py:139 RemovedInAirflow3Warning: The 'task_concurrency' parameter is deprecated. Please use 'max_active_tis_per_dag'.
[2025-05-11T14:59:41.802+0000] {processor.py:840} INFO - DAG(s) 'raw_to_staging_dag' retrieved from /opt/airflow/dags/raw_to_staging_dag.py
[2025-05-11T14:59:41.825+0000] {logging_mixin.py:188} INFO - [2025-05-11T14:59:41.825+0000] {dag.py:3036} INFO - Sync 1 DAGs
[2025-05-11T14:59:41.838+0000] {logging_mixin.py:188} INFO - [2025-05-11T14:59:41.838+0000] {dag.py:3823} INFO - Setting next_dagrun for raw_to_staging_dag to 2025-05-11 00:00:00+00:00, run_after=2025-05-12 00:00:00+00:00
[2025-05-11T14:59:41.847+0000] {processor.py:183} INFO - Processing /opt/airflow/dags/raw_to_staging_dag.py took 0.088 seconds
[2025-05-11T15:00:12.205+0000] {processor.py:161} INFO - Started process (PID=6662) to work on /opt/airflow/dags/raw_to_staging_dag.py
[2025-05-11T15:00:12.206+0000] {processor.py:830} INFO - Processing file /opt/airflow/dags/raw_to_staging_dag.py for tasks to queue
[2025-05-11T15:00:12.208+0000] {logging_mixin.py:188} INFO - [2025-05-11T15:00:12.207+0000] {dagbag.py:538} INFO - Filling up the DagBag from /opt/airflow/dags/raw_to_staging_dag.py
[2025-05-11T15:00:12.236+0000] {logging_mixin.py:188} WARNING - /home/airflow/.local/lib/python3.8/site-packages/airflow/providers/common/sql/operators/sql.py:139 RemovedInAirflow3Warning: The 'task_concurrency' parameter is deprecated. Please use 'max_active_tis_per_dag'.
[2025-05-11T15:00:12.253+0000] {processor.py:840} INFO - DAG(s) 'raw_to_staging_dag' retrieved from /opt/airflow/dags/raw_to_staging_dag.py
[2025-05-11T15:00:12.284+0000] {logging_mixin.py:188} INFO - [2025-05-11T15:00:12.283+0000] {dag.py:3036} INFO - Sync 1 DAGs
[2025-05-11T15:00:12.299+0000] {logging_mixin.py:188} INFO - [2025-05-11T15:00:12.299+0000] {dag.py:3823} INFO - Setting next_dagrun for raw_to_staging_dag to 2025-05-11 00:00:00+00:00, run_after=2025-05-12 00:00:00+00:00
[2025-05-11T15:00:12.308+0000] {processor.py:183} INFO - Processing /opt/airflow/dags/raw_to_staging_dag.py took 0.113 seconds
[2025-05-11T15:00:42.723+0000] {processor.py:161} INFO - Started process (PID=6677) to work on /opt/airflow/dags/raw_to_staging_dag.py
[2025-05-11T15:00:42.725+0000] {processor.py:830} INFO - Processing file /opt/airflow/dags/raw_to_staging_dag.py for tasks to queue
[2025-05-11T15:00:42.726+0000] {logging_mixin.py:188} INFO - [2025-05-11T15:00:42.726+0000] {dagbag.py:538} INFO - Filling up the DagBag from /opt/airflow/dags/raw_to_staging_dag.py
[2025-05-11T15:00:42.752+0000] {logging_mixin.py:188} WARNING - /home/airflow/.local/lib/python3.8/site-packages/airflow/providers/common/sql/operators/sql.py:139 RemovedInAirflow3Warning: The 'task_concurrency' parameter is deprecated. Please use 'max_active_tis_per_dag'.
[2025-05-11T15:00:42.765+0000] {processor.py:840} INFO - DAG(s) 'raw_to_staging_dag' retrieved from /opt/airflow/dags/raw_to_staging_dag.py
[2025-05-11T15:00:42.798+0000] {logging_mixin.py:188} INFO - [2025-05-11T15:00:42.798+0000] {dag.py:3036} INFO - Sync 1 DAGs
[2025-05-11T15:00:42.817+0000] {logging_mixin.py:188} INFO - [2025-05-11T15:00:42.817+0000] {dag.py:3823} INFO - Setting next_dagrun for raw_to_staging_dag to 2025-05-11 00:00:00+00:00, run_after=2025-05-12 00:00:00+00:00
[2025-05-11T15:00:42.826+0000] {processor.py:183} INFO - Processing /opt/airflow/dags/raw_to_staging_dag.py took 0.109 seconds
[2025-05-11T15:01:13.100+0000] {processor.py:161} INFO - Started process (PID=6682) to work on /opt/airflow/dags/raw_to_staging_dag.py
[2025-05-11T15:01:13.102+0000] {processor.py:830} INFO - Processing file /opt/airflow/dags/raw_to_staging_dag.py for tasks to queue
[2025-05-11T15:01:13.103+0000] {logging_mixin.py:188} INFO - [2025-05-11T15:01:13.103+0000] {dagbag.py:538} INFO - Filling up the DagBag from /opt/airflow/dags/raw_to_staging_dag.py
[2025-05-11T15:01:13.133+0000] {logging_mixin.py:188} WARNING - /home/airflow/.local/lib/python3.8/site-packages/airflow/providers/common/sql/operators/sql.py:139 RemovedInAirflow3Warning: The 'task_concurrency' parameter is deprecated. Please use 'max_active_tis_per_dag'.
[2025-05-11T15:01:13.147+0000] {processor.py:840} INFO - DAG(s) 'raw_to_staging_dag' retrieved from /opt/airflow/dags/raw_to_staging_dag.py
[2025-05-11T15:01:13.174+0000] {logging_mixin.py:188} INFO - [2025-05-11T15:01:13.174+0000] {dag.py:3036} INFO - Sync 1 DAGs
[2025-05-11T15:01:13.187+0000] {logging_mixin.py:188} INFO - [2025-05-11T15:01:13.187+0000] {dag.py:3823} INFO - Setting next_dagrun for raw_to_staging_dag to 2025-05-11 00:00:00+00:00, run_after=2025-05-12 00:00:00+00:00
[2025-05-11T15:01:13.197+0000] {processor.py:183} INFO - Processing /opt/airflow/dags/raw_to_staging_dag.py took 0.107 seconds
[2025-05-11T15:01:43.529+0000] {processor.py:161} INFO - Started process (PID=6687) to work on /opt/airflow/dags/raw_to_staging_dag.py
[2025-05-11T15:01:43.531+0000] {processor.py:830} INFO - Processing file /opt/airflow/dags/raw_to_staging_dag.py for tasks to queue
[2025-05-11T15:01:43.532+0000] {logging_mixin.py:188} INFO - [2025-05-11T15:01:43.532+0000] {dagbag.py:538} INFO - Filling up the DagBag from /opt/airflow/dags/raw_to_staging_dag.py
[2025-05-11T15:01:43.561+0000] {logging_mixin.py:188} WARNING - /home/airflow/.local/lib/python3.8/site-packages/airflow/providers/common/sql/operators/sql.py:139 RemovedInAirflow3Warning: The 'task_concurrency' parameter is deprecated. Please use 'max_active_tis_per_dag'.
[2025-05-11T15:01:43.572+0000] {processor.py:840} INFO - DAG(s) 'raw_to_staging_dag' retrieved from /opt/airflow/dags/raw_to_staging_dag.py
[2025-05-11T15:01:43.601+0000] {logging_mixin.py:188} INFO - [2025-05-11T15:01:43.601+0000] {dag.py:3036} INFO - Sync 1 DAGs
[2025-05-11T15:01:43.615+0000] {logging_mixin.py:188} INFO - [2025-05-11T15:01:43.615+0000] {dag.py:3823} INFO - Setting next_dagrun for raw_to_staging_dag to 2025-05-11 00:00:00+00:00, run_after=2025-05-12 00:00:00+00:00
[2025-05-11T15:01:43.625+0000] {processor.py:183} INFO - Processing /opt/airflow/dags/raw_to_staging_dag.py took 0.103 seconds
[2025-05-11T15:02:13.879+0000] {processor.py:161} INFO - Started process (PID=6692) to work on /opt/airflow/dags/raw_to_staging_dag.py
[2025-05-11T15:02:13.880+0000] {processor.py:830} INFO - Processing file /opt/airflow/dags/raw_to_staging_dag.py for tasks to queue
[2025-05-11T15:02:13.882+0000] {logging_mixin.py:188} INFO - [2025-05-11T15:02:13.881+0000] {dagbag.py:538} INFO - Filling up the DagBag from /opt/airflow/dags/raw_to_staging_dag.py
[2025-05-11T15:02:13.903+0000] {logging_mixin.py:188} WARNING - /home/airflow/.local/lib/python3.8/site-packages/airflow/providers/common/sql/operators/sql.py:139 RemovedInAirflow3Warning: The 'task_concurrency' parameter is deprecated. Please use 'max_active_tis_per_dag'.
[2025-05-11T15:02:13.915+0000] {processor.py:840} INFO - DAG(s) 'raw_to_staging_dag' retrieved from /opt/airflow/dags/raw_to_staging_dag.py
[2025-05-11T15:02:13.946+0000] {logging_mixin.py:188} INFO - [2025-05-11T15:02:13.946+0000] {dag.py:3036} INFO - Sync 1 DAGs
[2025-05-11T15:02:13.964+0000] {logging_mixin.py:188} INFO - [2025-05-11T15:02:13.963+0000] {dag.py:3823} INFO - Setting next_dagrun for raw_to_staging_dag to 2025-05-11 00:00:00+00:00, run_after=2025-05-12 00:00:00+00:00
[2025-05-11T15:02:13.973+0000] {processor.py:183} INFO - Processing /opt/airflow/dags/raw_to_staging_dag.py took 0.102 seconds
[2025-05-11T15:02:44.279+0000] {processor.py:161} INFO - Started process (PID=6697) to work on /opt/airflow/dags/raw_to_staging_dag.py
[2025-05-11T15:02:44.282+0000] {processor.py:830} INFO - Processing file /opt/airflow/dags/raw_to_staging_dag.py for tasks to queue
[2025-05-11T15:02:44.287+0000] {logging_mixin.py:188} INFO - [2025-05-11T15:02:44.285+0000] {dagbag.py:538} INFO - Filling up the DagBag from /opt/airflow/dags/raw_to_staging_dag.py
[2025-05-11T15:02:44.309+0000] {logging_mixin.py:188} WARNING - /home/airflow/.local/lib/python3.8/site-packages/airflow/providers/common/sql/operators/sql.py:139 RemovedInAirflow3Warning: The 'task_concurrency' parameter is deprecated. Please use 'max_active_tis_per_dag'.
[2025-05-11T15:02:44.321+0000] {processor.py:840} INFO - DAG(s) 'raw_to_staging_dag' retrieved from /opt/airflow/dags/raw_to_staging_dag.py
[2025-05-11T15:02:44.347+0000] {logging_mixin.py:188} INFO - [2025-05-11T15:02:44.347+0000] {dag.py:3036} INFO - Sync 1 DAGs
[2025-05-11T15:02:44.361+0000] {logging_mixin.py:188} INFO - [2025-05-11T15:02:44.361+0000] {dag.py:3823} INFO - Setting next_dagrun for raw_to_staging_dag to 2025-05-11 00:00:00+00:00, run_after=2025-05-12 00:00:00+00:00
[2025-05-11T15:02:44.369+0000] {processor.py:183} INFO - Processing /opt/airflow/dags/raw_to_staging_dag.py took 0.098 seconds
[2025-05-11T15:03:14.923+0000] {processor.py:161} INFO - Started process (PID=6702) to work on /opt/airflow/dags/raw_to_staging_dag.py
[2025-05-11T15:03:14.924+0000] {processor.py:830} INFO - Processing file /opt/airflow/dags/raw_to_staging_dag.py for tasks to queue
[2025-05-11T15:03:14.926+0000] {logging_mixin.py:188} INFO - [2025-05-11T15:03:14.925+0000] {dagbag.py:538} INFO - Filling up the DagBag from /opt/airflow/dags/raw_to_staging_dag.py
[2025-05-11T15:03:14.945+0000] {logging_mixin.py:188} WARNING - /home/airflow/.local/lib/python3.8/site-packages/airflow/providers/common/sql/operators/sql.py:139 RemovedInAirflow3Warning: The 'task_concurrency' parameter is deprecated. Please use 'max_active_tis_per_dag'.
[2025-05-11T15:03:14.959+0000] {processor.py:840} INFO - DAG(s) 'raw_to_staging_dag' retrieved from /opt/airflow/dags/raw_to_staging_dag.py
[2025-05-11T15:03:14.998+0000] {logging_mixin.py:188} INFO - [2025-05-11T15:03:14.997+0000] {dag.py:3036} INFO - Sync 1 DAGs
[2025-05-11T15:03:15.018+0000] {logging_mixin.py:188} INFO - [2025-05-11T15:03:15.018+0000] {dag.py:3823} INFO - Setting next_dagrun for raw_to_staging_dag to 2025-05-11 00:00:00+00:00, run_after=2025-05-12 00:00:00+00:00
[2025-05-11T15:03:15.030+0000] {processor.py:183} INFO - Processing /opt/airflow/dags/raw_to_staging_dag.py took 0.116 seconds
[2025-05-11T15:04:19.967+0000] {processor.py:161} INFO - Started process (PID=6707) to work on /opt/airflow/dags/raw_to_staging_dag.py
[2025-05-11T15:04:19.970+0000] {processor.py:830} INFO - Processing file /opt/airflow/dags/raw_to_staging_dag.py for tasks to queue
[2025-05-11T15:04:19.971+0000] {logging_mixin.py:188} INFO - [2025-05-11T15:04:19.970+0000] {dagbag.py:538} INFO - Filling up the DagBag from /opt/airflow/dags/raw_to_staging_dag.py
[2025-05-11T15:04:19.990+0000] {logging_mixin.py:188} WARNING - /home/airflow/.local/lib/python3.8/site-packages/airflow/providers/common/sql/operators/sql.py:139 RemovedInAirflow3Warning: The 'task_concurrency' parameter is deprecated. Please use 'max_active_tis_per_dag'.
[2025-05-11T15:04:20.007+0000] {processor.py:840} INFO - DAG(s) 'raw_to_staging_dag' retrieved from /opt/airflow/dags/raw_to_staging_dag.py
[2025-05-11T15:04:20.043+0000] {logging_mixin.py:188} INFO - [2025-05-11T15:04:20.043+0000] {dag.py:3036} INFO - Sync 1 DAGs
[2025-05-11T15:04:20.070+0000] {logging_mixin.py:188} INFO - [2025-05-11T15:04:20.069+0000] {dag.py:3823} INFO - Setting next_dagrun for raw_to_staging_dag to 2025-05-11 00:00:00+00:00, run_after=2025-05-12 00:00:00+00:00
[2025-05-11T15:04:20.198+0000] {processor.py:183} INFO - Processing /opt/airflow/dags/raw_to_staging_dag.py took 0.238 seconds
[2025-05-11T15:17:31.328+0000] {processor.py:161} INFO - Started process (PID=6719) to work on /opt/airflow/dags/raw_to_staging_dag.py
[2025-05-11T15:17:31.336+0000] {processor.py:830} INFO - Processing file /opt/airflow/dags/raw_to_staging_dag.py for tasks to queue
[2025-05-11T15:17:31.346+0000] {logging_mixin.py:188} INFO - [2025-05-11T15:17:31.345+0000] {dagbag.py:538} INFO - Filling up the DagBag from /opt/airflow/dags/raw_to_staging_dag.py
[2025-05-11T15:17:31.443+0000] {logging_mixin.py:188} WARNING - /home/airflow/.local/lib/python3.8/site-packages/airflow/providers/common/sql/operators/sql.py:139 RemovedInAirflow3Warning: The 'task_concurrency' parameter is deprecated. Please use 'max_active_tis_per_dag'.
[2025-05-11T15:17:31.498+0000] {processor.py:840} INFO - DAG(s) 'raw_to_staging_dag' retrieved from /opt/airflow/dags/raw_to_staging_dag.py
[2025-05-11T15:17:31.618+0000] {logging_mixin.py:188} INFO - [2025-05-11T15:17:31.616+0000] {dag.py:3036} INFO - Sync 1 DAGs
[2025-05-11T15:17:31.698+0000] {logging_mixin.py:188} INFO - [2025-05-11T15:17:31.698+0000] {dag.py:3823} INFO - Setting next_dagrun for raw_to_staging_dag to 2025-05-11 00:00:00+00:00, run_after=2025-05-12 00:00:00+00:00
[2025-05-11T15:17:31.745+0000] {processor.py:183} INFO - Processing /opt/airflow/dags/raw_to_staging_dag.py took 0.473 seconds
[2025-05-11T15:18:02.234+0000] {processor.py:161} INFO - Started process (PID=6729) to work on /opt/airflow/dags/raw_to_staging_dag.py
[2025-05-11T15:18:02.237+0000] {processor.py:830} INFO - Processing file /opt/airflow/dags/raw_to_staging_dag.py for tasks to queue
[2025-05-11T15:18:02.238+0000] {logging_mixin.py:188} INFO - [2025-05-11T15:18:02.238+0000] {dagbag.py:538} INFO - Filling up the DagBag from /opt/airflow/dags/raw_to_staging_dag.py
[2025-05-11T15:18:02.265+0000] {logging_mixin.py:188} WARNING - /home/airflow/.local/lib/python3.8/site-packages/airflow/providers/common/sql/operators/sql.py:139 RemovedInAirflow3Warning: The 'task_concurrency' parameter is deprecated. Please use 'max_active_tis_per_dag'.
[2025-05-11T15:18:02.285+0000] {processor.py:840} INFO - DAG(s) 'raw_to_staging_dag' retrieved from /opt/airflow/dags/raw_to_staging_dag.py
[2025-05-11T15:18:02.318+0000] {logging_mixin.py:188} INFO - [2025-05-11T15:18:02.318+0000] {dag.py:3036} INFO - Sync 1 DAGs
[2025-05-11T15:18:02.336+0000] {logging_mixin.py:188} INFO - [2025-05-11T15:18:02.336+0000] {dag.py:3823} INFO - Setting next_dagrun for raw_to_staging_dag to 2025-05-11 00:00:00+00:00, run_after=2025-05-12 00:00:00+00:00
[2025-05-11T15:18:02.345+0000] {processor.py:183} INFO - Processing /opt/airflow/dags/raw_to_staging_dag.py took 0.123 seconds
[2025-05-11T15:18:32.746+0000] {processor.py:161} INFO - Started process (PID=6734) to work on /opt/airflow/dags/raw_to_staging_dag.py
[2025-05-11T15:18:32.748+0000] {processor.py:830} INFO - Processing file /opt/airflow/dags/raw_to_staging_dag.py for tasks to queue
[2025-05-11T15:18:32.749+0000] {logging_mixin.py:188} INFO - [2025-05-11T15:18:32.748+0000] {dagbag.py:538} INFO - Filling up the DagBag from /opt/airflow/dags/raw_to_staging_dag.py
[2025-05-11T15:18:32.771+0000] {logging_mixin.py:188} WARNING - /home/airflow/.local/lib/python3.8/site-packages/airflow/providers/common/sql/operators/sql.py:139 RemovedInAirflow3Warning: The 'task_concurrency' parameter is deprecated. Please use 'max_active_tis_per_dag'.
[2025-05-11T15:18:32.784+0000] {processor.py:840} INFO - DAG(s) 'raw_to_staging_dag' retrieved from /opt/airflow/dags/raw_to_staging_dag.py
[2025-05-11T15:18:32.823+0000] {logging_mixin.py:188} INFO - [2025-05-11T15:18:32.823+0000] {dag.py:3036} INFO - Sync 1 DAGs
[2025-05-11T15:18:32.841+0000] {logging_mixin.py:188} INFO - [2025-05-11T15:18:32.841+0000] {dag.py:3823} INFO - Setting next_dagrun for raw_to_staging_dag to 2025-05-11 00:00:00+00:00, run_after=2025-05-12 00:00:00+00:00
[2025-05-11T15:18:32.855+0000] {processor.py:183} INFO - Processing /opt/airflow/dags/raw_to_staging_dag.py took 0.117 seconds
[2025-05-11T15:19:03.205+0000] {processor.py:161} INFO - Started process (PID=6739) to work on /opt/airflow/dags/raw_to_staging_dag.py
[2025-05-11T15:19:03.207+0000] {processor.py:830} INFO - Processing file /opt/airflow/dags/raw_to_staging_dag.py for tasks to queue
[2025-05-11T15:19:03.208+0000] {logging_mixin.py:188} INFO - [2025-05-11T15:19:03.207+0000] {dagbag.py:538} INFO - Filling up the DagBag from /opt/airflow/dags/raw_to_staging_dag.py
[2025-05-11T15:19:03.225+0000] {logging_mixin.py:188} WARNING - /home/airflow/.local/lib/python3.8/site-packages/airflow/providers/common/sql/operators/sql.py:139 RemovedInAirflow3Warning: The 'task_concurrency' parameter is deprecated. Please use 'max_active_tis_per_dag'.
[2025-05-11T15:19:03.244+0000] {processor.py:840} INFO - DAG(s) 'raw_to_staging_dag' retrieved from /opt/airflow/dags/raw_to_staging_dag.py
[2025-05-11T15:19:03.286+0000] {logging_mixin.py:188} INFO - [2025-05-11T15:19:03.286+0000] {dag.py:3036} INFO - Sync 1 DAGs
[2025-05-11T15:19:03.315+0000] {logging_mixin.py:188} INFO - [2025-05-11T15:19:03.315+0000] {dag.py:3823} INFO - Setting next_dagrun for raw_to_staging_dag to 2025-05-11 00:00:00+00:00, run_after=2025-05-12 00:00:00+00:00
[2025-05-11T15:19:03.332+0000] {processor.py:183} INFO - Processing /opt/airflow/dags/raw_to_staging_dag.py took 0.136 seconds
[2025-05-11T15:19:33.679+0000] {processor.py:161} INFO - Started process (PID=6744) to work on /opt/airflow/dags/raw_to_staging_dag.py
[2025-05-11T15:19:33.681+0000] {processor.py:830} INFO - Processing file /opt/airflow/dags/raw_to_staging_dag.py for tasks to queue
[2025-05-11T15:19:33.682+0000] {logging_mixin.py:188} INFO - [2025-05-11T15:19:33.682+0000] {dagbag.py:538} INFO - Filling up the DagBag from /opt/airflow/dags/raw_to_staging_dag.py
[2025-05-11T15:19:33.703+0000] {logging_mixin.py:188} WARNING - /home/airflow/.local/lib/python3.8/site-packages/airflow/providers/common/sql/operators/sql.py:139 RemovedInAirflow3Warning: The 'task_concurrency' parameter is deprecated. Please use 'max_active_tis_per_dag'.
[2025-05-11T15:19:33.716+0000] {processor.py:840} INFO - DAG(s) 'raw_to_staging_dag' retrieved from /opt/airflow/dags/raw_to_staging_dag.py
[2025-05-11T15:19:33.752+0000] {logging_mixin.py:188} INFO - [2025-05-11T15:19:33.751+0000] {dag.py:3036} INFO - Sync 1 DAGs
[2025-05-11T15:19:33.777+0000] {logging_mixin.py:188} INFO - [2025-05-11T15:19:33.777+0000] {dag.py:3823} INFO - Setting next_dagrun for raw_to_staging_dag to 2025-05-11 00:00:00+00:00, run_after=2025-05-12 00:00:00+00:00
[2025-05-11T15:19:33.790+0000] {processor.py:183} INFO - Processing /opt/airflow/dags/raw_to_staging_dag.py took 0.121 seconds
[2025-05-11T15:20:04.062+0000] {processor.py:161} INFO - Started process (PID=6749) to work on /opt/airflow/dags/raw_to_staging_dag.py
[2025-05-11T15:20:04.063+0000] {processor.py:830} INFO - Processing file /opt/airflow/dags/raw_to_staging_dag.py for tasks to queue
[2025-05-11T15:20:04.064+0000] {logging_mixin.py:188} INFO - [2025-05-11T15:20:04.064+0000] {dagbag.py:538} INFO - Filling up the DagBag from /opt/airflow/dags/raw_to_staging_dag.py
[2025-05-11T15:20:04.084+0000] {logging_mixin.py:188} WARNING - /home/airflow/.local/lib/python3.8/site-packages/airflow/providers/common/sql/operators/sql.py:139 RemovedInAirflow3Warning: The 'task_concurrency' parameter is deprecated. Please use 'max_active_tis_per_dag'.
[2025-05-11T15:20:04.099+0000] {processor.py:840} INFO - DAG(s) 'raw_to_staging_dag' retrieved from /opt/airflow/dags/raw_to_staging_dag.py
[2025-05-11T15:20:04.128+0000] {logging_mixin.py:188} INFO - [2025-05-11T15:20:04.128+0000] {dag.py:3036} INFO - Sync 1 DAGs
[2025-05-11T15:20:04.146+0000] {logging_mixin.py:188} INFO - [2025-05-11T15:20:04.146+0000] {dag.py:3823} INFO - Setting next_dagrun for raw_to_staging_dag to 2025-05-11 00:00:00+00:00, run_after=2025-05-12 00:00:00+00:00
[2025-05-11T15:20:04.156+0000] {processor.py:183} INFO - Processing /opt/airflow/dags/raw_to_staging_dag.py took 0.104 seconds
[2025-05-11T15:20:34.428+0000] {processor.py:161} INFO - Started process (PID=6754) to work on /opt/airflow/dags/raw_to_staging_dag.py
[2025-05-11T15:20:34.430+0000] {processor.py:830} INFO - Processing file /opt/airflow/dags/raw_to_staging_dag.py for tasks to queue
[2025-05-11T15:20:34.430+0000] {logging_mixin.py:188} INFO - [2025-05-11T15:20:34.430+0000] {dagbag.py:538} INFO - Filling up the DagBag from /opt/airflow/dags/raw_to_staging_dag.py
[2025-05-11T15:20:34.449+0000] {logging_mixin.py:188} WARNING - /home/airflow/.local/lib/python3.8/site-packages/airflow/providers/common/sql/operators/sql.py:139 RemovedInAirflow3Warning: The 'task_concurrency' parameter is deprecated. Please use 'max_active_tis_per_dag'.
[2025-05-11T15:20:34.470+0000] {processor.py:840} INFO - DAG(s) 'raw_to_staging_dag' retrieved from /opt/airflow/dags/raw_to_staging_dag.py
[2025-05-11T15:20:34.515+0000] {logging_mixin.py:188} INFO - [2025-05-11T15:20:34.514+0000] {dag.py:3036} INFO - Sync 1 DAGs
[2025-05-11T15:20:34.537+0000] {logging_mixin.py:188} INFO - [2025-05-11T15:20:34.537+0000] {dag.py:3823} INFO - Setting next_dagrun for raw_to_staging_dag to 2025-05-11 00:00:00+00:00, run_after=2025-05-12 00:00:00+00:00
[2025-05-11T15:20:34.548+0000] {processor.py:183} INFO - Processing /opt/airflow/dags/raw_to_staging_dag.py took 0.124 seconds
[2025-05-11T15:21:04.763+0000] {processor.py:161} INFO - Started process (PID=6759) to work on /opt/airflow/dags/raw_to_staging_dag.py
[2025-05-11T15:21:04.765+0000] {processor.py:830} INFO - Processing file /opt/airflow/dags/raw_to_staging_dag.py for tasks to queue
[2025-05-11T15:21:04.766+0000] {logging_mixin.py:188} INFO - [2025-05-11T15:21:04.766+0000] {dagbag.py:538} INFO - Filling up the DagBag from /opt/airflow/dags/raw_to_staging_dag.py
[2025-05-11T15:21:04.788+0000] {logging_mixin.py:188} WARNING - /home/airflow/.local/lib/python3.8/site-packages/airflow/providers/common/sql/operators/sql.py:139 RemovedInAirflow3Warning: The 'task_concurrency' parameter is deprecated. Please use 'max_active_tis_per_dag'.
[2025-05-11T15:21:04.805+0000] {processor.py:840} INFO - DAG(s) 'raw_to_staging_dag' retrieved from /opt/airflow/dags/raw_to_staging_dag.py
[2025-05-11T15:21:04.840+0000] {logging_mixin.py:188} INFO - [2025-05-11T15:21:04.840+0000] {dag.py:3036} INFO - Sync 1 DAGs
[2025-05-11T15:21:04.855+0000] {logging_mixin.py:188} INFO - [2025-05-11T15:21:04.855+0000] {dag.py:3823} INFO - Setting next_dagrun for raw_to_staging_dag to 2025-05-11 00:00:00+00:00, run_after=2025-05-12 00:00:00+00:00
[2025-05-11T15:21:04.866+0000] {processor.py:183} INFO - Processing /opt/airflow/dags/raw_to_staging_dag.py took 0.113 seconds
[2025-05-11T15:21:35.246+0000] {processor.py:161} INFO - Started process (PID=6764) to work on /opt/airflow/dags/raw_to_staging_dag.py
[2025-05-11T15:21:35.247+0000] {processor.py:830} INFO - Processing file /opt/airflow/dags/raw_to_staging_dag.py for tasks to queue
[2025-05-11T15:21:35.248+0000] {logging_mixin.py:188} INFO - [2025-05-11T15:21:35.248+0000] {dagbag.py:538} INFO - Filling up the DagBag from /opt/airflow/dags/raw_to_staging_dag.py
[2025-05-11T15:21:35.270+0000] {logging_mixin.py:188} WARNING - /home/airflow/.local/lib/python3.8/site-packages/airflow/providers/common/sql/operators/sql.py:139 RemovedInAirflow3Warning: The 'task_concurrency' parameter is deprecated. Please use 'max_active_tis_per_dag'.
[2025-05-11T15:21:35.288+0000] {processor.py:840} INFO - DAG(s) 'raw_to_staging_dag' retrieved from /opt/airflow/dags/raw_to_staging_dag.py
[2025-05-11T15:21:35.317+0000] {logging_mixin.py:188} INFO - [2025-05-11T15:21:35.317+0000] {dag.py:3036} INFO - Sync 1 DAGs
[2025-05-11T15:21:35.332+0000] {logging_mixin.py:188} INFO - [2025-05-11T15:21:35.332+0000] {dag.py:3823} INFO - Setting next_dagrun for raw_to_staging_dag to 2025-05-11 00:00:00+00:00, run_after=2025-05-12 00:00:00+00:00
[2025-05-11T15:21:35.341+0000] {processor.py:183} INFO - Processing /opt/airflow/dags/raw_to_staging_dag.py took 0.101 seconds
[2025-05-11T15:22:05.673+0000] {processor.py:161} INFO - Started process (PID=6769) to work on /opt/airflow/dags/raw_to_staging_dag.py
[2025-05-11T15:22:05.675+0000] {processor.py:830} INFO - Processing file /opt/airflow/dags/raw_to_staging_dag.py for tasks to queue
[2025-05-11T15:22:05.676+0000] {logging_mixin.py:188} INFO - [2025-05-11T15:22:05.676+0000] {dagbag.py:538} INFO - Filling up the DagBag from /opt/airflow/dags/raw_to_staging_dag.py
[2025-05-11T15:22:05.694+0000] {logging_mixin.py:188} WARNING - /home/airflow/.local/lib/python3.8/site-packages/airflow/providers/common/sql/operators/sql.py:139 RemovedInAirflow3Warning: The 'task_concurrency' parameter is deprecated. Please use 'max_active_tis_per_dag'.
[2025-05-11T15:22:05.708+0000] {processor.py:840} INFO - DAG(s) 'raw_to_staging_dag' retrieved from /opt/airflow/dags/raw_to_staging_dag.py
[2025-05-11T15:22:05.741+0000] {logging_mixin.py:188} INFO - [2025-05-11T15:22:05.741+0000] {dag.py:3036} INFO - Sync 1 DAGs
[2025-05-11T15:22:05.763+0000] {logging_mixin.py:188} INFO - [2025-05-11T15:22:05.763+0000] {dag.py:3823} INFO - Setting next_dagrun for raw_to_staging_dag to 2025-05-11 00:00:00+00:00, run_after=2025-05-12 00:00:00+00:00
[2025-05-11T15:22:05.778+0000] {processor.py:183} INFO - Processing /opt/airflow/dags/raw_to_staging_dag.py took 0.109 seconds
[2025-05-11T15:22:36.261+0000] {processor.py:161} INFO - Started process (PID=6784) to work on /opt/airflow/dags/raw_to_staging_dag.py
[2025-05-11T15:22:36.263+0000] {processor.py:830} INFO - Processing file /opt/airflow/dags/raw_to_staging_dag.py for tasks to queue
[2025-05-11T15:22:36.265+0000] {logging_mixin.py:188} INFO - [2025-05-11T15:22:36.264+0000] {dagbag.py:538} INFO - Filling up the DagBag from /opt/airflow/dags/raw_to_staging_dag.py
[2025-05-11T15:22:36.292+0000] {logging_mixin.py:188} WARNING - /home/airflow/.local/lib/python3.8/site-packages/airflow/providers/common/sql/operators/sql.py:139 RemovedInAirflow3Warning: The 'task_concurrency' parameter is deprecated. Please use 'max_active_tis_per_dag'.
[2025-05-11T15:22:36.306+0000] {processor.py:840} INFO - DAG(s) 'raw_to_staging_dag' retrieved from /opt/airflow/dags/raw_to_staging_dag.py
[2025-05-11T15:22:36.334+0000] {logging_mixin.py:188} INFO - [2025-05-11T15:22:36.334+0000] {dag.py:3036} INFO - Sync 1 DAGs
[2025-05-11T15:22:36.351+0000] {logging_mixin.py:188} INFO - [2025-05-11T15:22:36.351+0000] {dag.py:3823} INFO - Setting next_dagrun for raw_to_staging_dag to 2025-05-11 00:00:00+00:00, run_after=2025-05-12 00:00:00+00:00
[2025-05-11T15:22:36.361+0000] {processor.py:183} INFO - Processing /opt/airflow/dags/raw_to_staging_dag.py took 0.110 seconds
[2025-05-11T15:23:06.628+0000] {processor.py:161} INFO - Started process (PID=6789) to work on /opt/airflow/dags/raw_to_staging_dag.py
[2025-05-11T15:23:06.630+0000] {processor.py:830} INFO - Processing file /opt/airflow/dags/raw_to_staging_dag.py for tasks to queue
[2025-05-11T15:23:06.631+0000] {logging_mixin.py:188} INFO - [2025-05-11T15:23:06.630+0000] {dagbag.py:538} INFO - Filling up the DagBag from /opt/airflow/dags/raw_to_staging_dag.py
[2025-05-11T15:23:06.654+0000] {logging_mixin.py:188} WARNING - /home/airflow/.local/lib/python3.8/site-packages/airflow/providers/common/sql/operators/sql.py:139 RemovedInAirflow3Warning: The 'task_concurrency' parameter is deprecated. Please use 'max_active_tis_per_dag'.
[2025-05-11T15:23:06.670+0000] {processor.py:840} INFO - DAG(s) 'raw_to_staging_dag' retrieved from /opt/airflow/dags/raw_to_staging_dag.py
[2025-05-11T15:23:06.705+0000] {logging_mixin.py:188} INFO - [2025-05-11T15:23:06.704+0000] {dag.py:3036} INFO - Sync 1 DAGs
[2025-05-11T15:23:06.723+0000] {logging_mixin.py:188} INFO - [2025-05-11T15:23:06.723+0000] {dag.py:3823} INFO - Setting next_dagrun for raw_to_staging_dag to 2025-05-11 00:00:00+00:00, run_after=2025-05-12 00:00:00+00:00
[2025-05-11T15:23:06.735+0000] {processor.py:183} INFO - Processing /opt/airflow/dags/raw_to_staging_dag.py took 0.120 seconds
[2025-05-11T15:23:37.156+0000] {processor.py:161} INFO - Started process (PID=6794) to work on /opt/airflow/dags/raw_to_staging_dag.py
[2025-05-11T15:23:37.159+0000] {processor.py:830} INFO - Processing file /opt/airflow/dags/raw_to_staging_dag.py for tasks to queue
[2025-05-11T15:23:37.160+0000] {logging_mixin.py:188} INFO - [2025-05-11T15:23:37.160+0000] {dagbag.py:538} INFO - Filling up the DagBag from /opt/airflow/dags/raw_to_staging_dag.py
[2025-05-11T15:23:37.184+0000] {logging_mixin.py:188} WARNING - /home/airflow/.local/lib/python3.8/site-packages/airflow/providers/common/sql/operators/sql.py:139 RemovedInAirflow3Warning: The 'task_concurrency' parameter is deprecated. Please use 'max_active_tis_per_dag'.
[2025-05-11T15:23:37.200+0000] {processor.py:840} INFO - DAG(s) 'raw_to_staging_dag' retrieved from /opt/airflow/dags/raw_to_staging_dag.py
[2025-05-11T15:23:37.225+0000] {logging_mixin.py:188} INFO - [2025-05-11T15:23:37.225+0000] {dag.py:3036} INFO - Sync 1 DAGs
[2025-05-11T15:23:37.242+0000] {logging_mixin.py:188} INFO - [2025-05-11T15:23:37.242+0000] {dag.py:3823} INFO - Setting next_dagrun for raw_to_staging_dag to 2025-05-11 00:00:00+00:00, run_after=2025-05-12 00:00:00+00:00
[2025-05-11T15:23:37.251+0000] {processor.py:183} INFO - Processing /opt/airflow/dags/raw_to_staging_dag.py took 0.099 seconds
[2025-05-11T15:24:07.736+0000] {processor.py:161} INFO - Started process (PID=6799) to work on /opt/airflow/dags/raw_to_staging_dag.py
[2025-05-11T15:24:07.740+0000] {processor.py:830} INFO - Processing file /opt/airflow/dags/raw_to_staging_dag.py for tasks to queue
[2025-05-11T15:24:07.741+0000] {logging_mixin.py:188} INFO - [2025-05-11T15:24:07.741+0000] {dagbag.py:538} INFO - Filling up the DagBag from /opt/airflow/dags/raw_to_staging_dag.py
[2025-05-11T15:24:07.770+0000] {logging_mixin.py:188} WARNING - /home/airflow/.local/lib/python3.8/site-packages/airflow/providers/common/sql/operators/sql.py:139 RemovedInAirflow3Warning: The 'task_concurrency' parameter is deprecated. Please use 'max_active_tis_per_dag'.
[2025-05-11T15:24:07.802+0000] {processor.py:840} INFO - DAG(s) 'raw_to_staging_dag' retrieved from /opt/airflow/dags/raw_to_staging_dag.py
[2025-05-11T15:24:07.868+0000] {logging_mixin.py:188} INFO - [2025-05-11T15:24:07.868+0000] {dag.py:3036} INFO - Sync 1 DAGs
[2025-05-11T15:24:07.893+0000] {logging_mixin.py:188} INFO - [2025-05-11T15:24:07.892+0000] {dag.py:3823} INFO - Setting next_dagrun for raw_to_staging_dag to 2025-05-11 00:00:00+00:00, run_after=2025-05-12 00:00:00+00:00
[2025-05-11T15:24:07.909+0000] {processor.py:183} INFO - Processing /opt/airflow/dags/raw_to_staging_dag.py took 0.178 seconds
[2025-05-11T15:24:38.177+0000] {processor.py:161} INFO - Started process (PID=6804) to work on /opt/airflow/dags/raw_to_staging_dag.py
[2025-05-11T15:24:38.179+0000] {processor.py:830} INFO - Processing file /opt/airflow/dags/raw_to_staging_dag.py for tasks to queue
[2025-05-11T15:24:38.181+0000] {logging_mixin.py:188} INFO - [2025-05-11T15:24:38.180+0000] {dagbag.py:538} INFO - Filling up the DagBag from /opt/airflow/dags/raw_to_staging_dag.py
[2025-05-11T15:24:38.201+0000] {logging_mixin.py:188} WARNING - /home/airflow/.local/lib/python3.8/site-packages/airflow/providers/common/sql/operators/sql.py:139 RemovedInAirflow3Warning: The 'task_concurrency' parameter is deprecated. Please use 'max_active_tis_per_dag'.
[2025-05-11T15:24:38.220+0000] {processor.py:840} INFO - DAG(s) 'raw_to_staging_dag' retrieved from /opt/airflow/dags/raw_to_staging_dag.py
[2025-05-11T15:24:38.256+0000] {logging_mixin.py:188} INFO - [2025-05-11T15:24:38.256+0000] {dag.py:3036} INFO - Sync 1 DAGs
[2025-05-11T15:24:38.276+0000] {logging_mixin.py:188} INFO - [2025-05-11T15:24:38.276+0000] {dag.py:3823} INFO - Setting next_dagrun for raw_to_staging_dag to 2025-05-11 00:00:00+00:00, run_after=2025-05-12 00:00:00+00:00
[2025-05-11T15:24:38.289+0000] {processor.py:183} INFO - Processing /opt/airflow/dags/raw_to_staging_dag.py took 0.127 seconds
[2025-05-11T15:25:08.689+0000] {processor.py:161} INFO - Started process (PID=6809) to work on /opt/airflow/dags/raw_to_staging_dag.py
[2025-05-11T15:25:08.690+0000] {processor.py:830} INFO - Processing file /opt/airflow/dags/raw_to_staging_dag.py for tasks to queue
[2025-05-11T15:25:08.692+0000] {logging_mixin.py:188} INFO - [2025-05-11T15:25:08.691+0000] {dagbag.py:538} INFO - Filling up the DagBag from /opt/airflow/dags/raw_to_staging_dag.py
[2025-05-11T15:25:08.725+0000] {logging_mixin.py:188} WARNING - /home/airflow/.local/lib/python3.8/site-packages/airflow/providers/common/sql/operators/sql.py:139 RemovedInAirflow3Warning: The 'task_concurrency' parameter is deprecated. Please use 'max_active_tis_per_dag'.
[2025-05-11T15:25:08.740+0000] {processor.py:840} INFO - DAG(s) 'raw_to_staging_dag' retrieved from /opt/airflow/dags/raw_to_staging_dag.py
[2025-05-11T15:25:08.767+0000] {logging_mixin.py:188} INFO - [2025-05-11T15:25:08.767+0000] {dag.py:3036} INFO - Sync 1 DAGs
[2025-05-11T15:25:08.781+0000] {logging_mixin.py:188} INFO - [2025-05-11T15:25:08.781+0000] {dag.py:3823} INFO - Setting next_dagrun for raw_to_staging_dag to 2025-05-11 00:00:00+00:00, run_after=2025-05-12 00:00:00+00:00
[2025-05-11T15:25:08.799+0000] {processor.py:183} INFO - Processing /opt/airflow/dags/raw_to_staging_dag.py took 0.116 seconds
[2025-05-11T15:25:39.335+0000] {processor.py:161} INFO - Started process (PID=6814) to work on /opt/airflow/dags/raw_to_staging_dag.py
[2025-05-11T15:25:39.337+0000] {processor.py:830} INFO - Processing file /opt/airflow/dags/raw_to_staging_dag.py for tasks to queue
[2025-05-11T15:25:39.338+0000] {logging_mixin.py:188} INFO - [2025-05-11T15:25:39.337+0000] {dagbag.py:538} INFO - Filling up the DagBag from /opt/airflow/dags/raw_to_staging_dag.py
[2025-05-11T15:25:39.362+0000] {logging_mixin.py:188} WARNING - /home/airflow/.local/lib/python3.8/site-packages/airflow/providers/common/sql/operators/sql.py:139 RemovedInAirflow3Warning: The 'task_concurrency' parameter is deprecated. Please use 'max_active_tis_per_dag'.
[2025-05-11T15:25:39.376+0000] {processor.py:840} INFO - DAG(s) 'raw_to_staging_dag' retrieved from /opt/airflow/dags/raw_to_staging_dag.py
[2025-05-11T15:25:39.415+0000] {logging_mixin.py:188} INFO - [2025-05-11T15:25:39.415+0000] {dag.py:3036} INFO - Sync 1 DAGs
[2025-05-11T15:25:39.435+0000] {logging_mixin.py:188} INFO - [2025-05-11T15:25:39.435+0000] {dag.py:3823} INFO - Setting next_dagrun for raw_to_staging_dag to 2025-05-11 00:00:00+00:00, run_after=2025-05-12 00:00:00+00:00
[2025-05-11T15:25:39.446+0000] {processor.py:183} INFO - Processing /opt/airflow/dags/raw_to_staging_dag.py took 0.118 seconds
[2025-05-11T15:26:09.804+0000] {processor.py:161} INFO - Started process (PID=6819) to work on /opt/airflow/dags/raw_to_staging_dag.py
[2025-05-11T15:26:09.806+0000] {processor.py:830} INFO - Processing file /opt/airflow/dags/raw_to_staging_dag.py for tasks to queue
[2025-05-11T15:26:09.807+0000] {logging_mixin.py:188} INFO - [2025-05-11T15:26:09.807+0000] {dagbag.py:538} INFO - Filling up the DagBag from /opt/airflow/dags/raw_to_staging_dag.py
[2025-05-11T15:26:09.824+0000] {logging_mixin.py:188} WARNING - /home/airflow/.local/lib/python3.8/site-packages/airflow/providers/common/sql/operators/sql.py:139 RemovedInAirflow3Warning: The 'task_concurrency' parameter is deprecated. Please use 'max_active_tis_per_dag'.
[2025-05-11T15:26:09.842+0000] {processor.py:840} INFO - DAG(s) 'raw_to_staging_dag' retrieved from /opt/airflow/dags/raw_to_staging_dag.py
[2025-05-11T15:26:09.874+0000] {logging_mixin.py:188} INFO - [2025-05-11T15:26:09.874+0000] {dag.py:3036} INFO - Sync 1 DAGs
[2025-05-11T15:26:09.894+0000] {logging_mixin.py:188} INFO - [2025-05-11T15:26:09.894+0000] {dag.py:3823} INFO - Setting next_dagrun for raw_to_staging_dag to 2025-05-11 00:00:00+00:00, run_after=2025-05-12 00:00:00+00:00
[2025-05-11T15:26:09.903+0000] {processor.py:183} INFO - Processing /opt/airflow/dags/raw_to_staging_dag.py took 0.108 seconds
[2025-05-11T15:26:40.252+0000] {processor.py:161} INFO - Started process (PID=6824) to work on /opt/airflow/dags/raw_to_staging_dag.py
[2025-05-11T15:26:40.254+0000] {processor.py:830} INFO - Processing file /opt/airflow/dags/raw_to_staging_dag.py for tasks to queue
[2025-05-11T15:26:40.255+0000] {logging_mixin.py:188} INFO - [2025-05-11T15:26:40.255+0000] {dagbag.py:538} INFO - Filling up the DagBag from /opt/airflow/dags/raw_to_staging_dag.py
[2025-05-11T15:26:40.278+0000] {logging_mixin.py:188} WARNING - /home/airflow/.local/lib/python3.8/site-packages/airflow/providers/common/sql/operators/sql.py:139 RemovedInAirflow3Warning: The 'task_concurrency' parameter is deprecated. Please use 'max_active_tis_per_dag'.
[2025-05-11T15:26:40.294+0000] {processor.py:840} INFO - DAG(s) 'raw_to_staging_dag' retrieved from /opt/airflow/dags/raw_to_staging_dag.py
[2025-05-11T15:26:40.334+0000] {logging_mixin.py:188} INFO - [2025-05-11T15:26:40.334+0000] {dag.py:3036} INFO - Sync 1 DAGs
[2025-05-11T15:26:40.358+0000] {logging_mixin.py:188} INFO - [2025-05-11T15:26:40.358+0000] {dag.py:3823} INFO - Setting next_dagrun for raw_to_staging_dag to 2025-05-11 00:00:00+00:00, run_after=2025-05-12 00:00:00+00:00
[2025-05-11T15:26:40.370+0000] {processor.py:183} INFO - Processing /opt/airflow/dags/raw_to_staging_dag.py took 0.126 seconds
[2025-05-11T15:27:10.687+0000] {processor.py:161} INFO - Started process (PID=6829) to work on /opt/airflow/dags/raw_to_staging_dag.py
[2025-05-11T15:27:10.688+0000] {processor.py:830} INFO - Processing file /opt/airflow/dags/raw_to_staging_dag.py for tasks to queue
[2025-05-11T15:27:10.690+0000] {logging_mixin.py:188} INFO - [2025-05-11T15:27:10.689+0000] {dagbag.py:538} INFO - Filling up the DagBag from /opt/airflow/dags/raw_to_staging_dag.py
[2025-05-11T15:27:10.709+0000] {logging_mixin.py:188} WARNING - /home/airflow/.local/lib/python3.8/site-packages/airflow/providers/common/sql/operators/sql.py:139 RemovedInAirflow3Warning: The 'task_concurrency' parameter is deprecated. Please use 'max_active_tis_per_dag'.
[2025-05-11T15:27:10.725+0000] {processor.py:840} INFO - DAG(s) 'raw_to_staging_dag' retrieved from /opt/airflow/dags/raw_to_staging_dag.py
[2025-05-11T15:27:10.755+0000] {logging_mixin.py:188} INFO - [2025-05-11T15:27:10.755+0000] {dag.py:3036} INFO - Sync 1 DAGs
[2025-05-11T15:27:10.785+0000] {logging_mixin.py:188} INFO - [2025-05-11T15:27:10.785+0000] {dag.py:3823} INFO - Setting next_dagrun for raw_to_staging_dag to 2025-05-11 00:00:00+00:00, run_after=2025-05-12 00:00:00+00:00
[2025-05-11T15:27:10.799+0000] {processor.py:183} INFO - Processing /opt/airflow/dags/raw_to_staging_dag.py took 0.118 seconds
[2025-05-11T15:27:41.172+0000] {processor.py:161} INFO - Started process (PID=6844) to work on /opt/airflow/dags/raw_to_staging_dag.py
[2025-05-11T15:27:41.174+0000] {processor.py:830} INFO - Processing file /opt/airflow/dags/raw_to_staging_dag.py for tasks to queue
[2025-05-11T15:27:41.176+0000] {logging_mixin.py:188} INFO - [2025-05-11T15:27:41.175+0000] {dagbag.py:538} INFO - Filling up the DagBag from /opt/airflow/dags/raw_to_staging_dag.py
[2025-05-11T15:27:41.198+0000] {logging_mixin.py:188} WARNING - /home/airflow/.local/lib/python3.8/site-packages/airflow/providers/common/sql/operators/sql.py:139 RemovedInAirflow3Warning: The 'task_concurrency' parameter is deprecated. Please use 'max_active_tis_per_dag'.
[2025-05-11T15:27:41.213+0000] {processor.py:840} INFO - DAG(s) 'raw_to_staging_dag' retrieved from /opt/airflow/dags/raw_to_staging_dag.py
[2025-05-11T15:27:41.243+0000] {logging_mixin.py:188} INFO - [2025-05-11T15:27:41.243+0000] {dag.py:3036} INFO - Sync 1 DAGs
[2025-05-11T15:27:41.266+0000] {logging_mixin.py:188} INFO - [2025-05-11T15:27:41.266+0000] {dag.py:3823} INFO - Setting next_dagrun for raw_to_staging_dag to 2025-05-11 00:00:00+00:00, run_after=2025-05-12 00:00:00+00:00
[2025-05-11T15:27:41.276+0000] {processor.py:183} INFO - Processing /opt/airflow/dags/raw_to_staging_dag.py took 0.109 seconds
[2025-05-11T15:28:11.579+0000] {processor.py:161} INFO - Started process (PID=6849) to work on /opt/airflow/dags/raw_to_staging_dag.py
[2025-05-11T15:28:11.581+0000] {processor.py:830} INFO - Processing file /opt/airflow/dags/raw_to_staging_dag.py for tasks to queue
[2025-05-11T15:28:11.582+0000] {logging_mixin.py:188} INFO - [2025-05-11T15:28:11.582+0000] {dagbag.py:538} INFO - Filling up the DagBag from /opt/airflow/dags/raw_to_staging_dag.py
[2025-05-11T15:28:11.605+0000] {logging_mixin.py:188} WARNING - /home/airflow/.local/lib/python3.8/site-packages/airflow/providers/common/sql/operators/sql.py:139 RemovedInAirflow3Warning: The 'task_concurrency' parameter is deprecated. Please use 'max_active_tis_per_dag'.
[2025-05-11T15:28:11.618+0000] {processor.py:840} INFO - DAG(s) 'raw_to_staging_dag' retrieved from /opt/airflow/dags/raw_to_staging_dag.py
[2025-05-11T15:28:11.655+0000] {logging_mixin.py:188} INFO - [2025-05-11T15:28:11.655+0000] {dag.py:3036} INFO - Sync 1 DAGs
[2025-05-11T15:28:11.671+0000] {logging_mixin.py:188} INFO - [2025-05-11T15:28:11.671+0000] {dag.py:3823} INFO - Setting next_dagrun for raw_to_staging_dag to 2025-05-11 00:00:00+00:00, run_after=2025-05-12 00:00:00+00:00
[2025-05-11T15:28:11.681+0000] {processor.py:183} INFO - Processing /opt/airflow/dags/raw_to_staging_dag.py took 0.111 seconds
[2025-05-11T15:28:42.087+0000] {processor.py:161} INFO - Started process (PID=6854) to work on /opt/airflow/dags/raw_to_staging_dag.py
[2025-05-11T15:28:42.089+0000] {processor.py:830} INFO - Processing file /opt/airflow/dags/raw_to_staging_dag.py for tasks to queue
[2025-05-11T15:28:42.092+0000] {logging_mixin.py:188} INFO - [2025-05-11T15:28:42.091+0000] {dagbag.py:538} INFO - Filling up the DagBag from /opt/airflow/dags/raw_to_staging_dag.py
[2025-05-11T15:28:42.115+0000] {logging_mixin.py:188} WARNING - /home/airflow/.local/lib/python3.8/site-packages/airflow/providers/common/sql/operators/sql.py:139 RemovedInAirflow3Warning: The 'task_concurrency' parameter is deprecated. Please use 'max_active_tis_per_dag'.
[2025-05-11T15:28:42.130+0000] {processor.py:840} INFO - DAG(s) 'raw_to_staging_dag' retrieved from /opt/airflow/dags/raw_to_staging_dag.py
[2025-05-11T15:28:42.169+0000] {logging_mixin.py:188} INFO - [2025-05-11T15:28:42.169+0000] {dag.py:3036} INFO - Sync 1 DAGs
[2025-05-11T15:28:42.189+0000] {logging_mixin.py:188} INFO - [2025-05-11T15:28:42.189+0000] {dag.py:3823} INFO - Setting next_dagrun for raw_to_staging_dag to 2025-05-11 00:00:00+00:00, run_after=2025-05-12 00:00:00+00:00
[2025-05-11T15:28:42.199+0000] {processor.py:183} INFO - Processing /opt/airflow/dags/raw_to_staging_dag.py took 0.119 seconds
[2025-05-11T15:29:12.550+0000] {processor.py:161} INFO - Started process (PID=6859) to work on /opt/airflow/dags/raw_to_staging_dag.py
[2025-05-11T15:29:12.552+0000] {processor.py:830} INFO - Processing file /opt/airflow/dags/raw_to_staging_dag.py for tasks to queue
[2025-05-11T15:29:12.553+0000] {logging_mixin.py:188} INFO - [2025-05-11T15:29:12.553+0000] {dagbag.py:538} INFO - Filling up the DagBag from /opt/airflow/dags/raw_to_staging_dag.py
[2025-05-11T15:29:12.575+0000] {logging_mixin.py:188} WARNING - /home/airflow/.local/lib/python3.8/site-packages/airflow/providers/common/sql/operators/sql.py:139 RemovedInAirflow3Warning: The 'task_concurrency' parameter is deprecated. Please use 'max_active_tis_per_dag'.
[2025-05-11T15:29:12.594+0000] {processor.py:840} INFO - DAG(s) 'raw_to_staging_dag' retrieved from /opt/airflow/dags/raw_to_staging_dag.py
[2025-05-11T15:29:12.630+0000] {logging_mixin.py:188} INFO - [2025-05-11T15:29:12.629+0000] {dag.py:3036} INFO - Sync 1 DAGs
[2025-05-11T15:29:12.650+0000] {logging_mixin.py:188} INFO - [2025-05-11T15:29:12.650+0000] {dag.py:3823} INFO - Setting next_dagrun for raw_to_staging_dag to 2025-05-11 00:00:00+00:00, run_after=2025-05-12 00:00:00+00:00
[2025-05-11T15:29:12.660+0000] {processor.py:183} INFO - Processing /opt/airflow/dags/raw_to_staging_dag.py took 0.118 seconds
[2025-05-11T15:29:42.984+0000] {processor.py:161} INFO - Started process (PID=6864) to work on /opt/airflow/dags/raw_to_staging_dag.py
[2025-05-11T15:29:42.985+0000] {processor.py:830} INFO - Processing file /opt/airflow/dags/raw_to_staging_dag.py for tasks to queue
[2025-05-11T15:29:42.987+0000] {logging_mixin.py:188} INFO - [2025-05-11T15:29:42.986+0000] {dagbag.py:538} INFO - Filling up the DagBag from /opt/airflow/dags/raw_to_staging_dag.py
[2025-05-11T15:29:43.008+0000] {logging_mixin.py:188} WARNING - /home/airflow/.local/lib/python3.8/site-packages/airflow/providers/common/sql/operators/sql.py:139 RemovedInAirflow3Warning: The 'task_concurrency' parameter is deprecated. Please use 'max_active_tis_per_dag'.
[2025-05-11T15:29:43.026+0000] {processor.py:840} INFO - DAG(s) 'raw_to_staging_dag' retrieved from /opt/airflow/dags/raw_to_staging_dag.py
[2025-05-11T15:29:43.060+0000] {logging_mixin.py:188} INFO - [2025-05-11T15:29:43.060+0000] {dag.py:3036} INFO - Sync 1 DAGs
[2025-05-11T15:29:43.080+0000] {logging_mixin.py:188} INFO - [2025-05-11T15:29:43.079+0000] {dag.py:3823} INFO - Setting next_dagrun for raw_to_staging_dag to 2025-05-11 00:00:00+00:00, run_after=2025-05-12 00:00:00+00:00
[2025-05-11T15:29:43.090+0000] {processor.py:183} INFO - Processing /opt/airflow/dags/raw_to_staging_dag.py took 0.120 seconds
[2025-05-11T15:30:13.467+0000] {processor.py:161} INFO - Started process (PID=6869) to work on /opt/airflow/dags/raw_to_staging_dag.py
[2025-05-11T15:30:13.471+0000] {processor.py:830} INFO - Processing file /opt/airflow/dags/raw_to_staging_dag.py for tasks to queue
[2025-05-11T15:30:13.473+0000] {logging_mixin.py:188} INFO - [2025-05-11T15:30:13.472+0000] {dagbag.py:538} INFO - Filling up the DagBag from /opt/airflow/dags/raw_to_staging_dag.py
[2025-05-11T15:30:13.494+0000] {logging_mixin.py:188} WARNING - /home/airflow/.local/lib/python3.8/site-packages/airflow/providers/common/sql/operators/sql.py:139 RemovedInAirflow3Warning: The 'task_concurrency' parameter is deprecated. Please use 'max_active_tis_per_dag'.
[2025-05-11T15:30:13.510+0000] {processor.py:840} INFO - DAG(s) 'raw_to_staging_dag' retrieved from /opt/airflow/dags/raw_to_staging_dag.py
[2025-05-11T15:30:13.548+0000] {logging_mixin.py:188} INFO - [2025-05-11T15:30:13.548+0000] {dag.py:3036} INFO - Sync 1 DAGs
[2025-05-11T15:30:13.566+0000] {logging_mixin.py:188} INFO - [2025-05-11T15:30:13.566+0000] {dag.py:3823} INFO - Setting next_dagrun for raw_to_staging_dag to 2025-05-11 00:00:00+00:00, run_after=2025-05-12 00:00:00+00:00
[2025-05-11T15:30:13.580+0000] {processor.py:183} INFO - Processing /opt/airflow/dags/raw_to_staging_dag.py took 0.119 seconds
[2025-05-11T15:30:43.936+0000] {processor.py:161} INFO - Started process (PID=6874) to work on /opt/airflow/dags/raw_to_staging_dag.py
[2025-05-11T15:30:43.938+0000] {processor.py:830} INFO - Processing file /opt/airflow/dags/raw_to_staging_dag.py for tasks to queue
[2025-05-11T15:30:43.939+0000] {logging_mixin.py:188} INFO - [2025-05-11T15:30:43.939+0000] {dagbag.py:538} INFO - Filling up the DagBag from /opt/airflow/dags/raw_to_staging_dag.py
[2025-05-11T15:30:43.961+0000] {logging_mixin.py:188} WARNING - /home/airflow/.local/lib/python3.8/site-packages/airflow/providers/common/sql/operators/sql.py:139 RemovedInAirflow3Warning: The 'task_concurrency' parameter is deprecated. Please use 'max_active_tis_per_dag'.
[2025-05-11T15:30:43.979+0000] {processor.py:840} INFO - DAG(s) 'raw_to_staging_dag' retrieved from /opt/airflow/dags/raw_to_staging_dag.py
[2025-05-11T15:30:44.011+0000] {logging_mixin.py:188} INFO - [2025-05-11T15:30:44.011+0000] {dag.py:3036} INFO - Sync 1 DAGs
[2025-05-11T15:30:44.026+0000] {logging_mixin.py:188} INFO - [2025-05-11T15:30:44.026+0000] {dag.py:3823} INFO - Setting next_dagrun for raw_to_staging_dag to 2025-05-11 00:00:00+00:00, run_after=2025-05-12 00:00:00+00:00
[2025-05-11T15:30:44.038+0000] {processor.py:183} INFO - Processing /opt/airflow/dags/raw_to_staging_dag.py took 0.108 seconds
[2025-05-11T15:31:14.382+0000] {processor.py:161} INFO - Started process (PID=6879) to work on /opt/airflow/dags/raw_to_staging_dag.py
[2025-05-11T15:31:14.384+0000] {processor.py:830} INFO - Processing file /opt/airflow/dags/raw_to_staging_dag.py for tasks to queue
[2025-05-11T15:31:14.385+0000] {logging_mixin.py:188} INFO - [2025-05-11T15:31:14.385+0000] {dagbag.py:538} INFO - Filling up the DagBag from /opt/airflow/dags/raw_to_staging_dag.py
[2025-05-11T15:31:14.409+0000] {logging_mixin.py:188} WARNING - /home/airflow/.local/lib/python3.8/site-packages/airflow/providers/common/sql/operators/sql.py:139 RemovedInAirflow3Warning: The 'task_concurrency' parameter is deprecated. Please use 'max_active_tis_per_dag'.
[2025-05-11T15:31:14.428+0000] {processor.py:840} INFO - DAG(s) 'raw_to_staging_dag' retrieved from /opt/airflow/dags/raw_to_staging_dag.py
[2025-05-11T15:31:14.462+0000] {logging_mixin.py:188} INFO - [2025-05-11T15:31:14.462+0000] {dag.py:3036} INFO - Sync 1 DAGs
[2025-05-11T15:31:14.480+0000] {logging_mixin.py:188} INFO - [2025-05-11T15:31:14.480+0000] {dag.py:3823} INFO - Setting next_dagrun for raw_to_staging_dag to 2025-05-11 00:00:00+00:00, run_after=2025-05-12 00:00:00+00:00
[2025-05-11T15:31:14.491+0000] {processor.py:183} INFO - Processing /opt/airflow/dags/raw_to_staging_dag.py took 0.116 seconds
[2025-05-11T15:31:44.801+0000] {processor.py:161} INFO - Started process (PID=6884) to work on /opt/airflow/dags/raw_to_staging_dag.py
[2025-05-11T15:31:44.803+0000] {processor.py:830} INFO - Processing file /opt/airflow/dags/raw_to_staging_dag.py for tasks to queue
[2025-05-11T15:31:44.804+0000] {logging_mixin.py:188} INFO - [2025-05-11T15:31:44.804+0000] {dagbag.py:538} INFO - Filling up the DagBag from /opt/airflow/dags/raw_to_staging_dag.py
[2025-05-11T15:31:44.823+0000] {logging_mixin.py:188} WARNING - /home/airflow/.local/lib/python3.8/site-packages/airflow/providers/common/sql/operators/sql.py:139 RemovedInAirflow3Warning: The 'task_concurrency' parameter is deprecated. Please use 'max_active_tis_per_dag'.
[2025-05-11T15:31:44.843+0000] {processor.py:840} INFO - DAG(s) 'raw_to_staging_dag' retrieved from /opt/airflow/dags/raw_to_staging_dag.py
[2025-05-11T15:31:44.876+0000] {logging_mixin.py:188} INFO - [2025-05-11T15:31:44.876+0000] {dag.py:3036} INFO - Sync 1 DAGs
[2025-05-11T15:31:44.897+0000] {logging_mixin.py:188} INFO - [2025-05-11T15:31:44.897+0000] {dag.py:3823} INFO - Setting next_dagrun for raw_to_staging_dag to 2025-05-11 00:00:00+00:00, run_after=2025-05-12 00:00:00+00:00
[2025-05-11T15:31:44.910+0000] {processor.py:183} INFO - Processing /opt/airflow/dags/raw_to_staging_dag.py took 0.116 seconds
[2025-05-11T15:32:15.310+0000] {processor.py:161} INFO - Started process (PID=6889) to work on /opt/airflow/dags/raw_to_staging_dag.py
[2025-05-11T15:32:15.312+0000] {processor.py:830} INFO - Processing file /opt/airflow/dags/raw_to_staging_dag.py for tasks to queue
[2025-05-11T15:32:15.313+0000] {logging_mixin.py:188} INFO - [2025-05-11T15:32:15.313+0000] {dagbag.py:538} INFO - Filling up the DagBag from /opt/airflow/dags/raw_to_staging_dag.py
[2025-05-11T15:32:15.334+0000] {logging_mixin.py:188} WARNING - /home/airflow/.local/lib/python3.8/site-packages/airflow/providers/common/sql/operators/sql.py:139 RemovedInAirflow3Warning: The 'task_concurrency' parameter is deprecated. Please use 'max_active_tis_per_dag'.
[2025-05-11T15:32:15.356+0000] {processor.py:840} INFO - DAG(s) 'raw_to_staging_dag' retrieved from /opt/airflow/dags/raw_to_staging_dag.py
[2025-05-11T15:32:15.397+0000] {logging_mixin.py:188} INFO - [2025-05-11T15:32:15.397+0000] {dag.py:3036} INFO - Sync 1 DAGs
[2025-05-11T15:32:15.424+0000] {logging_mixin.py:188} INFO - [2025-05-11T15:32:15.424+0000] {dag.py:3823} INFO - Setting next_dagrun for raw_to_staging_dag to 2025-05-11 00:00:00+00:00, run_after=2025-05-12 00:00:00+00:00
[2025-05-11T15:32:15.435+0000] {processor.py:183} INFO - Processing /opt/airflow/dags/raw_to_staging_dag.py took 0.137 seconds
[2025-05-11T15:32:45.767+0000] {processor.py:161} INFO - Started process (PID=6894) to work on /opt/airflow/dags/raw_to_staging_dag.py
[2025-05-11T15:32:45.769+0000] {processor.py:830} INFO - Processing file /opt/airflow/dags/raw_to_staging_dag.py for tasks to queue
[2025-05-11T15:32:45.770+0000] {logging_mixin.py:188} INFO - [2025-05-11T15:32:45.770+0000] {dagbag.py:538} INFO - Filling up the DagBag from /opt/airflow/dags/raw_to_staging_dag.py
[2025-05-11T15:32:45.790+0000] {logging_mixin.py:188} WARNING - /home/airflow/.local/lib/python3.8/site-packages/airflow/providers/common/sql/operators/sql.py:139 RemovedInAirflow3Warning: The 'task_concurrency' parameter is deprecated. Please use 'max_active_tis_per_dag'.
[2025-05-11T15:32:45.807+0000] {processor.py:840} INFO - DAG(s) 'raw_to_staging_dag' retrieved from /opt/airflow/dags/raw_to_staging_dag.py
[2025-05-11T15:32:45.842+0000] {logging_mixin.py:188} INFO - [2025-05-11T15:32:45.842+0000] {dag.py:3036} INFO - Sync 1 DAGs
[2025-05-11T15:32:45.870+0000] {logging_mixin.py:188} INFO - [2025-05-11T15:32:45.870+0000] {dag.py:3823} INFO - Setting next_dagrun for raw_to_staging_dag to 2025-05-11 00:00:00+00:00, run_after=2025-05-12 00:00:00+00:00
[2025-05-11T15:32:45.880+0000] {processor.py:183} INFO - Processing /opt/airflow/dags/raw_to_staging_dag.py took 0.124 seconds
[2025-05-11T15:33:16.205+0000] {processor.py:161} INFO - Started process (PID=6899) to work on /opt/airflow/dags/raw_to_staging_dag.py
[2025-05-11T15:33:16.207+0000] {processor.py:830} INFO - Processing file /opt/airflow/dags/raw_to_staging_dag.py for tasks to queue
[2025-05-11T15:33:16.209+0000] {logging_mixin.py:188} INFO - [2025-05-11T15:33:16.208+0000] {dagbag.py:538} INFO - Filling up the DagBag from /opt/airflow/dags/raw_to_staging_dag.py
[2025-05-11T15:33:16.234+0000] {logging_mixin.py:188} WARNING - /home/airflow/.local/lib/python3.8/site-packages/airflow/providers/common/sql/operators/sql.py:139 RemovedInAirflow3Warning: The 'task_concurrency' parameter is deprecated. Please use 'max_active_tis_per_dag'.
[2025-05-11T15:33:16.255+0000] {processor.py:840} INFO - DAG(s) 'raw_to_staging_dag' retrieved from /opt/airflow/dags/raw_to_staging_dag.py
[2025-05-11T15:33:16.287+0000] {logging_mixin.py:188} INFO - [2025-05-11T15:33:16.287+0000] {dag.py:3036} INFO - Sync 1 DAGs
[2025-05-11T15:33:16.304+0000] {logging_mixin.py:188} INFO - [2025-05-11T15:33:16.304+0000] {dag.py:3823} INFO - Setting next_dagrun for raw_to_staging_dag to 2025-05-11 00:00:00+00:00, run_after=2025-05-12 00:00:00+00:00
[2025-05-11T15:33:16.314+0000] {processor.py:183} INFO - Processing /opt/airflow/dags/raw_to_staging_dag.py took 0.114 seconds
[2025-05-11T15:33:46.682+0000] {processor.py:161} INFO - Started process (PID=6904) to work on /opt/airflow/dags/raw_to_staging_dag.py
[2025-05-11T15:33:46.718+0000] {processor.py:830} INFO - Processing file /opt/airflow/dags/raw_to_staging_dag.py for tasks to queue
[2025-05-11T15:33:46.739+0000] {logging_mixin.py:188} INFO - [2025-05-11T15:33:46.739+0000] {dagbag.py:538} INFO - Filling up the DagBag from /opt/airflow/dags/raw_to_staging_dag.py
[2025-05-11T15:33:46.765+0000] {logging_mixin.py:188} WARNING - /home/airflow/.local/lib/python3.8/site-packages/airflow/providers/common/sql/operators/sql.py:139 RemovedInAirflow3Warning: The 'task_concurrency' parameter is deprecated. Please use 'max_active_tis_per_dag'.
[2025-05-11T15:33:46.787+0000] {processor.py:840} INFO - DAG(s) 'raw_to_staging_dag' retrieved from /opt/airflow/dags/raw_to_staging_dag.py
[2025-05-11T15:33:47.249+0000] {logging_mixin.py:188} INFO - [2025-05-11T15:33:47.247+0000] {dag.py:3036} INFO - Sync 1 DAGs
[2025-05-11T15:33:47.286+0000] {logging_mixin.py:188} INFO - [2025-05-11T15:33:47.286+0000] {dag.py:3823} INFO - Setting next_dagrun for raw_to_staging_dag to 2025-05-11 00:00:00+00:00, run_after=2025-05-12 00:00:00+00:00
[2025-05-11T15:33:47.314+0000] {processor.py:183} INFO - Processing /opt/airflow/dags/raw_to_staging_dag.py took 0.645 seconds
[2025-05-11T15:34:17.839+0000] {processor.py:161} INFO - Started process (PID=6909) to work on /opt/airflow/dags/raw_to_staging_dag.py
[2025-05-11T15:34:17.841+0000] {processor.py:830} INFO - Processing file /opt/airflow/dags/raw_to_staging_dag.py for tasks to queue
[2025-05-11T15:34:17.844+0000] {logging_mixin.py:188} INFO - [2025-05-11T15:34:17.843+0000] {dagbag.py:538} INFO - Filling up the DagBag from /opt/airflow/dags/raw_to_staging_dag.py
[2025-05-11T15:34:17.885+0000] {logging_mixin.py:188} WARNING - /home/airflow/.local/lib/python3.8/site-packages/airflow/providers/common/sql/operators/sql.py:139 RemovedInAirflow3Warning: The 'task_concurrency' parameter is deprecated. Please use 'max_active_tis_per_dag'.
[2025-05-11T15:34:17.909+0000] {processor.py:840} INFO - DAG(s) 'raw_to_staging_dag' retrieved from /opt/airflow/dags/raw_to_staging_dag.py
[2025-05-11T15:34:17.950+0000] {logging_mixin.py:188} INFO - [2025-05-11T15:34:17.950+0000] {dag.py:3036} INFO - Sync 1 DAGs
[2025-05-11T15:34:17.967+0000] {logging_mixin.py:188} INFO - [2025-05-11T15:34:17.967+0000] {dag.py:3823} INFO - Setting next_dagrun for raw_to_staging_dag to 2025-05-11 00:00:00+00:00, run_after=2025-05-12 00:00:00+00:00
[2025-05-11T15:34:17.981+0000] {processor.py:183} INFO - Processing /opt/airflow/dags/raw_to_staging_dag.py took 0.171 seconds
[2025-05-11T15:34:48.340+0000] {processor.py:161} INFO - Started process (PID=6914) to work on /opt/airflow/dags/raw_to_staging_dag.py
[2025-05-11T15:34:48.342+0000] {processor.py:830} INFO - Processing file /opt/airflow/dags/raw_to_staging_dag.py for tasks to queue
[2025-05-11T15:34:48.347+0000] {logging_mixin.py:188} INFO - [2025-05-11T15:34:48.344+0000] {dagbag.py:538} INFO - Filling up the DagBag from /opt/airflow/dags/raw_to_staging_dag.py
[2025-05-11T15:34:48.367+0000] {logging_mixin.py:188} WARNING - /home/airflow/.local/lib/python3.8/site-packages/airflow/providers/common/sql/operators/sql.py:139 RemovedInAirflow3Warning: The 'task_concurrency' parameter is deprecated. Please use 'max_active_tis_per_dag'.
[2025-05-11T15:34:48.385+0000] {processor.py:840} INFO - DAG(s) 'raw_to_staging_dag' retrieved from /opt/airflow/dags/raw_to_staging_dag.py
[2025-05-11T15:34:48.416+0000] {logging_mixin.py:188} INFO - [2025-05-11T15:34:48.416+0000] {dag.py:3036} INFO - Sync 1 DAGs
[2025-05-11T15:34:48.436+0000] {logging_mixin.py:188} INFO - [2025-05-11T15:34:48.436+0000] {dag.py:3823} INFO - Setting next_dagrun for raw_to_staging_dag to 2025-05-11 00:00:00+00:00, run_after=2025-05-12 00:00:00+00:00
[2025-05-11T15:34:48.446+0000] {processor.py:183} INFO - Processing /opt/airflow/dags/raw_to_staging_dag.py took 0.112 seconds
[2025-05-11T15:35:18.727+0000] {processor.py:161} INFO - Started process (PID=6919) to work on /opt/airflow/dags/raw_to_staging_dag.py
[2025-05-11T15:35:18.728+0000] {processor.py:830} INFO - Processing file /opt/airflow/dags/raw_to_staging_dag.py for tasks to queue
[2025-05-11T15:35:18.729+0000] {logging_mixin.py:188} INFO - [2025-05-11T15:35:18.729+0000] {dagbag.py:538} INFO - Filling up the DagBag from /opt/airflow/dags/raw_to_staging_dag.py
[2025-05-11T15:35:18.749+0000] {logging_mixin.py:188} WARNING - /home/airflow/.local/lib/python3.8/site-packages/airflow/providers/common/sql/operators/sql.py:139 RemovedInAirflow3Warning: The 'task_concurrency' parameter is deprecated. Please use 'max_active_tis_per_dag'.
[2025-05-11T15:35:18.763+0000] {processor.py:840} INFO - DAG(s) 'raw_to_staging_dag' retrieved from /opt/airflow/dags/raw_to_staging_dag.py
[2025-05-11T15:35:18.791+0000] {logging_mixin.py:188} INFO - [2025-05-11T15:35:18.791+0000] {dag.py:3036} INFO - Sync 1 DAGs
[2025-05-11T15:35:18.813+0000] {logging_mixin.py:188} INFO - [2025-05-11T15:35:18.813+0000] {dag.py:3823} INFO - Setting next_dagrun for raw_to_staging_dag to 2025-05-11 00:00:00+00:00, run_after=2025-05-12 00:00:00+00:00
[2025-05-11T15:35:18.827+0000] {processor.py:183} INFO - Processing /opt/airflow/dags/raw_to_staging_dag.py took 0.109 seconds
[2025-05-11T15:35:49.100+0000] {processor.py:161} INFO - Started process (PID=6924) to work on /opt/airflow/dags/raw_to_staging_dag.py
[2025-05-11T15:35:49.102+0000] {processor.py:830} INFO - Processing file /opt/airflow/dags/raw_to_staging_dag.py for tasks to queue
[2025-05-11T15:35:49.103+0000] {logging_mixin.py:188} INFO - [2025-05-11T15:35:49.102+0000] {dagbag.py:538} INFO - Filling up the DagBag from /opt/airflow/dags/raw_to_staging_dag.py
[2025-05-11T15:35:49.125+0000] {logging_mixin.py:188} WARNING - /home/airflow/.local/lib/python3.8/site-packages/airflow/providers/common/sql/operators/sql.py:139 RemovedInAirflow3Warning: The 'task_concurrency' parameter is deprecated. Please use 'max_active_tis_per_dag'.
[2025-05-11T15:35:49.139+0000] {processor.py:840} INFO - DAG(s) 'raw_to_staging_dag' retrieved from /opt/airflow/dags/raw_to_staging_dag.py
[2025-05-11T15:35:49.166+0000] {logging_mixin.py:188} INFO - [2025-05-11T15:35:49.166+0000] {dag.py:3036} INFO - Sync 1 DAGs
[2025-05-11T15:35:49.186+0000] {logging_mixin.py:188} INFO - [2025-05-11T15:35:49.186+0000] {dag.py:3823} INFO - Setting next_dagrun for raw_to_staging_dag to 2025-05-11 00:00:00+00:00, run_after=2025-05-12 00:00:00+00:00
[2025-05-11T15:35:49.196+0000] {processor.py:183} INFO - Processing /opt/airflow/dags/raw_to_staging_dag.py took 0.103 seconds
[2025-05-11T15:36:19.464+0000] {processor.py:161} INFO - Started process (PID=6929) to work on /opt/airflow/dags/raw_to_staging_dag.py
[2025-05-11T15:36:19.465+0000] {processor.py:830} INFO - Processing file /opt/airflow/dags/raw_to_staging_dag.py for tasks to queue
[2025-05-11T15:36:19.466+0000] {logging_mixin.py:188} INFO - [2025-05-11T15:36:19.466+0000] {dagbag.py:538} INFO - Filling up the DagBag from /opt/airflow/dags/raw_to_staging_dag.py
[2025-05-11T15:36:19.490+0000] {logging_mixin.py:188} WARNING - /home/airflow/.local/lib/python3.8/site-packages/airflow/providers/common/sql/operators/sql.py:139 RemovedInAirflow3Warning: The 'task_concurrency' parameter is deprecated. Please use 'max_active_tis_per_dag'.
[2025-05-11T15:36:19.505+0000] {processor.py:840} INFO - DAG(s) 'raw_to_staging_dag' retrieved from /opt/airflow/dags/raw_to_staging_dag.py
[2025-05-11T15:36:19.533+0000] {logging_mixin.py:188} INFO - [2025-05-11T15:36:19.533+0000] {dag.py:3036} INFO - Sync 1 DAGs
[2025-05-11T15:36:19.551+0000] {logging_mixin.py:188} INFO - [2025-05-11T15:36:19.550+0000] {dag.py:3823} INFO - Setting next_dagrun for raw_to_staging_dag to 2025-05-11 00:00:00+00:00, run_after=2025-05-12 00:00:00+00:00
[2025-05-11T15:36:19.560+0000] {processor.py:183} INFO - Processing /opt/airflow/dags/raw_to_staging_dag.py took 0.100 seconds
[2025-05-11T15:36:49.819+0000] {processor.py:161} INFO - Started process (PID=6934) to work on /opt/airflow/dags/raw_to_staging_dag.py
[2025-05-11T15:36:49.821+0000] {processor.py:830} INFO - Processing file /opt/airflow/dags/raw_to_staging_dag.py for tasks to queue
[2025-05-11T15:36:49.823+0000] {logging_mixin.py:188} INFO - [2025-05-11T15:36:49.822+0000] {dagbag.py:538} INFO - Filling up the DagBag from /opt/airflow/dags/raw_to_staging_dag.py
[2025-05-11T15:36:49.847+0000] {logging_mixin.py:188} WARNING - /home/airflow/.local/lib/python3.8/site-packages/airflow/providers/common/sql/operators/sql.py:139 RemovedInAirflow3Warning: The 'task_concurrency' parameter is deprecated. Please use 'max_active_tis_per_dag'.
[2025-05-11T15:36:49.865+0000] {processor.py:840} INFO - DAG(s) 'raw_to_staging_dag' retrieved from /opt/airflow/dags/raw_to_staging_dag.py
[2025-05-11T15:36:49.895+0000] {logging_mixin.py:188} INFO - [2025-05-11T15:36:49.895+0000] {dag.py:3036} INFO - Sync 1 DAGs
[2025-05-11T15:36:49.911+0000] {logging_mixin.py:188} INFO - [2025-05-11T15:36:49.911+0000] {dag.py:3823} INFO - Setting next_dagrun for raw_to_staging_dag to 2025-05-11 00:00:00+00:00, run_after=2025-05-12 00:00:00+00:00
[2025-05-11T15:36:49.921+0000] {processor.py:183} INFO - Processing /opt/airflow/dags/raw_to_staging_dag.py took 0.110 seconds
[2025-05-11T15:37:20.295+0000] {processor.py:161} INFO - Started process (PID=6939) to work on /opt/airflow/dags/raw_to_staging_dag.py
[2025-05-11T15:37:20.298+0000] {processor.py:830} INFO - Processing file /opt/airflow/dags/raw_to_staging_dag.py for tasks to queue
[2025-05-11T15:37:20.299+0000] {logging_mixin.py:188} INFO - [2025-05-11T15:37:20.298+0000] {dagbag.py:538} INFO - Filling up the DagBag from /opt/airflow/dags/raw_to_staging_dag.py
[2025-05-11T15:37:20.322+0000] {logging_mixin.py:188} WARNING - /home/airflow/.local/lib/python3.8/site-packages/airflow/providers/common/sql/operators/sql.py:139 RemovedInAirflow3Warning: The 'task_concurrency' parameter is deprecated. Please use 'max_active_tis_per_dag'.
[2025-05-11T15:37:20.336+0000] {processor.py:840} INFO - DAG(s) 'raw_to_staging_dag' retrieved from /opt/airflow/dags/raw_to_staging_dag.py
[2025-05-11T15:37:20.364+0000] {logging_mixin.py:188} INFO - [2025-05-11T15:37:20.364+0000] {dag.py:3036} INFO - Sync 1 DAGs
[2025-05-11T15:37:20.379+0000] {logging_mixin.py:188} INFO - [2025-05-11T15:37:20.379+0000] {dag.py:3823} INFO - Setting next_dagrun for raw_to_staging_dag to 2025-05-11 00:00:00+00:00, run_after=2025-05-12 00:00:00+00:00
[2025-05-11T15:37:20.388+0000] {processor.py:183} INFO - Processing /opt/airflow/dags/raw_to_staging_dag.py took 0.101 seconds
[2025-05-11T15:37:50.732+0000] {processor.py:161} INFO - Started process (PID=6944) to work on /opt/airflow/dags/raw_to_staging_dag.py
[2025-05-11T15:37:50.736+0000] {processor.py:830} INFO - Processing file /opt/airflow/dags/raw_to_staging_dag.py for tasks to queue
[2025-05-11T15:37:50.737+0000] {logging_mixin.py:188} INFO - [2025-05-11T15:37:50.737+0000] {dagbag.py:538} INFO - Filling up the DagBag from /opt/airflow/dags/raw_to_staging_dag.py
[2025-05-11T15:37:50.763+0000] {logging_mixin.py:188} WARNING - /home/airflow/.local/lib/python3.8/site-packages/airflow/providers/common/sql/operators/sql.py:139 RemovedInAirflow3Warning: The 'task_concurrency' parameter is deprecated. Please use 'max_active_tis_per_dag'.
[2025-05-11T15:37:50.779+0000] {processor.py:840} INFO - DAG(s) 'raw_to_staging_dag' retrieved from /opt/airflow/dags/raw_to_staging_dag.py
[2025-05-11T15:37:50.804+0000] {logging_mixin.py:188} INFO - [2025-05-11T15:37:50.804+0000] {dag.py:3036} INFO - Sync 1 DAGs
[2025-05-11T15:37:50.824+0000] {logging_mixin.py:188} INFO - [2025-05-11T15:37:50.823+0000] {dag.py:3823} INFO - Setting next_dagrun for raw_to_staging_dag to 2025-05-11 00:00:00+00:00, run_after=2025-05-12 00:00:00+00:00
[2025-05-11T15:37:50.834+0000] {processor.py:183} INFO - Processing /opt/airflow/dags/raw_to_staging_dag.py took 0.112 seconds
[2025-05-11T15:38:21.175+0000] {processor.py:161} INFO - Started process (PID=6949) to work on /opt/airflow/dags/raw_to_staging_dag.py
[2025-05-11T15:38:21.178+0000] {processor.py:830} INFO - Processing file /opt/airflow/dags/raw_to_staging_dag.py for tasks to queue
[2025-05-11T15:38:21.180+0000] {logging_mixin.py:188} INFO - [2025-05-11T15:38:21.179+0000] {dagbag.py:538} INFO - Filling up the DagBag from /opt/airflow/dags/raw_to_staging_dag.py
[2025-05-11T15:38:21.204+0000] {logging_mixin.py:188} WARNING - /home/airflow/.local/lib/python3.8/site-packages/airflow/providers/common/sql/operators/sql.py:139 RemovedInAirflow3Warning: The 'task_concurrency' parameter is deprecated. Please use 'max_active_tis_per_dag'.
[2025-05-11T15:38:21.222+0000] {processor.py:840} INFO - DAG(s) 'raw_to_staging_dag' retrieved from /opt/airflow/dags/raw_to_staging_dag.py
[2025-05-11T15:38:21.255+0000] {logging_mixin.py:188} INFO - [2025-05-11T15:38:21.255+0000] {dag.py:3036} INFO - Sync 1 DAGs
[2025-05-11T15:38:21.271+0000] {logging_mixin.py:188} INFO - [2025-05-11T15:38:21.271+0000] {dag.py:3823} INFO - Setting next_dagrun for raw_to_staging_dag to 2025-05-11 00:00:00+00:00, run_after=2025-05-12 00:00:00+00:00
[2025-05-11T15:38:21.283+0000] {processor.py:183} INFO - Processing /opt/airflow/dags/raw_to_staging_dag.py took 0.114 seconds
[2025-05-11T15:38:51.648+0000] {processor.py:161} INFO - Started process (PID=6954) to work on /opt/airflow/dags/raw_to_staging_dag.py
[2025-05-11T15:38:51.650+0000] {processor.py:830} INFO - Processing file /opt/airflow/dags/raw_to_staging_dag.py for tasks to queue
[2025-05-11T15:38:51.651+0000] {logging_mixin.py:188} INFO - [2025-05-11T15:38:51.651+0000] {dagbag.py:538} INFO - Filling up the DagBag from /opt/airflow/dags/raw_to_staging_dag.py
[2025-05-11T15:38:51.673+0000] {logging_mixin.py:188} WARNING - /home/airflow/.local/lib/python3.8/site-packages/airflow/providers/common/sql/operators/sql.py:139 RemovedInAirflow3Warning: The 'task_concurrency' parameter is deprecated. Please use 'max_active_tis_per_dag'.
[2025-05-11T15:38:51.692+0000] {processor.py:840} INFO - DAG(s) 'raw_to_staging_dag' retrieved from /opt/airflow/dags/raw_to_staging_dag.py
[2025-05-11T15:38:51.722+0000] {logging_mixin.py:188} INFO - [2025-05-11T15:38:51.722+0000] {dag.py:3036} INFO - Sync 1 DAGs
[2025-05-11T15:38:51.744+0000] {logging_mixin.py:188} INFO - [2025-05-11T15:38:51.744+0000] {dag.py:3823} INFO - Setting next_dagrun for raw_to_staging_dag to 2025-05-11 00:00:00+00:00, run_after=2025-05-12 00:00:00+00:00
[2025-05-11T15:38:51.755+0000] {processor.py:183} INFO - Processing /opt/airflow/dags/raw_to_staging_dag.py took 0.117 seconds
[2025-05-11T15:39:22.061+0000] {processor.py:161} INFO - Started process (PID=6959) to work on /opt/airflow/dags/raw_to_staging_dag.py
[2025-05-11T15:39:22.063+0000] {processor.py:830} INFO - Processing file /opt/airflow/dags/raw_to_staging_dag.py for tasks to queue
[2025-05-11T15:39:22.064+0000] {logging_mixin.py:188} INFO - [2025-05-11T15:39:22.064+0000] {dagbag.py:538} INFO - Filling up the DagBag from /opt/airflow/dags/raw_to_staging_dag.py
[2025-05-11T15:39:22.088+0000] {logging_mixin.py:188} WARNING - /home/airflow/.local/lib/python3.8/site-packages/airflow/providers/common/sql/operators/sql.py:139 RemovedInAirflow3Warning: The 'task_concurrency' parameter is deprecated. Please use 'max_active_tis_per_dag'.
[2025-05-11T15:39:22.117+0000] {processor.py:840} INFO - DAG(s) 'raw_to_staging_dag' retrieved from /opt/airflow/dags/raw_to_staging_dag.py
[2025-05-11T15:39:22.161+0000] {logging_mixin.py:188} INFO - [2025-05-11T15:39:22.161+0000] {dag.py:3036} INFO - Sync 1 DAGs
[2025-05-11T15:39:22.182+0000] {logging_mixin.py:188} INFO - [2025-05-11T15:39:22.182+0000] {dag.py:3823} INFO - Setting next_dagrun for raw_to_staging_dag to 2025-05-11 00:00:00+00:00, run_after=2025-05-12 00:00:00+00:00
[2025-05-11T15:39:22.196+0000] {processor.py:183} INFO - Processing /opt/airflow/dags/raw_to_staging_dag.py took 0.144 seconds
[2025-05-11T15:39:52.510+0000] {processor.py:161} INFO - Started process (PID=6964) to work on /opt/airflow/dags/raw_to_staging_dag.py
[2025-05-11T15:39:52.512+0000] {processor.py:830} INFO - Processing file /opt/airflow/dags/raw_to_staging_dag.py for tasks to queue
[2025-05-11T15:39:52.513+0000] {logging_mixin.py:188} INFO - [2025-05-11T15:39:52.513+0000] {dagbag.py:538} INFO - Filling up the DagBag from /opt/airflow/dags/raw_to_staging_dag.py
[2025-05-11T15:39:52.532+0000] {logging_mixin.py:188} WARNING - /home/airflow/.local/lib/python3.8/site-packages/airflow/providers/common/sql/operators/sql.py:139 RemovedInAirflow3Warning: The 'task_concurrency' parameter is deprecated. Please use 'max_active_tis_per_dag'.
[2025-05-11T15:39:52.550+0000] {processor.py:840} INFO - DAG(s) 'raw_to_staging_dag' retrieved from /opt/airflow/dags/raw_to_staging_dag.py
[2025-05-11T15:39:52.580+0000] {logging_mixin.py:188} INFO - [2025-05-11T15:39:52.580+0000] {dag.py:3036} INFO - Sync 1 DAGs
[2025-05-11T15:39:52.599+0000] {logging_mixin.py:188} INFO - [2025-05-11T15:39:52.599+0000] {dag.py:3823} INFO - Setting next_dagrun for raw_to_staging_dag to 2025-05-11 00:00:00+00:00, run_after=2025-05-12 00:00:00+00:00
[2025-05-11T15:39:52.609+0000] {processor.py:183} INFO - Processing /opt/airflow/dags/raw_to_staging_dag.py took 0.106 seconds
[2025-05-11T15:40:22.947+0000] {processor.py:161} INFO - Started process (PID=6969) to work on /opt/airflow/dags/raw_to_staging_dag.py
[2025-05-11T15:40:22.949+0000] {processor.py:830} INFO - Processing file /opt/airflow/dags/raw_to_staging_dag.py for tasks to queue
[2025-05-11T15:40:22.951+0000] {logging_mixin.py:188} INFO - [2025-05-11T15:40:22.950+0000] {dagbag.py:538} INFO - Filling up the DagBag from /opt/airflow/dags/raw_to_staging_dag.py
[2025-05-11T15:40:22.973+0000] {logging_mixin.py:188} WARNING - /home/airflow/.local/lib/python3.8/site-packages/airflow/providers/common/sql/operators/sql.py:139 RemovedInAirflow3Warning: The 'task_concurrency' parameter is deprecated. Please use 'max_active_tis_per_dag'.
[2025-05-11T15:40:22.991+0000] {processor.py:840} INFO - DAG(s) 'raw_to_staging_dag' retrieved from /opt/airflow/dags/raw_to_staging_dag.py
[2025-05-11T15:40:23.019+0000] {logging_mixin.py:188} INFO - [2025-05-11T15:40:23.019+0000] {dag.py:3036} INFO - Sync 1 DAGs
[2025-05-11T15:40:23.034+0000] {logging_mixin.py:188} INFO - [2025-05-11T15:40:23.033+0000] {dag.py:3823} INFO - Setting next_dagrun for raw_to_staging_dag to 2025-05-11 00:00:00+00:00, run_after=2025-05-12 00:00:00+00:00
[2025-05-11T15:40:23.045+0000] {processor.py:183} INFO - Processing /opt/airflow/dags/raw_to_staging_dag.py took 0.104 seconds
[2025-05-11T15:40:53.367+0000] {processor.py:161} INFO - Started process (PID=6974) to work on /opt/airflow/dags/raw_to_staging_dag.py
[2025-05-11T15:40:53.369+0000] {processor.py:830} INFO - Processing file /opt/airflow/dags/raw_to_staging_dag.py for tasks to queue
[2025-05-11T15:40:53.370+0000] {logging_mixin.py:188} INFO - [2025-05-11T15:40:53.369+0000] {dagbag.py:538} INFO - Filling up the DagBag from /opt/airflow/dags/raw_to_staging_dag.py
[2025-05-11T15:40:53.389+0000] {logging_mixin.py:188} WARNING - /home/airflow/.local/lib/python3.8/site-packages/airflow/providers/common/sql/operators/sql.py:139 RemovedInAirflow3Warning: The 'task_concurrency' parameter is deprecated. Please use 'max_active_tis_per_dag'.
[2025-05-11T15:40:53.408+0000] {processor.py:840} INFO - DAG(s) 'raw_to_staging_dag' retrieved from /opt/airflow/dags/raw_to_staging_dag.py
[2025-05-11T15:40:53.437+0000] {logging_mixin.py:188} INFO - [2025-05-11T15:40:53.437+0000] {dag.py:3036} INFO - Sync 1 DAGs
[2025-05-11T15:40:53.452+0000] {logging_mixin.py:188} INFO - [2025-05-11T15:40:53.452+0000] {dag.py:3823} INFO - Setting next_dagrun for raw_to_staging_dag to 2025-05-11 00:00:00+00:00, run_after=2025-05-12 00:00:00+00:00
[2025-05-11T15:40:53.462+0000] {processor.py:183} INFO - Processing /opt/airflow/dags/raw_to_staging_dag.py took 0.104 seconds
[2025-05-11T15:41:23.762+0000] {processor.py:161} INFO - Started process (PID=6979) to work on /opt/airflow/dags/raw_to_staging_dag.py
[2025-05-11T15:41:23.764+0000] {processor.py:830} INFO - Processing file /opt/airflow/dags/raw_to_staging_dag.py for tasks to queue
[2025-05-11T15:41:23.765+0000] {logging_mixin.py:188} INFO - [2025-05-11T15:41:23.765+0000] {dagbag.py:538} INFO - Filling up the DagBag from /opt/airflow/dags/raw_to_staging_dag.py
[2025-05-11T15:41:23.784+0000] {logging_mixin.py:188} WARNING - /home/airflow/.local/lib/python3.8/site-packages/airflow/providers/common/sql/operators/sql.py:139 RemovedInAirflow3Warning: The 'task_concurrency' parameter is deprecated. Please use 'max_active_tis_per_dag'.
[2025-05-11T15:41:23.802+0000] {processor.py:840} INFO - DAG(s) 'raw_to_staging_dag' retrieved from /opt/airflow/dags/raw_to_staging_dag.py
[2025-05-11T15:41:23.835+0000] {logging_mixin.py:188} INFO - [2025-05-11T15:41:23.835+0000] {dag.py:3036} INFO - Sync 1 DAGs
[2025-05-11T15:41:23.854+0000] {logging_mixin.py:188} INFO - [2025-05-11T15:41:23.854+0000] {dag.py:3823} INFO - Setting next_dagrun for raw_to_staging_dag to 2025-05-11 00:00:00+00:00, run_after=2025-05-12 00:00:00+00:00
[2025-05-11T15:41:23.864+0000] {processor.py:183} INFO - Processing /opt/airflow/dags/raw_to_staging_dag.py took 0.107 seconds
[2025-05-11T15:41:54.180+0000] {processor.py:161} INFO - Started process (PID=6984) to work on /opt/airflow/dags/raw_to_staging_dag.py
[2025-05-11T15:41:54.182+0000] {processor.py:830} INFO - Processing file /opt/airflow/dags/raw_to_staging_dag.py for tasks to queue
[2025-05-11T15:41:54.183+0000] {logging_mixin.py:188} INFO - [2025-05-11T15:41:54.182+0000] {dagbag.py:538} INFO - Filling up the DagBag from /opt/airflow/dags/raw_to_staging_dag.py
[2025-05-11T15:41:54.203+0000] {logging_mixin.py:188} WARNING - /home/airflow/.local/lib/python3.8/site-packages/airflow/providers/common/sql/operators/sql.py:139 RemovedInAirflow3Warning: The 'task_concurrency' parameter is deprecated. Please use 'max_active_tis_per_dag'.
[2025-05-11T15:41:54.218+0000] {processor.py:840} INFO - DAG(s) 'raw_to_staging_dag' retrieved from /opt/airflow/dags/raw_to_staging_dag.py
[2025-05-11T15:41:54.253+0000] {logging_mixin.py:188} INFO - [2025-05-11T15:41:54.252+0000] {dag.py:3036} INFO - Sync 1 DAGs
[2025-05-11T15:41:54.269+0000] {logging_mixin.py:188} INFO - [2025-05-11T15:41:54.269+0000] {dag.py:3823} INFO - Setting next_dagrun for raw_to_staging_dag to 2025-05-11 00:00:00+00:00, run_after=2025-05-12 00:00:00+00:00
[2025-05-11T15:41:54.279+0000] {processor.py:183} INFO - Processing /opt/airflow/dags/raw_to_staging_dag.py took 0.112 seconds
[2025-05-11T15:42:24.613+0000] {processor.py:161} INFO - Started process (PID=6989) to work on /opt/airflow/dags/raw_to_staging_dag.py
[2025-05-11T15:42:24.616+0000] {processor.py:830} INFO - Processing file /opt/airflow/dags/raw_to_staging_dag.py for tasks to queue
[2025-05-11T15:42:24.619+0000] {logging_mixin.py:188} INFO - [2025-05-11T15:42:24.618+0000] {dagbag.py:538} INFO - Filling up the DagBag from /opt/airflow/dags/raw_to_staging_dag.py
[2025-05-11T15:42:24.644+0000] {logging_mixin.py:188} WARNING - /home/airflow/.local/lib/python3.8/site-packages/airflow/providers/common/sql/operators/sql.py:139 RemovedInAirflow3Warning: The 'task_concurrency' parameter is deprecated. Please use 'max_active_tis_per_dag'.
[2025-05-11T15:42:24.663+0000] {processor.py:840} INFO - DAG(s) 'raw_to_staging_dag' retrieved from /opt/airflow/dags/raw_to_staging_dag.py
[2025-05-11T15:42:24.695+0000] {logging_mixin.py:188} INFO - [2025-05-11T15:42:24.695+0000] {dag.py:3036} INFO - Sync 1 DAGs
[2025-05-11T15:42:24.713+0000] {logging_mixin.py:188} INFO - [2025-05-11T15:42:24.713+0000] {dag.py:3823} INFO - Setting next_dagrun for raw_to_staging_dag to 2025-05-11 00:00:00+00:00, run_after=2025-05-12 00:00:00+00:00
[2025-05-11T15:42:24.723+0000] {processor.py:183} INFO - Processing /opt/airflow/dags/raw_to_staging_dag.py took 0.129 seconds
[2025-05-11T15:42:55.062+0000] {processor.py:161} INFO - Started process (PID=6994) to work on /opt/airflow/dags/raw_to_staging_dag.py
[2025-05-11T15:42:55.067+0000] {processor.py:830} INFO - Processing file /opt/airflow/dags/raw_to_staging_dag.py for tasks to queue
[2025-05-11T15:42:55.068+0000] {logging_mixin.py:188} INFO - [2025-05-11T15:42:55.067+0000] {dagbag.py:538} INFO - Filling up the DagBag from /opt/airflow/dags/raw_to_staging_dag.py
[2025-05-11T15:42:55.090+0000] {logging_mixin.py:188} WARNING - /home/airflow/.local/lib/python3.8/site-packages/airflow/providers/common/sql/operators/sql.py:139 RemovedInAirflow3Warning: The 'task_concurrency' parameter is deprecated. Please use 'max_active_tis_per_dag'.
[2025-05-11T15:42:55.105+0000] {processor.py:840} INFO - DAG(s) 'raw_to_staging_dag' retrieved from /opt/airflow/dags/raw_to_staging_dag.py
[2025-05-11T15:42:55.134+0000] {logging_mixin.py:188} INFO - [2025-05-11T15:42:55.134+0000] {dag.py:3036} INFO - Sync 1 DAGs
[2025-05-11T15:42:55.159+0000] {logging_mixin.py:188} INFO - [2025-05-11T15:42:55.158+0000] {dag.py:3823} INFO - Setting next_dagrun for raw_to_staging_dag to 2025-05-11 00:00:00+00:00, run_after=2025-05-12 00:00:00+00:00
[2025-05-11T15:42:55.169+0000] {processor.py:183} INFO - Processing /opt/airflow/dags/raw_to_staging_dag.py took 0.115 seconds
[2025-05-11T15:43:25.440+0000] {processor.py:161} INFO - Started process (PID=6999) to work on /opt/airflow/dags/raw_to_staging_dag.py
[2025-05-11T15:43:25.443+0000] {processor.py:830} INFO - Processing file /opt/airflow/dags/raw_to_staging_dag.py for tasks to queue
[2025-05-11T15:43:25.447+0000] {logging_mixin.py:188} INFO - [2025-05-11T15:43:25.445+0000] {dagbag.py:538} INFO - Filling up the DagBag from /opt/airflow/dags/raw_to_staging_dag.py
[2025-05-11T15:43:25.470+0000] {logging_mixin.py:188} WARNING - /home/airflow/.local/lib/python3.8/site-packages/airflow/providers/common/sql/operators/sql.py:139 RemovedInAirflow3Warning: The 'task_concurrency' parameter is deprecated. Please use 'max_active_tis_per_dag'.
[2025-05-11T15:43:25.490+0000] {processor.py:840} INFO - DAG(s) 'raw_to_staging_dag' retrieved from /opt/airflow/dags/raw_to_staging_dag.py
[2025-05-11T15:43:25.523+0000] {logging_mixin.py:188} INFO - [2025-05-11T15:43:25.523+0000] {dag.py:3036} INFO - Sync 1 DAGs
[2025-05-11T15:43:25.541+0000] {logging_mixin.py:188} INFO - [2025-05-11T15:43:25.540+0000] {dag.py:3823} INFO - Setting next_dagrun for raw_to_staging_dag to 2025-05-11 00:00:00+00:00, run_after=2025-05-12 00:00:00+00:00
[2025-05-11T15:43:25.551+0000] {processor.py:183} INFO - Processing /opt/airflow/dags/raw_to_staging_dag.py took 0.118 seconds
[2025-05-11T15:43:55.995+0000] {processor.py:161} INFO - Started process (PID=7004) to work on /opt/airflow/dags/raw_to_staging_dag.py
[2025-05-11T15:43:55.998+0000] {processor.py:830} INFO - Processing file /opt/airflow/dags/raw_to_staging_dag.py for tasks to queue
[2025-05-11T15:43:56.000+0000] {logging_mixin.py:188} INFO - [2025-05-11T15:43:55.999+0000] {dagbag.py:538} INFO - Filling up the DagBag from /opt/airflow/dags/raw_to_staging_dag.py
[2025-05-11T15:43:56.030+0000] {logging_mixin.py:188} WARNING - /home/airflow/.local/lib/python3.8/site-packages/airflow/providers/common/sql/operators/sql.py:139 RemovedInAirflow3Warning: The 'task_concurrency' parameter is deprecated. Please use 'max_active_tis_per_dag'.
[2025-05-11T15:43:56.048+0000] {processor.py:840} INFO - DAG(s) 'raw_to_staging_dag' retrieved from /opt/airflow/dags/raw_to_staging_dag.py
[2025-05-11T15:43:56.076+0000] {logging_mixin.py:188} INFO - [2025-05-11T15:43:56.076+0000] {dag.py:3036} INFO - Sync 1 DAGs
[2025-05-11T15:43:56.098+0000] {logging_mixin.py:188} INFO - [2025-05-11T15:43:56.098+0000] {dag.py:3823} INFO - Setting next_dagrun for raw_to_staging_dag to 2025-05-11 00:00:00+00:00, run_after=2025-05-12 00:00:00+00:00
[2025-05-11T15:43:56.112+0000] {processor.py:183} INFO - Processing /opt/airflow/dags/raw_to_staging_dag.py took 0.132 seconds
[2025-05-11T15:44:26.462+0000] {processor.py:161} INFO - Started process (PID=7009) to work on /opt/airflow/dags/raw_to_staging_dag.py
[2025-05-11T15:44:26.464+0000] {processor.py:830} INFO - Processing file /opt/airflow/dags/raw_to_staging_dag.py for tasks to queue
[2025-05-11T15:44:26.465+0000] {logging_mixin.py:188} INFO - [2025-05-11T15:44:26.465+0000] {dagbag.py:538} INFO - Filling up the DagBag from /opt/airflow/dags/raw_to_staging_dag.py
[2025-05-11T15:44:26.484+0000] {logging_mixin.py:188} WARNING - /home/airflow/.local/lib/python3.8/site-packages/airflow/providers/common/sql/operators/sql.py:139 RemovedInAirflow3Warning: The 'task_concurrency' parameter is deprecated. Please use 'max_active_tis_per_dag'.
[2025-05-11T15:44:26.504+0000] {processor.py:840} INFO - DAG(s) 'raw_to_staging_dag' retrieved from /opt/airflow/dags/raw_to_staging_dag.py
[2025-05-11T15:44:26.538+0000] {logging_mixin.py:188} INFO - [2025-05-11T15:44:26.538+0000] {dag.py:3036} INFO - Sync 1 DAGs
[2025-05-11T15:44:26.561+0000] {logging_mixin.py:188} INFO - [2025-05-11T15:44:26.561+0000] {dag.py:3823} INFO - Setting next_dagrun for raw_to_staging_dag to 2025-05-11 00:00:00+00:00, run_after=2025-05-12 00:00:00+00:00
[2025-05-11T15:44:26.573+0000] {processor.py:183} INFO - Processing /opt/airflow/dags/raw_to_staging_dag.py took 0.120 seconds
[2025-05-11T15:44:56.927+0000] {processor.py:161} INFO - Started process (PID=7014) to work on /opt/airflow/dags/raw_to_staging_dag.py
[2025-05-11T15:44:56.929+0000] {processor.py:830} INFO - Processing file /opt/airflow/dags/raw_to_staging_dag.py for tasks to queue
[2025-05-11T15:44:56.932+0000] {logging_mixin.py:188} INFO - [2025-05-11T15:44:56.930+0000] {dagbag.py:538} INFO - Filling up the DagBag from /opt/airflow/dags/raw_to_staging_dag.py
[2025-05-11T15:44:56.962+0000] {logging_mixin.py:188} WARNING - /home/airflow/.local/lib/python3.8/site-packages/airflow/providers/common/sql/operators/sql.py:139 RemovedInAirflow3Warning: The 'task_concurrency' parameter is deprecated. Please use 'max_active_tis_per_dag'.
[2025-05-11T15:44:56.981+0000] {processor.py:840} INFO - DAG(s) 'raw_to_staging_dag' retrieved from /opt/airflow/dags/raw_to_staging_dag.py
[2025-05-11T15:44:57.010+0000] {logging_mixin.py:188} INFO - [2025-05-11T15:44:57.010+0000] {dag.py:3036} INFO - Sync 1 DAGs
[2025-05-11T15:44:57.029+0000] {logging_mixin.py:188} INFO - [2025-05-11T15:44:57.029+0000] {dag.py:3823} INFO - Setting next_dagrun for raw_to_staging_dag to 2025-05-11 00:00:00+00:00, run_after=2025-05-12 00:00:00+00:00
[2025-05-11T15:44:57.039+0000] {processor.py:183} INFO - Processing /opt/airflow/dags/raw_to_staging_dag.py took 0.117 seconds
[2025-05-11T15:45:27.392+0000] {processor.py:161} INFO - Started process (PID=7019) to work on /opt/airflow/dags/raw_to_staging_dag.py
[2025-05-11T15:45:27.395+0000] {processor.py:830} INFO - Processing file /opt/airflow/dags/raw_to_staging_dag.py for tasks to queue
[2025-05-11T15:45:27.397+0000] {logging_mixin.py:188} INFO - [2025-05-11T15:45:27.396+0000] {dagbag.py:538} INFO - Filling up the DagBag from /opt/airflow/dags/raw_to_staging_dag.py
[2025-05-11T15:45:27.425+0000] {logging_mixin.py:188} WARNING - /home/airflow/.local/lib/python3.8/site-packages/airflow/providers/common/sql/operators/sql.py:139 RemovedInAirflow3Warning: The 'task_concurrency' parameter is deprecated. Please use 'max_active_tis_per_dag'.
[2025-05-11T15:45:27.446+0000] {processor.py:840} INFO - DAG(s) 'raw_to_staging_dag' retrieved from /opt/airflow/dags/raw_to_staging_dag.py
[2025-05-11T15:45:27.476+0000] {logging_mixin.py:188} INFO - [2025-05-11T15:45:27.476+0000] {dag.py:3036} INFO - Sync 1 DAGs
[2025-05-11T15:45:27.495+0000] {logging_mixin.py:188} INFO - [2025-05-11T15:45:27.494+0000] {dag.py:3823} INFO - Setting next_dagrun for raw_to_staging_dag to 2025-05-11 00:00:00+00:00, run_after=2025-05-12 00:00:00+00:00
[2025-05-11T15:45:27.505+0000] {processor.py:183} INFO - Processing /opt/airflow/dags/raw_to_staging_dag.py took 0.124 seconds
[2025-05-11T15:45:57.829+0000] {processor.py:161} INFO - Started process (PID=7024) to work on /opt/airflow/dags/raw_to_staging_dag.py
[2025-05-11T15:45:57.831+0000] {processor.py:830} INFO - Processing file /opt/airflow/dags/raw_to_staging_dag.py for tasks to queue
[2025-05-11T15:45:57.832+0000] {logging_mixin.py:188} INFO - [2025-05-11T15:45:57.831+0000] {dagbag.py:538} INFO - Filling up the DagBag from /opt/airflow/dags/raw_to_staging_dag.py
[2025-05-11T15:45:57.850+0000] {logging_mixin.py:188} WARNING - /home/airflow/.local/lib/python3.8/site-packages/airflow/providers/common/sql/operators/sql.py:139 RemovedInAirflow3Warning: The 'task_concurrency' parameter is deprecated. Please use 'max_active_tis_per_dag'.
[2025-05-11T15:45:57.871+0000] {processor.py:840} INFO - DAG(s) 'raw_to_staging_dag' retrieved from /opt/airflow/dags/raw_to_staging_dag.py
[2025-05-11T15:45:57.904+0000] {logging_mixin.py:188} INFO - [2025-05-11T15:45:57.904+0000] {dag.py:3036} INFO - Sync 1 DAGs
[2025-05-11T15:45:57.923+0000] {logging_mixin.py:188} INFO - [2025-05-11T15:45:57.923+0000] {dag.py:3823} INFO - Setting next_dagrun for raw_to_staging_dag to 2025-05-11 00:00:00+00:00, run_after=2025-05-12 00:00:00+00:00
[2025-05-11T15:45:57.936+0000] {processor.py:183} INFO - Processing /opt/airflow/dags/raw_to_staging_dag.py took 0.111 seconds
[2025-05-11T15:46:28.214+0000] {processor.py:161} INFO - Started process (PID=7029) to work on /opt/airflow/dags/raw_to_staging_dag.py
[2025-05-11T15:46:28.216+0000] {processor.py:830} INFO - Processing file /opt/airflow/dags/raw_to_staging_dag.py for tasks to queue
[2025-05-11T15:46:28.217+0000] {logging_mixin.py:188} INFO - [2025-05-11T15:46:28.217+0000] {dagbag.py:538} INFO - Filling up the DagBag from /opt/airflow/dags/raw_to_staging_dag.py
[2025-05-11T15:46:28.249+0000] {logging_mixin.py:188} WARNING - /home/airflow/.local/lib/python3.8/site-packages/airflow/providers/common/sql/operators/sql.py:139 RemovedInAirflow3Warning: The 'task_concurrency' parameter is deprecated. Please use 'max_active_tis_per_dag'.
[2025-05-11T15:46:28.272+0000] {processor.py:840} INFO - DAG(s) 'raw_to_staging_dag' retrieved from /opt/airflow/dags/raw_to_staging_dag.py
[2025-05-11T15:46:28.314+0000] {logging_mixin.py:188} INFO - [2025-05-11T15:46:28.314+0000] {dag.py:3036} INFO - Sync 1 DAGs
[2025-05-11T15:46:28.336+0000] {logging_mixin.py:188} INFO - [2025-05-11T15:46:28.336+0000] {dag.py:3823} INFO - Setting next_dagrun for raw_to_staging_dag to 2025-05-11 00:00:00+00:00, run_after=2025-05-12 00:00:00+00:00
[2025-05-11T15:46:28.351+0000] {processor.py:183} INFO - Processing /opt/airflow/dags/raw_to_staging_dag.py took 0.143 seconds
[2025-05-11T15:46:58.815+0000] {processor.py:161} INFO - Started process (PID=7034) to work on /opt/airflow/dags/raw_to_staging_dag.py
[2025-05-11T15:46:58.817+0000] {processor.py:830} INFO - Processing file /opt/airflow/dags/raw_to_staging_dag.py for tasks to queue
[2025-05-11T15:46:58.819+0000] {logging_mixin.py:188} INFO - [2025-05-11T15:46:58.818+0000] {dagbag.py:538} INFO - Filling up the DagBag from /opt/airflow/dags/raw_to_staging_dag.py
[2025-05-11T15:46:58.847+0000] {logging_mixin.py:188} WARNING - /home/airflow/.local/lib/python3.8/site-packages/airflow/providers/common/sql/operators/sql.py:139 RemovedInAirflow3Warning: The 'task_concurrency' parameter is deprecated. Please use 'max_active_tis_per_dag'.
[2025-05-11T15:46:58.862+0000] {processor.py:840} INFO - DAG(s) 'raw_to_staging_dag' retrieved from /opt/airflow/dags/raw_to_staging_dag.py
[2025-05-11T15:46:58.895+0000] {logging_mixin.py:188} INFO - [2025-05-11T15:46:58.895+0000] {dag.py:3036} INFO - Sync 1 DAGs
[2025-05-11T15:46:58.911+0000] {logging_mixin.py:188} INFO - [2025-05-11T15:46:58.911+0000] {dag.py:3823} INFO - Setting next_dagrun for raw_to_staging_dag to 2025-05-11 00:00:00+00:00, run_after=2025-05-12 00:00:00+00:00
[2025-05-11T15:46:58.921+0000] {processor.py:183} INFO - Processing /opt/airflow/dags/raw_to_staging_dag.py took 0.119 seconds
[2025-05-11T15:47:29.317+0000] {processor.py:161} INFO - Started process (PID=7039) to work on /opt/airflow/dags/raw_to_staging_dag.py
[2025-05-11T15:47:29.320+0000] {processor.py:830} INFO - Processing file /opt/airflow/dags/raw_to_staging_dag.py for tasks to queue
[2025-05-11T15:47:29.321+0000] {logging_mixin.py:188} INFO - [2025-05-11T15:47:29.320+0000] {dagbag.py:538} INFO - Filling up the DagBag from /opt/airflow/dags/raw_to_staging_dag.py
[2025-05-11T15:47:29.353+0000] {logging_mixin.py:188} WARNING - /home/airflow/.local/lib/python3.8/site-packages/airflow/providers/common/sql/operators/sql.py:139 RemovedInAirflow3Warning: The 'task_concurrency' parameter is deprecated. Please use 'max_active_tis_per_dag'.
[2025-05-11T15:47:29.372+0000] {processor.py:840} INFO - DAG(s) 'raw_to_staging_dag' retrieved from /opt/airflow/dags/raw_to_staging_dag.py
[2025-05-11T15:47:29.404+0000] {logging_mixin.py:188} INFO - [2025-05-11T15:47:29.404+0000] {dag.py:3036} INFO - Sync 1 DAGs
[2025-05-11T15:47:29.423+0000] {logging_mixin.py:188} INFO - [2025-05-11T15:47:29.423+0000] {dag.py:3823} INFO - Setting next_dagrun for raw_to_staging_dag to 2025-05-11 00:00:00+00:00, run_after=2025-05-12 00:00:00+00:00
[2025-05-11T15:47:29.433+0000] {processor.py:183} INFO - Processing /opt/airflow/dags/raw_to_staging_dag.py took 0.130 seconds
[2025-05-11T15:47:59.841+0000] {processor.py:161} INFO - Started process (PID=7044) to work on /opt/airflow/dags/raw_to_staging_dag.py
[2025-05-11T15:47:59.845+0000] {processor.py:830} INFO - Processing file /opt/airflow/dags/raw_to_staging_dag.py for tasks to queue
[2025-05-11T15:47:59.846+0000] {logging_mixin.py:188} INFO - [2025-05-11T15:47:59.845+0000] {dagbag.py:538} INFO - Filling up the DagBag from /opt/airflow/dags/raw_to_staging_dag.py
[2025-05-11T15:47:59.867+0000] {logging_mixin.py:188} WARNING - /home/airflow/.local/lib/python3.8/site-packages/airflow/providers/common/sql/operators/sql.py:139 RemovedInAirflow3Warning: The 'task_concurrency' parameter is deprecated. Please use 'max_active_tis_per_dag'.
[2025-05-11T15:47:59.886+0000] {processor.py:840} INFO - DAG(s) 'raw_to_staging_dag' retrieved from /opt/airflow/dags/raw_to_staging_dag.py
[2025-05-11T15:47:59.916+0000] {logging_mixin.py:188} INFO - [2025-05-11T15:47:59.916+0000] {dag.py:3036} INFO - Sync 1 DAGs
[2025-05-11T15:47:59.935+0000] {logging_mixin.py:188} INFO - [2025-05-11T15:47:59.935+0000] {dag.py:3823} INFO - Setting next_dagrun for raw_to_staging_dag to 2025-05-11 00:00:00+00:00, run_after=2025-05-12 00:00:00+00:00
[2025-05-11T15:47:59.945+0000] {processor.py:183} INFO - Processing /opt/airflow/dags/raw_to_staging_dag.py took 0.115 seconds
[2025-05-11T15:48:30.312+0000] {processor.py:161} INFO - Started process (PID=7049) to work on /opt/airflow/dags/raw_to_staging_dag.py
[2025-05-11T15:48:30.314+0000] {processor.py:830} INFO - Processing file /opt/airflow/dags/raw_to_staging_dag.py for tasks to queue
[2025-05-11T15:48:30.315+0000] {logging_mixin.py:188} INFO - [2025-05-11T15:48:30.315+0000] {dagbag.py:538} INFO - Filling up the DagBag from /opt/airflow/dags/raw_to_staging_dag.py
[2025-05-11T15:48:30.338+0000] {logging_mixin.py:188} WARNING - /home/airflow/.local/lib/python3.8/site-packages/airflow/providers/common/sql/operators/sql.py:139 RemovedInAirflow3Warning: The 'task_concurrency' parameter is deprecated. Please use 'max_active_tis_per_dag'.
[2025-05-11T15:48:30.353+0000] {processor.py:840} INFO - DAG(s) 'raw_to_staging_dag' retrieved from /opt/airflow/dags/raw_to_staging_dag.py
[2025-05-11T15:48:30.382+0000] {logging_mixin.py:188} INFO - [2025-05-11T15:48:30.382+0000] {dag.py:3036} INFO - Sync 1 DAGs
[2025-05-11T15:48:30.398+0000] {logging_mixin.py:188} INFO - [2025-05-11T15:48:30.397+0000] {dag.py:3823} INFO - Setting next_dagrun for raw_to_staging_dag to 2025-05-11 00:00:00+00:00, run_after=2025-05-12 00:00:00+00:00
[2025-05-11T15:48:30.407+0000] {processor.py:183} INFO - Processing /opt/airflow/dags/raw_to_staging_dag.py took 0.106 seconds
[2025-05-11T15:49:00.714+0000] {processor.py:161} INFO - Started process (PID=7054) to work on /opt/airflow/dags/raw_to_staging_dag.py
[2025-05-11T15:49:00.717+0000] {processor.py:830} INFO - Processing file /opt/airflow/dags/raw_to_staging_dag.py for tasks to queue
[2025-05-11T15:49:00.719+0000] {logging_mixin.py:188} INFO - [2025-05-11T15:49:00.718+0000] {dagbag.py:538} INFO - Filling up the DagBag from /opt/airflow/dags/raw_to_staging_dag.py
[2025-05-11T15:49:00.748+0000] {logging_mixin.py:188} WARNING - /home/airflow/.local/lib/python3.8/site-packages/airflow/providers/common/sql/operators/sql.py:139 RemovedInAirflow3Warning: The 'task_concurrency' parameter is deprecated. Please use 'max_active_tis_per_dag'.
[2025-05-11T15:49:00.765+0000] {processor.py:840} INFO - DAG(s) 'raw_to_staging_dag' retrieved from /opt/airflow/dags/raw_to_staging_dag.py
[2025-05-11T15:49:00.798+0000] {logging_mixin.py:188} INFO - [2025-05-11T15:49:00.798+0000] {dag.py:3036} INFO - Sync 1 DAGs
[2025-05-11T15:49:00.819+0000] {logging_mixin.py:188} INFO - [2025-05-11T15:49:00.819+0000] {dag.py:3823} INFO - Setting next_dagrun for raw_to_staging_dag to 2025-05-11 00:00:00+00:00, run_after=2025-05-12 00:00:00+00:00
[2025-05-11T15:49:00.830+0000] {processor.py:183} INFO - Processing /opt/airflow/dags/raw_to_staging_dag.py took 0.121 seconds
[2025-05-11T15:49:31.061+0000] {processor.py:161} INFO - Started process (PID=7059) to work on /opt/airflow/dags/raw_to_staging_dag.py
[2025-05-11T15:49:31.064+0000] {processor.py:830} INFO - Processing file /opt/airflow/dags/raw_to_staging_dag.py for tasks to queue
[2025-05-11T15:49:31.065+0000] {logging_mixin.py:188} INFO - [2025-05-11T15:49:31.064+0000] {dagbag.py:538} INFO - Filling up the DagBag from /opt/airflow/dags/raw_to_staging_dag.py
[2025-05-11T15:49:31.086+0000] {logging_mixin.py:188} WARNING - /home/airflow/.local/lib/python3.8/site-packages/airflow/providers/common/sql/operators/sql.py:139 RemovedInAirflow3Warning: The 'task_concurrency' parameter is deprecated. Please use 'max_active_tis_per_dag'.
[2025-05-11T15:49:31.106+0000] {processor.py:840} INFO - DAG(s) 'raw_to_staging_dag' retrieved from /opt/airflow/dags/raw_to_staging_dag.py
[2025-05-11T15:49:31.143+0000] {logging_mixin.py:188} INFO - [2025-05-11T15:49:31.142+0000] {dag.py:3036} INFO - Sync 1 DAGs
[2025-05-11T15:49:31.160+0000] {logging_mixin.py:188} INFO - [2025-05-11T15:49:31.160+0000] {dag.py:3823} INFO - Setting next_dagrun for raw_to_staging_dag to 2025-05-11 00:00:00+00:00, run_after=2025-05-12 00:00:00+00:00
[2025-05-11T15:49:31.171+0000] {processor.py:183} INFO - Processing /opt/airflow/dags/raw_to_staging_dag.py took 0.120 seconds
[2025-05-11T15:50:01.514+0000] {processor.py:161} INFO - Started process (PID=7064) to work on /opt/airflow/dags/raw_to_staging_dag.py
[2025-05-11T15:50:01.515+0000] {processor.py:830} INFO - Processing file /opt/airflow/dags/raw_to_staging_dag.py for tasks to queue
[2025-05-11T15:50:01.517+0000] {logging_mixin.py:188} INFO - [2025-05-11T15:50:01.516+0000] {dagbag.py:538} INFO - Filling up the DagBag from /opt/airflow/dags/raw_to_staging_dag.py
[2025-05-11T15:50:01.546+0000] {logging_mixin.py:188} WARNING - /home/airflow/.local/lib/python3.8/site-packages/airflow/providers/common/sql/operators/sql.py:139 RemovedInAirflow3Warning: The 'task_concurrency' parameter is deprecated. Please use 'max_active_tis_per_dag'.
[2025-05-11T15:50:01.564+0000] {processor.py:840} INFO - DAG(s) 'raw_to_staging_dag' retrieved from /opt/airflow/dags/raw_to_staging_dag.py
[2025-05-11T15:50:01.596+0000] {logging_mixin.py:188} INFO - [2025-05-11T15:50:01.596+0000] {dag.py:3036} INFO - Sync 1 DAGs
[2025-05-11T15:50:01.612+0000] {logging_mixin.py:188} INFO - [2025-05-11T15:50:01.612+0000] {dag.py:3823} INFO - Setting next_dagrun for raw_to_staging_dag to 2025-05-11 00:00:00+00:00, run_after=2025-05-12 00:00:00+00:00
[2025-05-11T15:50:01.622+0000] {processor.py:183} INFO - Processing /opt/airflow/dags/raw_to_staging_dag.py took 0.114 seconds
[2025-05-11T15:50:31.976+0000] {processor.py:161} INFO - Started process (PID=7069) to work on /opt/airflow/dags/raw_to_staging_dag.py
[2025-05-11T15:50:31.979+0000] {processor.py:830} INFO - Processing file /opt/airflow/dags/raw_to_staging_dag.py for tasks to queue
[2025-05-11T15:50:31.981+0000] {logging_mixin.py:188} INFO - [2025-05-11T15:50:31.980+0000] {dagbag.py:538} INFO - Filling up the DagBag from /opt/airflow/dags/raw_to_staging_dag.py
[2025-05-11T15:50:32.011+0000] {logging_mixin.py:188} WARNING - /home/airflow/.local/lib/python3.8/site-packages/airflow/providers/common/sql/operators/sql.py:139 RemovedInAirflow3Warning: The 'task_concurrency' parameter is deprecated. Please use 'max_active_tis_per_dag'.
[2025-05-11T15:50:32.029+0000] {processor.py:840} INFO - DAG(s) 'raw_to_staging_dag' retrieved from /opt/airflow/dags/raw_to_staging_dag.py
[2025-05-11T15:50:32.063+0000] {logging_mixin.py:188} INFO - [2025-05-11T15:50:32.063+0000] {dag.py:3036} INFO - Sync 1 DAGs
[2025-05-11T15:50:32.083+0000] {logging_mixin.py:188} INFO - [2025-05-11T15:50:32.083+0000] {dag.py:3823} INFO - Setting next_dagrun for raw_to_staging_dag to 2025-05-11 00:00:00+00:00, run_after=2025-05-12 00:00:00+00:00
[2025-05-11T15:50:32.094+0000] {processor.py:183} INFO - Processing /opt/airflow/dags/raw_to_staging_dag.py took 0.129 seconds
[2025-05-11T15:51:02.441+0000] {processor.py:161} INFO - Started process (PID=7074) to work on /opt/airflow/dags/raw_to_staging_dag.py
[2025-05-11T15:51:02.443+0000] {processor.py:830} INFO - Processing file /opt/airflow/dags/raw_to_staging_dag.py for tasks to queue
[2025-05-11T15:51:02.445+0000] {logging_mixin.py:188} INFO - [2025-05-11T15:51:02.444+0000] {dagbag.py:538} INFO - Filling up the DagBag from /opt/airflow/dags/raw_to_staging_dag.py
[2025-05-11T15:51:02.467+0000] {logging_mixin.py:188} WARNING - /home/airflow/.local/lib/python3.8/site-packages/airflow/providers/common/sql/operators/sql.py:139 RemovedInAirflow3Warning: The 'task_concurrency' parameter is deprecated. Please use 'max_active_tis_per_dag'.
[2025-05-11T15:51:02.484+0000] {processor.py:840} INFO - DAG(s) 'raw_to_staging_dag' retrieved from /opt/airflow/dags/raw_to_staging_dag.py
[2025-05-11T15:51:02.518+0000] {logging_mixin.py:188} INFO - [2025-05-11T15:51:02.518+0000] {dag.py:3036} INFO - Sync 1 DAGs
[2025-05-11T15:51:02.536+0000] {logging_mixin.py:188} INFO - [2025-05-11T15:51:02.536+0000] {dag.py:3823} INFO - Setting next_dagrun for raw_to_staging_dag to 2025-05-11 00:00:00+00:00, run_after=2025-05-12 00:00:00+00:00
[2025-05-11T15:51:02.546+0000] {processor.py:183} INFO - Processing /opt/airflow/dags/raw_to_staging_dag.py took 0.111 seconds
[2025-05-11T15:51:32.824+0000] {processor.py:161} INFO - Started process (PID=7079) to work on /opt/airflow/dags/raw_to_staging_dag.py
[2025-05-11T15:51:32.825+0000] {processor.py:830} INFO - Processing file /opt/airflow/dags/raw_to_staging_dag.py for tasks to queue
[2025-05-11T15:51:32.827+0000] {logging_mixin.py:188} INFO - [2025-05-11T15:51:32.826+0000] {dagbag.py:538} INFO - Filling up the DagBag from /opt/airflow/dags/raw_to_staging_dag.py
[2025-05-11T15:51:32.846+0000] {logging_mixin.py:188} WARNING - /home/airflow/.local/lib/python3.8/site-packages/airflow/providers/common/sql/operators/sql.py:139 RemovedInAirflow3Warning: The 'task_concurrency' parameter is deprecated. Please use 'max_active_tis_per_dag'.
[2025-05-11T15:51:32.858+0000] {processor.py:840} INFO - DAG(s) 'raw_to_staging_dag' retrieved from /opt/airflow/dags/raw_to_staging_dag.py
[2025-05-11T15:51:32.895+0000] {logging_mixin.py:188} INFO - [2025-05-11T15:51:32.894+0000] {dag.py:3036} INFO - Sync 1 DAGs
[2025-05-11T15:51:32.915+0000] {logging_mixin.py:188} INFO - [2025-05-11T15:51:32.915+0000] {dag.py:3823} INFO - Setting next_dagrun for raw_to_staging_dag to 2025-05-11 00:00:00+00:00, run_after=2025-05-12 00:00:00+00:00
[2025-05-11T15:51:32.925+0000] {processor.py:183} INFO - Processing /opt/airflow/dags/raw_to_staging_dag.py took 0.116 seconds
[2025-05-11T15:52:03.374+0000] {processor.py:161} INFO - Started process (PID=7084) to work on /opt/airflow/dags/raw_to_staging_dag.py
[2025-05-11T15:52:03.375+0000] {processor.py:830} INFO - Processing file /opt/airflow/dags/raw_to_staging_dag.py for tasks to queue
[2025-05-11T15:52:03.376+0000] {logging_mixin.py:188} INFO - [2025-05-11T15:52:03.376+0000] {dagbag.py:538} INFO - Filling up the DagBag from /opt/airflow/dags/raw_to_staging_dag.py
[2025-05-11T15:52:03.394+0000] {logging_mixin.py:188} WARNING - /home/airflow/.local/lib/python3.8/site-packages/airflow/providers/common/sql/operators/sql.py:139 RemovedInAirflow3Warning: The 'task_concurrency' parameter is deprecated. Please use 'max_active_tis_per_dag'.
[2025-05-11T15:52:03.412+0000] {processor.py:840} INFO - DAG(s) 'raw_to_staging_dag' retrieved from /opt/airflow/dags/raw_to_staging_dag.py
[2025-05-11T15:52:03.453+0000] {logging_mixin.py:188} INFO - [2025-05-11T15:52:03.453+0000] {dag.py:3036} INFO - Sync 1 DAGs
[2025-05-11T15:52:03.473+0000] {logging_mixin.py:188} INFO - [2025-05-11T15:52:03.473+0000] {dag.py:3823} INFO - Setting next_dagrun for raw_to_staging_dag to 2025-05-11 00:00:00+00:00, run_after=2025-05-12 00:00:00+00:00
[2025-05-11T15:52:03.485+0000] {processor.py:183} INFO - Processing /opt/airflow/dags/raw_to_staging_dag.py took 0.116 seconds
[2025-05-11T15:52:33.723+0000] {processor.py:161} INFO - Started process (PID=7089) to work on /opt/airflow/dags/raw_to_staging_dag.py
[2025-05-11T15:52:33.727+0000] {processor.py:830} INFO - Processing file /opt/airflow/dags/raw_to_staging_dag.py for tasks to queue
[2025-05-11T15:52:33.729+0000] {logging_mixin.py:188} INFO - [2025-05-11T15:52:33.728+0000] {dagbag.py:538} INFO - Filling up the DagBag from /opt/airflow/dags/raw_to_staging_dag.py
[2025-05-11T15:52:33.745+0000] {logging_mixin.py:188} WARNING - /home/airflow/.local/lib/python3.8/site-packages/airflow/providers/common/sql/operators/sql.py:139 RemovedInAirflow3Warning: The 'task_concurrency' parameter is deprecated. Please use 'max_active_tis_per_dag'.
[2025-05-11T15:52:33.760+0000] {processor.py:840} INFO - DAG(s) 'raw_to_staging_dag' retrieved from /opt/airflow/dags/raw_to_staging_dag.py
[2025-05-11T15:52:33.795+0000] {logging_mixin.py:188} INFO - [2025-05-11T15:52:33.795+0000] {dag.py:3036} INFO - Sync 1 DAGs
[2025-05-11T15:52:33.813+0000] {logging_mixin.py:188} INFO - [2025-05-11T15:52:33.812+0000] {dag.py:3823} INFO - Setting next_dagrun for raw_to_staging_dag to 2025-05-11 00:00:00+00:00, run_after=2025-05-12 00:00:00+00:00
[2025-05-11T15:52:33.823+0000] {processor.py:183} INFO - Processing /opt/airflow/dags/raw_to_staging_dag.py took 0.106 seconds
[2025-05-11T15:53:04.125+0000] {processor.py:161} INFO - Started process (PID=7094) to work on /opt/airflow/dags/raw_to_staging_dag.py
[2025-05-11T15:53:04.128+0000] {processor.py:830} INFO - Processing file /opt/airflow/dags/raw_to_staging_dag.py for tasks to queue
[2025-05-11T15:53:04.129+0000] {logging_mixin.py:188} INFO - [2025-05-11T15:53:04.128+0000] {dagbag.py:538} INFO - Filling up the DagBag from /opt/airflow/dags/raw_to_staging_dag.py
[2025-05-11T15:53:04.151+0000] {logging_mixin.py:188} WARNING - /home/airflow/.local/lib/python3.8/site-packages/airflow/providers/common/sql/operators/sql.py:139 RemovedInAirflow3Warning: The 'task_concurrency' parameter is deprecated. Please use 'max_active_tis_per_dag'.
[2025-05-11T15:53:04.171+0000] {processor.py:840} INFO - DAG(s) 'raw_to_staging_dag' retrieved from /opt/airflow/dags/raw_to_staging_dag.py
[2025-05-11T15:53:04.208+0000] {logging_mixin.py:188} INFO - [2025-05-11T15:53:04.208+0000] {dag.py:3036} INFO - Sync 1 DAGs
[2025-05-11T15:53:04.228+0000] {logging_mixin.py:188} INFO - [2025-05-11T15:53:04.228+0000] {dag.py:3823} INFO - Setting next_dagrun for raw_to_staging_dag to 2025-05-11 00:00:00+00:00, run_after=2025-05-12 00:00:00+00:00
[2025-05-11T15:53:04.237+0000] {processor.py:183} INFO - Processing /opt/airflow/dags/raw_to_staging_dag.py took 0.120 seconds
[2025-05-11T15:53:34.542+0000] {processor.py:161} INFO - Started process (PID=7099) to work on /opt/airflow/dags/raw_to_staging_dag.py
[2025-05-11T15:53:34.544+0000] {processor.py:830} INFO - Processing file /opt/airflow/dags/raw_to_staging_dag.py for tasks to queue
[2025-05-11T15:53:34.545+0000] {logging_mixin.py:188} INFO - [2025-05-11T15:53:34.544+0000] {dagbag.py:538} INFO - Filling up the DagBag from /opt/airflow/dags/raw_to_staging_dag.py
[2025-05-11T15:53:34.561+0000] {logging_mixin.py:188} WARNING - /home/airflow/.local/lib/python3.8/site-packages/airflow/providers/common/sql/operators/sql.py:139 RemovedInAirflow3Warning: The 'task_concurrency' parameter is deprecated. Please use 'max_active_tis_per_dag'.
[2025-05-11T15:53:34.577+0000] {processor.py:840} INFO - DAG(s) 'raw_to_staging_dag' retrieved from /opt/airflow/dags/raw_to_staging_dag.py
[2025-05-11T15:53:34.618+0000] {logging_mixin.py:188} INFO - [2025-05-11T15:53:34.618+0000] {dag.py:3036} INFO - Sync 1 DAGs
[2025-05-11T15:53:34.645+0000] {logging_mixin.py:188} INFO - [2025-05-11T15:53:34.645+0000] {dag.py:3823} INFO - Setting next_dagrun for raw_to_staging_dag to 2025-05-11 00:00:00+00:00, run_after=2025-05-12 00:00:00+00:00
[2025-05-11T15:53:34.656+0000] {processor.py:183} INFO - Processing /opt/airflow/dags/raw_to_staging_dag.py took 0.120 seconds
[2025-05-11T15:54:04.902+0000] {processor.py:161} INFO - Started process (PID=7104) to work on /opt/airflow/dags/raw_to_staging_dag.py
[2025-05-11T15:54:04.903+0000] {processor.py:830} INFO - Processing file /opt/airflow/dags/raw_to_staging_dag.py for tasks to queue
[2025-05-11T15:54:04.905+0000] {logging_mixin.py:188} INFO - [2025-05-11T15:54:04.904+0000] {dagbag.py:538} INFO - Filling up the DagBag from /opt/airflow/dags/raw_to_staging_dag.py
[2025-05-11T15:54:04.926+0000] {logging_mixin.py:188} WARNING - /home/airflow/.local/lib/python3.8/site-packages/airflow/providers/common/sql/operators/sql.py:139 RemovedInAirflow3Warning: The 'task_concurrency' parameter is deprecated. Please use 'max_active_tis_per_dag'.
[2025-05-11T15:54:04.948+0000] {processor.py:840} INFO - DAG(s) 'raw_to_staging_dag' retrieved from /opt/airflow/dags/raw_to_staging_dag.py
[2025-05-11T15:54:04.982+0000] {logging_mixin.py:188} INFO - [2025-05-11T15:54:04.982+0000] {dag.py:3036} INFO - Sync 1 DAGs
[2025-05-11T15:54:05.005+0000] {logging_mixin.py:188} INFO - [2025-05-11T15:54:05.005+0000] {dag.py:3823} INFO - Setting next_dagrun for raw_to_staging_dag to 2025-05-11 00:00:00+00:00, run_after=2025-05-12 00:00:00+00:00
[2025-05-11T15:54:05.017+0000] {processor.py:183} INFO - Processing /opt/airflow/dags/raw_to_staging_dag.py took 0.121 seconds
[2025-05-11T15:54:35.377+0000] {processor.py:161} INFO - Started process (PID=7109) to work on /opt/airflow/dags/raw_to_staging_dag.py
[2025-05-11T15:54:35.379+0000] {processor.py:830} INFO - Processing file /opt/airflow/dags/raw_to_staging_dag.py for tasks to queue
[2025-05-11T15:54:35.380+0000] {logging_mixin.py:188} INFO - [2025-05-11T15:54:35.380+0000] {dagbag.py:538} INFO - Filling up the DagBag from /opt/airflow/dags/raw_to_staging_dag.py
[2025-05-11T15:54:35.408+0000] {logging_mixin.py:188} WARNING - /home/airflow/.local/lib/python3.8/site-packages/airflow/providers/common/sql/operators/sql.py:139 RemovedInAirflow3Warning: The 'task_concurrency' parameter is deprecated. Please use 'max_active_tis_per_dag'.
[2025-05-11T15:54:35.428+0000] {processor.py:840} INFO - DAG(s) 'raw_to_staging_dag' retrieved from /opt/airflow/dags/raw_to_staging_dag.py
[2025-05-11T15:54:35.459+0000] {logging_mixin.py:188} INFO - [2025-05-11T15:54:35.459+0000] {dag.py:3036} INFO - Sync 1 DAGs
[2025-05-11T15:54:35.482+0000] {logging_mixin.py:188} INFO - [2025-05-11T15:54:35.482+0000] {dag.py:3823} INFO - Setting next_dagrun for raw_to_staging_dag to 2025-05-11 00:00:00+00:00, run_after=2025-05-12 00:00:00+00:00
[2025-05-11T15:54:35.492+0000] {processor.py:183} INFO - Processing /opt/airflow/dags/raw_to_staging_dag.py took 0.121 seconds
[2025-05-11T15:55:05.752+0000] {processor.py:161} INFO - Started process (PID=7114) to work on /opt/airflow/dags/raw_to_staging_dag.py
[2025-05-11T15:55:05.755+0000] {processor.py:830} INFO - Processing file /opt/airflow/dags/raw_to_staging_dag.py for tasks to queue
[2025-05-11T15:55:05.757+0000] {logging_mixin.py:188} INFO - [2025-05-11T15:55:05.756+0000] {dagbag.py:538} INFO - Filling up the DagBag from /opt/airflow/dags/raw_to_staging_dag.py
[2025-05-11T15:55:05.786+0000] {logging_mixin.py:188} WARNING - /home/airflow/.local/lib/python3.8/site-packages/airflow/providers/common/sql/operators/sql.py:139 RemovedInAirflow3Warning: The 'task_concurrency' parameter is deprecated. Please use 'max_active_tis_per_dag'.
[2025-05-11T15:55:05.808+0000] {processor.py:840} INFO - DAG(s) 'raw_to_staging_dag' retrieved from /opt/airflow/dags/raw_to_staging_dag.py
[2025-05-11T15:55:05.846+0000] {logging_mixin.py:188} INFO - [2025-05-11T15:55:05.846+0000] {dag.py:3036} INFO - Sync 1 DAGs
[2025-05-11T15:55:05.863+0000] {logging_mixin.py:188} INFO - [2025-05-11T15:55:05.862+0000] {dag.py:3823} INFO - Setting next_dagrun for raw_to_staging_dag to 2025-05-11 00:00:00+00:00, run_after=2025-05-12 00:00:00+00:00
[2025-05-11T15:55:05.873+0000] {processor.py:183} INFO - Processing /opt/airflow/dags/raw_to_staging_dag.py took 0.134 seconds
[2025-05-11T15:55:36.159+0000] {processor.py:161} INFO - Started process (PID=7119) to work on /opt/airflow/dags/raw_to_staging_dag.py
[2025-05-11T15:55:36.162+0000] {processor.py:830} INFO - Processing file /opt/airflow/dags/raw_to_staging_dag.py for tasks to queue
[2025-05-11T15:55:36.163+0000] {logging_mixin.py:188} INFO - [2025-05-11T15:55:36.163+0000] {dagbag.py:538} INFO - Filling up the DagBag from /opt/airflow/dags/raw_to_staging_dag.py
[2025-05-11T15:55:36.194+0000] {logging_mixin.py:188} WARNING - /home/airflow/.local/lib/python3.8/site-packages/airflow/providers/common/sql/operators/sql.py:139 RemovedInAirflow3Warning: The 'task_concurrency' parameter is deprecated. Please use 'max_active_tis_per_dag'.
[2025-05-11T15:55:36.213+0000] {processor.py:840} INFO - DAG(s) 'raw_to_staging_dag' retrieved from /opt/airflow/dags/raw_to_staging_dag.py
[2025-05-11T15:55:36.246+0000] {logging_mixin.py:188} INFO - [2025-05-11T15:55:36.246+0000] {dag.py:3036} INFO - Sync 1 DAGs
[2025-05-11T15:55:36.262+0000] {logging_mixin.py:188} INFO - [2025-05-11T15:55:36.262+0000] {dag.py:3823} INFO - Setting next_dagrun for raw_to_staging_dag to 2025-05-11 00:00:00+00:00, run_after=2025-05-12 00:00:00+00:00
[2025-05-11T15:55:36.276+0000] {processor.py:183} INFO - Processing /opt/airflow/dags/raw_to_staging_dag.py took 0.122 seconds
[2025-05-11T15:56:06.568+0000] {processor.py:161} INFO - Started process (PID=7124) to work on /opt/airflow/dags/raw_to_staging_dag.py
[2025-05-11T15:56:06.573+0000] {processor.py:830} INFO - Processing file /opt/airflow/dags/raw_to_staging_dag.py for tasks to queue
[2025-05-11T15:56:06.574+0000] {logging_mixin.py:188} INFO - [2025-05-11T15:56:06.574+0000] {dagbag.py:538} INFO - Filling up the DagBag from /opt/airflow/dags/raw_to_staging_dag.py
[2025-05-11T15:56:06.591+0000] {logging_mixin.py:188} WARNING - /home/airflow/.local/lib/python3.8/site-packages/airflow/providers/common/sql/operators/sql.py:139 RemovedInAirflow3Warning: The 'task_concurrency' parameter is deprecated. Please use 'max_active_tis_per_dag'.
[2025-05-11T15:56:06.609+0000] {processor.py:840} INFO - DAG(s) 'raw_to_staging_dag' retrieved from /opt/airflow/dags/raw_to_staging_dag.py
[2025-05-11T15:56:06.646+0000] {logging_mixin.py:188} INFO - [2025-05-11T15:56:06.646+0000] {dag.py:3036} INFO - Sync 1 DAGs
[2025-05-11T15:56:06.666+0000] {logging_mixin.py:188} INFO - [2025-05-11T15:56:06.666+0000] {dag.py:3823} INFO - Setting next_dagrun for raw_to_staging_dag to 2025-05-11 00:00:00+00:00, run_after=2025-05-12 00:00:00+00:00
[2025-05-11T15:56:06.676+0000] {processor.py:183} INFO - Processing /opt/airflow/dags/raw_to_staging_dag.py took 0.116 seconds
[2025-05-11T16:28:46.042+0000] {processor.py:161} INFO - Started process (PID=7129) to work on /opt/airflow/dags/raw_to_staging_dag.py
[2025-05-11T16:28:46.044+0000] {processor.py:830} INFO - Processing file /opt/airflow/dags/raw_to_staging_dag.py for tasks to queue
[2025-05-11T16:28:46.044+0000] {logging_mixin.py:188} INFO - [2025-05-11T16:28:46.044+0000] {dagbag.py:538} INFO - Filling up the DagBag from /opt/airflow/dags/raw_to_staging_dag.py
[2025-05-11T16:28:46.060+0000] {logging_mixin.py:188} WARNING - /home/airflow/.local/lib/python3.8/site-packages/airflow/providers/common/sql/operators/sql.py:139 RemovedInAirflow3Warning: The 'task_concurrency' parameter is deprecated. Please use 'max_active_tis_per_dag'.
[2025-05-11T16:28:46.071+0000] {processor.py:840} INFO - DAG(s) 'raw_to_staging_dag' retrieved from /opt/airflow/dags/raw_to_staging_dag.py
[2025-05-11T16:28:46.099+0000] {logging_mixin.py:188} INFO - [2025-05-11T16:28:46.099+0000] {dag.py:3036} INFO - Sync 1 DAGs
[2025-05-11T16:28:46.119+0000] {logging_mixin.py:188} INFO - [2025-05-11T16:28:46.119+0000] {dag.py:3823} INFO - Setting next_dagrun for raw_to_staging_dag to 2025-05-11 00:00:00+00:00, run_after=2025-05-12 00:00:00+00:00
[2025-05-11T16:28:46.129+0000] {processor.py:183} INFO - Processing /opt/airflow/dags/raw_to_staging_dag.py took 0.091 seconds
[2025-05-11T16:29:17.383+0000] {processor.py:161} INFO - Started process (PID=7136) to work on /opt/airflow/dags/raw_to_staging_dag.py
[2025-05-11T16:29:17.385+0000] {processor.py:830} INFO - Processing file /opt/airflow/dags/raw_to_staging_dag.py for tasks to queue
[2025-05-11T16:29:17.386+0000] {logging_mixin.py:188} INFO - [2025-05-11T16:29:17.385+0000] {dagbag.py:538} INFO - Filling up the DagBag from /opt/airflow/dags/raw_to_staging_dag.py
[2025-05-11T16:29:17.405+0000] {logging_mixin.py:188} WARNING - /home/airflow/.local/lib/python3.8/site-packages/airflow/providers/common/sql/operators/sql.py:139 RemovedInAirflow3Warning: The 'task_concurrency' parameter is deprecated. Please use 'max_active_tis_per_dag'.
[2025-05-11T16:29:17.417+0000] {processor.py:840} INFO - DAG(s) 'raw_to_staging_dag' retrieved from /opt/airflow/dags/raw_to_staging_dag.py
[2025-05-11T16:29:17.442+0000] {logging_mixin.py:188} INFO - [2025-05-11T16:29:17.442+0000] {dag.py:3036} INFO - Sync 1 DAGs
[2025-05-11T16:29:17.456+0000] {logging_mixin.py:188} INFO - [2025-05-11T16:29:17.455+0000] {dag.py:3823} INFO - Setting next_dagrun for raw_to_staging_dag to 2025-05-11 00:00:00+00:00, run_after=2025-05-12 00:00:00+00:00
[2025-05-11T16:29:17.464+0000] {processor.py:183} INFO - Processing /opt/airflow/dags/raw_to_staging_dag.py took 0.088 seconds
[2025-05-11T17:03:08.932+0000] {processor.py:161} INFO - Started process (PID=7141) to work on /opt/airflow/dags/raw_to_staging_dag.py
[2025-05-11T17:03:08.932+0000] {processor.py:830} INFO - Processing file /opt/airflow/dags/raw_to_staging_dag.py for tasks to queue
[2025-05-11T17:03:08.933+0000] {logging_mixin.py:188} INFO - [2025-05-11T17:03:08.933+0000] {dagbag.py:538} INFO - Filling up the DagBag from /opt/airflow/dags/raw_to_staging_dag.py
[2025-05-11T17:03:08.952+0000] {logging_mixin.py:188} WARNING - /home/airflow/.local/lib/python3.8/site-packages/airflow/providers/common/sql/operators/sql.py:139 RemovedInAirflow3Warning: The 'task_concurrency' parameter is deprecated. Please use 'max_active_tis_per_dag'.
[2025-05-11T17:03:08.966+0000] {processor.py:840} INFO - DAG(s) 'raw_to_staging_dag' retrieved from /opt/airflow/dags/raw_to_staging_dag.py
[2025-05-11T17:03:09.023+0000] {logging_mixin.py:188} INFO - [2025-05-11T17:03:09.022+0000] {dag.py:3036} INFO - Sync 1 DAGs
[2025-05-11T17:03:09.047+0000] {logging_mixin.py:188} INFO - [2025-05-11T17:03:09.047+0000] {dag.py:3823} INFO - Setting next_dagrun for raw_to_staging_dag to 2025-05-11 00:00:00+00:00, run_after=2025-05-12 00:00:00+00:00
[2025-05-11T17:03:09.056+0000] {processor.py:183} INFO - Processing /opt/airflow/dags/raw_to_staging_dag.py took 0.131 seconds
[2025-05-11T17:38:00.104+0000] {processor.py:161} INFO - Started process (PID=7148) to work on /opt/airflow/dags/raw_to_staging_dag.py
[2025-05-11T17:38:00.106+0000] {processor.py:830} INFO - Processing file /opt/airflow/dags/raw_to_staging_dag.py for tasks to queue
[2025-05-11T17:38:00.107+0000] {logging_mixin.py:188} INFO - [2025-05-11T17:38:00.107+0000] {dagbag.py:538} INFO - Filling up the DagBag from /opt/airflow/dags/raw_to_staging_dag.py
[2025-05-11T17:38:00.124+0000] {logging_mixin.py:188} WARNING - /home/airflow/.local/lib/python3.8/site-packages/airflow/providers/common/sql/operators/sql.py:139 RemovedInAirflow3Warning: The 'task_concurrency' parameter is deprecated. Please use 'max_active_tis_per_dag'.
[2025-05-11T17:38:00.138+0000] {processor.py:840} INFO - DAG(s) 'raw_to_staging_dag' retrieved from /opt/airflow/dags/raw_to_staging_dag.py
[2025-05-11T17:38:00.162+0000] {logging_mixin.py:188} INFO - [2025-05-11T17:38:00.162+0000] {dag.py:3036} INFO - Sync 1 DAGs
[2025-05-11T17:38:00.178+0000] {logging_mixin.py:188} INFO - [2025-05-11T17:38:00.178+0000] {dag.py:3823} INFO - Setting next_dagrun for raw_to_staging_dag to 2025-05-11 00:00:00+00:00, run_after=2025-05-12 00:00:00+00:00
[2025-05-11T17:38:00.187+0000] {processor.py:183} INFO - Processing /opt/airflow/dags/raw_to_staging_dag.py took 0.089 seconds
[2025-05-11T18:16:23.335+0000] {processor.py:161} INFO - Started process (PID=7153) to work on /opt/airflow/dags/raw_to_staging_dag.py
[2025-05-11T18:16:23.336+0000] {processor.py:830} INFO - Processing file /opt/airflow/dags/raw_to_staging_dag.py for tasks to queue
[2025-05-11T18:16:23.337+0000] {logging_mixin.py:188} INFO - [2025-05-11T18:16:23.337+0000] {dagbag.py:538} INFO - Filling up the DagBag from /opt/airflow/dags/raw_to_staging_dag.py
[2025-05-11T18:16:23.360+0000] {logging_mixin.py:188} WARNING - /home/airflow/.local/lib/python3.8/site-packages/airflow/providers/common/sql/operators/sql.py:139 RemovedInAirflow3Warning: The 'task_concurrency' parameter is deprecated. Please use 'max_active_tis_per_dag'.
[2025-05-11T18:16:23.414+0000] {processor.py:840} INFO - DAG(s) 'raw_to_staging_dag' retrieved from /opt/airflow/dags/raw_to_staging_dag.py
[2025-05-11T18:16:23.537+0000] {logging_mixin.py:188} INFO - [2025-05-11T18:16:23.536+0000] {dag.py:3036} INFO - Sync 1 DAGs
[2025-05-11T18:16:23.574+0000] {logging_mixin.py:188} INFO - [2025-05-11T18:16:23.573+0000] {dag.py:3823} INFO - Setting next_dagrun for raw_to_staging_dag to 2025-05-11 00:00:00+00:00, run_after=2025-05-12 00:00:00+00:00
[2025-05-11T18:16:23.601+0000] {processor.py:183} INFO - Processing /opt/airflow/dags/raw_to_staging_dag.py took 0.283 seconds
[2025-05-11T18:33:22.814+0000] {processor.py:161} INFO - Started process (PID=7158) to work on /opt/airflow/dags/raw_to_staging_dag.py
[2025-05-11T18:33:22.816+0000] {processor.py:830} INFO - Processing file /opt/airflow/dags/raw_to_staging_dag.py for tasks to queue
[2025-05-11T18:33:22.817+0000] {logging_mixin.py:188} INFO - [2025-05-11T18:33:22.817+0000] {dagbag.py:538} INFO - Filling up the DagBag from /opt/airflow/dags/raw_to_staging_dag.py
[2025-05-11T18:33:22.836+0000] {logging_mixin.py:188} WARNING - /home/airflow/.local/lib/python3.8/site-packages/airflow/providers/common/sql/operators/sql.py:139 RemovedInAirflow3Warning: The 'task_concurrency' parameter is deprecated. Please use 'max_active_tis_per_dag'.
[2025-05-11T18:33:22.850+0000] {processor.py:840} INFO - DAG(s) 'raw_to_staging_dag' retrieved from /opt/airflow/dags/raw_to_staging_dag.py
[2025-05-11T18:33:22.889+0000] {logging_mixin.py:188} INFO - [2025-05-11T18:33:22.889+0000] {dag.py:3036} INFO - Sync 1 DAGs
[2025-05-11T18:33:22.907+0000] {logging_mixin.py:188} INFO - [2025-05-11T18:33:22.907+0000] {dag.py:3823} INFO - Setting next_dagrun for raw_to_staging_dag to 2025-05-11 00:00:00+00:00, run_after=2025-05-12 00:00:00+00:00
[2025-05-11T18:33:22.916+0000] {processor.py:183} INFO - Processing /opt/airflow/dags/raw_to_staging_dag.py took 0.108 seconds
[2025-05-11T18:33:53.334+0000] {processor.py:161} INFO - Started process (PID=7163) to work on /opt/airflow/dags/raw_to_staging_dag.py
[2025-05-11T18:33:53.338+0000] {processor.py:830} INFO - Processing file /opt/airflow/dags/raw_to_staging_dag.py for tasks to queue
[2025-05-11T18:33:53.340+0000] {logging_mixin.py:188} INFO - [2025-05-11T18:33:53.339+0000] {dagbag.py:538} INFO - Filling up the DagBag from /opt/airflow/dags/raw_to_staging_dag.py
[2025-05-11T18:33:53.359+0000] {logging_mixin.py:188} WARNING - /home/airflow/.local/lib/python3.8/site-packages/airflow/providers/common/sql/operators/sql.py:139 RemovedInAirflow3Warning: The 'task_concurrency' parameter is deprecated. Please use 'max_active_tis_per_dag'.
[2025-05-11T18:33:53.370+0000] {processor.py:840} INFO - DAG(s) 'raw_to_staging_dag' retrieved from /opt/airflow/dags/raw_to_staging_dag.py
[2025-05-11T18:33:53.398+0000] {logging_mixin.py:188} INFO - [2025-05-11T18:33:53.398+0000] {dag.py:3036} INFO - Sync 1 DAGs
[2025-05-11T18:33:53.411+0000] {logging_mixin.py:188} INFO - [2025-05-11T18:33:53.411+0000] {dag.py:3823} INFO - Setting next_dagrun for raw_to_staging_dag to 2025-05-11 00:00:00+00:00, run_after=2025-05-12 00:00:00+00:00
[2025-05-11T18:33:53.420+0000] {processor.py:183} INFO - Processing /opt/airflow/dags/raw_to_staging_dag.py took 0.093 seconds
[2025-05-11T18:59:38.812+0000] {processor.py:161} INFO - Started process (PID=7168) to work on /opt/airflow/dags/raw_to_staging_dag.py
[2025-05-11T18:59:38.814+0000] {processor.py:830} INFO - Processing file /opt/airflow/dags/raw_to_staging_dag.py for tasks to queue
[2025-05-11T18:59:38.816+0000] {logging_mixin.py:188} INFO - [2025-05-11T18:59:38.816+0000] {dagbag.py:538} INFO - Filling up the DagBag from /opt/airflow/dags/raw_to_staging_dag.py
[2025-05-11T18:59:38.834+0000] {logging_mixin.py:188} WARNING - /home/airflow/.local/lib/python3.8/site-packages/airflow/providers/common/sql/operators/sql.py:139 RemovedInAirflow3Warning: The 'task_concurrency' parameter is deprecated. Please use 'max_active_tis_per_dag'.
[2025-05-11T18:59:38.850+0000] {processor.py:840} INFO - DAG(s) 'raw_to_staging_dag' retrieved from /opt/airflow/dags/raw_to_staging_dag.py
[2025-05-11T18:59:38.873+0000] {logging_mixin.py:188} INFO - [2025-05-11T18:59:38.873+0000] {dag.py:3036} INFO - Sync 1 DAGs
[2025-05-11T18:59:38.887+0000] {logging_mixin.py:188} INFO - [2025-05-11T18:59:38.887+0000] {dag.py:3823} INFO - Setting next_dagrun for raw_to_staging_dag to 2025-05-11 00:00:00+00:00, run_after=2025-05-12 00:00:00+00:00
[2025-05-11T18:59:38.895+0000] {processor.py:183} INFO - Processing /opt/airflow/dags/raw_to_staging_dag.py took 0.087 seconds
[2025-05-11T19:33:10.507+0000] {processor.py:161} INFO - Started process (PID=7175) to work on /opt/airflow/dags/raw_to_staging_dag.py
[2025-05-11T19:33:10.508+0000] {processor.py:830} INFO - Processing file /opt/airflow/dags/raw_to_staging_dag.py for tasks to queue
[2025-05-11T19:33:10.510+0000] {logging_mixin.py:188} INFO - [2025-05-11T19:33:10.509+0000] {dagbag.py:538} INFO - Filling up the DagBag from /opt/airflow/dags/raw_to_staging_dag.py
[2025-05-11T19:33:10.540+0000] {logging_mixin.py:188} WARNING - /home/airflow/.local/lib/python3.8/site-packages/airflow/providers/common/sql/operators/sql.py:139 RemovedInAirflow3Warning: The 'task_concurrency' parameter is deprecated. Please use 'max_active_tis_per_dag'.
[2025-05-11T19:33:10.569+0000] {processor.py:840} INFO - DAG(s) 'raw_to_staging_dag' retrieved from /opt/airflow/dags/raw_to_staging_dag.py
[2025-05-11T19:33:10.612+0000] {logging_mixin.py:188} INFO - [2025-05-11T19:33:10.612+0000] {dag.py:3036} INFO - Sync 1 DAGs
[2025-05-11T19:33:10.643+0000] {logging_mixin.py:188} INFO - [2025-05-11T19:33:10.643+0000] {dag.py:3823} INFO - Setting next_dagrun for raw_to_staging_dag to 2025-05-11 00:00:00+00:00, run_after=2025-05-12 00:00:00+00:00
[2025-05-11T19:33:10.672+0000] {processor.py:183} INFO - Processing /opt/airflow/dags/raw_to_staging_dag.py took 0.174 seconds
[2025-05-11T20:37:50.689+0000] {processor.py:161} INFO - Started process (PID=7180) to work on /opt/airflow/dags/raw_to_staging_dag.py
[2025-05-11T20:37:50.692+0000] {processor.py:830} INFO - Processing file /opt/airflow/dags/raw_to_staging_dag.py for tasks to queue
[2025-05-11T20:37:50.694+0000] {logging_mixin.py:188} INFO - [2025-05-11T20:37:50.693+0000] {dagbag.py:538} INFO - Filling up the DagBag from /opt/airflow/dags/raw_to_staging_dag.py
[2025-05-11T20:37:50.711+0000] {logging_mixin.py:188} WARNING - /home/airflow/.local/lib/python3.8/site-packages/airflow/providers/common/sql/operators/sql.py:139 RemovedInAirflow3Warning: The 'task_concurrency' parameter is deprecated. Please use 'max_active_tis_per_dag'.
[2025-05-11T20:37:50.729+0000] {processor.py:840} INFO - DAG(s) 'raw_to_staging_dag' retrieved from /opt/airflow/dags/raw_to_staging_dag.py
[2025-05-11T20:37:50.756+0000] {logging_mixin.py:188} INFO - [2025-05-11T20:37:50.756+0000] {dag.py:3036} INFO - Sync 1 DAGs
[2025-05-11T20:37:50.781+0000] {logging_mixin.py:188} INFO - [2025-05-11T20:37:50.781+0000] {dag.py:3823} INFO - Setting next_dagrun for raw_to_staging_dag to 2025-05-11 00:00:00+00:00, run_after=2025-05-12 00:00:00+00:00
[2025-05-11T20:37:50.791+0000] {processor.py:183} INFO - Processing /opt/airflow/dags/raw_to_staging_dag.py took 0.110 seconds
[2025-05-11T20:38:22.072+0000] {processor.py:161} INFO - Started process (PID=7185) to work on /opt/airflow/dags/raw_to_staging_dag.py
[2025-05-11T20:38:22.074+0000] {processor.py:830} INFO - Processing file /opt/airflow/dags/raw_to_staging_dag.py for tasks to queue
[2025-05-11T20:38:22.075+0000] {logging_mixin.py:188} INFO - [2025-05-11T20:38:22.075+0000] {dagbag.py:538} INFO - Filling up the DagBag from /opt/airflow/dags/raw_to_staging_dag.py
[2025-05-11T20:38:22.095+0000] {logging_mixin.py:188} WARNING - /home/airflow/.local/lib/python3.8/site-packages/airflow/providers/common/sql/operators/sql.py:139 RemovedInAirflow3Warning: The 'task_concurrency' parameter is deprecated. Please use 'max_active_tis_per_dag'.
[2025-05-11T20:38:22.109+0000] {processor.py:840} INFO - DAG(s) 'raw_to_staging_dag' retrieved from /opt/airflow/dags/raw_to_staging_dag.py
[2025-05-11T20:38:22.134+0000] {logging_mixin.py:188} INFO - [2025-05-11T20:38:22.134+0000] {dag.py:3036} INFO - Sync 1 DAGs
[2025-05-11T20:38:22.151+0000] {logging_mixin.py:188} INFO - [2025-05-11T20:38:22.150+0000] {dag.py:3823} INFO - Setting next_dagrun for raw_to_staging_dag to 2025-05-11 00:00:00+00:00, run_after=2025-05-12 00:00:00+00:00
[2025-05-11T20:38:22.159+0000] {processor.py:183} INFO - Processing /opt/airflow/dags/raw_to_staging_dag.py took 0.094 seconds
[2025-05-11T21:12:11.730+0000] {processor.py:161} INFO - Started process (PID=7191) to work on /opt/airflow/dags/raw_to_staging_dag.py
[2025-05-11T21:12:11.731+0000] {processor.py:830} INFO - Processing file /opt/airflow/dags/raw_to_staging_dag.py for tasks to queue
[2025-05-11T21:12:11.732+0000] {logging_mixin.py:188} INFO - [2025-05-11T21:12:11.732+0000] {dagbag.py:538} INFO - Filling up the DagBag from /opt/airflow/dags/raw_to_staging_dag.py
[2025-05-11T21:12:11.748+0000] {logging_mixin.py:188} WARNING - /home/airflow/.local/lib/python3.8/site-packages/airflow/providers/common/sql/operators/sql.py:139 RemovedInAirflow3Warning: The 'task_concurrency' parameter is deprecated. Please use 'max_active_tis_per_dag'.
[2025-05-11T21:12:11.768+0000] {processor.py:840} INFO - DAG(s) 'raw_to_staging_dag' retrieved from /opt/airflow/dags/raw_to_staging_dag.py
[2025-05-11T21:12:11.789+0000] {logging_mixin.py:188} INFO - [2025-05-11T21:12:11.789+0000] {dag.py:3036} INFO - Sync 1 DAGs
[2025-05-11T21:12:11.805+0000] {logging_mixin.py:188} INFO - [2025-05-11T21:12:11.805+0000] {dag.py:3823} INFO - Setting next_dagrun for raw_to_staging_dag to 2025-05-11 00:00:00+00:00, run_after=2025-05-12 00:00:00+00:00
[2025-05-11T21:12:11.813+0000] {processor.py:183} INFO - Processing /opt/airflow/dags/raw_to_staging_dag.py took 0.086 seconds
[2025-05-11T22:04:11.007+0000] {processor.py:161} INFO - Started process (PID=7197) to work on /opt/airflow/dags/raw_to_staging_dag.py
[2025-05-11T22:04:11.009+0000] {processor.py:830} INFO - Processing file /opt/airflow/dags/raw_to_staging_dag.py for tasks to queue
[2025-05-11T22:04:11.010+0000] {logging_mixin.py:188} INFO - [2025-05-11T22:04:11.009+0000] {dagbag.py:538} INFO - Filling up the DagBag from /opt/airflow/dags/raw_to_staging_dag.py
[2025-05-11T22:04:11.027+0000] {logging_mixin.py:188} WARNING - /home/airflow/.local/lib/python3.8/site-packages/airflow/providers/common/sql/operators/sql.py:139 RemovedInAirflow3Warning: The 'task_concurrency' parameter is deprecated. Please use 'max_active_tis_per_dag'.
[2025-05-11T22:04:11.047+0000] {processor.py:840} INFO - DAG(s) 'raw_to_staging_dag' retrieved from /opt/airflow/dags/raw_to_staging_dag.py
[2025-05-11T22:04:11.073+0000] {logging_mixin.py:188} INFO - [2025-05-11T22:04:11.073+0000] {dag.py:3036} INFO - Sync 1 DAGs
[2025-05-11T22:04:11.089+0000] {logging_mixin.py:188} INFO - [2025-05-11T22:04:11.089+0000] {dag.py:3823} INFO - Setting next_dagrun for raw_to_staging_dag to 2025-05-11 00:00:00+00:00, run_after=2025-05-12 00:00:00+00:00
[2025-05-11T22:04:11.099+0000] {processor.py:183} INFO - Processing /opt/airflow/dags/raw_to_staging_dag.py took 0.098 seconds
[2025-05-11T22:37:59.120+0000] {processor.py:161} INFO - Started process (PID=7202) to work on /opt/airflow/dags/raw_to_staging_dag.py
[2025-05-11T22:37:59.120+0000] {processor.py:830} INFO - Processing file /opt/airflow/dags/raw_to_staging_dag.py for tasks to queue
[2025-05-11T22:37:59.121+0000] {logging_mixin.py:188} INFO - [2025-05-11T22:37:59.121+0000] {dagbag.py:538} INFO - Filling up the DagBag from /opt/airflow/dags/raw_to_staging_dag.py
[2025-05-11T22:37:59.136+0000] {logging_mixin.py:188} WARNING - /home/airflow/.local/lib/python3.8/site-packages/airflow/providers/common/sql/operators/sql.py:139 RemovedInAirflow3Warning: The 'task_concurrency' parameter is deprecated. Please use 'max_active_tis_per_dag'.
[2025-05-11T22:37:59.147+0000] {processor.py:840} INFO - DAG(s) 'raw_to_staging_dag' retrieved from /opt/airflow/dags/raw_to_staging_dag.py
[2025-05-11T22:37:59.167+0000] {logging_mixin.py:188} INFO - [2025-05-11T22:37:59.166+0000] {dag.py:3036} INFO - Sync 1 DAGs
[2025-05-11T22:37:59.181+0000] {logging_mixin.py:188} INFO - [2025-05-11T22:37:59.181+0000] {dag.py:3823} INFO - Setting next_dagrun for raw_to_staging_dag to 2025-05-11 00:00:00+00:00, run_after=2025-05-12 00:00:00+00:00
[2025-05-11T22:37:59.190+0000] {processor.py:183} INFO - Processing /opt/airflow/dags/raw_to_staging_dag.py took 0.074 seconds
[2025-05-11T22:46:45.161+0000] {processor.py:161} INFO - Started process (PID=7207) to work on /opt/airflow/dags/raw_to_staging_dag.py
[2025-05-11T22:46:45.162+0000] {processor.py:830} INFO - Processing file /opt/airflow/dags/raw_to_staging_dag.py for tasks to queue
[2025-05-11T22:46:45.163+0000] {logging_mixin.py:188} INFO - [2025-05-11T22:46:45.162+0000] {dagbag.py:538} INFO - Filling up the DagBag from /opt/airflow/dags/raw_to_staging_dag.py
[2025-05-11T22:46:45.177+0000] {logging_mixin.py:188} WARNING - /home/airflow/.local/lib/python3.8/site-packages/airflow/providers/common/sql/operators/sql.py:139 RemovedInAirflow3Warning: The 'task_concurrency' parameter is deprecated. Please use 'max_active_tis_per_dag'.
[2025-05-11T22:46:45.195+0000] {processor.py:840} INFO - DAG(s) 'raw_to_staging_dag' retrieved from /opt/airflow/dags/raw_to_staging_dag.py
[2025-05-11T22:46:45.224+0000] {logging_mixin.py:188} INFO - [2025-05-11T22:46:45.224+0000] {dag.py:3036} INFO - Sync 1 DAGs
[2025-05-11T22:46:45.246+0000] {logging_mixin.py:188} INFO - [2025-05-11T22:46:45.245+0000] {dag.py:3823} INFO - Setting next_dagrun for raw_to_staging_dag to 2025-05-11 00:00:00+00:00, run_after=2025-05-12 00:00:00+00:00
[2025-05-11T22:46:45.255+0000] {processor.py:183} INFO - Processing /opt/airflow/dags/raw_to_staging_dag.py took 0.098 seconds
[2025-05-11T23:20:09.155+0000] {processor.py:161} INFO - Started process (PID=7214) to work on /opt/airflow/dags/raw_to_staging_dag.py
[2025-05-11T23:20:09.157+0000] {processor.py:830} INFO - Processing file /opt/airflow/dags/raw_to_staging_dag.py for tasks to queue
[2025-05-11T23:20:09.160+0000] {logging_mixin.py:188} INFO - [2025-05-11T23:20:09.159+0000] {dagbag.py:538} INFO - Filling up the DagBag from /opt/airflow/dags/raw_to_staging_dag.py
[2025-05-11T23:20:09.186+0000] {logging_mixin.py:188} WARNING - /home/airflow/.local/lib/python3.8/site-packages/airflow/providers/common/sql/operators/sql.py:139 RemovedInAirflow3Warning: The 'task_concurrency' parameter is deprecated. Please use 'max_active_tis_per_dag'.
[2025-05-11T23:20:09.207+0000] {processor.py:840} INFO - DAG(s) 'raw_to_staging_dag' retrieved from /opt/airflow/dags/raw_to_staging_dag.py
[2025-05-11T23:20:09.246+0000] {logging_mixin.py:188} INFO - [2025-05-11T23:20:09.245+0000] {dag.py:3036} INFO - Sync 1 DAGs
[2025-05-11T23:20:09.277+0000] {logging_mixin.py:188} INFO - [2025-05-11T23:20:09.277+0000] {dag.py:3823} INFO - Setting next_dagrun for raw_to_staging_dag to 2025-05-11 00:00:00+00:00, run_after=2025-05-12 00:00:00+00:00
[2025-05-11T23:20:09.301+0000] {processor.py:183} INFO - Processing /opt/airflow/dags/raw_to_staging_dag.py took 0.151 seconds
