[2025-05-10T13:23:09.791+0000] {manager.py:469} INFO - Processing files using up to 2 processes at a time 
[2025-05-10T13:23:09.792+0000] {manager.py:470} INFO - Process each file at most once every 30 seconds
[2025-05-10T13:23:09.792+0000] {manager.py:471} INFO - Checking for new files in /opt/airflow/dags every 300 seconds
[2025-05-10T13:23:09.793+0000] {manager.py:738} INFO - Searching for files in /opt/airflow/dags
[2025-05-10T13:23:09.799+0000] {manager.py:741} INFO - There are 0 files in /opt/airflow/dags
[2025-05-10T13:28:10.461+0000] {manager.py:738} INFO - Searching for files in /opt/airflow/dags
[2025-05-10T13:28:10.486+0000] {manager.py:741} INFO - There are 0 files in /opt/airflow/dags
[2025-05-10T13:37:04.597+0000] {manager.py:738} INFO - Searching for files in /opt/airflow/dags
[2025-05-10T13:37:04.618+0000] {manager.py:741} INFO - There are 0 files in /opt/airflow/dags
[2025-05-10T14:16:24.067+0000] {manager.py:738} INFO - Searching for files in /opt/airflow/dags
[2025-05-10T14:16:24.079+0000] {manager.py:741} INFO - There are 0 files in /opt/airflow/dags
[2025-05-10T14:18:08.881+0000] {manager.py:451} INFO - Exiting gracefully upon receiving signal 15
[2025-05-10T14:22:29.425+0000] {manager.py:469} INFO - Processing files using up to 2 processes at a time 
[2025-05-10T14:22:29.425+0000] {manager.py:470} INFO - Process each file at most once every 30 seconds
[2025-05-10T14:22:29.425+0000] {manager.py:471} INFO - Checking for new files in /opt/airflow/dags every 300 seconds
[2025-05-10T14:22:29.426+0000] {manager.py:738} INFO - Searching for files in /opt/airflow/dags
[2025-05-10T14:22:29.429+0000] {manager.py:741} INFO - There are 0 files in /opt/airflow/dags
[2025-05-10T14:27:30.347+0000] {manager.py:738} INFO - Searching for files in /opt/airflow/dags
[2025-05-10T14:27:30.368+0000] {manager.py:741} INFO - There are 0 files in /opt/airflow/dags
[2025-05-10T14:32:30.564+0000] {manager.py:738} INFO - Searching for files in /opt/airflow/dags
[2025-05-10T14:32:30.582+0000] {manager.py:741} INFO - There are 0 files in /opt/airflow/dags
[2025-05-10T14:37:31.313+0000] {manager.py:738} INFO - Searching for files in /opt/airflow/dags
[2025-05-10T14:37:31.336+0000] {manager.py:741} INFO - There are 0 files in /opt/airflow/dags
[2025-05-10T14:42:31.836+0000] {manager.py:738} INFO - Searching for files in /opt/airflow/dags
[2025-05-10T14:42:31.854+0000] {manager.py:741} INFO - There are 0 files in /opt/airflow/dags
[2025-05-10T14:47:32.031+0000] {manager.py:738} INFO - Searching for files in /opt/airflow/dags
[2025-05-10T14:47:32.049+0000] {manager.py:741} INFO - There are 0 files in /opt/airflow/dags
[2025-05-10T14:52:32.668+0000] {manager.py:738} INFO - Searching for files in /opt/airflow/dags
[2025-05-10T14:52:32.685+0000] {manager.py:741} INFO - There are 0 files in /opt/airflow/dags
[2025-05-10T14:57:33.443+0000] {manager.py:738} INFO - Searching for files in /opt/airflow/dags
[2025-05-10T14:57:33.454+0000] {manager.py:741} INFO - There are 0 files in /opt/airflow/dags
[2025-05-10T15:02:33.879+0000] {manager.py:738} INFO - Searching for files in /opt/airflow/dags
[2025-05-10T15:02:33.900+0000] {manager.py:741} INFO - There are 0 files in /opt/airflow/dags
[2025-05-10T15:07:34.313+0000] {manager.py:738} INFO - Searching for files in /opt/airflow/dags
[2025-05-10T15:07:34.330+0000] {manager.py:741} INFO - There are 0 files in /opt/airflow/dags
[2025-05-10T15:12:34.840+0000] {manager.py:738} INFO - Searching for files in /opt/airflow/dags
[2025-05-10T15:12:34.856+0000] {manager.py:741} INFO - There are 0 files in /opt/airflow/dags
[2025-05-10T15:17:35.084+0000] {manager.py:738} INFO - Searching for files in /opt/airflow/dags
[2025-05-10T15:17:35.100+0000] {manager.py:741} INFO - There are 0 files in /opt/airflow/dags
[2025-05-10T15:22:35.970+0000] {manager.py:738} INFO - Searching for files in /opt/airflow/dags
[2025-05-10T15:22:35.987+0000] {manager.py:741} INFO - There are 0 files in /opt/airflow/dags
[2025-05-10T15:27:36.931+0000] {manager.py:738} INFO - Searching for files in /opt/airflow/dags
[2025-05-10T15:27:36.947+0000] {manager.py:741} INFO - There are 0 files in /opt/airflow/dags
[2025-05-10T15:32:36.932+0000] {manager.py:738} INFO - Searching for files in /opt/airflow/dags
[2025-05-10T15:32:36.948+0000] {manager.py:741} INFO - There are 0 files in /opt/airflow/dags
[2025-05-10T15:37:37.400+0000] {manager.py:738} INFO - Searching for files in /opt/airflow/dags
[2025-05-10T15:37:37.406+0000] {manager.py:741} INFO - There are 0 files in /opt/airflow/dags
[2025-05-10T15:42:37.902+0000] {manager.py:738} INFO - Searching for files in /opt/airflow/dags
[2025-05-10T15:42:37.919+0000] {manager.py:741} INFO - There are 0 files in /opt/airflow/dags
[2025-05-10T15:47:38.324+0000] {manager.py:738} INFO - Searching for files in /opt/airflow/dags
[2025-05-10T15:47:38.342+0000] {manager.py:741} INFO - There are 0 files in /opt/airflow/dags
[2025-05-10T15:52:38.467+0000] {manager.py:738} INFO - Searching for files in /opt/airflow/dags
[2025-05-10T15:52:38.477+0000] {manager.py:741} INFO - There are 0 files in /opt/airflow/dags
[2025-05-10T15:57:38.620+0000] {manager.py:738} INFO - Searching for files in /opt/airflow/dags
[2025-05-10T15:57:38.637+0000] {manager.py:741} INFO - There are 0 files in /opt/airflow/dags
[2025-05-10T16:02:39.542+0000] {manager.py:738} INFO - Searching for files in /opt/airflow/dags
[2025-05-10T16:02:39.556+0000] {manager.py:741} INFO - There are 0 files in /opt/airflow/dags
[2025-05-10T16:07:40.254+0000] {manager.py:738} INFO - Searching for files in /opt/airflow/dags
[2025-05-10T16:07:40.270+0000] {manager.py:741} INFO - There are 0 files in /opt/airflow/dags
[2025-05-10T16:47:09.178+0000] {manager.py:738} INFO - Searching for files in /opt/airflow/dags
[2025-05-10T16:47:09.194+0000] {manager.py:741} INFO - There are 0 files in /opt/airflow/dags
[2025-05-10T17:36:56.013+0000] {manager.py:738} INFO - Searching for files in /opt/airflow/dags
[2025-05-10T17:36:56.025+0000] {manager.py:741} INFO - There are 0 files in /opt/airflow/dags
[2025-05-10T18:01:15.266+0000] {manager.py:738} INFO - Searching for files in /opt/airflow/dags
[2025-05-10T18:01:15.298+0000] {manager.py:741} INFO - There are 0 files in /opt/airflow/dags
[2025-05-10T18:46:51.648+0000] {manager.py:738} INFO - Searching for files in /opt/airflow/dags
[2025-05-10T18:46:51.660+0000] {manager.py:741} INFO - There are 0 files in /opt/airflow/dags
[2025-05-10T19:05:39.391+0000] {manager.py:738} INFO - Searching for files in /opt/airflow/dags
[2025-05-10T19:05:39.401+0000] {manager.py:741} INFO - There are 0 files in /opt/airflow/dags
[2025-05-10T19:38:03.495+0000] {manager.py:738} INFO - Searching for files in /opt/airflow/dags
[2025-05-10T19:38:03.502+0000] {manager.py:741} INFO - There are 0 files in /opt/airflow/dags
[2025-05-10T19:55:14.612+0000] {manager.py:738} INFO - Searching for files in /opt/airflow/dags
[2025-05-10T19:55:14.627+0000] {manager.py:741} INFO - There are 0 files in /opt/airflow/dags
[2025-05-10T20:35:17.587+0000] {manager.py:738} INFO - Searching for files in /opt/airflow/dags
[2025-05-10T20:35:17.592+0000] {manager.py:741} INFO - There are 0 files in /opt/airflow/dags
[2025-05-10T20:56:55.488+0000] {manager.py:738} INFO - Searching for files in /opt/airflow/dags
[2025-05-10T20:56:55.498+0000] {manager.py:741} INFO - There are 0 files in /opt/airflow/dags
[2025-05-10T21:47:30.693+0000] {manager.py:738} INFO - Searching for files in /opt/airflow/dags
[2025-05-10T21:47:30.698+0000] {manager.py:741} INFO - There are 0 files in /opt/airflow/dags
[2025-05-10T22:36:44.717+0000] {manager.py:738} INFO - Searching for files in /opt/airflow/dags
[2025-05-10T22:36:44.737+0000] {manager.py:741} INFO - There are 0 files in /opt/airflow/dags
[2025-05-10T23:57:04.841+0000] {manager.py:738} INFO - Searching for files in /opt/airflow/dags
[2025-05-10T23:57:04.848+0000] {manager.py:741} INFO - There are 0 files in /opt/airflow/dags
[2025-05-11T00:17:14.168+0000] {manager.py:738} INFO - Searching for files in /opt/airflow/dags
[2025-05-11T00:17:14.176+0000] {manager.py:741} INFO - There are 0 files in /opt/airflow/dags
[2025-05-11T01:22:03.562+0000] {manager.py:738} INFO - Searching for files in /opt/airflow/dags
[2025-05-11T01:22:03.577+0000] {manager.py:741} INFO - There are 0 files in /opt/airflow/dags
[2025-05-11T01:57:55.075+0000] {manager.py:738} INFO - Searching for files in /opt/airflow/dags
[2025-05-11T01:57:55.088+0000] {manager.py:741} INFO - There are 0 files in /opt/airflow/dags
[2025-05-11T02:06:26.620+0000] {manager.py:738} INFO - Searching for files in /opt/airflow/dags
[2025-05-11T02:06:26.628+0000] {manager.py:741} INFO - There are 0 files in /opt/airflow/dags
[2025-05-11T02:57:15.204+0000] {manager.py:738} INFO - Searching for files in /opt/airflow/dags
[2025-05-11T02:57:15.213+0000] {manager.py:741} INFO - There are 0 files in /opt/airflow/dags
[2025-05-11T03:02:47.808+0000] {manager.py:738} INFO - Searching for files in /opt/airflow/dags
[2025-05-11T03:02:47.834+0000] {manager.py:741} INFO - There are 0 files in /opt/airflow/dags
[2025-05-11T03:07:48.134+0000] {manager.py:738} INFO - Searching for files in /opt/airflow/dags
[2025-05-11T03:07:48.148+0000] {manager.py:741} INFO - There are 0 files in /opt/airflow/dags
[2025-05-11T03:12:48.687+0000] {manager.py:738} INFO - Searching for files in /opt/airflow/dags
[2025-05-11T03:12:48.716+0000] {manager.py:741} INFO - There are 0 files in /opt/airflow/dags
[2025-05-11T03:17:49.684+0000] {manager.py:738} INFO - Searching for files in /opt/airflow/dags
[2025-05-11T03:17:49.699+0000] {manager.py:741} INFO - There are 0 files in /opt/airflow/dags
[2025-05-11T03:22:50.245+0000] {manager.py:738} INFO - Searching for files in /opt/airflow/dags
[2025-05-11T03:22:50.290+0000] {manager.py:741} INFO - There are 0 files in /opt/airflow/dags
[2025-05-11T03:27:50.470+0000] {manager.py:738} INFO - Searching for files in /opt/airflow/dags
[2025-05-11T03:27:50.491+0000] {manager.py:741} INFO - There are 0 files in /opt/airflow/dags
[2025-05-11T03:32:51.183+0000] {manager.py:738} INFO - Searching for files in /opt/airflow/dags
[2025-05-11T03:32:51.206+0000] {manager.py:741} INFO - There are 0 files in /opt/airflow/dags
[2025-05-11T03:37:51.699+0000] {manager.py:738} INFO - Searching for files in /opt/airflow/dags
[2025-05-11T03:37:51.719+0000] {manager.py:741} INFO - There are 0 files in /opt/airflow/dags
[2025-05-11T03:42:51.995+0000] {manager.py:738} INFO - Searching for files in /opt/airflow/dags
[2025-05-11T03:42:52.018+0000] {manager.py:741} INFO - There are 1 files in /opt/airflow/dags
[2025-05-11T03:43:05.428+0000] {manager.py:879} INFO - 
================================================================================
DAG File Processing Stats

File Path                                PID    Runtime      # DAGs    # Errors  Last Runtime    Last Run
---------------------------------------  -----  ---------  --------  ----------  --------------  -------------------
/opt/airflow/dags/raw_to_staging_dag.py                           1           0  1.09s           2025-05-11T03:42:53
================================================================================
[2025-05-11T03:43:35.831+0000] {manager.py:879} INFO - 
================================================================================
DAG File Processing Stats

File Path                                PID    Runtime      # DAGs    # Errors  Last Runtime    Last Run
---------------------------------------  -----  ---------  --------  ----------  --------------  -------------------
/opt/airflow/dags/raw_to_staging_dag.py                           1           0  0.12s           2025-05-11T03:43:23
================================================================================
[2025-05-11T03:44:06.312+0000] {manager.py:879} INFO - 
================================================================================
DAG File Processing Stats

File Path                                PID    Runtime      # DAGs    # Errors  Last Runtime    Last Run
---------------------------------------  -----  ---------  --------  ----------  --------------  -------------------
/opt/airflow/dags/raw_to_staging_dag.py                           1           0  0.15s           2025-05-11T03:43:54
================================================================================
[2025-05-11T03:44:36.714+0000] {manager.py:879} INFO - 
================================================================================
DAG File Processing Stats

File Path                                PID    Runtime      # DAGs    # Errors  Last Runtime    Last Run
---------------------------------------  -----  ---------  --------  ----------  --------------  -------------------
/opt/airflow/dags/raw_to_staging_dag.py                           1           0  0.17s           2025-05-11T03:44:24
================================================================================
[2025-05-11T03:45:07.190+0000] {manager.py:879} INFO - 
================================================================================
DAG File Processing Stats

File Path                                PID    Runtime      # DAGs    # Errors  Last Runtime    Last Run
---------------------------------------  -----  ---------  --------  ----------  --------------  -------------------
/opt/airflow/dags/raw_to_staging_dag.py                           1           0  0.10s           2025-05-11T03:44:55
================================================================================
[2025-05-11T03:45:37.596+0000] {manager.py:879} INFO - 
================================================================================
DAG File Processing Stats

File Path                                PID    Runtime      # DAGs    # Errors  Last Runtime    Last Run
---------------------------------------  -----  ---------  --------  ----------  --------------  -------------------
/opt/airflow/dags/raw_to_staging_dag.py                           1           0  0.12s           2025-05-11T03:45:25
================================================================================
[2025-05-11T03:46:08.125+0000] {manager.py:879} INFO - 
================================================================================
DAG File Processing Stats

File Path                                PID    Runtime      # DAGs    # Errors  Last Runtime    Last Run
---------------------------------------  -----  ---------  --------  ----------  --------------  -------------------
/opt/airflow/dags/raw_to_staging_dag.py                           1           0  0.13s           2025-05-11T03:45:56
================================================================================
[2025-05-11T03:46:38.539+0000] {manager.py:879} INFO - 
================================================================================
DAG File Processing Stats

File Path                                PID    Runtime      # DAGs    # Errors  Last Runtime    Last Run
---------------------------------------  -----  ---------  --------  ----------  --------------  -------------------
/opt/airflow/dags/raw_to_staging_dag.py                           1           0  0.12s           2025-05-11T03:46:26
================================================================================
[2025-05-11T03:47:09.063+0000] {manager.py:879} INFO - 
================================================================================
DAG File Processing Stats

File Path                                PID    Runtime      # DAGs    # Errors  Last Runtime    Last Run
---------------------------------------  -----  ---------  --------  ----------  --------------  -------------------
/opt/airflow/dags/raw_to_staging_dag.py                           1           0  0.12s           2025-05-11T03:46:56
================================================================================
[2025-05-11T03:47:39.493+0000] {manager.py:879} INFO - 
================================================================================
DAG File Processing Stats

File Path                                PID    Runtime      # DAGs    # Errors  Last Runtime    Last Run
---------------------------------------  -----  ---------  --------  ----------  --------------  -------------------
/opt/airflow/dags/raw_to_staging_dag.py                           1           0  0.17s           2025-05-11T03:47:27
================================================================================
[2025-05-11T03:47:52.613+0000] {manager.py:738} INFO - Searching for files in /opt/airflow/dags
[2025-05-11T03:47:52.644+0000] {manager.py:741} INFO - There are 1 files in /opt/airflow/dags
[2025-05-11T03:48:09.893+0000] {manager.py:879} INFO - 
================================================================================
DAG File Processing Stats

File Path                                PID    Runtime      # DAGs    # Errors  Last Runtime    Last Run
---------------------------------------  -----  ---------  --------  ----------  --------------  -------------------
/opt/airflow/dags/raw_to_staging_dag.py                           1           0  0.14s           2025-05-11T03:47:57
================================================================================
[2025-05-11T03:48:40.329+0000] {manager.py:879} INFO - 
================================================================================
DAG File Processing Stats

File Path                                PID    Runtime      # DAGs    # Errors  Last Runtime    Last Run
---------------------------------------  -----  ---------  --------  ----------  --------------  -------------------
/opt/airflow/dags/raw_to_staging_dag.py                           1           0  0.12s           2025-05-11T03:48:28
================================================================================
[2025-05-11T03:49:10.726+0000] {manager.py:879} INFO - 
================================================================================
DAG File Processing Stats

File Path                                PID    Runtime      # DAGs    # Errors  Last Runtime    Last Run
---------------------------------------  -----  ---------  --------  ----------  --------------  -------------------
/opt/airflow/dags/raw_to_staging_dag.py                           1           0  0.14s           2025-05-11T03:48:58
================================================================================
[2025-05-11T03:49:41.270+0000] {manager.py:879} INFO - 
================================================================================
DAG File Processing Stats

File Path                                PID    Runtime      # DAGs    # Errors  Last Runtime    Last Run
---------------------------------------  -----  ---------  --------  ----------  --------------  -------------------
/opt/airflow/dags/raw_to_staging_dag.py                           1           0  0.18s           2025-05-11T03:49:29
================================================================================
[2025-05-11T03:50:11.710+0000] {manager.py:879} INFO - 
================================================================================
DAG File Processing Stats

File Path                                PID    Runtime      # DAGs    # Errors  Last Runtime    Last Run
---------------------------------------  -----  ---------  --------  ----------  --------------  -------------------
/opt/airflow/dags/raw_to_staging_dag.py                           1           0  0.12s           2025-05-11T03:49:59
================================================================================
[2025-05-11T03:50:42.147+0000] {manager.py:879} INFO - 
================================================================================
DAG File Processing Stats

File Path                                PID    Runtime      # DAGs    # Errors  Last Runtime    Last Run
---------------------------------------  -----  ---------  --------  ----------  --------------  -------------------
/opt/airflow/dags/raw_to_staging_dag.py                           1           0  0.15s           2025-05-11T03:50:30
================================================================================
[2025-05-11T03:51:12.536+0000] {manager.py:879} INFO - 
================================================================================
DAG File Processing Stats

File Path                                PID    Runtime      # DAGs    # Errors  Last Runtime    Last Run
---------------------------------------  -----  ---------  --------  ----------  --------------  -------------------
/opt/airflow/dags/raw_to_staging_dag.py                           1           0  0.13s           2025-05-11T03:51:00
================================================================================
[2025-05-11T03:51:42.949+0000] {manager.py:879} INFO - 
================================================================================
DAG File Processing Stats

File Path                                PID    Runtime      # DAGs    # Errors  Last Runtime    Last Run
---------------------------------------  -----  ---------  --------  ----------  --------------  -------------------
/opt/airflow/dags/raw_to_staging_dag.py                           1           0  0.13s           2025-05-11T03:51:30
================================================================================
[2025-05-11T03:52:13.322+0000] {manager.py:879} INFO - 
================================================================================
DAG File Processing Stats

File Path                                PID    Runtime      # DAGs    # Errors  Last Runtime    Last Run
---------------------------------------  -----  ---------  --------  ----------  --------------  -------------------
/opt/airflow/dags/raw_to_staging_dag.py                           1           0  0.13s           2025-05-11T03:52:01
================================================================================
[2025-05-11T03:52:43.718+0000] {manager.py:879} INFO - 
================================================================================
DAG File Processing Stats

File Path                                PID    Runtime      # DAGs    # Errors  Last Runtime    Last Run
---------------------------------------  -----  ---------  --------  ----------  --------------  -------------------
/opt/airflow/dags/raw_to_staging_dag.py                           1           0  0.12s           2025-05-11T03:52:31
================================================================================
[2025-05-11T03:52:52.820+0000] {manager.py:738} INFO - Searching for files in /opt/airflow/dags
[2025-05-11T03:52:52.834+0000] {manager.py:741} INFO - There are 1 files in /opt/airflow/dags
[2025-05-11T03:53:14.109+0000] {manager.py:879} INFO - 
================================================================================
DAG File Processing Stats

File Path                                PID    Runtime      # DAGs    # Errors  Last Runtime    Last Run
---------------------------------------  -----  ---------  --------  ----------  --------------  -------------------
/opt/airflow/dags/raw_to_staging_dag.py                           1           0  0.14s           2025-05-11T03:53:02
================================================================================
[2025-05-11T03:53:44.652+0000] {manager.py:879} INFO - 
================================================================================
DAG File Processing Stats

File Path                                PID    Runtime      # DAGs    # Errors  Last Runtime    Last Run
---------------------------------------  -----  ---------  --------  ----------  --------------  -------------------
/opt/airflow/dags/raw_to_staging_dag.py                           1           0  0.11s           2025-05-11T03:53:32
================================================================================
[2025-05-11T03:54:15.173+0000] {manager.py:879} INFO - 
================================================================================
DAG File Processing Stats

File Path                                PID    Runtime      # DAGs    # Errors  Last Runtime    Last Run
---------------------------------------  -----  ---------  --------  ----------  --------------  -------------------
/opt/airflow/dags/raw_to_staging_dag.py                           1           0  0.13s           2025-05-11T03:54:03
================================================================================
[2025-05-11T03:54:45.615+0000] {manager.py:879} INFO - 
================================================================================
DAG File Processing Stats

File Path                                PID    Runtime      # DAGs    # Errors  Last Runtime    Last Run
---------------------------------------  -----  ---------  --------  ----------  --------------  -------------------
/opt/airflow/dags/raw_to_staging_dag.py                           1           0  0.13s           2025-05-11T03:54:33
================================================================================
[2025-05-11T03:55:16.028+0000] {manager.py:879} INFO - 
================================================================================
DAG File Processing Stats

File Path                                PID    Runtime      # DAGs    # Errors  Last Runtime    Last Run
---------------------------------------  -----  ---------  --------  ----------  --------------  -------------------
/opt/airflow/dags/raw_to_staging_dag.py                           1           0  0.14s           2025-05-11T03:55:03
================================================================================
[2025-05-11T03:55:46.891+0000] {manager.py:879} INFO - 
================================================================================
DAG File Processing Stats

File Path                                PID    Runtime      # DAGs    # Errors  Last Runtime    Last Run
---------------------------------------  -----  ---------  --------  ----------  --------------  -------------------
/opt/airflow/dags/raw_to_staging_dag.py                           1           0  0.22s           2025-05-11T03:55:41
================================================================================
[2025-05-11T03:56:17.677+0000] {manager.py:879} INFO - 
================================================================================
DAG File Processing Stats

File Path                                PID    Runtime      # DAGs    # Errors  Last Runtime    Last Run
---------------------------------------  -----  ---------  --------  ----------  --------------  -------------------
/opt/airflow/dags/raw_to_staging_dag.py                           1           0  0.20s           2025-05-11T03:56:12
================================================================================
[2025-05-11T03:56:48.109+0000] {manager.py:879} INFO - 
================================================================================
DAG File Processing Stats

File Path                                PID    Runtime      # DAGs    # Errors  Last Runtime    Last Run
---------------------------------------  -----  ---------  --------  ----------  --------------  -------------------
/opt/airflow/dags/raw_to_staging_dag.py                           1           0  0.15s           2025-05-11T03:56:43
================================================================================
[2025-05-11T03:57:18.573+0000] {manager.py:879} INFO - 
================================================================================
DAG File Processing Stats

File Path                                PID    Runtime      # DAGs    # Errors  Last Runtime    Last Run
---------------------------------------  -----  ---------  --------  ----------  --------------  -------------------
/opt/airflow/dags/raw_to_staging_dag.py                           1           0  0.16s           2025-05-11T03:57:13
================================================================================
[2025-05-11T03:57:48.967+0000] {manager.py:879} INFO - 
================================================================================
DAG File Processing Stats

File Path                                PID    Runtime      # DAGs    # Errors  Last Runtime    Last Run
---------------------------------------  -----  ---------  --------  ----------  --------------  -------------------
/opt/airflow/dags/raw_to_staging_dag.py                           1           0  0.14s           2025-05-11T03:57:44
================================================================================
[2025-05-11T03:57:53.008+0000] {manager.py:738} INFO - Searching for files in /opt/airflow/dags
[2025-05-11T03:57:53.026+0000] {manager.py:741} INFO - There are 1 files in /opt/airflow/dags
[2025-05-11T03:58:19.410+0000] {manager.py:879} INFO - 
================================================================================
DAG File Processing Stats

File Path                                PID    Runtime      # DAGs    # Errors  Last Runtime    Last Run
---------------------------------------  -----  ---------  --------  ----------  --------------  -------------------
/opt/airflow/dags/raw_to_staging_dag.py                           1           0  0.14s           2025-05-11T03:58:14
================================================================================
[2025-05-11T03:58:49.885+0000] {manager.py:879} INFO - 
================================================================================
DAG File Processing Stats

File Path                                PID    Runtime      # DAGs    # Errors  Last Runtime    Last Run
---------------------------------------  -----  ---------  --------  ----------  --------------  -------------------
/opt/airflow/dags/raw_to_staging_dag.py                           1           0  0.28s           2025-05-11T03:58:44
================================================================================
[2025-05-11T03:59:20.316+0000] {manager.py:879} INFO - 
================================================================================
DAG File Processing Stats

File Path                                PID    Runtime      # DAGs    # Errors  Last Runtime    Last Run
---------------------------------------  -----  ---------  --------  ----------  --------------  -------------------
/opt/airflow/dags/raw_to_staging_dag.py                           1           0  0.15s           2025-05-11T03:59:15
================================================================================
[2025-05-11T03:59:50.740+0000] {manager.py:879} INFO - 
================================================================================
DAG File Processing Stats

File Path                                PID    Runtime      # DAGs    # Errors  Last Runtime    Last Run
---------------------------------------  -----  ---------  --------  ----------  --------------  -------------------
/opt/airflow/dags/raw_to_staging_dag.py                           1           0  0.14s           2025-05-11T03:59:45
================================================================================
[2025-05-11T04:00:21.049+0000] {manager.py:879} INFO - 
================================================================================
DAG File Processing Stats

File Path                                PID    Runtime      # DAGs    # Errors  Last Runtime    Last Run
---------------------------------------  -----  ---------  --------  ----------  --------------  -------------------
/opt/airflow/dags/raw_to_staging_dag.py                           1           0  0.12s           2025-05-11T04:00:16
================================================================================
[2025-05-11T04:00:51.386+0000] {manager.py:879} INFO - 
================================================================================
DAG File Processing Stats

File Path                                PID    Runtime      # DAGs    # Errors  Last Runtime    Last Run
---------------------------------------  -----  ---------  --------  ----------  --------------  -------------------
/opt/airflow/dags/raw_to_staging_dag.py                           1           0  0.10s           2025-05-11T04:00:46
================================================================================
[2025-05-11T04:01:21.834+0000] {manager.py:879} INFO - 
================================================================================
DAG File Processing Stats

File Path                                PID    Runtime      # DAGs    # Errors  Last Runtime    Last Run
---------------------------------------  -----  ---------  --------  ----------  --------------  -------------------
/opt/airflow/dags/raw_to_staging_dag.py                           1           0  0.28s           2025-05-11T04:01:16
================================================================================
[2025-05-11T04:01:52.230+0000] {manager.py:879} INFO - 
================================================================================
DAG File Processing Stats

File Path                                PID    Runtime      # DAGs    # Errors  Last Runtime    Last Run
---------------------------------------  -----  ---------  --------  ----------  --------------  -------------------
/opt/airflow/dags/raw_to_staging_dag.py                           1           0  0.16s           2025-05-11T04:01:47
================================================================================
[2025-05-11T04:02:22.658+0000] {manager.py:879} INFO - 
================================================================================
DAG File Processing Stats

File Path                                PID    Runtime      # DAGs    # Errors  Last Runtime    Last Run
---------------------------------------  -----  ---------  --------  ----------  --------------  -------------------
/opt/airflow/dags/raw_to_staging_dag.py                           1           0  0.15s           2025-05-11T04:02:17
================================================================================
[2025-05-11T04:02:53.039+0000] {manager.py:738} INFO - Searching for files in /opt/airflow/dags
[2025-05-11T04:02:53.055+0000] {manager.py:741} INFO - There are 1 files in /opt/airflow/dags
[2025-05-11T04:02:53.067+0000] {manager.py:879} INFO - 
================================================================================
DAG File Processing Stats

File Path                                PID    Runtime      # DAGs    # Errors  Last Runtime    Last Run
---------------------------------------  -----  ---------  --------  ----------  --------------  -------------------
/opt/airflow/dags/raw_to_staging_dag.py                           1           0  0.15s           2025-05-11T04:02:48
================================================================================
[2025-05-11T04:03:23.627+0000] {manager.py:879} INFO - 
================================================================================
DAG File Processing Stats

File Path                                PID    Runtime      # DAGs    # Errors  Last Runtime    Last Run
---------------------------------------  -----  ---------  --------  ----------  --------------  -------------------
/opt/airflow/dags/raw_to_staging_dag.py                           1           0  0.17s           2025-05-11T04:03:18
================================================================================
[2025-05-11T04:03:54.137+0000] {manager.py:879} INFO - 
================================================================================
DAG File Processing Stats

File Path                                PID    Runtime      # DAGs    # Errors  Last Runtime    Last Run
---------------------------------------  -----  ---------  --------  ----------  --------------  -------------------
/opt/airflow/dags/raw_to_staging_dag.py                           1           0  0.13s           2025-05-11T04:03:49
================================================================================
[2025-05-11T04:04:24.564+0000] {manager.py:879} INFO - 
================================================================================
DAG File Processing Stats

File Path                                PID    Runtime      # DAGs    # Errors  Last Runtime    Last Run
---------------------------------------  -----  ---------  --------  ----------  --------------  -------------------
/opt/airflow/dags/raw_to_staging_dag.py                           1           0  0.16s           2025-05-11T04:04:19
================================================================================
[2025-05-11T04:04:54.902+0000] {manager.py:879} INFO - 
================================================================================
DAG File Processing Stats

File Path                                PID    Runtime      # DAGs    # Errors  Last Runtime    Last Run
---------------------------------------  -----  ---------  --------  ----------  --------------  -------------------
/opt/airflow/dags/raw_to_staging_dag.py                           1           0  0.18s           2025-05-11T04:04:49
================================================================================
[2025-05-11T04:05:25.269+0000] {manager.py:879} INFO - 
================================================================================
DAG File Processing Stats

File Path                                PID    Runtime      # DAGs    # Errors  Last Runtime    Last Run
---------------------------------------  -----  ---------  --------  ----------  --------------  -------------------
/opt/airflow/dags/raw_to_staging_dag.py                           1           0  0.14s           2025-05-11T04:05:20
================================================================================
[2025-05-11T04:05:55.502+0000] {manager.py:879} INFO - 
================================================================================
DAG File Processing Stats

File Path                                PID    Runtime      # DAGs    # Errors  Last Runtime    Last Run
---------------------------------------  -----  ---------  --------  ----------  --------------  -------------------
/opt/airflow/dags/raw_to_staging_dag.py                           1           0  0.46s           2025-05-11T04:05:51
================================================================================
[2025-05-11T04:06:25.958+0000] {manager.py:879} INFO - 
================================================================================
DAG File Processing Stats

File Path                                PID    Runtime      # DAGs    # Errors  Last Runtime    Last Run
---------------------------------------  -----  ---------  --------  ----------  --------------  -------------------
/opt/airflow/dags/raw_to_staging_dag.py                           1           0  0.15s           2025-05-11T04:06:22
================================================================================
[2025-05-11T04:06:56.325+0000] {manager.py:879} INFO - 
================================================================================
DAG File Processing Stats

File Path                                PID    Runtime      # DAGs    # Errors  Last Runtime    Last Run
---------------------------------------  -----  ---------  --------  ----------  --------------  -------------------
/opt/airflow/dags/raw_to_staging_dag.py                           1           0  0.14s           2025-05-11T04:06:52
================================================================================
[2025-05-11T04:07:26.677+0000] {manager.py:879} INFO - 
================================================================================
DAG File Processing Stats

File Path                                PID    Runtime      # DAGs    # Errors  Last Runtime    Last Run
---------------------------------------  -----  ---------  --------  ----------  --------------  -------------------
/opt/airflow/dags/raw_to_staging_dag.py                           1           0  0.15s           2025-05-11T04:07:22
================================================================================
[2025-05-11T04:07:53.114+0000] {manager.py:738} INFO - Searching for files in /opt/airflow/dags
[2025-05-11T04:07:53.119+0000] {manager.py:741} INFO - There are 1 files in /opt/airflow/dags
[2025-05-11T04:07:57.068+0000] {manager.py:879} INFO - 
================================================================================
DAG File Processing Stats

File Path                                PID    Runtime      # DAGs    # Errors  Last Runtime    Last Run
---------------------------------------  -----  ---------  --------  ----------  --------------  -------------------
/opt/airflow/dags/raw_to_staging_dag.py                           1           0  0.13s           2025-05-11T04:07:53
================================================================================
[2025-05-11T04:08:27.448+0000] {manager.py:879} INFO - 
================================================================================
DAG File Processing Stats

File Path                                PID    Runtime      # DAGs    # Errors  Last Runtime    Last Run
---------------------------------------  -----  ---------  --------  ----------  --------------  -------------------
/opt/airflow/dags/raw_to_staging_dag.py                           1           0  0.16s           2025-05-11T04:08:23
================================================================================
[2025-05-11T04:08:57.860+0000] {manager.py:879} INFO - 
================================================================================
DAG File Processing Stats

File Path                                PID    Runtime      # DAGs    # Errors  Last Runtime    Last Run
---------------------------------------  -----  ---------  --------  ----------  --------------  -------------------
/opt/airflow/dags/raw_to_staging_dag.py                           1           0  0.20s           2025-05-11T04:08:53
================================================================================
[2025-05-11T04:09:28.347+0000] {manager.py:879} INFO - 
================================================================================
DAG File Processing Stats

File Path                                PID    Runtime      # DAGs    # Errors  Last Runtime    Last Run
---------------------------------------  -----  ---------  --------  ----------  --------------  -------------------
/opt/airflow/dags/raw_to_staging_dag.py                           1           0  0.19s           2025-05-11T04:09:24
================================================================================
[2025-05-11T04:09:58.795+0000] {manager.py:879} INFO - 
================================================================================
DAG File Processing Stats

File Path                                PID    Runtime      # DAGs    # Errors  Last Runtime    Last Run
---------------------------------------  -----  ---------  --------  ----------  --------------  -------------------
/opt/airflow/dags/raw_to_staging_dag.py                           1           0  0.14s           2025-05-11T04:09:54
================================================================================
[2025-05-11T04:10:29.143+0000] {manager.py:879} INFO - 
================================================================================
DAG File Processing Stats

File Path                                PID    Runtime      # DAGs    # Errors  Last Runtime    Last Run
---------------------------------------  -----  ---------  --------  ----------  --------------  -------------------
/opt/airflow/dags/raw_to_staging_dag.py                           1           0  0.15s           2025-05-11T04:10:25
================================================================================
[2025-05-11T04:10:59.277+0000] {manager.py:879} INFO - 
================================================================================
DAG File Processing Stats

File Path                                PID    Runtime      # DAGs    # Errors  Last Runtime    Last Run
---------------------------------------  -----  ---------  --------  ----------  --------------  -------------------
/opt/airflow/dags/raw_to_staging_dag.py                           1           0  0.35s           2025-05-11T04:10:56
================================================================================
[2025-05-11T04:11:30.154+0000] {manager.py:879} INFO - 
================================================================================
DAG File Processing Stats

File Path                                PID    Runtime      # DAGs    # Errors  Last Runtime    Last Run
---------------------------------------  -----  ---------  --------  ----------  --------------  -------------------
/opt/airflow/dags/raw_to_staging_dag.py                           1           0  0.12s           2025-05-11T04:11:27
================================================================================
[2025-05-11T04:12:00.644+0000] {manager.py:879} INFO - 
================================================================================
DAG File Processing Stats

File Path                                PID    Runtime      # DAGs    # Errors  Last Runtime    Last Run
---------------------------------------  -----  ---------  --------  ----------  --------------  -------------------
/opt/airflow/dags/raw_to_staging_dag.py                           1           0  0.14s           2025-05-11T04:11:57
================================================================================
[2025-05-11T04:12:31.043+0000] {manager.py:879} INFO - 
================================================================================
DAG File Processing Stats

File Path                                PID    Runtime      # DAGs    # Errors  Last Runtime    Last Run
---------------------------------------  -----  ---------  --------  ----------  --------------  -------------------
/opt/airflow/dags/raw_to_staging_dag.py                           1           0  0.15s           2025-05-11T04:12:28
================================================================================
[2025-05-11T04:12:53.251+0000] {manager.py:738} INFO - Searching for files in /opt/airflow/dags
[2025-05-11T04:12:53.266+0000] {manager.py:741} INFO - There are 1 files in /opt/airflow/dags
[2025-05-11T04:13:01.409+0000] {manager.py:879} INFO - 
================================================================================
DAG File Processing Stats

File Path                                PID    Runtime      # DAGs    # Errors  Last Runtime    Last Run
---------------------------------------  -----  ---------  --------  ----------  --------------  -------------------
/opt/airflow/dags/raw_to_staging_dag.py                           1           0  0.16s           2025-05-11T04:12:58
================================================================================
[2025-05-11T04:13:31.915+0000] {manager.py:879} INFO - 
================================================================================
DAG File Processing Stats

File Path                                PID    Runtime      # DAGs    # Errors  Last Runtime    Last Run
---------------------------------------  -----  ---------  --------  ----------  --------------  -------------------
/opt/airflow/dags/raw_to_staging_dag.py                           1           0  0.19s           2025-05-11T04:13:29
================================================================================
[2025-05-11T04:14:02.362+0000] {manager.py:879} INFO - 
================================================================================
DAG File Processing Stats

File Path                                PID    Runtime      # DAGs    # Errors  Last Runtime    Last Run
---------------------------------------  -----  ---------  --------  ----------  --------------  -------------------
/opt/airflow/dags/raw_to_staging_dag.py                           1           0  0.16s           2025-05-11T04:13:59
================================================================================
[2025-05-11T04:14:32.822+0000] {manager.py:879} INFO - 
================================================================================
DAG File Processing Stats

File Path                                PID    Runtime      # DAGs    # Errors  Last Runtime    Last Run
---------------------------------------  -----  ---------  --------  ----------  --------------  -------------------
/opt/airflow/dags/raw_to_staging_dag.py                           1           0  0.14s           2025-05-11T04:14:29
================================================================================
[2025-05-11T04:15:03.162+0000] {manager.py:879} INFO - 
================================================================================
DAG File Processing Stats

File Path                                PID    Runtime      # DAGs    # Errors  Last Runtime    Last Run
---------------------------------------  -----  ---------  --------  ----------  --------------  -------------------
/opt/airflow/dags/raw_to_staging_dag.py                           1           0  0.16s           2025-05-11T04:15:00
================================================================================
[2025-05-11T04:15:33.650+0000] {manager.py:879} INFO - 
================================================================================
DAG File Processing Stats

File Path                                PID    Runtime      # DAGs    # Errors  Last Runtime    Last Run
---------------------------------------  -----  ---------  --------  ----------  --------------  -------------------
/opt/airflow/dags/raw_to_staging_dag.py                           1           0  0.17s           2025-05-11T04:15:30
================================================================================
[2025-05-11T04:16:04.172+0000] {manager.py:879} INFO - 
================================================================================
DAG File Processing Stats

File Path                                PID    Runtime      # DAGs    # Errors  Last Runtime    Last Run
---------------------------------------  -----  ---------  --------  ----------  --------------  -------------------
/opt/airflow/dags/raw_to_staging_dag.py                           1           0  0.09s           2025-05-11T04:16:01
================================================================================
[2025-05-11T04:16:34.651+0000] {manager.py:879} INFO - 
================================================================================
DAG File Processing Stats

File Path                                PID    Runtime      # DAGs    # Errors  Last Runtime    Last Run
---------------------------------------  -----  ---------  --------  ----------  --------------  -------------------
/opt/airflow/dags/raw_to_staging_dag.py                           1           0  0.09s           2025-05-11T04:16:31
================================================================================
[2025-05-11T04:17:05.123+0000] {manager.py:879} INFO - 
================================================================================
DAG File Processing Stats

File Path                                PID    Runtime      # DAGs    # Errors  Last Runtime    Last Run
---------------------------------------  -----  ---------  --------  ----------  --------------  -------------------
/opt/airflow/dags/raw_to_staging_dag.py                           1           0  0.16s           2025-05-11T04:17:02
================================================================================
[2025-05-11T04:17:35.493+0000] {manager.py:879} INFO - 
================================================================================
DAG File Processing Stats

File Path                                PID    Runtime      # DAGs    # Errors  Last Runtime    Last Run
---------------------------------------  -----  ---------  --------  ----------  --------------  -------------------
/opt/airflow/dags/raw_to_staging_dag.py                           1           0  0.15s           2025-05-11T04:17:32
================================================================================
[2025-05-11T04:17:53.643+0000] {manager.py:738} INFO - Searching for files in /opt/airflow/dags
[2025-05-11T04:17:53.668+0000] {manager.py:741} INFO - There are 1 files in /opt/airflow/dags
[2025-05-11T04:18:05.843+0000] {manager.py:879} INFO - 
================================================================================
DAG File Processing Stats

File Path                                PID    Runtime      # DAGs    # Errors  Last Runtime    Last Run
---------------------------------------  -----  ---------  --------  ----------  --------------  -------------------
/opt/airflow/dags/raw_to_staging_dag.py                           1           0  0.17s           2025-05-11T04:18:02
================================================================================
[2025-05-11T04:18:36.181+0000] {manager.py:879} INFO - 
================================================================================
DAG File Processing Stats

File Path                                PID    Runtime      # DAGs    # Errors  Last Runtime    Last Run
---------------------------------------  -----  ---------  --------  ----------  --------------  -------------------
/opt/airflow/dags/raw_to_staging_dag.py                           1           0  0.14s           2025-05-11T04:18:33
================================================================================
[2025-05-11T04:19:06.381+0000] {manager.py:879} INFO - 
================================================================================
DAG File Processing Stats

File Path                                PID    Runtime      # DAGs    # Errors  Last Runtime    Last Run
---------------------------------------  -----  ---------  --------  ----------  --------------  -------------------
/opt/airflow/dags/raw_to_staging_dag.py                           1           0  0.16s           2025-05-11T04:19:03
================================================================================
[2025-05-11T04:19:47.122+0000] {manager.py:879} INFO - 
================================================================================
DAG File Processing Stats

File Path                                PID    Runtime      # DAGs    # Errors  Last Runtime    Last Run
---------------------------------------  -----  ---------  --------  ----------  --------------  -------------------
/opt/airflow/dags/raw_to_staging_dag.py                           1           0  0.28s           2025-05-11T04:19:34
================================================================================
[2025-05-11T04:20:17.480+0000] {manager.py:879} INFO - 
================================================================================
DAG File Processing Stats

File Path                                PID    Runtime      # DAGs    # Errors  Last Runtime    Last Run
---------------------------------------  -----  ---------  --------  ----------  --------------  -------------------
/opt/airflow/dags/raw_to_staging_dag.py                           1           0  0.15s           2025-05-11T04:20:04
================================================================================
[2025-05-11T04:20:47.947+0000] {manager.py:879} INFO - 
================================================================================
DAG File Processing Stats

File Path                                PID    Runtime      # DAGs    # Errors  Last Runtime    Last Run
---------------------------------------  -----  ---------  --------  ----------  --------------  -------------------
/opt/airflow/dags/raw_to_staging_dag.py                           1           0  0.18s           2025-05-11T04:20:34
================================================================================
[2025-05-11T04:21:18.508+0000] {manager.py:879} INFO - 
================================================================================
DAG File Processing Stats

File Path                                PID    Runtime      # DAGs    # Errors  Last Runtime    Last Run
---------------------------------------  -----  ---------  --------  ----------  --------------  -------------------
/opt/airflow/dags/raw_to_staging_dag.py                           1           0  0.16s           2025-05-11T04:21:05
================================================================================
[2025-05-11T04:21:49.087+0000] {manager.py:879} INFO - 
================================================================================
DAG File Processing Stats

File Path                                PID    Runtime      # DAGs    # Errors  Last Runtime    Last Run
---------------------------------------  -----  ---------  --------  ----------  --------------  -------------------
/opt/airflow/dags/raw_to_staging_dag.py                           1           0  0.24s           2025-05-11T04:21:36
================================================================================
[2025-05-11T04:22:19.612+0000] {manager.py:879} INFO - 
================================================================================
DAG File Processing Stats

File Path                                PID    Runtime      # DAGs    # Errors  Last Runtime    Last Run
---------------------------------------  -----  ---------  --------  ----------  --------------  -------------------
/opt/airflow/dags/raw_to_staging_dag.py                           1           0  0.15s           2025-05-11T04:22:06
================================================================================
[2025-05-11T04:22:50.013+0000] {manager.py:879} INFO - 
================================================================================
DAG File Processing Stats

File Path                                PID    Runtime      # DAGs    # Errors  Last Runtime    Last Run
---------------------------------------  -----  ---------  --------  ----------  --------------  -------------------
/opt/airflow/dags/raw_to_staging_dag.py                           1           0  0.15s           2025-05-11T04:22:36
================================================================================
[2025-05-11T04:22:54.076+0000] {manager.py:738} INFO - Searching for files in /opt/airflow/dags
[2025-05-11T04:22:54.083+0000] {manager.py:741} INFO - There are 1 files in /opt/airflow/dags
[2025-05-11T04:23:20.459+0000] {manager.py:879} INFO - 
================================================================================
DAG File Processing Stats

File Path                                PID    Runtime      # DAGs    # Errors  Last Runtime    Last Run
---------------------------------------  -----  ---------  --------  ----------  --------------  -------------------
/opt/airflow/dags/raw_to_staging_dag.py                           1           0  0.16s           2025-05-11T04:23:07
================================================================================
[2025-05-11T04:23:50.909+0000] {manager.py:879} INFO - 
================================================================================
DAG File Processing Stats

File Path                                PID    Runtime      # DAGs    # Errors  Last Runtime    Last Run
---------------------------------------  -----  ---------  --------  ----------  --------------  -------------------
/opt/airflow/dags/raw_to_staging_dag.py                           1           0  0.18s           2025-05-11T04:23:37
================================================================================
[2025-05-11T04:24:21.455+0000] {manager.py:879} INFO - 
================================================================================
DAG File Processing Stats

File Path                                PID    Runtime      # DAGs    # Errors  Last Runtime    Last Run
---------------------------------------  -----  ---------  --------  ----------  --------------  -------------------
/opt/airflow/dags/raw_to_staging_dag.py                           1           0  0.19s           2025-05-11T04:24:08
================================================================================
[2025-05-11T04:24:52.008+0000] {manager.py:879} INFO - 
================================================================================
DAG File Processing Stats

File Path                                PID    Runtime      # DAGs    # Errors  Last Runtime    Last Run
---------------------------------------  -----  ---------  --------  ----------  --------------  -------------------
/opt/airflow/dags/raw_to_staging_dag.py                           1           0  0.16s           2025-05-11T04:24:38
================================================================================
[2025-05-11T04:25:22.497+0000] {manager.py:879} INFO - 
================================================================================
DAG File Processing Stats

File Path                                PID    Runtime      # DAGs    # Errors  Last Runtime    Last Run
---------------------------------------  -----  ---------  --------  ----------  --------------  -------------------
/opt/airflow/dags/raw_to_staging_dag.py                           1           0  0.16s           2025-05-11T04:25:09
================================================================================
[2025-05-11T04:25:52.873+0000] {manager.py:879} INFO - 
================================================================================
DAG File Processing Stats

File Path                                PID    Runtime      # DAGs    # Errors  Last Runtime    Last Run
---------------------------------------  -----  ---------  --------  ----------  --------------  -------------------
/opt/airflow/dags/raw_to_staging_dag.py                           1           0  0.14s           2025-05-11T04:25:39
================================================================================
[2025-05-11T04:26:23.346+0000] {manager.py:879} INFO - 
================================================================================
DAG File Processing Stats

File Path                                PID    Runtime      # DAGs    # Errors  Last Runtime    Last Run
---------------------------------------  -----  ---------  --------  ----------  --------------  -------------------
/opt/airflow/dags/raw_to_staging_dag.py                           1           0  0.14s           2025-05-11T04:26:10
================================================================================
[2025-05-11T04:26:53.565+0000] {manager.py:879} INFO - 
================================================================================
DAG File Processing Stats

File Path                                PID    Runtime      # DAGs    # Errors  Last Runtime    Last Run
---------------------------------------  -----  ---------  --------  ----------  --------------  -------------------
/opt/airflow/dags/raw_to_staging_dag.py                           1           0  1.01s           2025-05-11T04:26:41
================================================================================
[2025-05-11T04:27:24.035+0000] {manager.py:879} INFO - 
================================================================================
DAG File Processing Stats

File Path                                PID    Runtime      # DAGs    # Errors  Last Runtime    Last Run
---------------------------------------  -----  ---------  --------  ----------  --------------  -------------------
/opt/airflow/dags/raw_to_staging_dag.py                           1           0  0.15s           2025-05-11T04:27:12
================================================================================
[2025-05-11T04:27:54.354+0000] {manager.py:738} INFO - Searching for files in /opt/airflow/dags
[2025-05-11T04:27:54.372+0000] {manager.py:741} INFO - There are 1 files in /opt/airflow/dags
[2025-05-11T04:27:54.391+0000] {manager.py:879} INFO - 
================================================================================
DAG File Processing Stats

File Path                                PID    Runtime      # DAGs    # Errors  Last Runtime    Last Run
---------------------------------------  -----  ---------  --------  ----------  --------------  -------------------
/opt/airflow/dags/raw_to_staging_dag.py                           1           0  0.14s           2025-05-11T04:27:43
================================================================================
[2025-05-11T04:28:24.823+0000] {manager.py:879} INFO - 
================================================================================
DAG File Processing Stats

File Path                                PID    Runtime      # DAGs    # Errors  Last Runtime    Last Run
---------------------------------------  -----  ---------  --------  ----------  --------------  -------------------
/opt/airflow/dags/raw_to_staging_dag.py                           1           0  0.15s           2025-05-11T04:28:13
================================================================================
[2025-05-11T04:28:55.279+0000] {manager.py:879} INFO - 
================================================================================
DAG File Processing Stats

File Path                                PID    Runtime      # DAGs    # Errors  Last Runtime    Last Run
---------------------------------------  -----  ---------  --------  ----------  --------------  -------------------
/opt/airflow/dags/raw_to_staging_dag.py                           1           0  0.15s           2025-05-11T04:28:44
================================================================================
[2025-05-11T04:29:25.744+0000] {manager.py:879} INFO - 
================================================================================
DAG File Processing Stats

File Path                                PID    Runtime      # DAGs    # Errors  Last Runtime    Last Run
---------------------------------------  -----  ---------  --------  ----------  --------------  -------------------
/opt/airflow/dags/raw_to_staging_dag.py                           1           0  0.15s           2025-05-11T04:29:14
================================================================================
[2025-05-11T04:29:56.127+0000] {manager.py:879} INFO - 
================================================================================
DAG File Processing Stats

File Path                                PID    Runtime      # DAGs    # Errors  Last Runtime    Last Run
---------------------------------------  -----  ---------  --------  ----------  --------------  -------------------
/opt/airflow/dags/raw_to_staging_dag.py                           1           0  0.14s           2025-05-11T04:29:45
================================================================================
[2025-05-11T04:30:26.573+0000] {manager.py:879} INFO - 
================================================================================
DAG File Processing Stats

File Path                                PID    Runtime      # DAGs    # Errors  Last Runtime    Last Run
---------------------------------------  -----  ---------  --------  ----------  --------------  -------------------
/opt/airflow/dags/raw_to_staging_dag.py                           1           0  0.19s           2025-05-11T04:30:15
================================================================================
[2025-05-11T04:30:57.041+0000] {manager.py:879} INFO - 
================================================================================
DAG File Processing Stats

File Path                                PID    Runtime      # DAGs    # Errors  Last Runtime    Last Run
---------------------------------------  -----  ---------  --------  ----------  --------------  -------------------
/opt/airflow/dags/raw_to_staging_dag.py                           1           0  0.16s           2025-05-11T04:30:46
================================================================================
[2025-05-11T04:31:27.414+0000] {manager.py:879} INFO - 
================================================================================
DAG File Processing Stats

File Path                                PID    Runtime      # DAGs    # Errors  Last Runtime    Last Run
---------------------------------------  -----  ---------  --------  ----------  --------------  -------------------
/opt/airflow/dags/raw_to_staging_dag.py                           1           0  0.19s           2025-05-11T04:31:16
================================================================================
[2025-05-11T04:31:58.027+0000] {manager.py:879} INFO - 
================================================================================
DAG File Processing Stats

File Path                                PID    Runtime      # DAGs    # Errors  Last Runtime    Last Run
---------------------------------------  -----  ---------  --------  ----------  --------------  -------------------
/opt/airflow/dags/raw_to_staging_dag.py                           1           0  0.25s           2025-05-11T04:31:47
================================================================================
[2025-05-11T04:32:28.443+0000] {manager.py:879} INFO - 
================================================================================
DAG File Processing Stats

File Path                                PID    Runtime      # DAGs    # Errors  Last Runtime    Last Run
---------------------------------------  -----  ---------  --------  ----------  --------------  -------------------
/opt/airflow/dags/raw_to_staging_dag.py                           1           0  0.19s           2025-05-11T04:32:17
================================================================================
[2025-05-11T04:32:54.807+0000] {manager.py:738} INFO - Searching for files in /opt/airflow/dags
[2025-05-11T04:32:54.818+0000] {manager.py:741} INFO - There are 1 files in /opt/airflow/dags
[2025-05-11T04:32:58.882+0000] {manager.py:879} INFO - 
================================================================================
DAG File Processing Stats

File Path                                PID    Runtime      # DAGs    # Errors  Last Runtime    Last Run
---------------------------------------  -----  ---------  --------  ----------  --------------  -------------------
/opt/airflow/dags/raw_to_staging_dag.py                           1           0  0.13s           2025-05-11T04:32:47
================================================================================
[2025-05-11T04:33:29.317+0000] {manager.py:879} INFO - 
================================================================================
DAG File Processing Stats

File Path                                PID    Runtime      # DAGs    # Errors  Last Runtime    Last Run
---------------------------------------  -----  ---------  --------  ----------  --------------  -------------------
/opt/airflow/dags/raw_to_staging_dag.py                           1           0  0.15s           2025-05-11T04:33:18
================================================================================
[2025-05-11T04:33:59.859+0000] {manager.py:879} INFO - 
================================================================================
DAG File Processing Stats

File Path                                PID    Runtime      # DAGs    # Errors  Last Runtime    Last Run
---------------------------------------  -----  ---------  --------  ----------  --------------  -------------------
/opt/airflow/dags/raw_to_staging_dag.py                           1           0  0.17s           2025-05-11T04:33:48
================================================================================
[2025-05-11T04:34:30.361+0000] {manager.py:879} INFO - 
================================================================================
DAG File Processing Stats

File Path                                PID    Runtime      # DAGs    # Errors  Last Runtime    Last Run
---------------------------------------  -----  ---------  --------  ----------  --------------  -------------------
/opt/airflow/dags/raw_to_staging_dag.py                           1           0  0.20s           2025-05-11T04:34:19
================================================================================
[2025-05-11T04:50:04.258+0000] {manager.py:738} INFO - Searching for files in /opt/airflow/dags
[2025-05-11T04:50:04.273+0000] {manager.py:741} INFO - There are 1 files in /opt/airflow/dags
[2025-05-11T04:50:11.826+0000] {manager.py:879} INFO - 
================================================================================
DAG File Processing Stats

File Path                                PID    Runtime      # DAGs    # Errors  Last Runtime    Last Run
---------------------------------------  -----  ---------  --------  ----------  --------------  -------------------
/opt/airflow/dags/raw_to_staging_dag.py                           1           0  1.36s           2025-05-11T04:50:05
================================================================================
[2025-05-11T05:06:21.928+0000] {manager.py:738} INFO - Searching for files in /opt/airflow/dags
[2025-05-11T05:06:21.958+0000] {manager.py:741} INFO - There are 1 files in /opt/airflow/dags
[2025-05-11T05:06:29.634+0000] {manager.py:879} INFO - 
================================================================================
DAG File Processing Stats

File Path                                PID    Runtime      # DAGs    # Errors  Last Runtime    Last Run
---------------------------------------  -----  ---------  --------  ----------  --------------  -------------------
/opt/airflow/dags/raw_to_staging_dag.py                           1           0  1.39s           2025-05-11T05:06:23
================================================================================
[2025-05-11T05:12:48.530+0000] {manager.py:738} INFO - Searching for files in /opt/airflow/dags
[2025-05-11T05:12:48.602+0000] {manager.py:741} INFO - There are 1 files in /opt/airflow/dags
[2025-05-11T05:12:56.012+0000] {manager.py:879} INFO - 
================================================================================
DAG File Processing Stats

File Path                                PID    Runtime      # DAGs    # Errors  Last Runtime    Last Run
---------------------------------------  -----  ---------  --------  ----------  --------------  -------------------
/opt/airflow/dags/raw_to_staging_dag.py                           1           0  1.27s           2025-05-11T05:12:49
================================================================================
[2025-05-11T05:45:32.793+0000] {manager.py:738} INFO - Searching for files in /opt/airflow/dags
[2025-05-11T05:45:32.817+0000] {manager.py:741} INFO - There are 1 files in /opt/airflow/dags
[2025-05-11T05:45:41.509+0000] {manager.py:879} INFO - 
================================================================================
DAG File Processing Stats

File Path                                PID    Runtime      # DAGs    # Errors  Last Runtime    Last Run
---------------------------------------  -----  ---------  --------  ----------  --------------  -------------------
/opt/airflow/dags/raw_to_staging_dag.py                           1           0  1.02s           2025-05-11T05:45:33
================================================================================
[2025-05-11T05:53:53.577+0000] {manager.py:738} INFO - Searching for files in /opt/airflow/dags
[2025-05-11T05:53:53.787+0000] {manager.py:741} INFO - There are 1 files in /opt/airflow/dags
[2025-05-11T05:54:03.222+0000] {manager.py:879} INFO - 
================================================================================
DAG File Processing Stats

File Path                                  PID  Runtime      # DAGs    # Errors  Last Runtime    Last Run
---------------------------------------  -----  ---------  --------  ----------  --------------  -------------------
/opt/airflow/dags/raw_to_staging_dag.py   3070  9.24s             1           0  1.02s           2025-05-11T05:45:33
================================================================================
[2025-05-11T05:54:34.417+0000] {manager.py:879} INFO - 
================================================================================
DAG File Processing Stats

File Path                                  PID  Runtime      # DAGs    # Errors  Last Runtime    Last Run
---------------------------------------  -----  ---------  --------  ----------  --------------  -------------------
/opt/airflow/dags/raw_to_staging_dag.py   3285  0.01s             1           0  9.88s           2025-05-11T05:54:03
================================================================================
[2025-05-11T05:55:04.931+0000] {manager.py:879} INFO - 
================================================================================
DAG File Processing Stats

File Path                                  PID  Runtime      # DAGs    # Errors  Last Runtime    Last Run
---------------------------------------  -----  ---------  --------  ----------  --------------  -------------------
/opt/airflow/dags/raw_to_staging_dag.py   3300  0.02s             1           0  0.14s           2025-05-11T05:54:34
================================================================================
[2025-05-11T05:55:35.280+0000] {manager.py:879} INFO - 
================================================================================
DAG File Processing Stats

File Path                                  PID  Runtime      # DAGs    # Errors  Last Runtime    Last Run
---------------------------------------  -----  ---------  --------  ----------  --------------  -------------------
/opt/airflow/dags/raw_to_staging_dag.py   3305  0.01s             1           0  0.13s           2025-05-11T05:55:05
================================================================================
[2025-05-11T05:56:05.716+0000] {manager.py:879} INFO - 
================================================================================
DAG File Processing Stats

File Path                                  PID  Runtime      # DAGs    # Errors  Last Runtime    Last Run
---------------------------------------  -----  ---------  --------  ----------  --------------  -------------------
/opt/airflow/dags/raw_to_staging_dag.py   3310  0.02s             1           0  0.14s           2025-05-11T05:55:35
================================================================================
[2025-05-11T05:56:36.158+0000] {manager.py:879} INFO - 
================================================================================
DAG File Processing Stats

File Path                                  PID  Runtime      # DAGs    # Errors  Last Runtime    Last Run
---------------------------------------  -----  ---------  --------  ----------  --------------  -------------------
/opt/airflow/dags/raw_to_staging_dag.py   3315  0.03s             1           0  0.15s           2025-05-11T05:56:05
================================================================================
[2025-05-11T05:57:06.493+0000] {manager.py:879} INFO - 
================================================================================
DAG File Processing Stats

File Path                                  PID  Runtime      # DAGs    # Errors  Last Runtime    Last Run
---------------------------------------  -----  ---------  --------  ----------  --------------  -------------------
/opt/airflow/dags/raw_to_staging_dag.py   3320  0.02s             1           0  0.15s           2025-05-11T05:56:36
================================================================================
[2025-05-11T05:57:36.877+0000] {manager.py:879} INFO - 
================================================================================
DAG File Processing Stats

File Path                                  PID  Runtime      # DAGs    # Errors  Last Runtime    Last Run
---------------------------------------  -----  ---------  --------  ----------  --------------  -------------------
/opt/airflow/dags/raw_to_staging_dag.py   3325  0.01s             1           0  0.17s           2025-05-11T05:57:06
================================================================================
[2025-05-11T05:58:07.268+0000] {manager.py:879} INFO - 
================================================================================
DAG File Processing Stats

File Path                                  PID  Runtime      # DAGs    # Errors  Last Runtime    Last Run
---------------------------------------  -----  ---------  --------  ----------  --------------  -------------------
/opt/airflow/dags/raw_to_staging_dag.py   3330  0.03s             1           0  0.15s           2025-05-11T05:57:37
================================================================================
[2025-05-11T05:58:37.688+0000] {manager.py:879} INFO - 
================================================================================
DAG File Processing Stats

File Path                                  PID  Runtime      # DAGs    # Errors  Last Runtime    Last Run
---------------------------------------  -----  ---------  --------  ----------  --------------  -------------------
/opt/airflow/dags/raw_to_staging_dag.py   3335  0.01s             1           0  0.17s           2025-05-11T05:58:07
================================================================================
[2025-05-11T05:58:53.896+0000] {manager.py:738} INFO - Searching for files in /opt/airflow/dags
[2025-05-11T05:58:53.924+0000] {manager.py:741} INFO - There are 1 files in /opt/airflow/dags
[2025-05-11T05:59:08.155+0000] {manager.py:879} INFO - 
================================================================================
DAG File Processing Stats

File Path                                  PID  Runtime      # DAGs    # Errors  Last Runtime    Last Run
---------------------------------------  -----  ---------  --------  ----------  --------------  -------------------
/opt/airflow/dags/raw_to_staging_dag.py   3340  0.03s             1           0  0.13s           2025-05-11T05:58:37
================================================================================
[2025-05-11T05:59:39.104+0000] {manager.py:879} INFO - 
================================================================================
DAG File Processing Stats

File Path                                  PID  Runtime      # DAGs    # Errors  Last Runtime    Last Run
---------------------------------------  -----  ---------  --------  ----------  --------------  -------------------
/opt/airflow/dags/raw_to_staging_dag.py   3493  0.03s             1           0  0.17s           2025-05-11T05:59:08
================================================================================
[2025-05-11T06:00:09.375+0000] {manager.py:879} INFO - 
================================================================================
DAG File Processing Stats

File Path                                PID    Runtime      # DAGs    # Errors  Last Runtime    Last Run
---------------------------------------  -----  ---------  --------  ----------  --------------  -------------------
/opt/airflow/dags/raw_to_staging_dag.py                           1           0  0.70s           2025-05-11T05:59:39
================================================================================
[2025-05-11T06:00:39.769+0000] {manager.py:879} INFO - 
================================================================================
DAG File Processing Stats

File Path                                PID    Runtime      # DAGs    # Errors  Last Runtime    Last Run
---------------------------------------  -----  ---------  --------  ----------  --------------  -------------------
/opt/airflow/dags/raw_to_staging_dag.py                           1           0  0.16s           2025-05-11T06:00:10
================================================================================
[2025-05-11T06:01:10.181+0000] {manager.py:879} INFO - 
================================================================================
DAG File Processing Stats

File Path                                PID    Runtime      # DAGs    # Errors  Last Runtime    Last Run
---------------------------------------  -----  ---------  --------  ----------  --------------  -------------------
/opt/airflow/dags/raw_to_staging_dag.py                           1           0  0.14s           2025-05-11T06:00:40
================================================================================
[2025-05-11T06:01:40.533+0000] {manager.py:879} INFO - 
================================================================================
DAG File Processing Stats

File Path                                PID    Runtime      # DAGs    # Errors  Last Runtime    Last Run
---------------------------------------  -----  ---------  --------  ----------  --------------  -------------------
/opt/airflow/dags/raw_to_staging_dag.py                           1           0  0.15s           2025-05-11T06:01:11
================================================================================
[2025-05-11T06:02:10.997+0000] {manager.py:879} INFO - 
================================================================================
DAG File Processing Stats

File Path                                PID    Runtime      # DAGs    # Errors  Last Runtime    Last Run
---------------------------------------  -----  ---------  --------  ----------  --------------  -------------------
/opt/airflow/dags/raw_to_staging_dag.py                           1           0  0.14s           2025-05-11T06:01:41
================================================================================
[2025-05-11T06:02:50.477+0000] {manager.py:469} INFO - Processing files using up to 2 processes at a time 
[2025-05-11T06:02:50.478+0000] {manager.py:470} INFO - Process each file at most once every 30 seconds
[2025-05-11T06:02:50.478+0000] {manager.py:471} INFO - Checking for new files in /opt/airflow/dags every 300 seconds
[2025-05-11T06:02:50.478+0000] {manager.py:738} INFO - Searching for files in /opt/airflow/dags
[2025-05-11T06:02:50.483+0000] {manager.py:741} INFO - There are 1 files in /opt/airflow/dags
[2025-05-11T06:02:50.547+0000] {manager.py:879} INFO - 
================================================================================
DAG File Processing Stats

File Path                                  PID  Runtime      # DAGs    # Errors  Last Runtime    Last Run
---------------------------------------  -----  ---------  --------  ----------  --------------  ----------
/opt/airflow/dags/raw_to_staging_dag.py    166  0.03s             0           0
================================================================================
[2025-05-11T06:03:20.966+0000] {manager.py:879} INFO - 
================================================================================
DAG File Processing Stats

File Path                                  PID  Runtime      # DAGs    # Errors  Last Runtime    Last Run
---------------------------------------  -----  ---------  --------  ----------  --------------  -------------------
/opt/airflow/dags/raw_to_staging_dag.py    172  0.01s             1           0  0.11s           2025-05-11T06:02:50
================================================================================
[2025-05-11T06:03:51.353+0000] {manager.py:879} INFO - 
================================================================================
DAG File Processing Stats

File Path                                  PID  Runtime      # DAGs    # Errors  Last Runtime    Last Run
---------------------------------------  -----  ---------  --------  ----------  --------------  -------------------
/opt/airflow/dags/raw_to_staging_dag.py    177  0.01s             1           0  0.10s           2025-05-11T06:03:21
================================================================================
[2025-05-11T06:04:21.723+0000] {manager.py:879} INFO - 
================================================================================
DAG File Processing Stats

File Path                                  PID  Runtime      # DAGs    # Errors  Last Runtime    Last Run
---------------------------------------  -----  ---------  --------  ----------  --------------  -------------------
/opt/airflow/dags/raw_to_staging_dag.py    190  0.00s             1           0  0.12s           2025-05-11T06:03:51
================================================================================
[2025-05-11T06:04:52.422+0000] {manager.py:879} INFO - 
================================================================================
DAG File Processing Stats

File Path                                  PID  Runtime      # DAGs    # Errors  Last Runtime    Last Run
---------------------------------------  -----  ---------  --------  ----------  --------------  -------------------
/opt/airflow/dags/raw_to_staging_dag.py    343  0.01s             1           0  0.07s           2025-05-11T06:04:21
================================================================================
[2025-05-11T06:05:22.858+0000] {manager.py:879} INFO - 
================================================================================
DAG File Processing Stats

File Path                                  PID  Runtime      # DAGs    # Errors  Last Runtime    Last Run
---------------------------------------  -----  ---------  --------  ----------  --------------  -------------------
/opt/airflow/dags/raw_to_staging_dag.py    354  0.02s             1           0  0.08s           2025-05-11T06:04:52
================================================================================
[2025-05-11T06:05:53.281+0000] {manager.py:879} INFO - 
================================================================================
DAG File Processing Stats

File Path                                  PID  Runtime      # DAGs    # Errors  Last Runtime    Last Run
---------------------------------------  -----  ---------  --------  ----------  --------------  -------------------
/opt/airflow/dags/raw_to_staging_dag.py    359  0.03s             1           0  0.17s           2025-05-11T06:05:22
================================================================================
[2025-05-11T06:06:23.647+0000] {manager.py:879} INFO - 
================================================================================
DAG File Processing Stats

File Path                                  PID  Runtime      # DAGs    # Errors  Last Runtime    Last Run
---------------------------------------  -----  ---------  --------  ----------  --------------  -------------------
/opt/airflow/dags/raw_to_staging_dag.py    364  0.03s             1           0  0.15s           2025-05-11T06:05:53
================================================================================
[2025-05-11T06:06:54.057+0000] {manager.py:879} INFO - 
================================================================================
DAG File Processing Stats

File Path                                  PID  Runtime      # DAGs    # Errors  Last Runtime    Last Run
---------------------------------------  -----  ---------  --------  ----------  --------------  -------------------
/opt/airflow/dags/raw_to_staging_dag.py    369  0.04s             1           0  0.16s           2025-05-11T06:06:23
================================================================================
[2025-05-11T06:07:24.432+0000] {manager.py:879} INFO - 
================================================================================
DAG File Processing Stats

File Path                                  PID  Runtime      # DAGs    # Errors  Last Runtime    Last Run
---------------------------------------  -----  ---------  --------  ----------  --------------  -------------------
/opt/airflow/dags/raw_to_staging_dag.py    374  0.02s             1           0  0.18s           2025-05-11T06:06:54
================================================================================
[2025-05-11T06:07:50.736+0000] {manager.py:738} INFO - Searching for files in /opt/airflow/dags
[2025-05-11T06:07:50.747+0000] {manager.py:741} INFO - There are 1 files in /opt/airflow/dags
[2025-05-11T06:07:54.842+0000] {manager.py:879} INFO - 
================================================================================
DAG File Processing Stats

File Path                                  PID  Runtime      # DAGs    # Errors  Last Runtime    Last Run
---------------------------------------  -----  ---------  --------  ----------  --------------  -------------------
/opt/airflow/dags/raw_to_staging_dag.py    379  0.03s             1           0  0.15s           2025-05-11T06:07:24
================================================================================
[2025-05-11T06:08:25.243+0000] {manager.py:879} INFO - 
================================================================================
DAG File Processing Stats

File Path                                  PID  Runtime      # DAGs    # Errors  Last Runtime    Last Run
---------------------------------------  -----  ---------  --------  ----------  --------------  -------------------
/opt/airflow/dags/raw_to_staging_dag.py    384  0.03s             1           0  0.13s           2025-05-11T06:07:54
================================================================================
[2025-05-11T06:08:55.663+0000] {manager.py:879} INFO - 
================================================================================
DAG File Processing Stats

File Path                                  PID  Runtime      # DAGs    # Errors  Last Runtime    Last Run
---------------------------------------  -----  ---------  --------  ----------  --------------  -------------------
/opt/airflow/dags/raw_to_staging_dag.py    389  0.03s             1           0  0.16s           2025-05-11T06:08:25
================================================================================
[2025-05-11T06:09:26.105+0000] {manager.py:879} INFO - 
================================================================================
DAG File Processing Stats

File Path                                  PID  Runtime      # DAGs    # Errors  Last Runtime    Last Run
---------------------------------------  -----  ---------  --------  ----------  --------------  -------------------
/opt/airflow/dags/raw_to_staging_dag.py    402  0.02s             1           0  0.15s           2025-05-11T06:08:55
================================================================================
[2025-05-11T06:09:56.922+0000] {manager.py:879} INFO - 
================================================================================
DAG File Processing Stats

File Path                                  PID  Runtime      # DAGs    # Errors  Last Runtime    Last Run
---------------------------------------  -----  ---------  --------  ----------  --------------  -------------------
/opt/airflow/dags/raw_to_staging_dag.py    611  0.01s             1           0  0.13s           2025-05-11T06:09:26
================================================================================
[2025-05-11T06:10:27.544+0000] {manager.py:879} INFO - 
================================================================================
DAG File Processing Stats

File Path                                  PID  Runtime      # DAGs    # Errors  Last Runtime    Last Run
---------------------------------------  -----  ---------  --------  ----------  --------------  -------------------
/opt/airflow/dags/raw_to_staging_dag.py    634  0.03s             1           0  0.24s           2025-05-11T06:09:57
================================================================================
[2025-05-11T06:10:58.149+0000] {manager.py:879} INFO - 
================================================================================
DAG File Processing Stats

File Path                                  PID  Runtime      # DAGs    # Errors  Last Runtime    Last Run
---------------------------------------  -----  ---------  --------  ----------  --------------  -------------------
/opt/airflow/dags/raw_to_staging_dag.py    639  0.02s             1           0  0.17s           2025-05-11T06:10:27
================================================================================
[2025-05-11T06:11:28.451+0000] {manager.py:879} INFO - 
================================================================================
DAG File Processing Stats

File Path                                  PID  Runtime      # DAGs    # Errors  Last Runtime    Last Run
---------------------------------------  -----  ---------  --------  ----------  --------------  -------------------
/opt/airflow/dags/raw_to_staging_dag.py    644  0.02s             1           0  0.17s           2025-05-11T06:10:58
================================================================================
[2025-05-11T06:11:58.912+0000] {manager.py:879} INFO - 
================================================================================
DAG File Processing Stats

File Path                                PID    Runtime      # DAGs    # Errors  Last Runtime    Last Run
---------------------------------------  -----  ---------  --------  ----------  --------------  -------------------
/opt/airflow/dags/raw_to_staging_dag.py                           1           0  0.23s           2025-05-11T06:11:56
================================================================================
[2025-05-11T06:12:29.349+0000] {manager.py:879} INFO - 
================================================================================
DAG File Processing Stats

File Path                                PID    Runtime      # DAGs    # Errors  Last Runtime    Last Run
---------------------------------------  -----  ---------  --------  ----------  --------------  -------------------
/opt/airflow/dags/raw_to_staging_dag.py                           1           0  0.19s           2025-05-11T06:12:26
================================================================================
[2025-05-11T06:12:51.628+0000] {manager.py:738} INFO - Searching for files in /opt/airflow/dags
[2025-05-11T06:12:51.651+0000] {manager.py:741} INFO - There are 1 files in /opt/airflow/dags
[2025-05-11T06:12:59.760+0000] {manager.py:879} INFO - 
================================================================================
DAG File Processing Stats

File Path                                PID    Runtime      # DAGs    # Errors  Last Runtime    Last Run
---------------------------------------  -----  ---------  --------  ----------  --------------  -------------------
/opt/airflow/dags/raw_to_staging_dag.py                           1           0  0.16s           2025-05-11T06:12:56
================================================================================
[2025-05-11T06:13:30.144+0000] {manager.py:879} INFO - 
================================================================================
DAG File Processing Stats

File Path                                PID    Runtime      # DAGs    # Errors  Last Runtime    Last Run
---------------------------------------  -----  ---------  --------  ----------  --------------  -------------------
/opt/airflow/dags/raw_to_staging_dag.py                           1           0  0.16s           2025-05-11T06:13:27
================================================================================
[2025-05-11T06:14:00.474+0000] {manager.py:879} INFO - 
================================================================================
DAG File Processing Stats

File Path                                PID    Runtime      # DAGs    # Errors  Last Runtime    Last Run
---------------------------------------  -----  ---------  --------  ----------  --------------  -------------------
/opt/airflow/dags/raw_to_staging_dag.py                           1           0  0.17s           2025-05-11T06:13:57
================================================================================
[2025-05-11T06:14:30.932+0000] {manager.py:879} INFO - 
================================================================================
DAG File Processing Stats

File Path                                PID    Runtime      # DAGs    # Errors  Last Runtime    Last Run
---------------------------------------  -----  ---------  --------  ----------  --------------  -------------------
/opt/airflow/dags/raw_to_staging_dag.py                           1           0  0.17s           2025-05-11T06:14:28
================================================================================
[2025-05-11T06:15:01.402+0000] {manager.py:879} INFO - 
================================================================================
DAG File Processing Stats

File Path                                PID    Runtime      # DAGs    # Errors  Last Runtime    Last Run
---------------------------------------  -----  ---------  --------  ----------  --------------  -------------------
/opt/airflow/dags/raw_to_staging_dag.py                           1           0  0.53s           2025-05-11T06:14:59
================================================================================
[2025-05-11T06:15:31.670+0000] {manager.py:879} INFO - 
================================================================================
DAG File Processing Stats

File Path                                PID    Runtime      # DAGs    # Errors  Last Runtime    Last Run
---------------------------------------  -----  ---------  --------  ----------  --------------  -------------------
/opt/airflow/dags/raw_to_staging_dag.py                           1           0  0.33s           2025-05-11T06:15:29
================================================================================
[2025-05-11T06:16:02.069+0000] {manager.py:879} INFO - 
================================================================================
DAG File Processing Stats

File Path                                PID    Runtime      # DAGs    # Errors  Last Runtime    Last Run
---------------------------------------  -----  ---------  --------  ----------  --------------  -------------------
/opt/airflow/dags/raw_to_staging_dag.py                           1           0  0.18s           2025-05-11T06:16:00
================================================================================
[2025-05-11T06:16:32.485+0000] {manager.py:879} INFO - 
================================================================================
DAG File Processing Stats

File Path                                PID    Runtime      # DAGs    # Errors  Last Runtime    Last Run
---------------------------------------  -----  ---------  --------  ----------  --------------  -------------------
/opt/airflow/dags/raw_to_staging_dag.py                           1           0  0.19s           2025-05-11T06:16:30
================================================================================
[2025-05-11T06:17:02.931+0000] {manager.py:879} INFO - 
================================================================================
DAG File Processing Stats

File Path                                PID    Runtime      # DAGs    # Errors  Last Runtime    Last Run
---------------------------------------  -----  ---------  --------  ----------  --------------  -------------------
/opt/airflow/dags/raw_to_staging_dag.py                           1           0  0.19s           2025-05-11T06:17:01
================================================================================
[2025-05-11T06:17:33.351+0000] {manager.py:879} INFO - 
================================================================================
DAG File Processing Stats

File Path                                PID    Runtime      # DAGs    # Errors  Last Runtime    Last Run
---------------------------------------  -----  ---------  --------  ----------  --------------  -------------------
/opt/airflow/dags/raw_to_staging_dag.py                           1           0  0.16s           2025-05-11T06:17:31
================================================================================
[2025-05-11T06:17:52.583+0000] {manager.py:738} INFO - Searching for files in /opt/airflow/dags
[2025-05-11T06:17:52.600+0000] {manager.py:741} INFO - There are 1 files in /opt/airflow/dags
[2025-05-11T06:18:03.773+0000] {manager.py:879} INFO - 
================================================================================
DAG File Processing Stats

File Path                                PID    Runtime      # DAGs    # Errors  Last Runtime    Last Run
---------------------------------------  -----  ---------  --------  ----------  --------------  -------------------
/opt/airflow/dags/raw_to_staging_dag.py                           1           0  0.16s           2025-05-11T06:18:01
================================================================================
[2025-05-11T06:18:34.156+0000] {manager.py:879} INFO - 
================================================================================
DAG File Processing Stats

File Path                                PID    Runtime      # DAGs    # Errors  Last Runtime    Last Run
---------------------------------------  -----  ---------  --------  ----------  --------------  -------------------
/opt/airflow/dags/raw_to_staging_dag.py                           1           0  0.17s           2025-05-11T06:18:32
================================================================================
[2025-05-11T06:19:04.523+0000] {manager.py:879} INFO - 
================================================================================
DAG File Processing Stats

File Path                                PID    Runtime      # DAGs    # Errors  Last Runtime    Last Run
---------------------------------------  -----  ---------  --------  ----------  --------------  -------------------
/opt/airflow/dags/raw_to_staging_dag.py                           1           0  0.15s           2025-05-11T06:19:02
================================================================================
[2025-05-11T06:19:34.931+0000] {manager.py:879} INFO - 
================================================================================
DAG File Processing Stats

File Path                                PID    Runtime      # DAGs    # Errors  Last Runtime    Last Run
---------------------------------------  -----  ---------  --------  ----------  --------------  -------------------
/opt/airflow/dags/raw_to_staging_dag.py                           1           0  0.12s           2025-05-11T06:19:33
================================================================================
[2025-05-11T06:20:05.332+0000] {manager.py:879} INFO - 
================================================================================
DAG File Processing Stats

File Path                                PID    Runtime      # DAGs    # Errors  Last Runtime    Last Run
---------------------------------------  -----  ---------  --------  ----------  --------------  -------------------
/opt/airflow/dags/raw_to_staging_dag.py                           1           0  0.18s           2025-05-11T06:20:03
================================================================================
[2025-05-11T06:20:35.707+0000] {manager.py:879} INFO - 
================================================================================
DAG File Processing Stats

File Path                                PID    Runtime      # DAGs    # Errors  Last Runtime    Last Run
---------------------------------------  -----  ---------  --------  ----------  --------------  -------------------
/opt/airflow/dags/raw_to_staging_dag.py                           1           0  0.15s           2025-05-11T06:20:33
================================================================================
[2025-05-11T06:21:06.107+0000] {manager.py:879} INFO - 
================================================================================
DAG File Processing Stats

File Path                                PID    Runtime      # DAGs    # Errors  Last Runtime    Last Run
---------------------------------------  -----  ---------  --------  ----------  --------------  -------------------
/opt/airflow/dags/raw_to_staging_dag.py                           1           0  0.24s           2025-05-11T06:21:04
================================================================================
[2025-05-11T06:21:36.569+0000] {manager.py:879} INFO - 
================================================================================
DAG File Processing Stats

File Path                                PID    Runtime      # DAGs    # Errors  Last Runtime    Last Run
---------------------------------------  -----  ---------  --------  ----------  --------------  -------------------
/opt/airflow/dags/raw_to_staging_dag.py                           1           0  0.18s           2025-05-11T06:21:34
================================================================================
[2025-05-11T06:22:06.964+0000] {manager.py:879} INFO - 
================================================================================
DAG File Processing Stats

File Path                                PID    Runtime      # DAGs    # Errors  Last Runtime    Last Run
---------------------------------------  -----  ---------  --------  ----------  --------------  -------------------
/opt/airflow/dags/raw_to_staging_dag.py                           1           0  0.18s           2025-05-11T06:22:05
================================================================================
[2025-05-11T06:22:37.347+0000] {manager.py:879} INFO - 
================================================================================
DAG File Processing Stats

File Path                                PID    Runtime      # DAGs    # Errors  Last Runtime    Last Run
---------------------------------------  -----  ---------  --------  ----------  --------------  -------------------
/opt/airflow/dags/raw_to_staging_dag.py                           1           0  0.16s           2025-05-11T06:22:35
================================================================================
[2025-05-11T06:22:53.511+0000] {manager.py:738} INFO - Searching for files in /opt/airflow/dags
[2025-05-11T06:22:53.527+0000] {manager.py:741} INFO - There are 1 files in /opt/airflow/dags
[2025-05-11T06:23:07.744+0000] {manager.py:879} INFO - 
================================================================================
DAG File Processing Stats

File Path                                PID    Runtime      # DAGs    # Errors  Last Runtime    Last Run
---------------------------------------  -----  ---------  --------  ----------  --------------  -------------------
/opt/airflow/dags/raw_to_staging_dag.py                           1           0  0.18s           2025-05-11T06:23:05
================================================================================
[2025-05-11T06:23:38.206+0000] {manager.py:879} INFO - 
================================================================================
DAG File Processing Stats

File Path                                PID    Runtime      # DAGs    # Errors  Last Runtime    Last Run
---------------------------------------  -----  ---------  --------  ----------  --------------  -------------------
/opt/airflow/dags/raw_to_staging_dag.py                           1           0  0.20s           2025-05-11T06:23:36
================================================================================
[2025-05-11T06:23:48.685+0000] {manager.py:451} INFO - Exiting gracefully upon receiving signal 15
[2025-05-11T06:40:31.492+0000] {manager.py:469} INFO - Processing files using up to 2 processes at a time 
[2025-05-11T06:40:31.493+0000] {manager.py:470} INFO - Process each file at most once every 30 seconds
[2025-05-11T06:40:31.493+0000] {manager.py:471} INFO - Checking for new files in /opt/airflow/dags every 300 seconds
[2025-05-11T06:40:31.493+0000] {manager.py:738} INFO - Searching for files in /opt/airflow/dags
[2025-05-11T06:40:31.502+0000] {manager.py:741} INFO - There are 1 files in /opt/airflow/dags
[2025-05-11T06:40:31.642+0000] {manager.py:879} INFO - 
================================================================================
DAG File Processing Stats

File Path                                  PID  Runtime      # DAGs    # Errors  Last Runtime    Last Run
---------------------------------------  -----  ---------  --------  ----------  --------------  ----------
/opt/airflow/dags/raw_to_staging_dag.py    167  0.05s             0           0
================================================================================
[2025-05-11T06:41:01.942+0000] {manager.py:879} INFO - 
================================================================================
DAG File Processing Stats

File Path                                  PID  Runtime      # DAGs    # Errors  Last Runtime    Last Run
---------------------------------------  -----  ---------  --------  ----------  --------------  -------------------
/opt/airflow/dags/raw_to_staging_dag.py    172  0.01s             1           0  0.26s           2025-05-11T06:40:31
================================================================================
[2025-05-11T06:41:32.404+0000] {manager.py:879} INFO - 
================================================================================
DAG File Processing Stats

File Path                                  PID  Runtime      # DAGs    # Errors  Last Runtime    Last Run
---------------------------------------  -----  ---------  --------  ----------  --------------  -------------------
/opt/airflow/dags/raw_to_staging_dag.py    177  0.03s             1           0  0.13s           2025-05-11T06:41:02
================================================================================
[2025-05-11T06:42:02.792+0000] {manager.py:879} INFO - 
================================================================================
DAG File Processing Stats

File Path                                  PID  Runtime      # DAGs    # Errors  Last Runtime    Last Run
---------------------------------------  -----  ---------  --------  ----------  --------------  -------------------
/opt/airflow/dags/raw_to_staging_dag.py    182  0.03s             1           0  0.13s           2025-05-11T06:41:32
================================================================================
[2025-05-11T06:42:33.103+0000] {manager.py:879} INFO - 
================================================================================
DAG File Processing Stats

File Path                                  PID  Runtime      # DAGs    # Errors  Last Runtime    Last Run
---------------------------------------  -----  ---------  --------  ----------  --------------  -------------------
/opt/airflow/dags/raw_to_staging_dag.py    187  0.01s             1           0  0.12s           2025-05-11T06:42:02
================================================================================
[2025-05-11T06:43:03.444+0000] {manager.py:879} INFO - 
================================================================================
DAG File Processing Stats

File Path                                  PID  Runtime      # DAGs    # Errors  Last Runtime    Last Run
---------------------------------------  -----  ---------  --------  ----------  --------------  -------------------
/opt/airflow/dags/raw_to_staging_dag.py    192  0.02s             1           0  0.11s           2025-05-11T06:42:33
================================================================================
[2025-05-11T06:43:33.792+0000] {manager.py:879} INFO - 
================================================================================
DAG File Processing Stats

File Path                                  PID  Runtime      # DAGs    # Errors  Last Runtime    Last Run
---------------------------------------  -----  ---------  --------  ----------  --------------  -------------------
/opt/airflow/dags/raw_to_staging_dag.py    197  0.02s             1           0  0.11s           2025-05-11T06:43:03
================================================================================
[2025-05-11T06:44:04.150+0000] {manager.py:879} INFO - 
================================================================================
DAG File Processing Stats

File Path                                  PID  Runtime      # DAGs    # Errors  Last Runtime    Last Run
---------------------------------------  -----  ---------  --------  ----------  --------------  -------------------
/opt/airflow/dags/raw_to_staging_dag.py    202  0.01s             1           0  0.12s           2025-05-11T06:43:33
================================================================================
[2025-05-11T06:44:34.461+0000] {manager.py:879} INFO - 
================================================================================
DAG File Processing Stats

File Path                                  PID  Runtime      # DAGs    # Errors  Last Runtime    Last Run
---------------------------------------  -----  ---------  --------  ----------  --------------  -------------------
/opt/airflow/dags/raw_to_staging_dag.py    207  0.02s             1           0  0.12s           2025-05-11T06:44:04
================================================================================
[2025-05-11T06:45:04.742+0000] {manager.py:879} INFO - 
================================================================================
DAG File Processing Stats

File Path                                  PID  Runtime      # DAGs    # Errors  Last Runtime    Last Run
---------------------------------------  -----  ---------  --------  ----------  --------------  -------------------
/opt/airflow/dags/raw_to_staging_dag.py    212  0.03s             1           0  0.13s           2025-05-11T06:44:34
================================================================================
[2025-05-11T06:45:31.993+0000] {manager.py:738} INFO - Searching for files in /opt/airflow/dags
[2025-05-11T06:45:32.009+0000] {manager.py:741} INFO - There are 1 files in /opt/airflow/dags
[2025-05-11T06:45:35.075+0000] {manager.py:879} INFO - 
================================================================================
DAG File Processing Stats

File Path                                  PID  Runtime      # DAGs    # Errors  Last Runtime    Last Run
---------------------------------------  -----  ---------  --------  ----------  --------------  -------------------
/opt/airflow/dags/raw_to_staging_dag.py    217  0.01s             1           0  0.13s           2025-05-11T06:45:04
================================================================================
[2025-05-11T06:46:05.417+0000] {manager.py:879} INFO - 
================================================================================
DAG File Processing Stats

File Path                                  PID  Runtime      # DAGs    # Errors  Last Runtime    Last Run
---------------------------------------  -----  ---------  --------  ----------  --------------  -------------------
/opt/airflow/dags/raw_to_staging_dag.py    222  0.03s             1           0  0.11s           2025-05-11T06:45:35
================================================================================
[2025-05-11T06:46:35.567+0000] {manager.py:879} INFO - 
================================================================================
DAG File Processing Stats

File Path                                  PID  Runtime      # DAGs    # Errors  Last Runtime    Last Run
---------------------------------------  -----  ---------  --------  ----------  --------------  -------------------
/opt/airflow/dags/raw_to_staging_dag.py    367  0.01s             1           0  0.15s           2025-05-11T06:46:05
================================================================================
[2025-05-11T06:47:05.916+0000] {manager.py:879} INFO - 
================================================================================
DAG File Processing Stats

File Path                                  PID  Runtime      # DAGs    # Errors  Last Runtime    Last Run
---------------------------------------  -----  ---------  --------  ----------  --------------  -------------------
/opt/airflow/dags/raw_to_staging_dag.py    392  0.02s             1           0  0.08s           2025-05-11T06:46:35
================================================================================
[2025-05-11T06:47:36.239+0000] {manager.py:879} INFO - 
================================================================================
DAG File Processing Stats

File Path                                  PID  Runtime      # DAGs    # Errors  Last Runtime    Last Run
---------------------------------------  -----  ---------  --------  ----------  --------------  -------------------
/opt/airflow/dags/raw_to_staging_dag.py    397  0.02s             1           0  0.13s           2025-05-11T06:47:06
================================================================================
[2025-05-11T06:48:06.545+0000] {manager.py:879} INFO - 
================================================================================
DAG File Processing Stats

File Path                                  PID  Runtime      # DAGs    # Errors  Last Runtime    Last Run
---------------------------------------  -----  ---------  --------  ----------  --------------  -------------------
/opt/airflow/dags/raw_to_staging_dag.py    402  0.02s             1           0  0.12s           2025-05-11T06:47:36
================================================================================
[2025-05-11T06:48:36.864+0000] {manager.py:879} INFO - 
================================================================================
DAG File Processing Stats

File Path                                  PID  Runtime      # DAGs    # Errors  Last Runtime    Last Run
---------------------------------------  -----  ---------  --------  ----------  --------------  -------------------
/opt/airflow/dags/raw_to_staging_dag.py    407  0.02s             1           0  0.13s           2025-05-11T06:48:06
================================================================================
[2025-05-11T06:49:07.212+0000] {manager.py:879} INFO - 
================================================================================
DAG File Processing Stats

File Path                                  PID  Runtime      # DAGs    # Errors  Last Runtime    Last Run
---------------------------------------  -----  ---------  --------  ----------  --------------  -------------------
/opt/airflow/dags/raw_to_staging_dag.py    412  0.03s             1           0  0.13s           2025-05-11T06:48:36
================================================================================
[2025-05-11T06:49:37.525+0000] {manager.py:879} INFO - 
================================================================================
DAG File Processing Stats

File Path                                  PID  Runtime      # DAGs    # Errors  Last Runtime    Last Run
---------------------------------------  -----  ---------  --------  ----------  --------------  -------------------
/opt/airflow/dags/raw_to_staging_dag.py    417  0.03s             1           0  0.24s           2025-05-11T06:49:07
================================================================================
[2025-05-11T06:50:08.012+0000] {manager.py:879} INFO - 
================================================================================
DAG File Processing Stats

File Path                                  PID  Runtime      # DAGs    # Errors  Last Runtime    Last Run
---------------------------------------  -----  ---------  --------  ----------  --------------  -------------------
/opt/airflow/dags/raw_to_staging_dag.py    422  0.03s             1           0  0.18s           2025-05-11T06:49:37
================================================================================
[2025-05-11T06:50:32.307+0000] {manager.py:738} INFO - Searching for files in /opt/airflow/dags
[2025-05-11T06:50:32.324+0000] {manager.py:741} INFO - There are 1 files in /opt/airflow/dags
[2025-05-11T06:50:38.442+0000] {manager.py:879} INFO - 
================================================================================
DAG File Processing Stats

File Path                                  PID  Runtime      # DAGs    # Errors  Last Runtime    Last Run
---------------------------------------  -----  ---------  --------  ----------  --------------  -------------------
/opt/airflow/dags/raw_to_staging_dag.py    427  0.03s             1           0  0.14s           2025-05-11T06:50:08
================================================================================
[2025-05-11T06:51:08.843+0000] {manager.py:879} INFO - 
================================================================================
DAG File Processing Stats

File Path                                  PID  Runtime      # DAGs    # Errors  Last Runtime    Last Run
---------------------------------------  -----  ---------  --------  ----------  --------------  -------------------
/opt/airflow/dags/raw_to_staging_dag.py    432  0.02s             1           0  0.15s           2025-05-11T06:50:38
================================================================================
[2025-05-11T06:51:39.689+0000] {manager.py:879} INFO - 
================================================================================
DAG File Processing Stats

File Path                                  PID  Runtime      # DAGs    # Errors  Last Runtime    Last Run
---------------------------------------  -----  ---------  --------  ----------  --------------  -------------------
/opt/airflow/dags/raw_to_staging_dag.py    581  0.00s             1           0  0.16s           2025-05-11T06:51:08
================================================================================
[2025-05-11T06:52:09.993+0000] {manager.py:879} INFO - 
================================================================================
DAG File Processing Stats

File Path                                  PID  Runtime      # DAGs    # Errors  Last Runtime    Last Run
---------------------------------------  -----  ---------  --------  ----------  --------------  -------------------
/opt/airflow/dags/raw_to_staging_dag.py    602  0.01s             1           0  0.09s           2025-05-11T06:51:39
================================================================================
[2025-05-11T06:52:40.370+0000] {manager.py:879} INFO - 
================================================================================
DAG File Processing Stats

File Path                                  PID  Runtime      # DAGs    # Errors  Last Runtime    Last Run
---------------------------------------  -----  ---------  --------  ----------  --------------  -------------------
/opt/airflow/dags/raw_to_staging_dag.py    607  0.03s             1           0  0.14s           2025-05-11T06:52:10
================================================================================
[2025-05-11T06:53:10.726+0000] {manager.py:879} INFO - 
================================================================================
DAG File Processing Stats

File Path                                  PID  Runtime      # DAGs    # Errors  Last Runtime    Last Run
---------------------------------------  -----  ---------  --------  ----------  --------------  -------------------
/opt/airflow/dags/raw_to_staging_dag.py    612  0.01s             1           0  0.14s           2025-05-11T06:52:40
================================================================================
[2025-05-11T06:53:41.120+0000] {manager.py:879} INFO - 
================================================================================
DAG File Processing Stats

File Path                                  PID  Runtime      # DAGs    # Errors  Last Runtime    Last Run
---------------------------------------  -----  ---------  --------  ----------  --------------  -------------------
/opt/airflow/dags/raw_to_staging_dag.py    617  0.02s             1           0  0.11s           2025-05-11T06:53:10
================================================================================
[2025-05-11T06:54:11.459+0000] {manager.py:879} INFO - 
================================================================================
DAG File Processing Stats

File Path                                  PID  Runtime      # DAGs    # Errors  Last Runtime    Last Run
---------------------------------------  -----  ---------  --------  ----------  --------------  -------------------
/opt/airflow/dags/raw_to_staging_dag.py    622  0.02s             1           0  0.14s           2025-05-11T06:53:41
================================================================================
[2025-05-11T06:54:41.810+0000] {manager.py:879} INFO - 
================================================================================
DAG File Processing Stats

File Path                                  PID  Runtime      # DAGs    # Errors  Last Runtime    Last Run
---------------------------------------  -----  ---------  --------  ----------  --------------  -------------------
/opt/airflow/dags/raw_to_staging_dag.py    627  0.03s             1           0  0.12s           2025-05-11T06:54:11
================================================================================
[2025-05-11T06:55:12.158+0000] {manager.py:879} INFO - 
================================================================================
DAG File Processing Stats

File Path                                  PID  Runtime      # DAGs    # Errors  Last Runtime    Last Run
---------------------------------------  -----  ---------  --------  ----------  --------------  -------------------
/opt/airflow/dags/raw_to_staging_dag.py    632  0.03s             1           0  0.13s           2025-05-11T06:54:41
================================================================================
[2025-05-11T06:55:32.310+0000] {manager.py:738} INFO - Searching for files in /opt/airflow/dags
[2025-05-11T06:55:32.328+0000] {manager.py:741} INFO - There are 1 files in /opt/airflow/dags
[2025-05-11T06:55:42.510+0000] {manager.py:879} INFO - 
================================================================================
DAG File Processing Stats

File Path                                  PID  Runtime      # DAGs    # Errors  Last Runtime    Last Run
---------------------------------------  -----  ---------  --------  ----------  --------------  -------------------
/opt/airflow/dags/raw_to_staging_dag.py    637  0.03s             1           0  0.13s           2025-05-11T06:55:12
================================================================================
[2025-05-11T06:56:12.867+0000] {manager.py:879} INFO - 
================================================================================
DAG File Processing Stats

File Path                                  PID  Runtime      # DAGs    # Errors  Last Runtime    Last Run
---------------------------------------  -----  ---------  --------  ----------  --------------  -------------------
/opt/airflow/dags/raw_to_staging_dag.py    642  0.03s             1           0  0.18s           2025-05-11T06:55:42
================================================================================
[2025-05-11T06:56:43.411+0000] {manager.py:879} INFO - 
================================================================================
DAG File Processing Stats

File Path                                  PID  Runtime      # DAGs    # Errors  Last Runtime    Last Run
---------------------------------------  -----  ---------  --------  ----------  --------------  -------------------
/opt/airflow/dags/raw_to_staging_dag.py    795  0.01s             1           0  0.14s           2025-05-11T06:56:12
================================================================================
