[2025-05-21T00:09:35.631+0000] {processor.py:161} INFO - Started process (PID=17513) to work on /opt/airflow/dags/dbt_model_dag.py
[2025-05-21T00:09:35.633+0000] {processor.py:830} INFO - Processing file /opt/airflow/dags/dbt_model_dag.py for tasks to queue
[2025-05-21T00:09:35.637+0000] {logging_mixin.py:188} INFO - [2025-05-21T00:09:35.636+0000] {dagbag.py:538} INFO - Filling up the DagBag from /opt/airflow/dags/dbt_model_dag.py
[2025-05-21T00:09:35.689+0000] {processor.py:840} INFO - DAG(s) 'run_dbt_models_after_ingestion' retrieved from /opt/airflow/dags/dbt_model_dag.py
[2025-05-21T00:09:35.781+0000] {logging_mixin.py:188} INFO - [2025-05-21T00:09:35.781+0000] {dag.py:3036} INFO - Sync 1 DAGs
[2025-05-21T00:09:35.821+0000] {logging_mixin.py:188} INFO - [2025-05-21T00:09:35.821+0000] {dag.py:3823} INFO - Setting next_dagrun for run_dbt_models_after_ingestion to None, run_after=None
[2025-05-21T00:09:35.860+0000] {processor.py:183} INFO - Processing /opt/airflow/dags/dbt_model_dag.py took 0.242 seconds
[2025-05-21T00:10:06.900+0000] {processor.py:161} INFO - Started process (PID=17523) to work on /opt/airflow/dags/dbt_model_dag.py
[2025-05-21T00:10:06.904+0000] {processor.py:830} INFO - Processing file /opt/airflow/dags/dbt_model_dag.py for tasks to queue
[2025-05-21T00:10:06.906+0000] {logging_mixin.py:188} INFO - [2025-05-21T00:10:06.905+0000] {dagbag.py:538} INFO - Filling up the DagBag from /opt/airflow/dags/dbt_model_dag.py
[2025-05-21T00:10:06.935+0000] {processor.py:840} INFO - DAG(s) 'run_dbt_models_after_ingestion' retrieved from /opt/airflow/dags/dbt_model_dag.py
[2025-05-21T00:10:06.976+0000] {logging_mixin.py:188} INFO - [2025-05-21T00:10:06.976+0000] {dag.py:3036} INFO - Sync 1 DAGs
[2025-05-21T00:10:06.987+0000] {logging_mixin.py:188} INFO - [2025-05-21T00:10:06.987+0000] {dag.py:3823} INFO - Setting next_dagrun for run_dbt_models_after_ingestion to None, run_after=None
[2025-05-21T00:10:07.002+0000] {processor.py:183} INFO - Processing /opt/airflow/dags/dbt_model_dag.py took 0.116 seconds
[2025-05-21T00:26:32.277+0000] {processor.py:161} INFO - Started process (PID=17535) to work on /opt/airflow/dags/dbt_model_dag.py
[2025-05-21T00:26:32.279+0000] {processor.py:830} INFO - Processing file /opt/airflow/dags/dbt_model_dag.py for tasks to queue
[2025-05-21T00:26:32.281+0000] {logging_mixin.py:188} INFO - [2025-05-21T00:26:32.279+0000] {dagbag.py:538} INFO - Filling up the DagBag from /opt/airflow/dags/dbt_model_dag.py
[2025-05-21T00:26:32.303+0000] {processor.py:840} INFO - DAG(s) 'run_dbt_models_after_ingestion' retrieved from /opt/airflow/dags/dbt_model_dag.py
[2025-05-21T00:26:32.340+0000] {logging_mixin.py:188} INFO - [2025-05-21T00:26:32.340+0000] {dag.py:3036} INFO - Sync 1 DAGs
[2025-05-21T00:26:32.352+0000] {logging_mixin.py:188} INFO - [2025-05-21T00:26:32.352+0000] {dag.py:3823} INFO - Setting next_dagrun for run_dbt_models_after_ingestion to None, run_after=None
[2025-05-21T00:26:32.367+0000] {processor.py:183} INFO - Processing /opt/airflow/dags/dbt_model_dag.py took 0.101 seconds
[2025-05-21T00:51:07.284+0000] {processor.py:161} INFO - Started process (PID=17545) to work on /opt/airflow/dags/dbt_model_dag.py
[2025-05-21T00:51:07.293+0000] {processor.py:830} INFO - Processing file /opt/airflow/dags/dbt_model_dag.py for tasks to queue
[2025-05-21T00:51:07.298+0000] {logging_mixin.py:188} INFO - [2025-05-21T00:51:07.294+0000] {dagbag.py:538} INFO - Filling up the DagBag from /opt/airflow/dags/dbt_model_dag.py
[2025-05-21T00:51:07.373+0000] {processor.py:840} INFO - DAG(s) 'run_dbt_models_after_ingestion' retrieved from /opt/airflow/dags/dbt_model_dag.py
[2025-05-21T00:51:07.500+0000] {logging_mixin.py:188} INFO - [2025-05-21T00:51:07.498+0000] {dag.py:3036} INFO - Sync 1 DAGs
[2025-05-21T00:51:07.539+0000] {logging_mixin.py:188} INFO - [2025-05-21T00:51:07.539+0000] {dag.py:3823} INFO - Setting next_dagrun for run_dbt_models_after_ingestion to None, run_after=None
[2025-05-21T00:51:07.603+0000] {processor.py:183} INFO - Processing /opt/airflow/dags/dbt_model_dag.py took 0.356 seconds
[2025-05-21T00:51:37.947+0000] {processor.py:161} INFO - Started process (PID=17555) to work on /opt/airflow/dags/dbt_model_dag.py
[2025-05-21T00:51:37.963+0000] {processor.py:830} INFO - Processing file /opt/airflow/dags/dbt_model_dag.py for tasks to queue
[2025-05-21T00:51:37.969+0000] {logging_mixin.py:188} INFO - [2025-05-21T00:51:37.967+0000] {dagbag.py:538} INFO - Filling up the DagBag from /opt/airflow/dags/dbt_model_dag.py
[2025-05-21T00:51:38.124+0000] {processor.py:840} INFO - DAG(s) 'run_dbt_models_after_ingestion' retrieved from /opt/airflow/dags/dbt_model_dag.py
[2025-05-21T00:51:38.253+0000] {logging_mixin.py:188} INFO - [2025-05-21T00:51:38.253+0000] {dag.py:3036} INFO - Sync 1 DAGs
[2025-05-21T00:51:38.294+0000] {logging_mixin.py:188} INFO - [2025-05-21T00:51:38.294+0000] {dag.py:3823} INFO - Setting next_dagrun for run_dbt_models_after_ingestion to None, run_after=None
[2025-05-21T00:51:38.343+0000] {processor.py:183} INFO - Processing /opt/airflow/dags/dbt_model_dag.py took 0.461 seconds
[2025-05-21T00:52:08.848+0000] {processor.py:161} INFO - Started process (PID=17565) to work on /opt/airflow/dags/dbt_model_dag.py
[2025-05-21T00:52:08.853+0000] {processor.py:830} INFO - Processing file /opt/airflow/dags/dbt_model_dag.py for tasks to queue
[2025-05-21T00:52:08.860+0000] {logging_mixin.py:188} INFO - [2025-05-21T00:52:08.856+0000] {dagbag.py:538} INFO - Filling up the DagBag from /opt/airflow/dags/dbt_model_dag.py
[2025-05-21T00:52:08.901+0000] {processor.py:840} INFO - DAG(s) 'run_dbt_models_after_ingestion' retrieved from /opt/airflow/dags/dbt_model_dag.py
[2025-05-21T00:52:08.967+0000] {logging_mixin.py:188} INFO - [2025-05-21T00:52:08.966+0000] {dag.py:3036} INFO - Sync 1 DAGs
[2025-05-21T00:52:09.000+0000] {logging_mixin.py:188} INFO - [2025-05-21T00:52:09.000+0000] {dag.py:3823} INFO - Setting next_dagrun for run_dbt_models_after_ingestion to None, run_after=None
[2025-05-21T00:52:09.026+0000] {processor.py:183} INFO - Processing /opt/airflow/dags/dbt_model_dag.py took 0.192 seconds
[2025-05-21T00:52:39.521+0000] {processor.py:161} INFO - Started process (PID=17575) to work on /opt/airflow/dags/dbt_model_dag.py
[2025-05-21T00:52:39.526+0000] {processor.py:830} INFO - Processing file /opt/airflow/dags/dbt_model_dag.py for tasks to queue
[2025-05-21T00:52:39.529+0000] {logging_mixin.py:188} INFO - [2025-05-21T00:52:39.528+0000] {dagbag.py:538} INFO - Filling up the DagBag from /opt/airflow/dags/dbt_model_dag.py
[2025-05-21T00:52:39.574+0000] {processor.py:840} INFO - DAG(s) 'run_dbt_models_after_ingestion' retrieved from /opt/airflow/dags/dbt_model_dag.py
[2025-05-21T00:52:39.629+0000] {logging_mixin.py:188} INFO - [2025-05-21T00:52:39.629+0000] {dag.py:3036} INFO - Sync 1 DAGs
[2025-05-21T00:52:39.647+0000] {logging_mixin.py:188} INFO - [2025-05-21T00:52:39.646+0000] {dag.py:3823} INFO - Setting next_dagrun for run_dbt_models_after_ingestion to None, run_after=None
[2025-05-21T00:52:39.668+0000] {processor.py:183} INFO - Processing /opt/airflow/dags/dbt_model_dag.py took 0.158 seconds
[2025-05-21T00:53:10.207+0000] {processor.py:161} INFO - Started process (PID=17585) to work on /opt/airflow/dags/dbt_model_dag.py
[2025-05-21T00:53:10.212+0000] {processor.py:830} INFO - Processing file /opt/airflow/dags/dbt_model_dag.py for tasks to queue
[2025-05-21T00:53:10.214+0000] {logging_mixin.py:188} INFO - [2025-05-21T00:53:10.213+0000] {dagbag.py:538} INFO - Filling up the DagBag from /opt/airflow/dags/dbt_model_dag.py
[2025-05-21T00:53:10.241+0000] {processor.py:840} INFO - DAG(s) 'run_dbt_models_after_ingestion' retrieved from /opt/airflow/dags/dbt_model_dag.py
[2025-05-21T00:53:10.287+0000] {logging_mixin.py:188} INFO - [2025-05-21T00:53:10.287+0000] {dag.py:3036} INFO - Sync 1 DAGs
[2025-05-21T00:53:10.305+0000] {logging_mixin.py:188} INFO - [2025-05-21T00:53:10.305+0000] {dag.py:3823} INFO - Setting next_dagrun for run_dbt_models_after_ingestion to None, run_after=None
[2025-05-21T00:53:10.325+0000] {processor.py:183} INFO - Processing /opt/airflow/dags/dbt_model_dag.py took 0.129 seconds
[2025-05-21T00:53:40.789+0000] {processor.py:161} INFO - Started process (PID=17595) to work on /opt/airflow/dags/dbt_model_dag.py
[2025-05-21T00:53:40.793+0000] {processor.py:830} INFO - Processing file /opt/airflow/dags/dbt_model_dag.py for tasks to queue
[2025-05-21T00:53:40.795+0000] {logging_mixin.py:188} INFO - [2025-05-21T00:53:40.794+0000] {dagbag.py:538} INFO - Filling up the DagBag from /opt/airflow/dags/dbt_model_dag.py
[2025-05-21T00:53:40.824+0000] {processor.py:840} INFO - DAG(s) 'run_dbt_models_after_ingestion' retrieved from /opt/airflow/dags/dbt_model_dag.py
[2025-05-21T00:53:40.859+0000] {logging_mixin.py:188} INFO - [2025-05-21T00:53:40.859+0000] {dag.py:3036} INFO - Sync 1 DAGs
[2025-05-21T00:53:40.878+0000] {logging_mixin.py:188} INFO - [2025-05-21T00:53:40.878+0000] {dag.py:3823} INFO - Setting next_dagrun for run_dbt_models_after_ingestion to None, run_after=None
[2025-05-21T00:53:40.898+0000] {processor.py:183} INFO - Processing /opt/airflow/dags/dbt_model_dag.py took 0.123 seconds
[2025-05-21T00:54:11.367+0000] {processor.py:161} INFO - Started process (PID=17605) to work on /opt/airflow/dags/dbt_model_dag.py
[2025-05-21T00:54:11.369+0000] {processor.py:830} INFO - Processing file /opt/airflow/dags/dbt_model_dag.py for tasks to queue
[2025-05-21T00:54:11.370+0000] {logging_mixin.py:188} INFO - [2025-05-21T00:54:11.370+0000] {dagbag.py:538} INFO - Filling up the DagBag from /opt/airflow/dags/dbt_model_dag.py
[2025-05-21T00:54:11.394+0000] {processor.py:840} INFO - DAG(s) 'run_dbt_models_after_ingestion' retrieved from /opt/airflow/dags/dbt_model_dag.py
[2025-05-21T00:54:11.434+0000] {logging_mixin.py:188} INFO - [2025-05-21T00:54:11.433+0000] {dag.py:3036} INFO - Sync 1 DAGs
[2025-05-21T00:54:11.448+0000] {logging_mixin.py:188} INFO - [2025-05-21T00:54:11.448+0000] {dag.py:3823} INFO - Setting next_dagrun for run_dbt_models_after_ingestion to None, run_after=None
[2025-05-21T00:54:11.464+0000] {processor.py:183} INFO - Processing /opt/airflow/dags/dbt_model_dag.py took 0.113 seconds
[2025-05-21T00:54:41.880+0000] {processor.py:161} INFO - Started process (PID=17615) to work on /opt/airflow/dags/dbt_model_dag.py
[2025-05-21T00:54:41.883+0000] {processor.py:830} INFO - Processing file /opt/airflow/dags/dbt_model_dag.py for tasks to queue
[2025-05-21T00:54:41.885+0000] {logging_mixin.py:188} INFO - [2025-05-21T00:54:41.884+0000] {dagbag.py:538} INFO - Filling up the DagBag from /opt/airflow/dags/dbt_model_dag.py
[2025-05-21T00:54:41.914+0000] {processor.py:840} INFO - DAG(s) 'run_dbt_models_after_ingestion' retrieved from /opt/airflow/dags/dbt_model_dag.py
[2025-05-21T00:54:41.961+0000] {logging_mixin.py:188} INFO - [2025-05-21T00:54:41.961+0000] {dag.py:3036} INFO - Sync 1 DAGs
[2025-05-21T00:54:41.975+0000] {logging_mixin.py:188} INFO - [2025-05-21T00:54:41.975+0000] {dag.py:3823} INFO - Setting next_dagrun for run_dbt_models_after_ingestion to None, run_after=None
[2025-05-21T00:54:41.994+0000] {processor.py:183} INFO - Processing /opt/airflow/dags/dbt_model_dag.py took 0.130 seconds
[2025-05-21T00:55:12.444+0000] {processor.py:161} INFO - Started process (PID=17625) to work on /opt/airflow/dags/dbt_model_dag.py
[2025-05-21T00:55:12.448+0000] {processor.py:830} INFO - Processing file /opt/airflow/dags/dbt_model_dag.py for tasks to queue
[2025-05-21T00:55:12.450+0000] {logging_mixin.py:188} INFO - [2025-05-21T00:55:12.450+0000] {dagbag.py:538} INFO - Filling up the DagBag from /opt/airflow/dags/dbt_model_dag.py
[2025-05-21T00:55:12.482+0000] {processor.py:840} INFO - DAG(s) 'run_dbt_models_after_ingestion' retrieved from /opt/airflow/dags/dbt_model_dag.py
[2025-05-21T00:55:12.534+0000] {logging_mixin.py:188} INFO - [2025-05-21T00:55:12.534+0000] {dag.py:3036} INFO - Sync 1 DAGs
[2025-05-21T00:55:12.548+0000] {logging_mixin.py:188} INFO - [2025-05-21T00:55:12.547+0000] {dag.py:3823} INFO - Setting next_dagrun for run_dbt_models_after_ingestion to None, run_after=None
[2025-05-21T00:55:12.562+0000] {processor.py:183} INFO - Processing /opt/airflow/dags/dbt_model_dag.py took 0.135 seconds
[2025-05-21T00:55:42.984+0000] {processor.py:161} INFO - Started process (PID=17635) to work on /opt/airflow/dags/dbt_model_dag.py
[2025-05-21T00:55:42.988+0000] {processor.py:830} INFO - Processing file /opt/airflow/dags/dbt_model_dag.py for tasks to queue
[2025-05-21T00:55:42.990+0000] {logging_mixin.py:188} INFO - [2025-05-21T00:55:42.989+0000] {dagbag.py:538} INFO - Filling up the DagBag from /opt/airflow/dags/dbt_model_dag.py
[2025-05-21T00:55:43.027+0000] {processor.py:840} INFO - DAG(s) 'run_dbt_models_after_ingestion' retrieved from /opt/airflow/dags/dbt_model_dag.py
[2025-05-21T00:55:43.076+0000] {logging_mixin.py:188} INFO - [2025-05-21T00:55:43.076+0000] {dag.py:3036} INFO - Sync 1 DAGs
[2025-05-21T00:55:43.095+0000] {logging_mixin.py:188} INFO - [2025-05-21T00:55:43.094+0000] {dag.py:3823} INFO - Setting next_dagrun for run_dbt_models_after_ingestion to None, run_after=None
[2025-05-21T00:55:43.110+0000] {processor.py:183} INFO - Processing /opt/airflow/dags/dbt_model_dag.py took 0.136 seconds
[2025-05-21T00:56:13.562+0000] {processor.py:161} INFO - Started process (PID=17645) to work on /opt/airflow/dags/dbt_model_dag.py
[2025-05-21T00:56:13.566+0000] {processor.py:830} INFO - Processing file /opt/airflow/dags/dbt_model_dag.py for tasks to queue
[2025-05-21T00:56:13.570+0000] {logging_mixin.py:188} INFO - [2025-05-21T00:56:13.569+0000] {dagbag.py:538} INFO - Filling up the DagBag from /opt/airflow/dags/dbt_model_dag.py
[2025-05-21T00:56:13.606+0000] {processor.py:840} INFO - DAG(s) 'run_dbt_models_after_ingestion' retrieved from /opt/airflow/dags/dbt_model_dag.py
[2025-05-21T00:56:13.658+0000] {logging_mixin.py:188} INFO - [2025-05-21T00:56:13.657+0000] {dag.py:3036} INFO - Sync 1 DAGs
[2025-05-21T00:56:13.675+0000] {logging_mixin.py:188} INFO - [2025-05-21T00:56:13.675+0000] {dag.py:3823} INFO - Setting next_dagrun for run_dbt_models_after_ingestion to None, run_after=None
[2025-05-21T00:56:13.689+0000] {processor.py:183} INFO - Processing /opt/airflow/dags/dbt_model_dag.py took 0.144 seconds
[2025-05-21T00:56:44.063+0000] {processor.py:161} INFO - Started process (PID=17655) to work on /opt/airflow/dags/dbt_model_dag.py
[2025-05-21T00:56:44.074+0000] {processor.py:830} INFO - Processing file /opt/airflow/dags/dbt_model_dag.py for tasks to queue
[2025-05-21T00:56:44.075+0000] {logging_mixin.py:188} INFO - [2025-05-21T00:56:44.074+0000] {dagbag.py:538} INFO - Filling up the DagBag from /opt/airflow/dags/dbt_model_dag.py
[2025-05-21T00:56:44.108+0000] {processor.py:840} INFO - DAG(s) 'run_dbt_models_after_ingestion' retrieved from /opt/airflow/dags/dbt_model_dag.py
[2025-05-21T00:56:44.157+0000] {logging_mixin.py:188} INFO - [2025-05-21T00:56:44.157+0000] {dag.py:3036} INFO - Sync 1 DAGs
[2025-05-21T00:56:44.171+0000] {logging_mixin.py:188} INFO - [2025-05-21T00:56:44.170+0000] {dag.py:3823} INFO - Setting next_dagrun for run_dbt_models_after_ingestion to None, run_after=None
[2025-05-21T00:56:44.187+0000] {processor.py:183} INFO - Processing /opt/airflow/dags/dbt_model_dag.py took 0.138 seconds
[2025-05-21T00:57:14.673+0000] {processor.py:161} INFO - Started process (PID=17665) to work on /opt/airflow/dags/dbt_model_dag.py
[2025-05-21T00:57:14.681+0000] {processor.py:830} INFO - Processing file /opt/airflow/dags/dbt_model_dag.py for tasks to queue
[2025-05-21T00:57:14.682+0000] {logging_mixin.py:188} INFO - [2025-05-21T00:57:14.681+0000] {dagbag.py:538} INFO - Filling up the DagBag from /opt/airflow/dags/dbt_model_dag.py
[2025-05-21T00:57:14.713+0000] {processor.py:840} INFO - DAG(s) 'run_dbt_models_after_ingestion' retrieved from /opt/airflow/dags/dbt_model_dag.py
[2025-05-21T00:57:14.765+0000] {logging_mixin.py:188} INFO - [2025-05-21T00:57:14.765+0000] {dag.py:3036} INFO - Sync 1 DAGs
[2025-05-21T00:57:14.785+0000] {logging_mixin.py:188} INFO - [2025-05-21T00:57:14.784+0000] {dag.py:3823} INFO - Setting next_dagrun for run_dbt_models_after_ingestion to None, run_after=None
[2025-05-21T00:57:14.805+0000] {processor.py:183} INFO - Processing /opt/airflow/dags/dbt_model_dag.py took 0.146 seconds
[2025-05-21T00:57:45.208+0000] {processor.py:161} INFO - Started process (PID=17675) to work on /opt/airflow/dags/dbt_model_dag.py
[2025-05-21T00:57:45.210+0000] {processor.py:830} INFO - Processing file /opt/airflow/dags/dbt_model_dag.py for tasks to queue
[2025-05-21T00:57:45.211+0000] {logging_mixin.py:188} INFO - [2025-05-21T00:57:45.211+0000] {dagbag.py:538} INFO - Filling up the DagBag from /opt/airflow/dags/dbt_model_dag.py
[2025-05-21T00:57:45.239+0000] {processor.py:840} INFO - DAG(s) 'run_dbt_models_after_ingestion' retrieved from /opt/airflow/dags/dbt_model_dag.py
[2025-05-21T00:57:45.284+0000] {logging_mixin.py:188} INFO - [2025-05-21T00:57:45.284+0000] {dag.py:3036} INFO - Sync 1 DAGs
[2025-05-21T00:57:45.296+0000] {logging_mixin.py:188} INFO - [2025-05-21T00:57:45.295+0000] {dag.py:3823} INFO - Setting next_dagrun for run_dbt_models_after_ingestion to None, run_after=None
[2025-05-21T00:57:45.317+0000] {processor.py:183} INFO - Processing /opt/airflow/dags/dbt_model_dag.py took 0.119 seconds
[2025-05-21T00:58:15.804+0000] {processor.py:161} INFO - Started process (PID=17685) to work on /opt/airflow/dags/dbt_model_dag.py
[2025-05-21T00:58:15.806+0000] {processor.py:830} INFO - Processing file /opt/airflow/dags/dbt_model_dag.py for tasks to queue
[2025-05-21T00:58:15.808+0000] {logging_mixin.py:188} INFO - [2025-05-21T00:58:15.807+0000] {dagbag.py:538} INFO - Filling up the DagBag from /opt/airflow/dags/dbt_model_dag.py
[2025-05-21T00:58:15.834+0000] {processor.py:840} INFO - DAG(s) 'run_dbt_models_after_ingestion' retrieved from /opt/airflow/dags/dbt_model_dag.py
[2025-05-21T00:58:15.872+0000] {logging_mixin.py:188} INFO - [2025-05-21T00:58:15.872+0000] {dag.py:3036} INFO - Sync 1 DAGs
[2025-05-21T00:58:15.887+0000] {logging_mixin.py:188} INFO - [2025-05-21T00:58:15.887+0000] {dag.py:3823} INFO - Setting next_dagrun for run_dbt_models_after_ingestion to None, run_after=None
[2025-05-21T00:58:15.908+0000] {processor.py:183} INFO - Processing /opt/airflow/dags/dbt_model_dag.py took 0.119 seconds
[2025-05-21T00:58:46.367+0000] {processor.py:161} INFO - Started process (PID=17695) to work on /opt/airflow/dags/dbt_model_dag.py
[2025-05-21T00:58:46.370+0000] {processor.py:830} INFO - Processing file /opt/airflow/dags/dbt_model_dag.py for tasks to queue
[2025-05-21T00:58:46.371+0000] {logging_mixin.py:188} INFO - [2025-05-21T00:58:46.371+0000] {dagbag.py:538} INFO - Filling up the DagBag from /opt/airflow/dags/dbt_model_dag.py
[2025-05-21T00:58:46.397+0000] {processor.py:840} INFO - DAG(s) 'run_dbt_models_after_ingestion' retrieved from /opt/airflow/dags/dbt_model_dag.py
[2025-05-21T00:58:46.438+0000] {logging_mixin.py:188} INFO - [2025-05-21T00:58:46.438+0000] {dag.py:3036} INFO - Sync 1 DAGs
[2025-05-21T00:58:46.456+0000] {logging_mixin.py:188} INFO - [2025-05-21T00:58:46.455+0000] {dag.py:3823} INFO - Setting next_dagrun for run_dbt_models_after_ingestion to None, run_after=None
[2025-05-21T00:58:46.469+0000] {processor.py:183} INFO - Processing /opt/airflow/dags/dbt_model_dag.py took 0.116 seconds
[2025-05-21T00:59:16.940+0000] {processor.py:161} INFO - Started process (PID=17705) to work on /opt/airflow/dags/dbt_model_dag.py
[2025-05-21T00:59:16.943+0000] {processor.py:830} INFO - Processing file /opt/airflow/dags/dbt_model_dag.py for tasks to queue
[2025-05-21T00:59:16.944+0000] {logging_mixin.py:188} INFO - [2025-05-21T00:59:16.943+0000] {dagbag.py:538} INFO - Filling up the DagBag from /opt/airflow/dags/dbt_model_dag.py
[2025-05-21T00:59:16.969+0000] {processor.py:840} INFO - DAG(s) 'run_dbt_models_after_ingestion' retrieved from /opt/airflow/dags/dbt_model_dag.py
[2025-05-21T00:59:17.017+0000] {logging_mixin.py:188} INFO - [2025-05-21T00:59:17.017+0000] {dag.py:3036} INFO - Sync 1 DAGs
[2025-05-21T00:59:17.027+0000] {logging_mixin.py:188} INFO - [2025-05-21T00:59:17.027+0000] {dag.py:3823} INFO - Setting next_dagrun for run_dbt_models_after_ingestion to None, run_after=None
[2025-05-21T00:59:17.046+0000] {processor.py:183} INFO - Processing /opt/airflow/dags/dbt_model_dag.py took 0.118 seconds
[2025-05-21T00:59:47.440+0000] {processor.py:161} INFO - Started process (PID=17715) to work on /opt/airflow/dags/dbt_model_dag.py
[2025-05-21T00:59:47.445+0000] {processor.py:830} INFO - Processing file /opt/airflow/dags/dbt_model_dag.py for tasks to queue
[2025-05-21T00:59:47.447+0000] {logging_mixin.py:188} INFO - [2025-05-21T00:59:47.446+0000] {dagbag.py:538} INFO - Filling up the DagBag from /opt/airflow/dags/dbt_model_dag.py
[2025-05-21T00:59:47.474+0000] {processor.py:840} INFO - DAG(s) 'run_dbt_models_after_ingestion' retrieved from /opt/airflow/dags/dbt_model_dag.py
[2025-05-21T00:59:47.516+0000] {logging_mixin.py:188} INFO - [2025-05-21T00:59:47.515+0000] {dag.py:3036} INFO - Sync 1 DAGs
[2025-05-21T00:59:47.529+0000] {logging_mixin.py:188} INFO - [2025-05-21T00:59:47.529+0000] {dag.py:3823} INFO - Setting next_dagrun for run_dbt_models_after_ingestion to None, run_after=None
[2025-05-21T00:59:47.544+0000] {processor.py:183} INFO - Processing /opt/airflow/dags/dbt_model_dag.py took 0.118 seconds
[2025-05-21T01:00:18.020+0000] {processor.py:161} INFO - Started process (PID=17725) to work on /opt/airflow/dags/dbt_model_dag.py
[2025-05-21T01:00:18.023+0000] {processor.py:830} INFO - Processing file /opt/airflow/dags/dbt_model_dag.py for tasks to queue
[2025-05-21T01:00:18.024+0000] {logging_mixin.py:188} INFO - [2025-05-21T01:00:18.024+0000] {dagbag.py:538} INFO - Filling up the DagBag from /opt/airflow/dags/dbt_model_dag.py
[2025-05-21T01:00:18.053+0000] {processor.py:840} INFO - DAG(s) 'run_dbt_models_after_ingestion' retrieved from /opt/airflow/dags/dbt_model_dag.py
[2025-05-21T01:00:18.097+0000] {logging_mixin.py:188} INFO - [2025-05-21T01:00:18.097+0000] {dag.py:3036} INFO - Sync 1 DAGs
[2025-05-21T01:00:18.110+0000] {logging_mixin.py:188} INFO - [2025-05-21T01:00:18.110+0000] {dag.py:3823} INFO - Setting next_dagrun for run_dbt_models_after_ingestion to None, run_after=None
[2025-05-21T01:00:18.124+0000] {processor.py:183} INFO - Processing /opt/airflow/dags/dbt_model_dag.py took 0.123 seconds
[2025-05-21T01:00:48.591+0000] {processor.py:161} INFO - Started process (PID=17735) to work on /opt/airflow/dags/dbt_model_dag.py
[2025-05-21T01:00:48.596+0000] {processor.py:830} INFO - Processing file /opt/airflow/dags/dbt_model_dag.py for tasks to queue
[2025-05-21T01:00:48.597+0000] {logging_mixin.py:188} INFO - [2025-05-21T01:00:48.597+0000] {dagbag.py:538} INFO - Filling up the DagBag from /opt/airflow/dags/dbt_model_dag.py
[2025-05-21T01:00:48.626+0000] {processor.py:840} INFO - DAG(s) 'run_dbt_models_after_ingestion' retrieved from /opt/airflow/dags/dbt_model_dag.py
[2025-05-21T01:00:48.665+0000] {logging_mixin.py:188} INFO - [2025-05-21T01:00:48.665+0000] {dag.py:3036} INFO - Sync 1 DAGs
[2025-05-21T01:00:48.677+0000] {logging_mixin.py:188} INFO - [2025-05-21T01:00:48.677+0000] {dag.py:3823} INFO - Setting next_dagrun for run_dbt_models_after_ingestion to None, run_after=None
[2025-05-21T01:00:48.693+0000] {processor.py:183} INFO - Processing /opt/airflow/dags/dbt_model_dag.py took 0.121 seconds
[2025-05-21T01:01:19.196+0000] {processor.py:161} INFO - Started process (PID=17745) to work on /opt/airflow/dags/dbt_model_dag.py
[2025-05-21T01:01:19.200+0000] {processor.py:830} INFO - Processing file /opt/airflow/dags/dbt_model_dag.py for tasks to queue
[2025-05-21T01:01:19.204+0000] {logging_mixin.py:188} INFO - [2025-05-21T01:01:19.204+0000] {dagbag.py:538} INFO - Filling up the DagBag from /opt/airflow/dags/dbt_model_dag.py
[2025-05-21T01:01:19.229+0000] {processor.py:840} INFO - DAG(s) 'run_dbt_models_after_ingestion' retrieved from /opt/airflow/dags/dbt_model_dag.py
[2025-05-21T01:01:19.267+0000] {logging_mixin.py:188} INFO - [2025-05-21T01:01:19.267+0000] {dag.py:3036} INFO - Sync 1 DAGs
[2025-05-21T01:01:19.280+0000] {logging_mixin.py:188} INFO - [2025-05-21T01:01:19.280+0000] {dag.py:3823} INFO - Setting next_dagrun for run_dbt_models_after_ingestion to None, run_after=None
[2025-05-21T01:01:19.299+0000] {processor.py:183} INFO - Processing /opt/airflow/dags/dbt_model_dag.py took 0.108 seconds
[2025-05-21T01:01:49.794+0000] {processor.py:161} INFO - Started process (PID=17755) to work on /opt/airflow/dags/dbt_model_dag.py
[2025-05-21T01:01:49.796+0000] {processor.py:830} INFO - Processing file /opt/airflow/dags/dbt_model_dag.py for tasks to queue
[2025-05-21T01:01:49.797+0000] {logging_mixin.py:188} INFO - [2025-05-21T01:01:49.797+0000] {dagbag.py:538} INFO - Filling up the DagBag from /opt/airflow/dags/dbt_model_dag.py
[2025-05-21T01:01:49.820+0000] {processor.py:840} INFO - DAG(s) 'run_dbt_models_after_ingestion' retrieved from /opt/airflow/dags/dbt_model_dag.py
[2025-05-21T01:01:49.864+0000] {logging_mixin.py:188} INFO - [2025-05-21T01:01:49.864+0000] {dag.py:3036} INFO - Sync 1 DAGs
[2025-05-21T01:01:49.880+0000] {logging_mixin.py:188} INFO - [2025-05-21T01:01:49.880+0000] {dag.py:3823} INFO - Setting next_dagrun for run_dbt_models_after_ingestion to None, run_after=None
[2025-05-21T01:01:49.893+0000] {processor.py:183} INFO - Processing /opt/airflow/dags/dbt_model_dag.py took 0.108 seconds
[2025-05-21T01:02:20.382+0000] {processor.py:161} INFO - Started process (PID=17765) to work on /opt/airflow/dags/dbt_model_dag.py
[2025-05-21T01:02:20.385+0000] {processor.py:830} INFO - Processing file /opt/airflow/dags/dbt_model_dag.py for tasks to queue
[2025-05-21T01:02:20.391+0000] {logging_mixin.py:188} INFO - [2025-05-21T01:02:20.389+0000] {dagbag.py:538} INFO - Filling up the DagBag from /opt/airflow/dags/dbt_model_dag.py
[2025-05-21T01:02:20.425+0000] {processor.py:840} INFO - DAG(s) 'run_dbt_models_after_ingestion' retrieved from /opt/airflow/dags/dbt_model_dag.py
[2025-05-21T01:02:20.466+0000] {logging_mixin.py:188} INFO - [2025-05-21T01:02:20.466+0000] {dag.py:3036} INFO - Sync 1 DAGs
[2025-05-21T01:02:20.477+0000] {logging_mixin.py:188} INFO - [2025-05-21T01:02:20.477+0000] {dag.py:3823} INFO - Setting next_dagrun for run_dbt_models_after_ingestion to None, run_after=None
[2025-05-21T01:02:20.494+0000] {processor.py:183} INFO - Processing /opt/airflow/dags/dbt_model_dag.py took 0.124 seconds
[2025-05-21T01:02:50.983+0000] {processor.py:161} INFO - Started process (PID=17775) to work on /opt/airflow/dags/dbt_model_dag.py
[2025-05-21T01:02:50.986+0000] {processor.py:830} INFO - Processing file /opt/airflow/dags/dbt_model_dag.py for tasks to queue
[2025-05-21T01:02:50.988+0000] {logging_mixin.py:188} INFO - [2025-05-21T01:02:50.988+0000] {dagbag.py:538} INFO - Filling up the DagBag from /opt/airflow/dags/dbt_model_dag.py
[2025-05-21T01:02:51.018+0000] {processor.py:840} INFO - DAG(s) 'run_dbt_models_after_ingestion' retrieved from /opt/airflow/dags/dbt_model_dag.py
[2025-05-21T01:02:51.065+0000] {logging_mixin.py:188} INFO - [2025-05-21T01:02:51.065+0000] {dag.py:3036} INFO - Sync 1 DAGs
[2025-05-21T01:02:51.083+0000] {logging_mixin.py:188} INFO - [2025-05-21T01:02:51.083+0000] {dag.py:3823} INFO - Setting next_dagrun for run_dbt_models_after_ingestion to None, run_after=None
[2025-05-21T01:02:51.101+0000] {processor.py:183} INFO - Processing /opt/airflow/dags/dbt_model_dag.py took 0.133 seconds
[2025-05-21T01:03:21.576+0000] {processor.py:161} INFO - Started process (PID=17785) to work on /opt/airflow/dags/dbt_model_dag.py
[2025-05-21T01:03:21.579+0000] {processor.py:830} INFO - Processing file /opt/airflow/dags/dbt_model_dag.py for tasks to queue
[2025-05-21T01:03:21.580+0000] {logging_mixin.py:188} INFO - [2025-05-21T01:03:21.580+0000] {dagbag.py:538} INFO - Filling up the DagBag from /opt/airflow/dags/dbt_model_dag.py
[2025-05-21T01:03:21.607+0000] {processor.py:840} INFO - DAG(s) 'run_dbt_models_after_ingestion' retrieved from /opt/airflow/dags/dbt_model_dag.py
[2025-05-21T01:03:21.642+0000] {logging_mixin.py:188} INFO - [2025-05-21T01:03:21.642+0000] {dag.py:3036} INFO - Sync 1 DAGs
[2025-05-21T01:03:21.653+0000] {logging_mixin.py:188} INFO - [2025-05-21T01:03:21.653+0000] {dag.py:3823} INFO - Setting next_dagrun for run_dbt_models_after_ingestion to None, run_after=None
[2025-05-21T01:03:21.682+0000] {processor.py:183} INFO - Processing /opt/airflow/dags/dbt_model_dag.py took 0.118 seconds
[2025-05-21T01:03:52.081+0000] {processor.py:161} INFO - Started process (PID=17795) to work on /opt/airflow/dags/dbt_model_dag.py
[2025-05-21T01:03:52.086+0000] {processor.py:830} INFO - Processing file /opt/airflow/dags/dbt_model_dag.py for tasks to queue
[2025-05-21T01:03:52.087+0000] {logging_mixin.py:188} INFO - [2025-05-21T01:03:52.086+0000] {dagbag.py:538} INFO - Filling up the DagBag from /opt/airflow/dags/dbt_model_dag.py
[2025-05-21T01:03:52.110+0000] {processor.py:840} INFO - DAG(s) 'run_dbt_models_after_ingestion' retrieved from /opt/airflow/dags/dbt_model_dag.py
[2025-05-21T01:03:52.152+0000] {logging_mixin.py:188} INFO - [2025-05-21T01:03:52.151+0000] {dag.py:3036} INFO - Sync 1 DAGs
[2025-05-21T01:03:52.165+0000] {logging_mixin.py:188} INFO - [2025-05-21T01:03:52.164+0000] {dag.py:3823} INFO - Setting next_dagrun for run_dbt_models_after_ingestion to None, run_after=None
[2025-05-21T01:03:52.179+0000] {processor.py:183} INFO - Processing /opt/airflow/dags/dbt_model_dag.py took 0.111 seconds
[2025-05-21T01:04:22.742+0000] {processor.py:161} INFO - Started process (PID=17805) to work on /opt/airflow/dags/dbt_model_dag.py
[2025-05-21T01:04:22.745+0000] {processor.py:830} INFO - Processing file /opt/airflow/dags/dbt_model_dag.py for tasks to queue
[2025-05-21T01:04:22.749+0000] {logging_mixin.py:188} INFO - [2025-05-21T01:04:22.746+0000] {dagbag.py:538} INFO - Filling up the DagBag from /opt/airflow/dags/dbt_model_dag.py
[2025-05-21T01:04:22.776+0000] {processor.py:840} INFO - DAG(s) 'run_dbt_models_after_ingestion' retrieved from /opt/airflow/dags/dbt_model_dag.py
[2025-05-21T01:04:22.963+0000] {logging_mixin.py:188} INFO - [2025-05-21T01:04:22.963+0000] {dag.py:3036} INFO - Sync 1 DAGs
[2025-05-21T01:04:22.981+0000] {logging_mixin.py:188} INFO - [2025-05-21T01:04:22.981+0000] {dag.py:3823} INFO - Setting next_dagrun for run_dbt_models_after_ingestion to None, run_after=None
[2025-05-21T01:04:23.005+0000] {processor.py:183} INFO - Processing /opt/airflow/dags/dbt_model_dag.py took 0.277 seconds
[2025-05-21T01:04:53.231+0000] {processor.py:161} INFO - Started process (PID=17815) to work on /opt/airflow/dags/dbt_model_dag.py
[2025-05-21T01:04:53.236+0000] {processor.py:830} INFO - Processing file /opt/airflow/dags/dbt_model_dag.py for tasks to queue
[2025-05-21T01:04:53.238+0000] {logging_mixin.py:188} INFO - [2025-05-21T01:04:53.237+0000] {dagbag.py:538} INFO - Filling up the DagBag from /opt/airflow/dags/dbt_model_dag.py
[2025-05-21T01:04:53.271+0000] {processor.py:840} INFO - DAG(s) 'run_dbt_models_after_ingestion' retrieved from /opt/airflow/dags/dbt_model_dag.py
[2025-05-21T01:04:53.316+0000] {logging_mixin.py:188} INFO - [2025-05-21T01:04:53.316+0000] {dag.py:3036} INFO - Sync 1 DAGs
[2025-05-21T01:04:53.332+0000] {logging_mixin.py:188} INFO - [2025-05-21T01:04:53.331+0000] {dag.py:3823} INFO - Setting next_dagrun for run_dbt_models_after_ingestion to None, run_after=None
[2025-05-21T01:04:53.354+0000] {processor.py:183} INFO - Processing /opt/airflow/dags/dbt_model_dag.py took 0.133 seconds
[2025-05-21T01:05:23.874+0000] {processor.py:161} INFO - Started process (PID=17825) to work on /opt/airflow/dags/dbt_model_dag.py
[2025-05-21T01:05:23.879+0000] {processor.py:830} INFO - Processing file /opt/airflow/dags/dbt_model_dag.py for tasks to queue
[2025-05-21T01:05:23.881+0000] {logging_mixin.py:188} INFO - [2025-05-21T01:05:23.880+0000] {dagbag.py:538} INFO - Filling up the DagBag from /opt/airflow/dags/dbt_model_dag.py
[2025-05-21T01:05:23.907+0000] {processor.py:840} INFO - DAG(s) 'run_dbt_models_after_ingestion' retrieved from /opt/airflow/dags/dbt_model_dag.py
[2025-05-21T01:05:23.947+0000] {logging_mixin.py:188} INFO - [2025-05-21T01:05:23.947+0000] {dag.py:3036} INFO - Sync 1 DAGs
[2025-05-21T01:05:23.961+0000] {logging_mixin.py:188} INFO - [2025-05-21T01:05:23.961+0000] {dag.py:3823} INFO - Setting next_dagrun for run_dbt_models_after_ingestion to None, run_after=None
[2025-05-21T01:05:23.976+0000] {processor.py:183} INFO - Processing /opt/airflow/dags/dbt_model_dag.py took 0.114 seconds
[2025-05-21T01:05:54.451+0000] {processor.py:161} INFO - Started process (PID=17835) to work on /opt/airflow/dags/dbt_model_dag.py
[2025-05-21T01:05:54.456+0000] {processor.py:830} INFO - Processing file /opt/airflow/dags/dbt_model_dag.py for tasks to queue
[2025-05-21T01:05:54.457+0000] {logging_mixin.py:188} INFO - [2025-05-21T01:05:54.457+0000] {dagbag.py:538} INFO - Filling up the DagBag from /opt/airflow/dags/dbt_model_dag.py
[2025-05-21T01:05:54.485+0000] {processor.py:840} INFO - DAG(s) 'run_dbt_models_after_ingestion' retrieved from /opt/airflow/dags/dbt_model_dag.py
[2025-05-21T01:05:54.536+0000] {logging_mixin.py:188} INFO - [2025-05-21T01:05:54.535+0000] {dag.py:3036} INFO - Sync 1 DAGs
[2025-05-21T01:05:54.555+0000] {logging_mixin.py:188} INFO - [2025-05-21T01:05:54.555+0000] {dag.py:3823} INFO - Setting next_dagrun for run_dbt_models_after_ingestion to None, run_after=None
[2025-05-21T01:05:54.579+0000] {processor.py:183} INFO - Processing /opt/airflow/dags/dbt_model_dag.py took 0.139 seconds
[2025-05-21T01:06:25.059+0000] {processor.py:161} INFO - Started process (PID=17845) to work on /opt/airflow/dags/dbt_model_dag.py
[2025-05-21T01:06:25.062+0000] {processor.py:830} INFO - Processing file /opt/airflow/dags/dbt_model_dag.py for tasks to queue
[2025-05-21T01:06:25.064+0000] {logging_mixin.py:188} INFO - [2025-05-21T01:06:25.063+0000] {dagbag.py:538} INFO - Filling up the DagBag from /opt/airflow/dags/dbt_model_dag.py
[2025-05-21T01:06:25.089+0000] {processor.py:840} INFO - DAG(s) 'run_dbt_models_after_ingestion' retrieved from /opt/airflow/dags/dbt_model_dag.py
[2025-05-21T01:06:25.125+0000] {logging_mixin.py:188} INFO - [2025-05-21T01:06:25.125+0000] {dag.py:3036} INFO - Sync 1 DAGs
[2025-05-21T01:06:25.139+0000] {logging_mixin.py:188} INFO - [2025-05-21T01:06:25.139+0000] {dag.py:3823} INFO - Setting next_dagrun for run_dbt_models_after_ingestion to None, run_after=None
[2025-05-21T01:06:25.152+0000] {processor.py:183} INFO - Processing /opt/airflow/dags/dbt_model_dag.py took 0.101 seconds
[2025-05-21T01:06:55.509+0000] {processor.py:161} INFO - Started process (PID=17855) to work on /opt/airflow/dags/dbt_model_dag.py
[2025-05-21T01:06:55.513+0000] {processor.py:830} INFO - Processing file /opt/airflow/dags/dbt_model_dag.py for tasks to queue
[2025-05-21T01:06:55.514+0000] {logging_mixin.py:188} INFO - [2025-05-21T01:06:55.514+0000] {dagbag.py:538} INFO - Filling up the DagBag from /opt/airflow/dags/dbt_model_dag.py
[2025-05-21T01:06:55.545+0000] {processor.py:840} INFO - DAG(s) 'run_dbt_models_after_ingestion' retrieved from /opt/airflow/dags/dbt_model_dag.py
[2025-05-21T01:06:55.598+0000] {logging_mixin.py:188} INFO - [2025-05-21T01:06:55.598+0000] {dag.py:3036} INFO - Sync 1 DAGs
[2025-05-21T01:06:55.617+0000] {logging_mixin.py:188} INFO - [2025-05-21T01:06:55.616+0000] {dag.py:3823} INFO - Setting next_dagrun for run_dbt_models_after_ingestion to None, run_after=None
[2025-05-21T01:06:55.633+0000] {processor.py:183} INFO - Processing /opt/airflow/dags/dbt_model_dag.py took 0.146 seconds
[2025-05-21T01:07:25.981+0000] {processor.py:161} INFO - Started process (PID=17865) to work on /opt/airflow/dags/dbt_model_dag.py
[2025-05-21T01:07:25.984+0000] {processor.py:830} INFO - Processing file /opt/airflow/dags/dbt_model_dag.py for tasks to queue
[2025-05-21T01:07:25.985+0000] {logging_mixin.py:188} INFO - [2025-05-21T01:07:25.984+0000] {dagbag.py:538} INFO - Filling up the DagBag from /opt/airflow/dags/dbt_model_dag.py
[2025-05-21T01:07:26.014+0000] {processor.py:840} INFO - DAG(s) 'run_dbt_models_after_ingestion' retrieved from /opt/airflow/dags/dbt_model_dag.py
[2025-05-21T01:07:26.061+0000] {logging_mixin.py:188} INFO - [2025-05-21T01:07:26.061+0000] {dag.py:3036} INFO - Sync 1 DAGs
[2025-05-21T01:07:26.075+0000] {logging_mixin.py:188} INFO - [2025-05-21T01:07:26.075+0000] {dag.py:3823} INFO - Setting next_dagrun for run_dbt_models_after_ingestion to None, run_after=None
[2025-05-21T01:07:26.093+0000] {processor.py:183} INFO - Processing /opt/airflow/dags/dbt_model_dag.py took 0.131 seconds
[2025-05-21T01:07:56.661+0000] {processor.py:161} INFO - Started process (PID=17875) to work on /opt/airflow/dags/dbt_model_dag.py
[2025-05-21T01:07:56.668+0000] {processor.py:830} INFO - Processing file /opt/airflow/dags/dbt_model_dag.py for tasks to queue
[2025-05-21T01:07:56.671+0000] {logging_mixin.py:188} INFO - [2025-05-21T01:07:56.670+0000] {dagbag.py:538} INFO - Filling up the DagBag from /opt/airflow/dags/dbt_model_dag.py
[2025-05-21T01:07:56.703+0000] {processor.py:840} INFO - DAG(s) 'run_dbt_models_after_ingestion' retrieved from /opt/airflow/dags/dbt_model_dag.py
[2025-05-21T01:07:56.757+0000] {logging_mixin.py:188} INFO - [2025-05-21T01:07:56.756+0000] {dag.py:3036} INFO - Sync 1 DAGs
[2025-05-21T01:07:56.778+0000] {logging_mixin.py:188} INFO - [2025-05-21T01:07:56.778+0000] {dag.py:3823} INFO - Setting next_dagrun for run_dbt_models_after_ingestion to None, run_after=None
[2025-05-21T01:07:56.801+0000] {processor.py:183} INFO - Processing /opt/airflow/dags/dbt_model_dag.py took 0.161 seconds
[2025-05-21T01:08:27.198+0000] {processor.py:161} INFO - Started process (PID=17885) to work on /opt/airflow/dags/dbt_model_dag.py
[2025-05-21T01:08:27.201+0000] {processor.py:830} INFO - Processing file /opt/airflow/dags/dbt_model_dag.py for tasks to queue
[2025-05-21T01:08:27.202+0000] {logging_mixin.py:188} INFO - [2025-05-21T01:08:27.202+0000] {dagbag.py:538} INFO - Filling up the DagBag from /opt/airflow/dags/dbt_model_dag.py
[2025-05-21T01:08:27.227+0000] {processor.py:840} INFO - DAG(s) 'run_dbt_models_after_ingestion' retrieved from /opt/airflow/dags/dbt_model_dag.py
[2025-05-21T01:08:27.272+0000] {logging_mixin.py:188} INFO - [2025-05-21T01:08:27.271+0000] {dag.py:3036} INFO - Sync 1 DAGs
[2025-05-21T01:08:27.294+0000] {logging_mixin.py:188} INFO - [2025-05-21T01:08:27.294+0000] {dag.py:3823} INFO - Setting next_dagrun for run_dbt_models_after_ingestion to None, run_after=None
[2025-05-21T01:08:27.328+0000] {processor.py:183} INFO - Processing /opt/airflow/dags/dbt_model_dag.py took 0.146 seconds
[2025-05-21T01:08:57.690+0000] {processor.py:161} INFO - Started process (PID=17895) to work on /opt/airflow/dags/dbt_model_dag.py
[2025-05-21T01:08:57.694+0000] {processor.py:830} INFO - Processing file /opt/airflow/dags/dbt_model_dag.py for tasks to queue
[2025-05-21T01:08:57.696+0000] {logging_mixin.py:188} INFO - [2025-05-21T01:08:57.696+0000] {dagbag.py:538} INFO - Filling up the DagBag from /opt/airflow/dags/dbt_model_dag.py
[2025-05-21T01:08:57.719+0000] {processor.py:840} INFO - DAG(s) 'run_dbt_models_after_ingestion' retrieved from /opt/airflow/dags/dbt_model_dag.py
[2025-05-21T01:08:57.763+0000] {logging_mixin.py:188} INFO - [2025-05-21T01:08:57.763+0000] {dag.py:3036} INFO - Sync 1 DAGs
[2025-05-21T01:08:57.777+0000] {logging_mixin.py:188} INFO - [2025-05-21T01:08:57.777+0000] {dag.py:3823} INFO - Setting next_dagrun for run_dbt_models_after_ingestion to None, run_after=None
[2025-05-21T01:08:57.798+0000] {processor.py:183} INFO - Processing /opt/airflow/dags/dbt_model_dag.py took 0.120 seconds
[2025-05-21T01:09:28.272+0000] {processor.py:161} INFO - Started process (PID=17905) to work on /opt/airflow/dags/dbt_model_dag.py
[2025-05-21T01:09:28.275+0000] {processor.py:830} INFO - Processing file /opt/airflow/dags/dbt_model_dag.py for tasks to queue
[2025-05-21T01:09:28.276+0000] {logging_mixin.py:188} INFO - [2025-05-21T01:09:28.275+0000] {dagbag.py:538} INFO - Filling up the DagBag from /opt/airflow/dags/dbt_model_dag.py
[2025-05-21T01:09:28.307+0000] {processor.py:840} INFO - DAG(s) 'run_dbt_models_after_ingestion' retrieved from /opt/airflow/dags/dbt_model_dag.py
[2025-05-21T01:09:28.366+0000] {logging_mixin.py:188} INFO - [2025-05-21T01:09:28.366+0000] {dag.py:3036} INFO - Sync 1 DAGs
[2025-05-21T01:09:28.386+0000] {logging_mixin.py:188} INFO - [2025-05-21T01:09:28.386+0000] {dag.py:3823} INFO - Setting next_dagrun for run_dbt_models_after_ingestion to None, run_after=None
[2025-05-21T01:09:28.412+0000] {processor.py:183} INFO - Processing /opt/airflow/dags/dbt_model_dag.py took 0.151 seconds
[2025-05-21T01:09:58.838+0000] {processor.py:161} INFO - Started process (PID=17915) to work on /opt/airflow/dags/dbt_model_dag.py
[2025-05-21T01:09:58.843+0000] {processor.py:830} INFO - Processing file /opt/airflow/dags/dbt_model_dag.py for tasks to queue
[2025-05-21T01:09:58.844+0000] {logging_mixin.py:188} INFO - [2025-05-21T01:09:58.844+0000] {dagbag.py:538} INFO - Filling up the DagBag from /opt/airflow/dags/dbt_model_dag.py
[2025-05-21T01:09:58.867+0000] {processor.py:840} INFO - DAG(s) 'run_dbt_models_after_ingestion' retrieved from /opt/airflow/dags/dbt_model_dag.py
[2025-05-21T01:09:58.895+0000] {logging_mixin.py:188} INFO - [2025-05-21T01:09:58.895+0000] {dag.py:3036} INFO - Sync 1 DAGs
[2025-05-21T01:09:58.910+0000] {logging_mixin.py:188} INFO - [2025-05-21T01:09:58.910+0000] {dag.py:3823} INFO - Setting next_dagrun for run_dbt_models_after_ingestion to None, run_after=None
[2025-05-21T01:09:58.929+0000] {processor.py:183} INFO - Processing /opt/airflow/dags/dbt_model_dag.py took 0.099 seconds
[2025-05-21T01:10:29.285+0000] {processor.py:161} INFO - Started process (PID=17925) to work on /opt/airflow/dags/dbt_model_dag.py
[2025-05-21T01:10:29.286+0000] {processor.py:830} INFO - Processing file /opt/airflow/dags/dbt_model_dag.py for tasks to queue
[2025-05-21T01:10:29.287+0000] {logging_mixin.py:188} INFO - [2025-05-21T01:10:29.287+0000] {dagbag.py:538} INFO - Filling up the DagBag from /opt/airflow/dags/dbt_model_dag.py
[2025-05-21T01:10:29.305+0000] {processor.py:840} INFO - DAG(s) 'run_dbt_models_after_ingestion' retrieved from /opt/airflow/dags/dbt_model_dag.py
[2025-05-21T01:10:29.334+0000] {logging_mixin.py:188} INFO - [2025-05-21T01:10:29.334+0000] {dag.py:3036} INFO - Sync 1 DAGs
[2025-05-21T01:10:29.347+0000] {logging_mixin.py:188} INFO - [2025-05-21T01:10:29.346+0000] {dag.py:3823} INFO - Setting next_dagrun for run_dbt_models_after_ingestion to None, run_after=None
[2025-05-21T01:10:29.363+0000] {processor.py:183} INFO - Processing /opt/airflow/dags/dbt_model_dag.py took 0.084 seconds
[2025-05-21T01:10:59.738+0000] {processor.py:161} INFO - Started process (PID=17935) to work on /opt/airflow/dags/dbt_model_dag.py
[2025-05-21T01:10:59.740+0000] {processor.py:830} INFO - Processing file /opt/airflow/dags/dbt_model_dag.py for tasks to queue
[2025-05-21T01:10:59.742+0000] {logging_mixin.py:188} INFO - [2025-05-21T01:10:59.741+0000] {dagbag.py:538} INFO - Filling up the DagBag from /opt/airflow/dags/dbt_model_dag.py
[2025-05-21T01:10:59.763+0000] {processor.py:840} INFO - DAG(s) 'run_dbt_models_after_ingestion' retrieved from /opt/airflow/dags/dbt_model_dag.py
[2025-05-21T01:10:59.798+0000] {logging_mixin.py:188} INFO - [2025-05-21T01:10:59.797+0000] {dag.py:3036} INFO - Sync 1 DAGs
[2025-05-21T01:10:59.809+0000] {logging_mixin.py:188} INFO - [2025-05-21T01:10:59.809+0000] {dag.py:3823} INFO - Setting next_dagrun for run_dbt_models_after_ingestion to None, run_after=None
[2025-05-21T01:10:59.828+0000] {processor.py:183} INFO - Processing /opt/airflow/dags/dbt_model_dag.py took 0.099 seconds
[2025-05-21T01:11:30.296+0000] {processor.py:161} INFO - Started process (PID=17945) to work on /opt/airflow/dags/dbt_model_dag.py
[2025-05-21T01:11:30.301+0000] {processor.py:830} INFO - Processing file /opt/airflow/dags/dbt_model_dag.py for tasks to queue
[2025-05-21T01:11:30.302+0000] {logging_mixin.py:188} INFO - [2025-05-21T01:11:30.301+0000] {dagbag.py:538} INFO - Filling up the DagBag from /opt/airflow/dags/dbt_model_dag.py
[2025-05-21T01:11:30.328+0000] {processor.py:840} INFO - DAG(s) 'run_dbt_models_after_ingestion' retrieved from /opt/airflow/dags/dbt_model_dag.py
[2025-05-21T01:11:30.376+0000] {logging_mixin.py:188} INFO - [2025-05-21T01:11:30.376+0000] {dag.py:3036} INFO - Sync 1 DAGs
[2025-05-21T01:11:30.388+0000] {logging_mixin.py:188} INFO - [2025-05-21T01:11:30.388+0000] {dag.py:3823} INFO - Setting next_dagrun for run_dbt_models_after_ingestion to None, run_after=None
[2025-05-21T01:11:30.404+0000] {processor.py:183} INFO - Processing /opt/airflow/dags/dbt_model_dag.py took 0.124 seconds
[2025-05-21T01:12:00.812+0000] {processor.py:161} INFO - Started process (PID=17955) to work on /opt/airflow/dags/dbt_model_dag.py
[2025-05-21T01:12:00.815+0000] {processor.py:830} INFO - Processing file /opt/airflow/dags/dbt_model_dag.py for tasks to queue
[2025-05-21T01:12:00.817+0000] {logging_mixin.py:188} INFO - [2025-05-21T01:12:00.817+0000] {dagbag.py:538} INFO - Filling up the DagBag from /opt/airflow/dags/dbt_model_dag.py
[2025-05-21T01:12:00.841+0000] {processor.py:840} INFO - DAG(s) 'run_dbt_models_after_ingestion' retrieved from /opt/airflow/dags/dbt_model_dag.py
[2025-05-21T01:12:00.886+0000] {logging_mixin.py:188} INFO - [2025-05-21T01:12:00.885+0000] {dag.py:3036} INFO - Sync 1 DAGs
[2025-05-21T01:12:00.897+0000] {logging_mixin.py:188} INFO - [2025-05-21T01:12:00.897+0000] {dag.py:3823} INFO - Setting next_dagrun for run_dbt_models_after_ingestion to None, run_after=None
[2025-05-21T01:12:00.913+0000] {processor.py:183} INFO - Processing /opt/airflow/dags/dbt_model_dag.py took 0.112 seconds
[2025-05-21T01:12:31.357+0000] {processor.py:161} INFO - Started process (PID=17965) to work on /opt/airflow/dags/dbt_model_dag.py
[2025-05-21T01:12:31.360+0000] {processor.py:830} INFO - Processing file /opt/airflow/dags/dbt_model_dag.py for tasks to queue
[2025-05-21T01:12:31.361+0000] {logging_mixin.py:188} INFO - [2025-05-21T01:12:31.361+0000] {dagbag.py:538} INFO - Filling up the DagBag from /opt/airflow/dags/dbt_model_dag.py
[2025-05-21T01:12:31.381+0000] {processor.py:840} INFO - DAG(s) 'run_dbt_models_after_ingestion' retrieved from /opt/airflow/dags/dbt_model_dag.py
[2025-05-21T01:12:31.419+0000] {logging_mixin.py:188} INFO - [2025-05-21T01:12:31.419+0000] {dag.py:3036} INFO - Sync 1 DAGs
[2025-05-21T01:12:31.430+0000] {logging_mixin.py:188} INFO - [2025-05-21T01:12:31.430+0000] {dag.py:3823} INFO - Setting next_dagrun for run_dbt_models_after_ingestion to None, run_after=None
[2025-05-21T01:12:31.444+0000] {processor.py:183} INFO - Processing /opt/airflow/dags/dbt_model_dag.py took 0.100 seconds
[2025-05-21T01:13:01.841+0000] {processor.py:161} INFO - Started process (PID=17975) to work on /opt/airflow/dags/dbt_model_dag.py
[2025-05-21T01:13:01.845+0000] {processor.py:830} INFO - Processing file /opt/airflow/dags/dbt_model_dag.py for tasks to queue
[2025-05-21T01:13:01.848+0000] {logging_mixin.py:188} INFO - [2025-05-21T01:13:01.847+0000] {dagbag.py:538} INFO - Filling up the DagBag from /opt/airflow/dags/dbt_model_dag.py
[2025-05-21T01:13:01.876+0000] {processor.py:840} INFO - DAG(s) 'run_dbt_models_after_ingestion' retrieved from /opt/airflow/dags/dbt_model_dag.py
[2025-05-21T01:13:01.916+0000] {logging_mixin.py:188} INFO - [2025-05-21T01:13:01.916+0000] {dag.py:3036} INFO - Sync 1 DAGs
[2025-05-21T01:13:01.928+0000] {logging_mixin.py:188} INFO - [2025-05-21T01:13:01.928+0000] {dag.py:3823} INFO - Setting next_dagrun for run_dbt_models_after_ingestion to None, run_after=None
[2025-05-21T01:13:01.947+0000] {processor.py:183} INFO - Processing /opt/airflow/dags/dbt_model_dag.py took 0.118 seconds
[2025-05-21T01:13:32.377+0000] {processor.py:161} INFO - Started process (PID=17985) to work on /opt/airflow/dags/dbt_model_dag.py
[2025-05-21T01:13:32.381+0000] {processor.py:830} INFO - Processing file /opt/airflow/dags/dbt_model_dag.py for tasks to queue
[2025-05-21T01:13:32.384+0000] {logging_mixin.py:188} INFO - [2025-05-21T01:13:32.383+0000] {dagbag.py:538} INFO - Filling up the DagBag from /opt/airflow/dags/dbt_model_dag.py
[2025-05-21T01:13:32.414+0000] {processor.py:840} INFO - DAG(s) 'run_dbt_models_after_ingestion' retrieved from /opt/airflow/dags/dbt_model_dag.py
[2025-05-21T01:13:32.452+0000] {logging_mixin.py:188} INFO - [2025-05-21T01:13:32.452+0000] {dag.py:3036} INFO - Sync 1 DAGs
[2025-05-21T01:13:32.467+0000] {logging_mixin.py:188} INFO - [2025-05-21T01:13:32.467+0000] {dag.py:3823} INFO - Setting next_dagrun for run_dbt_models_after_ingestion to None, run_after=None
[2025-05-21T01:13:32.480+0000] {processor.py:183} INFO - Processing /opt/airflow/dags/dbt_model_dag.py took 0.114 seconds
[2025-05-21T01:14:02.871+0000] {processor.py:161} INFO - Started process (PID=17995) to work on /opt/airflow/dags/dbt_model_dag.py
[2025-05-21T01:14:02.875+0000] {processor.py:830} INFO - Processing file /opt/airflow/dags/dbt_model_dag.py for tasks to queue
[2025-05-21T01:14:02.877+0000] {logging_mixin.py:188} INFO - [2025-05-21T01:14:02.876+0000] {dagbag.py:538} INFO - Filling up the DagBag from /opt/airflow/dags/dbt_model_dag.py
[2025-05-21T01:14:02.906+0000] {processor.py:840} INFO - DAG(s) 'run_dbt_models_after_ingestion' retrieved from /opt/airflow/dags/dbt_model_dag.py
[2025-05-21T01:14:02.947+0000] {logging_mixin.py:188} INFO - [2025-05-21T01:14:02.947+0000] {dag.py:3036} INFO - Sync 1 DAGs
[2025-05-21T01:14:02.957+0000] {logging_mixin.py:188} INFO - [2025-05-21T01:14:02.957+0000] {dag.py:3823} INFO - Setting next_dagrun for run_dbt_models_after_ingestion to None, run_after=None
[2025-05-21T01:14:02.973+0000] {processor.py:183} INFO - Processing /opt/airflow/dags/dbt_model_dag.py took 0.117 seconds
[2025-05-21T01:14:33.353+0000] {processor.py:161} INFO - Started process (PID=18005) to work on /opt/airflow/dags/dbt_model_dag.py
[2025-05-21T01:14:33.355+0000] {processor.py:830} INFO - Processing file /opt/airflow/dags/dbt_model_dag.py for tasks to queue
[2025-05-21T01:14:33.356+0000] {logging_mixin.py:188} INFO - [2025-05-21T01:14:33.355+0000] {dagbag.py:538} INFO - Filling up the DagBag from /opt/airflow/dags/dbt_model_dag.py
[2025-05-21T01:14:33.382+0000] {processor.py:840} INFO - DAG(s) 'run_dbt_models_after_ingestion' retrieved from /opt/airflow/dags/dbt_model_dag.py
[2025-05-21T01:14:33.423+0000] {logging_mixin.py:188} INFO - [2025-05-21T01:14:33.423+0000] {dag.py:3036} INFO - Sync 1 DAGs
[2025-05-21T01:14:33.434+0000] {logging_mixin.py:188} INFO - [2025-05-21T01:14:33.434+0000] {dag.py:3823} INFO - Setting next_dagrun for run_dbt_models_after_ingestion to None, run_after=None
[2025-05-21T01:14:33.448+0000] {processor.py:183} INFO - Processing /opt/airflow/dags/dbt_model_dag.py took 0.106 seconds
[2025-05-21T01:15:03.869+0000] {processor.py:161} INFO - Started process (PID=18015) to work on /opt/airflow/dags/dbt_model_dag.py
[2025-05-21T01:15:03.875+0000] {processor.py:830} INFO - Processing file /opt/airflow/dags/dbt_model_dag.py for tasks to queue
[2025-05-21T01:15:03.876+0000] {logging_mixin.py:188} INFO - [2025-05-21T01:15:03.875+0000] {dagbag.py:538} INFO - Filling up the DagBag from /opt/airflow/dags/dbt_model_dag.py
[2025-05-21T01:15:03.910+0000] {processor.py:840} INFO - DAG(s) 'run_dbt_models_after_ingestion' retrieved from /opt/airflow/dags/dbt_model_dag.py
[2025-05-21T01:15:03.961+0000] {logging_mixin.py:188} INFO - [2025-05-21T01:15:03.961+0000] {dag.py:3036} INFO - Sync 1 DAGs
[2025-05-21T01:15:03.976+0000] {logging_mixin.py:188} INFO - [2025-05-21T01:15:03.976+0000] {dag.py:3823} INFO - Setting next_dagrun for run_dbt_models_after_ingestion to None, run_after=None
[2025-05-21T01:15:03.995+0000] {processor.py:183} INFO - Processing /opt/airflow/dags/dbt_model_dag.py took 0.145 seconds
[2025-05-21T01:15:34.348+0000] {processor.py:161} INFO - Started process (PID=18025) to work on /opt/airflow/dags/dbt_model_dag.py
[2025-05-21T01:15:34.353+0000] {processor.py:830} INFO - Processing file /opt/airflow/dags/dbt_model_dag.py for tasks to queue
[2025-05-21T01:15:34.354+0000] {logging_mixin.py:188} INFO - [2025-05-21T01:15:34.354+0000] {dagbag.py:538} INFO - Filling up the DagBag from /opt/airflow/dags/dbt_model_dag.py
[2025-05-21T01:15:34.384+0000] {processor.py:840} INFO - DAG(s) 'run_dbt_models_after_ingestion' retrieved from /opt/airflow/dags/dbt_model_dag.py
[2025-05-21T01:15:34.452+0000] {logging_mixin.py:188} INFO - [2025-05-21T01:15:34.452+0000] {dag.py:3036} INFO - Sync 1 DAGs
[2025-05-21T01:15:34.469+0000] {logging_mixin.py:188} INFO - [2025-05-21T01:15:34.469+0000] {dag.py:3823} INFO - Setting next_dagrun for run_dbt_models_after_ingestion to None, run_after=None
[2025-05-21T01:15:34.486+0000] {processor.py:183} INFO - Processing /opt/airflow/dags/dbt_model_dag.py took 0.151 seconds
[2025-05-21T01:16:04.934+0000] {processor.py:161} INFO - Started process (PID=18035) to work on /opt/airflow/dags/dbt_model_dag.py
[2025-05-21T01:16:04.936+0000] {processor.py:830} INFO - Processing file /opt/airflow/dags/dbt_model_dag.py for tasks to queue
[2025-05-21T01:16:04.938+0000] {logging_mixin.py:188} INFO - [2025-05-21T01:16:04.937+0000] {dagbag.py:538} INFO - Filling up the DagBag from /opt/airflow/dags/dbt_model_dag.py
[2025-05-21T01:16:04.964+0000] {processor.py:840} INFO - DAG(s) 'run_dbt_models_after_ingestion' retrieved from /opt/airflow/dags/dbt_model_dag.py
[2025-05-21T01:16:05.009+0000] {logging_mixin.py:188} INFO - [2025-05-21T01:16:05.009+0000] {dag.py:3036} INFO - Sync 1 DAGs
[2025-05-21T01:16:05.022+0000] {logging_mixin.py:188} INFO - [2025-05-21T01:16:05.022+0000] {dag.py:3823} INFO - Setting next_dagrun for run_dbt_models_after_ingestion to None, run_after=None
[2025-05-21T01:16:05.038+0000] {processor.py:183} INFO - Processing /opt/airflow/dags/dbt_model_dag.py took 0.122 seconds
[2025-05-21T01:16:35.473+0000] {processor.py:161} INFO - Started process (PID=18045) to work on /opt/airflow/dags/dbt_model_dag.py
[2025-05-21T01:16:35.479+0000] {processor.py:830} INFO - Processing file /opt/airflow/dags/dbt_model_dag.py for tasks to queue
[2025-05-21T01:16:35.480+0000] {logging_mixin.py:188} INFO - [2025-05-21T01:16:35.480+0000] {dagbag.py:538} INFO - Filling up the DagBag from /opt/airflow/dags/dbt_model_dag.py
[2025-05-21T01:16:35.510+0000] {processor.py:840} INFO - DAG(s) 'run_dbt_models_after_ingestion' retrieved from /opt/airflow/dags/dbt_model_dag.py
[2025-05-21T01:16:35.559+0000] {logging_mixin.py:188} INFO - [2025-05-21T01:16:35.559+0000] {dag.py:3036} INFO - Sync 1 DAGs
[2025-05-21T01:16:35.571+0000] {logging_mixin.py:188} INFO - [2025-05-21T01:16:35.571+0000] {dag.py:3823} INFO - Setting next_dagrun for run_dbt_models_after_ingestion to None, run_after=None
[2025-05-21T01:16:35.586+0000] {processor.py:183} INFO - Processing /opt/airflow/dags/dbt_model_dag.py took 0.129 seconds
[2025-05-21T01:17:06.011+0000] {processor.py:161} INFO - Started process (PID=18055) to work on /opt/airflow/dags/dbt_model_dag.py
[2025-05-21T01:17:06.014+0000] {processor.py:830} INFO - Processing file /opt/airflow/dags/dbt_model_dag.py for tasks to queue
[2025-05-21T01:17:06.016+0000] {logging_mixin.py:188} INFO - [2025-05-21T01:17:06.015+0000] {dagbag.py:538} INFO - Filling up the DagBag from /opt/airflow/dags/dbt_model_dag.py
[2025-05-21T01:17:06.046+0000] {processor.py:840} INFO - DAG(s) 'run_dbt_models_after_ingestion' retrieved from /opt/airflow/dags/dbt_model_dag.py
[2025-05-21T01:17:06.088+0000] {logging_mixin.py:188} INFO - [2025-05-21T01:17:06.088+0000] {dag.py:3036} INFO - Sync 1 DAGs
[2025-05-21T01:17:06.102+0000] {logging_mixin.py:188} INFO - [2025-05-21T01:17:06.102+0000] {dag.py:3823} INFO - Setting next_dagrun for run_dbt_models_after_ingestion to None, run_after=None
[2025-05-21T01:17:06.114+0000] {processor.py:183} INFO - Processing /opt/airflow/dags/dbt_model_dag.py took 0.117 seconds
[2025-05-21T01:17:36.566+0000] {processor.py:161} INFO - Started process (PID=18065) to work on /opt/airflow/dags/dbt_model_dag.py
[2025-05-21T01:17:36.568+0000] {processor.py:830} INFO - Processing file /opt/airflow/dags/dbt_model_dag.py for tasks to queue
[2025-05-21T01:17:36.569+0000] {logging_mixin.py:188} INFO - [2025-05-21T01:17:36.569+0000] {dagbag.py:538} INFO - Filling up the DagBag from /opt/airflow/dags/dbt_model_dag.py
[2025-05-21T01:17:36.596+0000] {processor.py:840} INFO - DAG(s) 'run_dbt_models_after_ingestion' retrieved from /opt/airflow/dags/dbt_model_dag.py
[2025-05-21T01:17:36.654+0000] {logging_mixin.py:188} INFO - [2025-05-21T01:17:36.654+0000] {dag.py:3036} INFO - Sync 1 DAGs
[2025-05-21T01:17:36.668+0000] {logging_mixin.py:188} INFO - [2025-05-21T01:17:36.668+0000] {dag.py:3823} INFO - Setting next_dagrun for run_dbt_models_after_ingestion to None, run_after=None
[2025-05-21T01:17:36.688+0000] {processor.py:183} INFO - Processing /opt/airflow/dags/dbt_model_dag.py took 0.134 seconds
[2025-05-21T01:18:07.144+0000] {processor.py:161} INFO - Started process (PID=18075) to work on /opt/airflow/dags/dbt_model_dag.py
[2025-05-21T01:18:07.146+0000] {processor.py:830} INFO - Processing file /opt/airflow/dags/dbt_model_dag.py for tasks to queue
[2025-05-21T01:18:07.147+0000] {logging_mixin.py:188} INFO - [2025-05-21T01:18:07.147+0000] {dagbag.py:538} INFO - Filling up the DagBag from /opt/airflow/dags/dbt_model_dag.py
[2025-05-21T01:18:07.177+0000] {processor.py:840} INFO - DAG(s) 'run_dbt_models_after_ingestion' retrieved from /opt/airflow/dags/dbt_model_dag.py
[2025-05-21T01:18:07.227+0000] {logging_mixin.py:188} INFO - [2025-05-21T01:18:07.226+0000] {dag.py:3036} INFO - Sync 1 DAGs
[2025-05-21T01:18:07.237+0000] {logging_mixin.py:188} INFO - [2025-05-21T01:18:07.237+0000] {dag.py:3823} INFO - Setting next_dagrun for run_dbt_models_after_ingestion to None, run_after=None
[2025-05-21T01:18:07.254+0000] {processor.py:183} INFO - Processing /opt/airflow/dags/dbt_model_dag.py took 0.125 seconds
[2025-05-21T01:18:37.726+0000] {processor.py:161} INFO - Started process (PID=18085) to work on /opt/airflow/dags/dbt_model_dag.py
[2025-05-21T01:18:37.730+0000] {processor.py:830} INFO - Processing file /opt/airflow/dags/dbt_model_dag.py for tasks to queue
[2025-05-21T01:18:37.731+0000] {logging_mixin.py:188} INFO - [2025-05-21T01:18:37.731+0000] {dagbag.py:538} INFO - Filling up the DagBag from /opt/airflow/dags/dbt_model_dag.py
[2025-05-21T01:18:37.763+0000] {processor.py:840} INFO - DAG(s) 'run_dbt_models_after_ingestion' retrieved from /opt/airflow/dags/dbt_model_dag.py
[2025-05-21T01:18:37.807+0000] {logging_mixin.py:188} INFO - [2025-05-21T01:18:37.806+0000] {dag.py:3036} INFO - Sync 1 DAGs
[2025-05-21T01:18:37.819+0000] {logging_mixin.py:188} INFO - [2025-05-21T01:18:37.819+0000] {dag.py:3823} INFO - Setting next_dagrun for run_dbt_models_after_ingestion to None, run_after=None
[2025-05-21T01:18:37.833+0000] {processor.py:183} INFO - Processing /opt/airflow/dags/dbt_model_dag.py took 0.126 seconds
[2025-05-21T01:19:08.218+0000] {processor.py:161} INFO - Started process (PID=18095) to work on /opt/airflow/dags/dbt_model_dag.py
[2025-05-21T01:19:08.221+0000] {processor.py:830} INFO - Processing file /opt/airflow/dags/dbt_model_dag.py for tasks to queue
[2025-05-21T01:19:08.222+0000] {logging_mixin.py:188} INFO - [2025-05-21T01:19:08.222+0000] {dagbag.py:538} INFO - Filling up the DagBag from /opt/airflow/dags/dbt_model_dag.py
[2025-05-21T01:19:08.252+0000] {processor.py:840} INFO - DAG(s) 'run_dbt_models_after_ingestion' retrieved from /opt/airflow/dags/dbt_model_dag.py
[2025-05-21T01:19:08.292+0000] {logging_mixin.py:188} INFO - [2025-05-21T01:19:08.292+0000] {dag.py:3036} INFO - Sync 1 DAGs
[2025-05-21T01:19:08.307+0000] {logging_mixin.py:188} INFO - [2025-05-21T01:19:08.307+0000] {dag.py:3823} INFO - Setting next_dagrun for run_dbt_models_after_ingestion to None, run_after=None
[2025-05-21T01:19:08.322+0000] {processor.py:183} INFO - Processing /opt/airflow/dags/dbt_model_dag.py took 0.118 seconds
[2025-05-21T01:19:38.745+0000] {processor.py:161} INFO - Started process (PID=18105) to work on /opt/airflow/dags/dbt_model_dag.py
[2025-05-21T01:19:38.748+0000] {processor.py:830} INFO - Processing file /opt/airflow/dags/dbt_model_dag.py for tasks to queue
[2025-05-21T01:19:38.749+0000] {logging_mixin.py:188} INFO - [2025-05-21T01:19:38.749+0000] {dagbag.py:538} INFO - Filling up the DagBag from /opt/airflow/dags/dbt_model_dag.py
[2025-05-21T01:19:38.780+0000] {processor.py:840} INFO - DAG(s) 'run_dbt_models_after_ingestion' retrieved from /opt/airflow/dags/dbt_model_dag.py
[2025-05-21T01:19:38.823+0000] {logging_mixin.py:188} INFO - [2025-05-21T01:19:38.823+0000] {dag.py:3036} INFO - Sync 1 DAGs
[2025-05-21T01:19:38.836+0000] {logging_mixin.py:188} INFO - [2025-05-21T01:19:38.836+0000] {dag.py:3823} INFO - Setting next_dagrun for run_dbt_models_after_ingestion to None, run_after=None
[2025-05-21T01:19:38.851+0000] {processor.py:183} INFO - Processing /opt/airflow/dags/dbt_model_dag.py took 0.122 seconds
[2025-05-21T01:20:09.306+0000] {processor.py:161} INFO - Started process (PID=18115) to work on /opt/airflow/dags/dbt_model_dag.py
[2025-05-21T01:20:09.310+0000] {processor.py:830} INFO - Processing file /opt/airflow/dags/dbt_model_dag.py for tasks to queue
[2025-05-21T01:20:09.312+0000] {logging_mixin.py:188} INFO - [2025-05-21T01:20:09.311+0000] {dagbag.py:538} INFO - Filling up the DagBag from /opt/airflow/dags/dbt_model_dag.py
[2025-05-21T01:20:09.339+0000] {processor.py:840} INFO - DAG(s) 'run_dbt_models_after_ingestion' retrieved from /opt/airflow/dags/dbt_model_dag.py
[2025-05-21T01:20:09.378+0000] {logging_mixin.py:188} INFO - [2025-05-21T01:20:09.378+0000] {dag.py:3036} INFO - Sync 1 DAGs
[2025-05-21T01:20:09.393+0000] {logging_mixin.py:188} INFO - [2025-05-21T01:20:09.393+0000] {dag.py:3823} INFO - Setting next_dagrun for run_dbt_models_after_ingestion to None, run_after=None
[2025-05-21T01:20:09.410+0000] {processor.py:183} INFO - Processing /opt/airflow/dags/dbt_model_dag.py took 0.114 seconds
[2025-05-21T01:20:39.885+0000] {processor.py:161} INFO - Started process (PID=18125) to work on /opt/airflow/dags/dbt_model_dag.py
[2025-05-21T01:20:39.892+0000] {processor.py:830} INFO - Processing file /opt/airflow/dags/dbt_model_dag.py for tasks to queue
[2025-05-21T01:20:39.893+0000] {logging_mixin.py:188} INFO - [2025-05-21T01:20:39.893+0000] {dagbag.py:538} INFO - Filling up the DagBag from /opt/airflow/dags/dbt_model_dag.py
[2025-05-21T01:20:39.920+0000] {processor.py:840} INFO - DAG(s) 'run_dbt_models_after_ingestion' retrieved from /opt/airflow/dags/dbt_model_dag.py
[2025-05-21T01:20:39.958+0000] {logging_mixin.py:188} INFO - [2025-05-21T01:20:39.958+0000] {dag.py:3036} INFO - Sync 1 DAGs
[2025-05-21T01:20:39.972+0000] {logging_mixin.py:188} INFO - [2025-05-21T01:20:39.971+0000] {dag.py:3823} INFO - Setting next_dagrun for run_dbt_models_after_ingestion to None, run_after=None
[2025-05-21T01:20:39.985+0000] {processor.py:183} INFO - Processing /opt/airflow/dags/dbt_model_dag.py took 0.109 seconds
[2025-05-21T01:21:10.440+0000] {processor.py:161} INFO - Started process (PID=18135) to work on /opt/airflow/dags/dbt_model_dag.py
[2025-05-21T01:21:10.441+0000] {processor.py:830} INFO - Processing file /opt/airflow/dags/dbt_model_dag.py for tasks to queue
[2025-05-21T01:21:10.444+0000] {logging_mixin.py:188} INFO - [2025-05-21T01:21:10.444+0000] {dagbag.py:538} INFO - Filling up the DagBag from /opt/airflow/dags/dbt_model_dag.py
[2025-05-21T01:21:10.467+0000] {processor.py:840} INFO - DAG(s) 'run_dbt_models_after_ingestion' retrieved from /opt/airflow/dags/dbt_model_dag.py
[2025-05-21T01:21:10.507+0000] {logging_mixin.py:188} INFO - [2025-05-21T01:21:10.506+0000] {dag.py:3036} INFO - Sync 1 DAGs
[2025-05-21T01:21:10.522+0000] {logging_mixin.py:188} INFO - [2025-05-21T01:21:10.522+0000] {dag.py:3823} INFO - Setting next_dagrun for run_dbt_models_after_ingestion to None, run_after=None
[2025-05-21T01:21:10.537+0000] {processor.py:183} INFO - Processing /opt/airflow/dags/dbt_model_dag.py took 0.108 seconds
[2025-05-21T01:21:40.966+0000] {processor.py:161} INFO - Started process (PID=18145) to work on /opt/airflow/dags/dbt_model_dag.py
[2025-05-21T01:21:40.970+0000] {processor.py:830} INFO - Processing file /opt/airflow/dags/dbt_model_dag.py for tasks to queue
[2025-05-21T01:21:40.972+0000] {logging_mixin.py:188} INFO - [2025-05-21T01:21:40.971+0000] {dagbag.py:538} INFO - Filling up the DagBag from /opt/airflow/dags/dbt_model_dag.py
[2025-05-21T01:21:40.998+0000] {processor.py:840} INFO - DAG(s) 'run_dbt_models_after_ingestion' retrieved from /opt/airflow/dags/dbt_model_dag.py
[2025-05-21T01:21:41.042+0000] {logging_mixin.py:188} INFO - [2025-05-21T01:21:41.042+0000] {dag.py:3036} INFO - Sync 1 DAGs
[2025-05-21T01:21:41.055+0000] {logging_mixin.py:188} INFO - [2025-05-21T01:21:41.055+0000] {dag.py:3823} INFO - Setting next_dagrun for run_dbt_models_after_ingestion to None, run_after=None
[2025-05-21T01:21:41.071+0000] {processor.py:183} INFO - Processing /opt/airflow/dags/dbt_model_dag.py took 0.123 seconds
[2025-05-21T01:22:11.480+0000] {processor.py:161} INFO - Started process (PID=18155) to work on /opt/airflow/dags/dbt_model_dag.py
[2025-05-21T01:22:11.484+0000] {processor.py:830} INFO - Processing file /opt/airflow/dags/dbt_model_dag.py for tasks to queue
[2025-05-21T01:22:11.485+0000] {logging_mixin.py:188} INFO - [2025-05-21T01:22:11.485+0000] {dagbag.py:538} INFO - Filling up the DagBag from /opt/airflow/dags/dbt_model_dag.py
[2025-05-21T01:22:11.510+0000] {processor.py:840} INFO - DAG(s) 'run_dbt_models_after_ingestion' retrieved from /opt/airflow/dags/dbt_model_dag.py
[2025-05-21T01:22:11.552+0000] {logging_mixin.py:188} INFO - [2025-05-21T01:22:11.552+0000] {dag.py:3036} INFO - Sync 1 DAGs
[2025-05-21T01:22:11.566+0000] {logging_mixin.py:188} INFO - [2025-05-21T01:22:11.565+0000] {dag.py:3823} INFO - Setting next_dagrun for run_dbt_models_after_ingestion to None, run_after=None
[2025-05-21T01:22:11.582+0000] {processor.py:183} INFO - Processing /opt/airflow/dags/dbt_model_dag.py took 0.109 seconds
[2025-05-21T01:22:42.080+0000] {processor.py:161} INFO - Started process (PID=18165) to work on /opt/airflow/dags/dbt_model_dag.py
[2025-05-21T01:22:42.083+0000] {processor.py:830} INFO - Processing file /opt/airflow/dags/dbt_model_dag.py for tasks to queue
[2025-05-21T01:22:42.084+0000] {logging_mixin.py:188} INFO - [2025-05-21T01:22:42.084+0000] {dagbag.py:538} INFO - Filling up the DagBag from /opt/airflow/dags/dbt_model_dag.py
[2025-05-21T01:22:42.119+0000] {processor.py:840} INFO - DAG(s) 'run_dbt_models_after_ingestion' retrieved from /opt/airflow/dags/dbt_model_dag.py
[2025-05-21T01:22:42.159+0000] {logging_mixin.py:188} INFO - [2025-05-21T01:22:42.158+0000] {dag.py:3036} INFO - Sync 1 DAGs
[2025-05-21T01:22:42.176+0000] {logging_mixin.py:188} INFO - [2025-05-21T01:22:42.175+0000] {dag.py:3823} INFO - Setting next_dagrun for run_dbt_models_after_ingestion to None, run_after=None
[2025-05-21T01:22:42.196+0000] {processor.py:183} INFO - Processing /opt/airflow/dags/dbt_model_dag.py took 0.125 seconds
[2025-05-21T01:23:12.651+0000] {processor.py:161} INFO - Started process (PID=18175) to work on /opt/airflow/dags/dbt_model_dag.py
[2025-05-21T01:23:12.657+0000] {processor.py:830} INFO - Processing file /opt/airflow/dags/dbt_model_dag.py for tasks to queue
[2025-05-21T01:23:12.658+0000] {logging_mixin.py:188} INFO - [2025-05-21T01:23:12.658+0000] {dagbag.py:538} INFO - Filling up the DagBag from /opt/airflow/dags/dbt_model_dag.py
[2025-05-21T01:23:12.685+0000] {processor.py:840} INFO - DAG(s) 'run_dbt_models_after_ingestion' retrieved from /opt/airflow/dags/dbt_model_dag.py
[2025-05-21T01:23:12.721+0000] {logging_mixin.py:188} INFO - [2025-05-21T01:23:12.721+0000] {dag.py:3036} INFO - Sync 1 DAGs
[2025-05-21T01:23:12.733+0000] {logging_mixin.py:188} INFO - [2025-05-21T01:23:12.733+0000] {dag.py:3823} INFO - Setting next_dagrun for run_dbt_models_after_ingestion to None, run_after=None
[2025-05-21T01:23:12.749+0000] {processor.py:183} INFO - Processing /opt/airflow/dags/dbt_model_dag.py took 0.114 seconds
[2025-05-21T01:23:43.204+0000] {processor.py:161} INFO - Started process (PID=18185) to work on /opt/airflow/dags/dbt_model_dag.py
[2025-05-21T01:23:43.206+0000] {processor.py:830} INFO - Processing file /opt/airflow/dags/dbt_model_dag.py for tasks to queue
[2025-05-21T01:23:43.208+0000] {logging_mixin.py:188} INFO - [2025-05-21T01:23:43.208+0000] {dagbag.py:538} INFO - Filling up the DagBag from /opt/airflow/dags/dbt_model_dag.py
[2025-05-21T01:23:43.233+0000] {processor.py:840} INFO - DAG(s) 'run_dbt_models_after_ingestion' retrieved from /opt/airflow/dags/dbt_model_dag.py
[2025-05-21T01:23:43.277+0000] {logging_mixin.py:188} INFO - [2025-05-21T01:23:43.276+0000] {dag.py:3036} INFO - Sync 1 DAGs
[2025-05-21T01:23:43.293+0000] {logging_mixin.py:188} INFO - [2025-05-21T01:23:43.293+0000] {dag.py:3823} INFO - Setting next_dagrun for run_dbt_models_after_ingestion to None, run_after=None
[2025-05-21T01:23:43.308+0000] {processor.py:183} INFO - Processing /opt/airflow/dags/dbt_model_dag.py took 0.111 seconds
[2025-05-21T01:24:13.753+0000] {processor.py:161} INFO - Started process (PID=18195) to work on /opt/airflow/dags/dbt_model_dag.py
[2025-05-21T01:24:13.755+0000] {processor.py:830} INFO - Processing file /opt/airflow/dags/dbt_model_dag.py for tasks to queue
[2025-05-21T01:24:13.758+0000] {logging_mixin.py:188} INFO - [2025-05-21T01:24:13.757+0000] {dagbag.py:538} INFO - Filling up the DagBag from /opt/airflow/dags/dbt_model_dag.py
[2025-05-21T01:24:13.780+0000] {processor.py:840} INFO - DAG(s) 'run_dbt_models_after_ingestion' retrieved from /opt/airflow/dags/dbt_model_dag.py
[2025-05-21T01:24:13.822+0000] {logging_mixin.py:188} INFO - [2025-05-21T01:24:13.822+0000] {dag.py:3036} INFO - Sync 1 DAGs
[2025-05-21T01:24:13.834+0000] {logging_mixin.py:188} INFO - [2025-05-21T01:24:13.834+0000] {dag.py:3823} INFO - Setting next_dagrun for run_dbt_models_after_ingestion to None, run_after=None
[2025-05-21T01:24:13.849+0000] {processor.py:183} INFO - Processing /opt/airflow/dags/dbt_model_dag.py took 0.108 seconds
[2025-05-21T01:24:44.344+0000] {processor.py:161} INFO - Started process (PID=18205) to work on /opt/airflow/dags/dbt_model_dag.py
[2025-05-21T01:24:44.348+0000] {processor.py:830} INFO - Processing file /opt/airflow/dags/dbt_model_dag.py for tasks to queue
[2025-05-21T01:24:44.349+0000] {logging_mixin.py:188} INFO - [2025-05-21T01:24:44.349+0000] {dagbag.py:538} INFO - Filling up the DagBag from /opt/airflow/dags/dbt_model_dag.py
[2025-05-21T01:24:44.378+0000] {processor.py:840} INFO - DAG(s) 'run_dbt_models_after_ingestion' retrieved from /opt/airflow/dags/dbt_model_dag.py
[2025-05-21T01:24:44.428+0000] {logging_mixin.py:188} INFO - [2025-05-21T01:24:44.428+0000] {dag.py:3036} INFO - Sync 1 DAGs
[2025-05-21T01:24:44.445+0000] {logging_mixin.py:188} INFO - [2025-05-21T01:24:44.444+0000] {dag.py:3823} INFO - Setting next_dagrun for run_dbt_models_after_ingestion to None, run_after=None
[2025-05-21T01:24:44.465+0000] {processor.py:183} INFO - Processing /opt/airflow/dags/dbt_model_dag.py took 0.131 seconds
[2025-05-21T01:25:14.894+0000] {processor.py:161} INFO - Started process (PID=18215) to work on /opt/airflow/dags/dbt_model_dag.py
[2025-05-21T01:25:14.897+0000] {processor.py:830} INFO - Processing file /opt/airflow/dags/dbt_model_dag.py for tasks to queue
[2025-05-21T01:25:14.899+0000] {logging_mixin.py:188} INFO - [2025-05-21T01:25:14.899+0000] {dagbag.py:538} INFO - Filling up the DagBag from /opt/airflow/dags/dbt_model_dag.py
[2025-05-21T01:25:14.920+0000] {processor.py:840} INFO - DAG(s) 'run_dbt_models_after_ingestion' retrieved from /opt/airflow/dags/dbt_model_dag.py
[2025-05-21T01:25:14.959+0000] {logging_mixin.py:188} INFO - [2025-05-21T01:25:14.959+0000] {dag.py:3036} INFO - Sync 1 DAGs
[2025-05-21T01:25:14.977+0000] {logging_mixin.py:188} INFO - [2025-05-21T01:25:14.977+0000] {dag.py:3823} INFO - Setting next_dagrun for run_dbt_models_after_ingestion to None, run_after=None
[2025-05-21T01:25:14.997+0000] {processor.py:183} INFO - Processing /opt/airflow/dags/dbt_model_dag.py took 0.109 seconds
[2025-05-21T01:25:45.417+0000] {processor.py:161} INFO - Started process (PID=18225) to work on /opt/airflow/dags/dbt_model_dag.py
[2025-05-21T01:25:45.426+0000] {processor.py:830} INFO - Processing file /opt/airflow/dags/dbt_model_dag.py for tasks to queue
[2025-05-21T01:25:45.428+0000] {logging_mixin.py:188} INFO - [2025-05-21T01:25:45.427+0000] {dagbag.py:538} INFO - Filling up the DagBag from /opt/airflow/dags/dbt_model_dag.py
[2025-05-21T01:25:45.457+0000] {processor.py:840} INFO - DAG(s) 'run_dbt_models_after_ingestion' retrieved from /opt/airflow/dags/dbt_model_dag.py
[2025-05-21T01:25:45.495+0000] {logging_mixin.py:188} INFO - [2025-05-21T01:25:45.494+0000] {dag.py:3036} INFO - Sync 1 DAGs
[2025-05-21T01:25:45.508+0000] {logging_mixin.py:188} INFO - [2025-05-21T01:25:45.508+0000] {dag.py:3823} INFO - Setting next_dagrun for run_dbt_models_after_ingestion to None, run_after=None
[2025-05-21T01:25:45.527+0000] {processor.py:183} INFO - Processing /opt/airflow/dags/dbt_model_dag.py took 0.121 seconds
[2025-05-21T01:26:15.974+0000] {processor.py:161} INFO - Started process (PID=18235) to work on /opt/airflow/dags/dbt_model_dag.py
[2025-05-21T01:26:15.977+0000] {processor.py:830} INFO - Processing file /opt/airflow/dags/dbt_model_dag.py for tasks to queue
[2025-05-21T01:26:15.979+0000] {logging_mixin.py:188} INFO - [2025-05-21T01:26:15.978+0000] {dagbag.py:538} INFO - Filling up the DagBag from /opt/airflow/dags/dbt_model_dag.py
[2025-05-21T01:26:16.010+0000] {processor.py:840} INFO - DAG(s) 'run_dbt_models_after_ingestion' retrieved from /opt/airflow/dags/dbt_model_dag.py
[2025-05-21T01:26:16.046+0000] {logging_mixin.py:188} INFO - [2025-05-21T01:26:16.046+0000] {dag.py:3036} INFO - Sync 1 DAGs
[2025-05-21T01:26:16.059+0000] {logging_mixin.py:188} INFO - [2025-05-21T01:26:16.059+0000] {dag.py:3823} INFO - Setting next_dagrun for run_dbt_models_after_ingestion to None, run_after=None
[2025-05-21T01:26:16.076+0000] {processor.py:183} INFO - Processing /opt/airflow/dags/dbt_model_dag.py took 0.113 seconds
[2025-05-21T01:26:46.577+0000] {processor.py:161} INFO - Started process (PID=18245) to work on /opt/airflow/dags/dbt_model_dag.py
[2025-05-21T01:26:46.580+0000] {processor.py:830} INFO - Processing file /opt/airflow/dags/dbt_model_dag.py for tasks to queue
[2025-05-21T01:26:46.582+0000] {logging_mixin.py:188} INFO - [2025-05-21T01:26:46.581+0000] {dagbag.py:538} INFO - Filling up the DagBag from /opt/airflow/dags/dbt_model_dag.py
[2025-05-21T01:26:46.602+0000] {processor.py:840} INFO - DAG(s) 'run_dbt_models_after_ingestion' retrieved from /opt/airflow/dags/dbt_model_dag.py
[2025-05-21T01:26:46.647+0000] {logging_mixin.py:188} INFO - [2025-05-21T01:26:46.647+0000] {dag.py:3036} INFO - Sync 1 DAGs
[2025-05-21T01:26:46.660+0000] {logging_mixin.py:188} INFO - [2025-05-21T01:26:46.660+0000] {dag.py:3823} INFO - Setting next_dagrun for run_dbt_models_after_ingestion to None, run_after=None
[2025-05-21T01:26:46.673+0000] {processor.py:183} INFO - Processing /opt/airflow/dags/dbt_model_dag.py took 0.115 seconds
[2025-05-21T01:27:17.147+0000] {processor.py:161} INFO - Started process (PID=18255) to work on /opt/airflow/dags/dbt_model_dag.py
[2025-05-21T01:27:17.150+0000] {processor.py:830} INFO - Processing file /opt/airflow/dags/dbt_model_dag.py for tasks to queue
[2025-05-21T01:27:17.152+0000] {logging_mixin.py:188} INFO - [2025-05-21T01:27:17.151+0000] {dagbag.py:538} INFO - Filling up the DagBag from /opt/airflow/dags/dbt_model_dag.py
[2025-05-21T01:27:17.177+0000] {processor.py:840} INFO - DAG(s) 'run_dbt_models_after_ingestion' retrieved from /opt/airflow/dags/dbt_model_dag.py
[2025-05-21T01:27:17.218+0000] {logging_mixin.py:188} INFO - [2025-05-21T01:27:17.218+0000] {dag.py:3036} INFO - Sync 1 DAGs
[2025-05-21T01:27:17.234+0000] {logging_mixin.py:188} INFO - [2025-05-21T01:27:17.234+0000] {dag.py:3823} INFO - Setting next_dagrun for run_dbt_models_after_ingestion to None, run_after=None
[2025-05-21T01:27:17.250+0000] {processor.py:183} INFO - Processing /opt/airflow/dags/dbt_model_dag.py took 0.115 seconds
[2025-05-21T01:27:47.721+0000] {processor.py:161} INFO - Started process (PID=18265) to work on /opt/airflow/dags/dbt_model_dag.py
[2025-05-21T01:27:47.725+0000] {processor.py:830} INFO - Processing file /opt/airflow/dags/dbt_model_dag.py for tasks to queue
[2025-05-21T01:27:47.729+0000] {logging_mixin.py:188} INFO - [2025-05-21T01:27:47.728+0000] {dagbag.py:538} INFO - Filling up the DagBag from /opt/airflow/dags/dbt_model_dag.py
[2025-05-21T01:27:47.761+0000] {processor.py:840} INFO - DAG(s) 'run_dbt_models_after_ingestion' retrieved from /opt/airflow/dags/dbt_model_dag.py
[2025-05-21T01:27:47.809+0000] {logging_mixin.py:188} INFO - [2025-05-21T01:27:47.809+0000] {dag.py:3036} INFO - Sync 1 DAGs
[2025-05-21T01:27:47.826+0000] {logging_mixin.py:188} INFO - [2025-05-21T01:27:47.826+0000] {dag.py:3823} INFO - Setting next_dagrun for run_dbt_models_after_ingestion to None, run_after=None
[2025-05-21T01:27:47.844+0000] {processor.py:183} INFO - Processing /opt/airflow/dags/dbt_model_dag.py took 0.136 seconds
[2025-05-21T01:28:18.296+0000] {processor.py:161} INFO - Started process (PID=18275) to work on /opt/airflow/dags/dbt_model_dag.py
[2025-05-21T01:28:18.301+0000] {processor.py:830} INFO - Processing file /opt/airflow/dags/dbt_model_dag.py for tasks to queue
[2025-05-21T01:28:18.303+0000] {logging_mixin.py:188} INFO - [2025-05-21T01:28:18.302+0000] {dagbag.py:538} INFO - Filling up the DagBag from /opt/airflow/dags/dbt_model_dag.py
[2025-05-21T01:28:18.328+0000] {processor.py:840} INFO - DAG(s) 'run_dbt_models_after_ingestion' retrieved from /opt/airflow/dags/dbt_model_dag.py
[2025-05-21T01:28:18.370+0000] {logging_mixin.py:188} INFO - [2025-05-21T01:28:18.369+0000] {dag.py:3036} INFO - Sync 1 DAGs
[2025-05-21T01:28:18.385+0000] {logging_mixin.py:188} INFO - [2025-05-21T01:28:18.384+0000] {dag.py:3823} INFO - Setting next_dagrun for run_dbt_models_after_ingestion to None, run_after=None
[2025-05-21T01:28:18.400+0000] {processor.py:183} INFO - Processing /opt/airflow/dags/dbt_model_dag.py took 0.119 seconds
[2025-05-21T01:28:48.783+0000] {processor.py:161} INFO - Started process (PID=18285) to work on /opt/airflow/dags/dbt_model_dag.py
[2025-05-21T01:28:48.786+0000] {processor.py:830} INFO - Processing file /opt/airflow/dags/dbt_model_dag.py for tasks to queue
[2025-05-21T01:28:48.788+0000] {logging_mixin.py:188} INFO - [2025-05-21T01:28:48.787+0000] {dagbag.py:538} INFO - Filling up the DagBag from /opt/airflow/dags/dbt_model_dag.py
[2025-05-21T01:28:48.811+0000] {processor.py:840} INFO - DAG(s) 'run_dbt_models_after_ingestion' retrieved from /opt/airflow/dags/dbt_model_dag.py
[2025-05-21T01:28:48.857+0000] {logging_mixin.py:188} INFO - [2025-05-21T01:28:48.857+0000] {dag.py:3036} INFO - Sync 1 DAGs
[2025-05-21T01:28:48.871+0000] {logging_mixin.py:188} INFO - [2025-05-21T01:28:48.871+0000] {dag.py:3823} INFO - Setting next_dagrun for run_dbt_models_after_ingestion to None, run_after=None
[2025-05-21T01:28:48.889+0000] {processor.py:183} INFO - Processing /opt/airflow/dags/dbt_model_dag.py took 0.122 seconds
[2025-05-21T01:29:19.367+0000] {processor.py:161} INFO - Started process (PID=18295) to work on /opt/airflow/dags/dbt_model_dag.py
[2025-05-21T01:29:19.369+0000] {processor.py:830} INFO - Processing file /opt/airflow/dags/dbt_model_dag.py for tasks to queue
[2025-05-21T01:29:19.374+0000] {logging_mixin.py:188} INFO - [2025-05-21T01:29:19.372+0000] {dagbag.py:538} INFO - Filling up the DagBag from /opt/airflow/dags/dbt_model_dag.py
[2025-05-21T01:29:19.400+0000] {processor.py:840} INFO - DAG(s) 'run_dbt_models_after_ingestion' retrieved from /opt/airflow/dags/dbt_model_dag.py
[2025-05-21T01:29:19.443+0000] {logging_mixin.py:188} INFO - [2025-05-21T01:29:19.443+0000] {dag.py:3036} INFO - Sync 1 DAGs
[2025-05-21T01:29:19.457+0000] {logging_mixin.py:188} INFO - [2025-05-21T01:29:19.456+0000] {dag.py:3823} INFO - Setting next_dagrun for run_dbt_models_after_ingestion to None, run_after=None
[2025-05-21T01:29:19.475+0000] {processor.py:183} INFO - Processing /opt/airflow/dags/dbt_model_dag.py took 0.121 seconds
[2025-05-21T01:29:49.865+0000] {processor.py:161} INFO - Started process (PID=18305) to work on /opt/airflow/dags/dbt_model_dag.py
[2025-05-21T01:29:49.873+0000] {processor.py:830} INFO - Processing file /opt/airflow/dags/dbt_model_dag.py for tasks to queue
[2025-05-21T01:29:49.879+0000] {logging_mixin.py:188} INFO - [2025-05-21T01:29:49.877+0000] {dagbag.py:538} INFO - Filling up the DagBag from /opt/airflow/dags/dbt_model_dag.py
[2025-05-21T01:29:49.917+0000] {processor.py:840} INFO - DAG(s) 'run_dbt_models_after_ingestion' retrieved from /opt/airflow/dags/dbt_model_dag.py
[2025-05-21T01:29:49.977+0000] {logging_mixin.py:188} INFO - [2025-05-21T01:29:49.976+0000] {dag.py:3036} INFO - Sync 1 DAGs
[2025-05-21T01:29:49.992+0000] {logging_mixin.py:188} INFO - [2025-05-21T01:29:49.992+0000] {dag.py:3823} INFO - Setting next_dagrun for run_dbt_models_after_ingestion to None, run_after=None
[2025-05-21T01:29:50.015+0000] {processor.py:183} INFO - Processing /opt/airflow/dags/dbt_model_dag.py took 0.170 seconds
[2025-05-21T01:30:20.415+0000] {processor.py:161} INFO - Started process (PID=18315) to work on /opt/airflow/dags/dbt_model_dag.py
[2025-05-21T01:30:20.422+0000] {processor.py:830} INFO - Processing file /opt/airflow/dags/dbt_model_dag.py for tasks to queue
[2025-05-21T01:30:20.424+0000] {logging_mixin.py:188} INFO - [2025-05-21T01:30:20.423+0000] {dagbag.py:538} INFO - Filling up the DagBag from /opt/airflow/dags/dbt_model_dag.py
[2025-05-21T01:30:20.573+0000] {processor.py:840} INFO - DAG(s) 'run_dbt_models_after_ingestion' retrieved from /opt/airflow/dags/dbt_model_dag.py
[2025-05-21T01:30:20.662+0000] {logging_mixin.py:188} INFO - [2025-05-21T01:30:20.662+0000] {dag.py:3036} INFO - Sync 1 DAGs
[2025-05-21T01:30:20.682+0000] {logging_mixin.py:188} INFO - [2025-05-21T01:30:20.682+0000] {dag.py:3823} INFO - Setting next_dagrun for run_dbt_models_after_ingestion to None, run_after=None
[2025-05-21T01:30:20.714+0000] {processor.py:183} INFO - Processing /opt/airflow/dags/dbt_model_dag.py took 0.317 seconds
[2025-05-21T01:30:50.845+0000] {processor.py:161} INFO - Started process (PID=18325) to work on /opt/airflow/dags/dbt_model_dag.py
[2025-05-21T01:30:50.850+0000] {processor.py:830} INFO - Processing file /opt/airflow/dags/dbt_model_dag.py for tasks to queue
[2025-05-21T01:30:50.852+0000] {logging_mixin.py:188} INFO - [2025-05-21T01:30:50.851+0000] {dagbag.py:538} INFO - Filling up the DagBag from /opt/airflow/dags/dbt_model_dag.py
[2025-05-21T01:30:50.879+0000] {processor.py:840} INFO - DAG(s) 'run_dbt_models_after_ingestion' retrieved from /opt/airflow/dags/dbt_model_dag.py
[2025-05-21T01:30:50.915+0000] {logging_mixin.py:188} INFO - [2025-05-21T01:30:50.915+0000] {dag.py:3036} INFO - Sync 1 DAGs
[2025-05-21T01:30:50.928+0000] {logging_mixin.py:188} INFO - [2025-05-21T01:30:50.928+0000] {dag.py:3823} INFO - Setting next_dagrun for run_dbt_models_after_ingestion to None, run_after=None
[2025-05-21T01:30:50.946+0000] {processor.py:183} INFO - Processing /opt/airflow/dags/dbt_model_dag.py took 0.109 seconds
[2025-05-21T01:31:21.404+0000] {processor.py:161} INFO - Started process (PID=18335) to work on /opt/airflow/dags/dbt_model_dag.py
[2025-05-21T01:31:21.407+0000] {processor.py:830} INFO - Processing file /opt/airflow/dags/dbt_model_dag.py for tasks to queue
[2025-05-21T01:31:21.408+0000] {logging_mixin.py:188} INFO - [2025-05-21T01:31:21.408+0000] {dagbag.py:538} INFO - Filling up the DagBag from /opt/airflow/dags/dbt_model_dag.py
[2025-05-21T01:31:21.437+0000] {processor.py:840} INFO - DAG(s) 'run_dbt_models_after_ingestion' retrieved from /opt/airflow/dags/dbt_model_dag.py
[2025-05-21T01:31:21.480+0000] {logging_mixin.py:188} INFO - [2025-05-21T01:31:21.480+0000] {dag.py:3036} INFO - Sync 1 DAGs
[2025-05-21T01:31:21.504+0000] {logging_mixin.py:188} INFO - [2025-05-21T01:31:21.503+0000] {dag.py:3823} INFO - Setting next_dagrun for run_dbt_models_after_ingestion to None, run_after=None
[2025-05-21T01:31:21.519+0000] {processor.py:183} INFO - Processing /opt/airflow/dags/dbt_model_dag.py took 0.133 seconds
[2025-05-21T01:31:51.978+0000] {processor.py:161} INFO - Started process (PID=18345) to work on /opt/airflow/dags/dbt_model_dag.py
[2025-05-21T01:31:51.981+0000] {processor.py:830} INFO - Processing file /opt/airflow/dags/dbt_model_dag.py for tasks to queue
[2025-05-21T01:31:51.982+0000] {logging_mixin.py:188} INFO - [2025-05-21T01:31:51.981+0000] {dagbag.py:538} INFO - Filling up the DagBag from /opt/airflow/dags/dbt_model_dag.py
[2025-05-21T01:31:52.018+0000] {processor.py:840} INFO - DAG(s) 'run_dbt_models_after_ingestion' retrieved from /opt/airflow/dags/dbt_model_dag.py
[2025-05-21T01:31:52.225+0000] {logging_mixin.py:188} INFO - [2025-05-21T01:31:52.225+0000] {dag.py:3036} INFO - Sync 1 DAGs
[2025-05-21T01:31:52.243+0000] {logging_mixin.py:188} INFO - [2025-05-21T01:31:52.243+0000] {dag.py:3823} INFO - Setting next_dagrun for run_dbt_models_after_ingestion to None, run_after=None
[2025-05-21T01:31:52.265+0000] {processor.py:183} INFO - Processing /opt/airflow/dags/dbt_model_dag.py took 0.301 seconds
[2025-05-21T01:32:22.790+0000] {processor.py:161} INFO - Started process (PID=18355) to work on /opt/airflow/dags/dbt_model_dag.py
[2025-05-21T01:32:22.794+0000] {processor.py:830} INFO - Processing file /opt/airflow/dags/dbt_model_dag.py for tasks to queue
[2025-05-21T01:32:22.797+0000] {logging_mixin.py:188} INFO - [2025-05-21T01:32:22.795+0000] {dagbag.py:538} INFO - Filling up the DagBag from /opt/airflow/dags/dbt_model_dag.py
[2025-05-21T01:32:22.827+0000] {processor.py:840} INFO - DAG(s) 'run_dbt_models_after_ingestion' retrieved from /opt/airflow/dags/dbt_model_dag.py
[2025-05-21T01:32:22.879+0000] {logging_mixin.py:188} INFO - [2025-05-21T01:32:22.878+0000] {dag.py:3036} INFO - Sync 1 DAGs
[2025-05-21T01:32:22.891+0000] {logging_mixin.py:188} INFO - [2025-05-21T01:32:22.891+0000] {dag.py:3823} INFO - Setting next_dagrun for run_dbt_models_after_ingestion to None, run_after=None
[2025-05-21T01:32:22.911+0000] {processor.py:183} INFO - Processing /opt/airflow/dags/dbt_model_dag.py took 0.135 seconds
[2025-05-21T01:32:53.383+0000] {processor.py:161} INFO - Started process (PID=18365) to work on /opt/airflow/dags/dbt_model_dag.py
[2025-05-21T01:32:53.386+0000] {processor.py:830} INFO - Processing file /opt/airflow/dags/dbt_model_dag.py for tasks to queue
[2025-05-21T01:32:53.387+0000] {logging_mixin.py:188} INFO - [2025-05-21T01:32:53.387+0000] {dagbag.py:538} INFO - Filling up the DagBag from /opt/airflow/dags/dbt_model_dag.py
[2025-05-21T01:32:53.412+0000] {processor.py:840} INFO - DAG(s) 'run_dbt_models_after_ingestion' retrieved from /opt/airflow/dags/dbt_model_dag.py
[2025-05-21T01:32:53.463+0000] {logging_mixin.py:188} INFO - [2025-05-21T01:32:53.463+0000] {dag.py:3036} INFO - Sync 1 DAGs
[2025-05-21T01:32:53.478+0000] {logging_mixin.py:188} INFO - [2025-05-21T01:32:53.478+0000] {dag.py:3823} INFO - Setting next_dagrun for run_dbt_models_after_ingestion to None, run_after=None
[2025-05-21T01:32:53.499+0000] {processor.py:183} INFO - Processing /opt/airflow/dags/dbt_model_dag.py took 0.132 seconds
[2025-05-21T01:33:23.937+0000] {processor.py:161} INFO - Started process (PID=18375) to work on /opt/airflow/dags/dbt_model_dag.py
[2025-05-21T01:33:23.939+0000] {processor.py:830} INFO - Processing file /opt/airflow/dags/dbt_model_dag.py for tasks to queue
[2025-05-21T01:33:23.940+0000] {logging_mixin.py:188} INFO - [2025-05-21T01:33:23.940+0000] {dagbag.py:538} INFO - Filling up the DagBag from /opt/airflow/dags/dbt_model_dag.py
[2025-05-21T01:33:23.965+0000] {processor.py:840} INFO - DAG(s) 'run_dbt_models_after_ingestion' retrieved from /opt/airflow/dags/dbt_model_dag.py
[2025-05-21T01:33:23.999+0000] {logging_mixin.py:188} INFO - [2025-05-21T01:33:23.999+0000] {dag.py:3036} INFO - Sync 1 DAGs
[2025-05-21T01:33:24.010+0000] {logging_mixin.py:188} INFO - [2025-05-21T01:33:24.010+0000] {dag.py:3823} INFO - Setting next_dagrun for run_dbt_models_after_ingestion to None, run_after=None
[2025-05-21T01:33:24.027+0000] {processor.py:183} INFO - Processing /opt/airflow/dags/dbt_model_dag.py took 0.103 seconds
[2025-05-21T01:33:54.423+0000] {processor.py:161} INFO - Started process (PID=18385) to work on /opt/airflow/dags/dbt_model_dag.py
[2025-05-21T01:33:54.428+0000] {processor.py:830} INFO - Processing file /opt/airflow/dags/dbt_model_dag.py for tasks to queue
[2025-05-21T01:33:54.430+0000] {logging_mixin.py:188} INFO - [2025-05-21T01:33:54.429+0000] {dagbag.py:538} INFO - Filling up the DagBag from /opt/airflow/dags/dbt_model_dag.py
[2025-05-21T01:33:54.458+0000] {processor.py:840} INFO - DAG(s) 'run_dbt_models_after_ingestion' retrieved from /opt/airflow/dags/dbt_model_dag.py
[2025-05-21T01:33:54.509+0000] {logging_mixin.py:188} INFO - [2025-05-21T01:33:54.509+0000] {dag.py:3036} INFO - Sync 1 DAGs
[2025-05-21T01:33:54.525+0000] {logging_mixin.py:188} INFO - [2025-05-21T01:33:54.525+0000] {dag.py:3823} INFO - Setting next_dagrun for run_dbt_models_after_ingestion to None, run_after=None
[2025-05-21T01:33:54.548+0000] {processor.py:183} INFO - Processing /opt/airflow/dags/dbt_model_dag.py took 0.136 seconds
[2025-05-21T01:34:25.079+0000] {processor.py:161} INFO - Started process (PID=18395) to work on /opt/airflow/dags/dbt_model_dag.py
[2025-05-21T01:34:25.081+0000] {processor.py:830} INFO - Processing file /opt/airflow/dags/dbt_model_dag.py for tasks to queue
[2025-05-21T01:34:25.086+0000] {logging_mixin.py:188} INFO - [2025-05-21T01:34:25.084+0000] {dagbag.py:538} INFO - Filling up the DagBag from /opt/airflow/dags/dbt_model_dag.py
[2025-05-21T01:34:25.117+0000] {processor.py:840} INFO - DAG(s) 'run_dbt_models_after_ingestion' retrieved from /opt/airflow/dags/dbt_model_dag.py
[2025-05-21T01:34:25.157+0000] {logging_mixin.py:188} INFO - [2025-05-21T01:34:25.157+0000] {dag.py:3036} INFO - Sync 1 DAGs
[2025-05-21T01:34:25.170+0000] {logging_mixin.py:188} INFO - [2025-05-21T01:34:25.170+0000] {dag.py:3823} INFO - Setting next_dagrun for run_dbt_models_after_ingestion to None, run_after=None
[2025-05-21T01:34:25.184+0000] {processor.py:183} INFO - Processing /opt/airflow/dags/dbt_model_dag.py took 0.117 seconds
[2025-05-21T01:34:55.599+0000] {processor.py:161} INFO - Started process (PID=18405) to work on /opt/airflow/dags/dbt_model_dag.py
[2025-05-21T01:34:55.601+0000] {processor.py:830} INFO - Processing file /opt/airflow/dags/dbt_model_dag.py for tasks to queue
[2025-05-21T01:34:55.601+0000] {logging_mixin.py:188} INFO - [2025-05-21T01:34:55.601+0000] {dagbag.py:538} INFO - Filling up the DagBag from /opt/airflow/dags/dbt_model_dag.py
[2025-05-21T01:34:55.629+0000] {processor.py:840} INFO - DAG(s) 'run_dbt_models_after_ingestion' retrieved from /opt/airflow/dags/dbt_model_dag.py
[2025-05-21T01:34:55.673+0000] {logging_mixin.py:188} INFO - [2025-05-21T01:34:55.673+0000] {dag.py:3036} INFO - Sync 1 DAGs
[2025-05-21T01:34:55.687+0000] {logging_mixin.py:188} INFO - [2025-05-21T01:34:55.687+0000] {dag.py:3823} INFO - Setting next_dagrun for run_dbt_models_after_ingestion to None, run_after=None
[2025-05-21T01:34:55.704+0000] {processor.py:183} INFO - Processing /opt/airflow/dags/dbt_model_dag.py took 0.117 seconds
[2025-05-21T01:35:26.150+0000] {processor.py:161} INFO - Started process (PID=18415) to work on /opt/airflow/dags/dbt_model_dag.py
[2025-05-21T01:35:26.154+0000] {processor.py:830} INFO - Processing file /opt/airflow/dags/dbt_model_dag.py for tasks to queue
[2025-05-21T01:35:26.156+0000] {logging_mixin.py:188} INFO - [2025-05-21T01:35:26.155+0000] {dagbag.py:538} INFO - Filling up the DagBag from /opt/airflow/dags/dbt_model_dag.py
[2025-05-21T01:35:26.184+0000] {processor.py:840} INFO - DAG(s) 'run_dbt_models_after_ingestion' retrieved from /opt/airflow/dags/dbt_model_dag.py
[2025-05-21T01:35:26.217+0000] {logging_mixin.py:188} INFO - [2025-05-21T01:35:26.217+0000] {dag.py:3036} INFO - Sync 1 DAGs
[2025-05-21T01:35:26.232+0000] {logging_mixin.py:188} INFO - [2025-05-21T01:35:26.232+0000] {dag.py:3823} INFO - Setting next_dagrun for run_dbt_models_after_ingestion to None, run_after=None
[2025-05-21T01:35:26.247+0000] {processor.py:183} INFO - Processing /opt/airflow/dags/dbt_model_dag.py took 0.107 seconds
[2025-05-21T01:35:56.732+0000] {processor.py:161} INFO - Started process (PID=18425) to work on /opt/airflow/dags/dbt_model_dag.py
[2025-05-21T01:35:56.735+0000] {processor.py:830} INFO - Processing file /opt/airflow/dags/dbt_model_dag.py for tasks to queue
[2025-05-21T01:35:56.737+0000] {logging_mixin.py:188} INFO - [2025-05-21T01:35:56.736+0000] {dagbag.py:538} INFO - Filling up the DagBag from /opt/airflow/dags/dbt_model_dag.py
[2025-05-21T01:35:56.765+0000] {processor.py:840} INFO - DAG(s) 'run_dbt_models_after_ingestion' retrieved from /opt/airflow/dags/dbt_model_dag.py
[2025-05-21T01:35:56.805+0000] {logging_mixin.py:188} INFO - [2025-05-21T01:35:56.805+0000] {dag.py:3036} INFO - Sync 1 DAGs
[2025-05-21T01:35:56.817+0000] {logging_mixin.py:188} INFO - [2025-05-21T01:35:56.817+0000] {dag.py:3823} INFO - Setting next_dagrun for run_dbt_models_after_ingestion to None, run_after=None
[2025-05-21T01:35:56.836+0000] {processor.py:183} INFO - Processing /opt/airflow/dags/dbt_model_dag.py took 0.114 seconds
[2025-05-21T01:36:27.320+0000] {processor.py:161} INFO - Started process (PID=18435) to work on /opt/airflow/dags/dbt_model_dag.py
[2025-05-21T01:36:27.322+0000] {processor.py:830} INFO - Processing file /opt/airflow/dags/dbt_model_dag.py for tasks to queue
[2025-05-21T01:36:27.324+0000] {logging_mixin.py:188} INFO - [2025-05-21T01:36:27.324+0000] {dagbag.py:538} INFO - Filling up the DagBag from /opt/airflow/dags/dbt_model_dag.py
[2025-05-21T01:36:27.348+0000] {processor.py:840} INFO - DAG(s) 'run_dbt_models_after_ingestion' retrieved from /opt/airflow/dags/dbt_model_dag.py
[2025-05-21T01:36:27.396+0000] {logging_mixin.py:188} INFO - [2025-05-21T01:36:27.396+0000] {dag.py:3036} INFO - Sync 1 DAGs
[2025-05-21T01:36:27.410+0000] {logging_mixin.py:188} INFO - [2025-05-21T01:36:27.410+0000] {dag.py:3823} INFO - Setting next_dagrun for run_dbt_models_after_ingestion to None, run_after=None
[2025-05-21T01:36:27.426+0000] {processor.py:183} INFO - Processing /opt/airflow/dags/dbt_model_dag.py took 0.115 seconds
[2025-05-21T01:36:57.934+0000] {processor.py:161} INFO - Started process (PID=18445) to work on /opt/airflow/dags/dbt_model_dag.py
[2025-05-21T01:36:57.937+0000] {processor.py:830} INFO - Processing file /opt/airflow/dags/dbt_model_dag.py for tasks to queue
[2025-05-21T01:36:57.939+0000] {logging_mixin.py:188} INFO - [2025-05-21T01:36:57.938+0000] {dagbag.py:538} INFO - Filling up the DagBag from /opt/airflow/dags/dbt_model_dag.py
[2025-05-21T01:36:57.965+0000] {processor.py:840} INFO - DAG(s) 'run_dbt_models_after_ingestion' retrieved from /opt/airflow/dags/dbt_model_dag.py
[2025-05-21T01:36:58.004+0000] {logging_mixin.py:188} INFO - [2025-05-21T01:36:58.004+0000] {dag.py:3036} INFO - Sync 1 DAGs
[2025-05-21T01:36:58.017+0000] {logging_mixin.py:188} INFO - [2025-05-21T01:36:58.017+0000] {dag.py:3823} INFO - Setting next_dagrun for run_dbt_models_after_ingestion to None, run_after=None
[2025-05-21T01:36:58.031+0000] {processor.py:183} INFO - Processing /opt/airflow/dags/dbt_model_dag.py took 0.110 seconds
[2025-05-21T01:37:28.430+0000] {processor.py:161} INFO - Started process (PID=18455) to work on /opt/airflow/dags/dbt_model_dag.py
[2025-05-21T01:37:28.433+0000] {processor.py:830} INFO - Processing file /opt/airflow/dags/dbt_model_dag.py for tasks to queue
[2025-05-21T01:37:28.435+0000] {logging_mixin.py:188} INFO - [2025-05-21T01:37:28.434+0000] {dagbag.py:538} INFO - Filling up the DagBag from /opt/airflow/dags/dbt_model_dag.py
[2025-05-21T01:37:28.459+0000] {processor.py:840} INFO - DAG(s) 'run_dbt_models_after_ingestion' retrieved from /opt/airflow/dags/dbt_model_dag.py
[2025-05-21T01:37:28.508+0000] {logging_mixin.py:188} INFO - [2025-05-21T01:37:28.508+0000] {dag.py:3036} INFO - Sync 1 DAGs
[2025-05-21T01:37:28.521+0000] {logging_mixin.py:188} INFO - [2025-05-21T01:37:28.520+0000] {dag.py:3823} INFO - Setting next_dagrun for run_dbt_models_after_ingestion to None, run_after=None
[2025-05-21T01:37:28.536+0000] {processor.py:183} INFO - Processing /opt/airflow/dags/dbt_model_dag.py took 0.120 seconds
[2025-05-21T01:37:58.950+0000] {processor.py:161} INFO - Started process (PID=18465) to work on /opt/airflow/dags/dbt_model_dag.py
[2025-05-21T01:37:58.954+0000] {processor.py:830} INFO - Processing file /opt/airflow/dags/dbt_model_dag.py for tasks to queue
[2025-05-21T01:37:58.956+0000] {logging_mixin.py:188} INFO - [2025-05-21T01:37:58.956+0000] {dagbag.py:538} INFO - Filling up the DagBag from /opt/airflow/dags/dbt_model_dag.py
[2025-05-21T01:37:58.980+0000] {processor.py:840} INFO - DAG(s) 'run_dbt_models_after_ingestion' retrieved from /opt/airflow/dags/dbt_model_dag.py
[2025-05-21T01:37:59.019+0000] {logging_mixin.py:188} INFO - [2025-05-21T01:37:59.019+0000] {dag.py:3036} INFO - Sync 1 DAGs
[2025-05-21T01:37:59.034+0000] {logging_mixin.py:188} INFO - [2025-05-21T01:37:59.034+0000] {dag.py:3823} INFO - Setting next_dagrun for run_dbt_models_after_ingestion to None, run_after=None
[2025-05-21T01:37:59.051+0000] {processor.py:183} INFO - Processing /opt/airflow/dags/dbt_model_dag.py took 0.117 seconds
[2025-05-21T01:38:29.571+0000] {processor.py:161} INFO - Started process (PID=18475) to work on /opt/airflow/dags/dbt_model_dag.py
[2025-05-21T01:38:29.574+0000] {processor.py:830} INFO - Processing file /opt/airflow/dags/dbt_model_dag.py for tasks to queue
[2025-05-21T01:38:29.575+0000] {logging_mixin.py:188} INFO - [2025-05-21T01:38:29.574+0000] {dagbag.py:538} INFO - Filling up the DagBag from /opt/airflow/dags/dbt_model_dag.py
[2025-05-21T01:38:29.598+0000] {processor.py:840} INFO - DAG(s) 'run_dbt_models_after_ingestion' retrieved from /opt/airflow/dags/dbt_model_dag.py
[2025-05-21T01:38:29.643+0000] {logging_mixin.py:188} INFO - [2025-05-21T01:38:29.642+0000] {dag.py:3036} INFO - Sync 1 DAGs
[2025-05-21T01:38:29.657+0000] {logging_mixin.py:188} INFO - [2025-05-21T01:38:29.657+0000] {dag.py:3823} INFO - Setting next_dagrun for run_dbt_models_after_ingestion to None, run_after=None
[2025-05-21T01:38:29.671+0000] {processor.py:183} INFO - Processing /opt/airflow/dags/dbt_model_dag.py took 0.113 seconds
[2025-05-21T01:39:00.207+0000] {processor.py:161} INFO - Started process (PID=18485) to work on /opt/airflow/dags/dbt_model_dag.py
[2025-05-21T01:39:00.210+0000] {processor.py:830} INFO - Processing file /opt/airflow/dags/dbt_model_dag.py for tasks to queue
[2025-05-21T01:39:00.211+0000] {logging_mixin.py:188} INFO - [2025-05-21T01:39:00.211+0000] {dagbag.py:538} INFO - Filling up the DagBag from /opt/airflow/dags/dbt_model_dag.py
[2025-05-21T01:39:00.234+0000] {processor.py:840} INFO - DAG(s) 'run_dbt_models_after_ingestion' retrieved from /opt/airflow/dags/dbt_model_dag.py
[2025-05-21T01:39:00.275+0000] {logging_mixin.py:188} INFO - [2025-05-21T01:39:00.275+0000] {dag.py:3036} INFO - Sync 1 DAGs
[2025-05-21T01:39:00.287+0000] {logging_mixin.py:188} INFO - [2025-05-21T01:39:00.287+0000] {dag.py:3823} INFO - Setting next_dagrun for run_dbt_models_after_ingestion to None, run_after=None
[2025-05-21T01:39:00.302+0000] {processor.py:183} INFO - Processing /opt/airflow/dags/dbt_model_dag.py took 0.105 seconds
[2025-05-21T01:39:30.730+0000] {processor.py:161} INFO - Started process (PID=18495) to work on /opt/airflow/dags/dbt_model_dag.py
[2025-05-21T01:39:30.732+0000] {processor.py:830} INFO - Processing file /opt/airflow/dags/dbt_model_dag.py for tasks to queue
[2025-05-21T01:39:30.734+0000] {logging_mixin.py:188} INFO - [2025-05-21T01:39:30.733+0000] {dagbag.py:538} INFO - Filling up the DagBag from /opt/airflow/dags/dbt_model_dag.py
[2025-05-21T01:39:30.761+0000] {processor.py:840} INFO - DAG(s) 'run_dbt_models_after_ingestion' retrieved from /opt/airflow/dags/dbt_model_dag.py
[2025-05-21T01:39:30.793+0000] {logging_mixin.py:188} INFO - [2025-05-21T01:39:30.793+0000] {dag.py:3036} INFO - Sync 1 DAGs
[2025-05-21T01:39:30.806+0000] {logging_mixin.py:188} INFO - [2025-05-21T01:39:30.806+0000] {dag.py:3823} INFO - Setting next_dagrun for run_dbt_models_after_ingestion to None, run_after=None
[2025-05-21T01:39:30.822+0000] {processor.py:183} INFO - Processing /opt/airflow/dags/dbt_model_dag.py took 0.101 seconds
[2025-05-21T01:40:01.257+0000] {processor.py:161} INFO - Started process (PID=18505) to work on /opt/airflow/dags/dbt_model_dag.py
[2025-05-21T01:40:01.259+0000] {processor.py:830} INFO - Processing file /opt/airflow/dags/dbt_model_dag.py for tasks to queue
[2025-05-21T01:40:01.260+0000] {logging_mixin.py:188} INFO - [2025-05-21T01:40:01.260+0000] {dagbag.py:538} INFO - Filling up the DagBag from /opt/airflow/dags/dbt_model_dag.py
[2025-05-21T01:40:01.275+0000] {processor.py:840} INFO - DAG(s) 'run_dbt_models_after_ingestion' retrieved from /opt/airflow/dags/dbt_model_dag.py
[2025-05-21T01:40:01.305+0000] {logging_mixin.py:188} INFO - [2025-05-21T01:40:01.305+0000] {dag.py:3036} INFO - Sync 1 DAGs
[2025-05-21T01:40:01.315+0000] {logging_mixin.py:188} INFO - [2025-05-21T01:40:01.315+0000] {dag.py:3823} INFO - Setting next_dagrun for run_dbt_models_after_ingestion to None, run_after=None
[2025-05-21T01:40:01.327+0000] {processor.py:183} INFO - Processing /opt/airflow/dags/dbt_model_dag.py took 0.078 seconds
[2025-05-21T01:40:31.727+0000] {processor.py:161} INFO - Started process (PID=18515) to work on /opt/airflow/dags/dbt_model_dag.py
[2025-05-21T01:40:31.729+0000] {processor.py:830} INFO - Processing file /opt/airflow/dags/dbt_model_dag.py for tasks to queue
[2025-05-21T01:40:31.730+0000] {logging_mixin.py:188} INFO - [2025-05-21T01:40:31.730+0000] {dagbag.py:538} INFO - Filling up the DagBag from /opt/airflow/dags/dbt_model_dag.py
[2025-05-21T01:40:31.746+0000] {processor.py:840} INFO - DAG(s) 'run_dbt_models_after_ingestion' retrieved from /opt/airflow/dags/dbt_model_dag.py
[2025-05-21T01:40:31.773+0000] {logging_mixin.py:188} INFO - [2025-05-21T01:40:31.773+0000] {dag.py:3036} INFO - Sync 1 DAGs
[2025-05-21T01:40:31.784+0000] {logging_mixin.py:188} INFO - [2025-05-21T01:40:31.784+0000] {dag.py:3823} INFO - Setting next_dagrun for run_dbt_models_after_ingestion to None, run_after=None
[2025-05-21T01:40:31.801+0000] {processor.py:183} INFO - Processing /opt/airflow/dags/dbt_model_dag.py took 0.082 seconds
[2025-05-21T01:41:02.290+0000] {processor.py:161} INFO - Started process (PID=18525) to work on /opt/airflow/dags/dbt_model_dag.py
[2025-05-21T01:41:02.294+0000] {processor.py:830} INFO - Processing file /opt/airflow/dags/dbt_model_dag.py for tasks to queue
[2025-05-21T01:41:02.295+0000] {logging_mixin.py:188} INFO - [2025-05-21T01:41:02.295+0000] {dagbag.py:538} INFO - Filling up the DagBag from /opt/airflow/dags/dbt_model_dag.py
[2025-05-21T01:41:02.334+0000] {processor.py:840} INFO - DAG(s) 'run_dbt_models_after_ingestion' retrieved from /opt/airflow/dags/dbt_model_dag.py
[2025-05-21T01:41:02.379+0000] {logging_mixin.py:188} INFO - [2025-05-21T01:41:02.379+0000] {dag.py:3036} INFO - Sync 1 DAGs
[2025-05-21T01:41:02.396+0000] {logging_mixin.py:188} INFO - [2025-05-21T01:41:02.395+0000] {dag.py:3823} INFO - Setting next_dagrun for run_dbt_models_after_ingestion to None, run_after=None
[2025-05-21T01:41:02.416+0000] {processor.py:183} INFO - Processing /opt/airflow/dags/dbt_model_dag.py took 0.144 seconds
[2025-05-21T01:41:32.940+0000] {processor.py:161} INFO - Started process (PID=18535) to work on /opt/airflow/dags/dbt_model_dag.py
[2025-05-21T01:41:32.945+0000] {processor.py:830} INFO - Processing file /opt/airflow/dags/dbt_model_dag.py for tasks to queue
[2025-05-21T01:41:32.946+0000] {logging_mixin.py:188} INFO - [2025-05-21T01:41:32.946+0000] {dagbag.py:538} INFO - Filling up the DagBag from /opt/airflow/dags/dbt_model_dag.py
[2025-05-21T01:41:32.974+0000] {processor.py:840} INFO - DAG(s) 'run_dbt_models_after_ingestion' retrieved from /opt/airflow/dags/dbt_model_dag.py
[2025-05-21T01:41:33.016+0000] {logging_mixin.py:188} INFO - [2025-05-21T01:41:33.016+0000] {dag.py:3036} INFO - Sync 1 DAGs
[2025-05-21T01:41:33.032+0000] {logging_mixin.py:188} INFO - [2025-05-21T01:41:33.032+0000] {dag.py:3823} INFO - Setting next_dagrun for run_dbt_models_after_ingestion to None, run_after=None
[2025-05-21T01:41:33.046+0000] {processor.py:183} INFO - Processing /opt/airflow/dags/dbt_model_dag.py took 0.120 seconds
[2025-05-21T01:42:03.477+0000] {processor.py:161} INFO - Started process (PID=18545) to work on /opt/airflow/dags/dbt_model_dag.py
[2025-05-21T01:42:03.481+0000] {processor.py:830} INFO - Processing file /opt/airflow/dags/dbt_model_dag.py for tasks to queue
[2025-05-21T01:42:03.483+0000] {logging_mixin.py:188} INFO - [2025-05-21T01:42:03.483+0000] {dagbag.py:538} INFO - Filling up the DagBag from /opt/airflow/dags/dbt_model_dag.py
[2025-05-21T01:42:03.511+0000] {processor.py:840} INFO - DAG(s) 'run_dbt_models_after_ingestion' retrieved from /opt/airflow/dags/dbt_model_dag.py
[2025-05-21T01:42:03.559+0000] {logging_mixin.py:188} INFO - [2025-05-21T01:42:03.559+0000] {dag.py:3036} INFO - Sync 1 DAGs
[2025-05-21T01:42:03.572+0000] {logging_mixin.py:188} INFO - [2025-05-21T01:42:03.571+0000] {dag.py:3823} INFO - Setting next_dagrun for run_dbt_models_after_ingestion to None, run_after=None
[2025-05-21T01:42:03.585+0000] {processor.py:183} INFO - Processing /opt/airflow/dags/dbt_model_dag.py took 0.123 seconds
[2025-05-21T01:42:34.028+0000] {processor.py:161} INFO - Started process (PID=18555) to work on /opt/airflow/dags/dbt_model_dag.py
[2025-05-21T01:42:34.030+0000] {processor.py:830} INFO - Processing file /opt/airflow/dags/dbt_model_dag.py for tasks to queue
[2025-05-21T01:42:34.031+0000] {logging_mixin.py:188} INFO - [2025-05-21T01:42:34.031+0000] {dagbag.py:538} INFO - Filling up the DagBag from /opt/airflow/dags/dbt_model_dag.py
[2025-05-21T01:42:34.058+0000] {processor.py:840} INFO - DAG(s) 'run_dbt_models_after_ingestion' retrieved from /opt/airflow/dags/dbt_model_dag.py
[2025-05-21T01:42:34.098+0000] {logging_mixin.py:188} INFO - [2025-05-21T01:42:34.098+0000] {dag.py:3036} INFO - Sync 1 DAGs
[2025-05-21T01:42:34.113+0000] {logging_mixin.py:188} INFO - [2025-05-21T01:42:34.113+0000] {dag.py:3823} INFO - Setting next_dagrun for run_dbt_models_after_ingestion to None, run_after=None
[2025-05-21T01:42:34.128+0000] {processor.py:183} INFO - Processing /opt/airflow/dags/dbt_model_dag.py took 0.113 seconds
[2025-05-21T01:43:04.608+0000] {processor.py:161} INFO - Started process (PID=18565) to work on /opt/airflow/dags/dbt_model_dag.py
[2025-05-21T01:43:04.611+0000] {processor.py:830} INFO - Processing file /opt/airflow/dags/dbt_model_dag.py for tasks to queue
[2025-05-21T01:43:04.613+0000] {logging_mixin.py:188} INFO - [2025-05-21T01:43:04.613+0000] {dagbag.py:538} INFO - Filling up the DagBag from /opt/airflow/dags/dbt_model_dag.py
[2025-05-21T01:43:04.641+0000] {processor.py:840} INFO - DAG(s) 'run_dbt_models_after_ingestion' retrieved from /opt/airflow/dags/dbt_model_dag.py
[2025-05-21T01:43:04.685+0000] {logging_mixin.py:188} INFO - [2025-05-21T01:43:04.685+0000] {dag.py:3036} INFO - Sync 1 DAGs
[2025-05-21T01:43:04.703+0000] {logging_mixin.py:188} INFO - [2025-05-21T01:43:04.703+0000] {dag.py:3823} INFO - Setting next_dagrun for run_dbt_models_after_ingestion to None, run_after=None
[2025-05-21T01:43:04.717+0000] {processor.py:183} INFO - Processing /opt/airflow/dags/dbt_model_dag.py took 0.122 seconds
[2025-05-21T01:43:35.106+0000] {processor.py:161} INFO - Started process (PID=18575) to work on /opt/airflow/dags/dbt_model_dag.py
[2025-05-21T01:43:35.110+0000] {processor.py:830} INFO - Processing file /opt/airflow/dags/dbt_model_dag.py for tasks to queue
[2025-05-21T01:43:35.111+0000] {logging_mixin.py:188} INFO - [2025-05-21T01:43:35.111+0000] {dagbag.py:538} INFO - Filling up the DagBag from /opt/airflow/dags/dbt_model_dag.py
[2025-05-21T01:43:35.138+0000] {processor.py:840} INFO - DAG(s) 'run_dbt_models_after_ingestion' retrieved from /opt/airflow/dags/dbt_model_dag.py
[2025-05-21T01:43:35.180+0000] {logging_mixin.py:188} INFO - [2025-05-21T01:43:35.179+0000] {dag.py:3036} INFO - Sync 1 DAGs
[2025-05-21T01:43:35.195+0000] {logging_mixin.py:188} INFO - [2025-05-21T01:43:35.195+0000] {dag.py:3823} INFO - Setting next_dagrun for run_dbt_models_after_ingestion to None, run_after=None
[2025-05-21T01:43:35.215+0000] {processor.py:183} INFO - Processing /opt/airflow/dags/dbt_model_dag.py took 0.125 seconds
[2025-05-21T01:44:05.720+0000] {processor.py:161} INFO - Started process (PID=18585) to work on /opt/airflow/dags/dbt_model_dag.py
[2025-05-21T01:44:05.729+0000] {processor.py:830} INFO - Processing file /opt/airflow/dags/dbt_model_dag.py for tasks to queue
[2025-05-21T01:44:05.730+0000] {logging_mixin.py:188} INFO - [2025-05-21T01:44:05.730+0000] {dagbag.py:538} INFO - Filling up the DagBag from /opt/airflow/dags/dbt_model_dag.py
[2025-05-21T01:44:05.762+0000] {processor.py:840} INFO - DAG(s) 'run_dbt_models_after_ingestion' retrieved from /opt/airflow/dags/dbt_model_dag.py
[2025-05-21T01:44:05.813+0000] {logging_mixin.py:188} INFO - [2025-05-21T01:44:05.812+0000] {dag.py:3036} INFO - Sync 1 DAGs
[2025-05-21T01:44:05.830+0000] {logging_mixin.py:188} INFO - [2025-05-21T01:44:05.830+0000] {dag.py:3823} INFO - Setting next_dagrun for run_dbt_models_after_ingestion to None, run_after=None
[2025-05-21T01:44:05.854+0000] {processor.py:183} INFO - Processing /opt/airflow/dags/dbt_model_dag.py took 0.148 seconds
[2025-05-21T01:44:36.318+0000] {processor.py:161} INFO - Started process (PID=18595) to work on /opt/airflow/dags/dbt_model_dag.py
[2025-05-21T01:44:36.321+0000] {processor.py:830} INFO - Processing file /opt/airflow/dags/dbt_model_dag.py for tasks to queue
[2025-05-21T01:44:36.322+0000] {logging_mixin.py:188} INFO - [2025-05-21T01:44:36.322+0000] {dagbag.py:538} INFO - Filling up the DagBag from /opt/airflow/dags/dbt_model_dag.py
[2025-05-21T01:44:36.350+0000] {processor.py:840} INFO - DAG(s) 'run_dbt_models_after_ingestion' retrieved from /opt/airflow/dags/dbt_model_dag.py
[2025-05-21T01:44:36.394+0000] {logging_mixin.py:188} INFO - [2025-05-21T01:44:36.394+0000] {dag.py:3036} INFO - Sync 1 DAGs
[2025-05-21T01:44:36.406+0000] {logging_mixin.py:188} INFO - [2025-05-21T01:44:36.406+0000] {dag.py:3823} INFO - Setting next_dagrun for run_dbt_models_after_ingestion to None, run_after=None
[2025-05-21T01:44:36.424+0000] {processor.py:183} INFO - Processing /opt/airflow/dags/dbt_model_dag.py took 0.121 seconds
[2025-05-21T01:45:06.903+0000] {processor.py:161} INFO - Started process (PID=18605) to work on /opt/airflow/dags/dbt_model_dag.py
[2025-05-21T01:45:06.906+0000] {processor.py:830} INFO - Processing file /opt/airflow/dags/dbt_model_dag.py for tasks to queue
[2025-05-21T01:45:06.908+0000] {logging_mixin.py:188} INFO - [2025-05-21T01:45:06.907+0000] {dagbag.py:538} INFO - Filling up the DagBag from /opt/airflow/dags/dbt_model_dag.py
[2025-05-21T01:45:06.936+0000] {processor.py:840} INFO - DAG(s) 'run_dbt_models_after_ingestion' retrieved from /opt/airflow/dags/dbt_model_dag.py
[2025-05-21T01:45:06.984+0000] {logging_mixin.py:188} INFO - [2025-05-21T01:45:06.984+0000] {dag.py:3036} INFO - Sync 1 DAGs
[2025-05-21T01:45:06.995+0000] {logging_mixin.py:188} INFO - [2025-05-21T01:45:06.995+0000] {dag.py:3823} INFO - Setting next_dagrun for run_dbt_models_after_ingestion to None, run_after=None
[2025-05-21T01:45:07.012+0000] {processor.py:183} INFO - Processing /opt/airflow/dags/dbt_model_dag.py took 0.125 seconds
[2025-05-21T01:45:37.459+0000] {processor.py:161} INFO - Started process (PID=18615) to work on /opt/airflow/dags/dbt_model_dag.py
[2025-05-21T01:45:37.464+0000] {processor.py:830} INFO - Processing file /opt/airflow/dags/dbt_model_dag.py for tasks to queue
[2025-05-21T01:45:37.466+0000] {logging_mixin.py:188} INFO - [2025-05-21T01:45:37.465+0000] {dagbag.py:538} INFO - Filling up the DagBag from /opt/airflow/dags/dbt_model_dag.py
[2025-05-21T01:45:37.489+0000] {processor.py:840} INFO - DAG(s) 'run_dbt_models_after_ingestion' retrieved from /opt/airflow/dags/dbt_model_dag.py
[2025-05-21T01:45:37.534+0000] {logging_mixin.py:188} INFO - [2025-05-21T01:45:37.534+0000] {dag.py:3036} INFO - Sync 1 DAGs
[2025-05-21T01:45:37.547+0000] {logging_mixin.py:188} INFO - [2025-05-21T01:45:37.547+0000] {dag.py:3823} INFO - Setting next_dagrun for run_dbt_models_after_ingestion to None, run_after=None
[2025-05-21T01:45:37.561+0000] {processor.py:183} INFO - Processing /opt/airflow/dags/dbt_model_dag.py took 0.116 seconds
[2025-05-21T01:46:08.096+0000] {processor.py:161} INFO - Started process (PID=18625) to work on /opt/airflow/dags/dbt_model_dag.py
[2025-05-21T01:46:08.102+0000] {processor.py:830} INFO - Processing file /opt/airflow/dags/dbt_model_dag.py for tasks to queue
[2025-05-21T01:46:08.104+0000] {logging_mixin.py:188} INFO - [2025-05-21T01:46:08.103+0000] {dagbag.py:538} INFO - Filling up the DagBag from /opt/airflow/dags/dbt_model_dag.py
[2025-05-21T01:46:08.168+0000] {processor.py:840} INFO - DAG(s) 'run_dbt_models_after_ingestion' retrieved from /opt/airflow/dags/dbt_model_dag.py
[2025-05-21T01:46:08.218+0000] {logging_mixin.py:188} INFO - [2025-05-21T01:46:08.218+0000] {dag.py:3036} INFO - Sync 1 DAGs
[2025-05-21T01:46:08.235+0000] {logging_mixin.py:188} INFO - [2025-05-21T01:46:08.235+0000] {dag.py:3823} INFO - Setting next_dagrun for run_dbt_models_after_ingestion to None, run_after=None
[2025-05-21T01:46:08.251+0000] {processor.py:183} INFO - Processing /opt/airflow/dags/dbt_model_dag.py took 0.190 seconds
[2025-05-21T01:46:38.769+0000] {processor.py:161} INFO - Started process (PID=18635) to work on /opt/airflow/dags/dbt_model_dag.py
[2025-05-21T01:46:38.776+0000] {processor.py:830} INFO - Processing file /opt/airflow/dags/dbt_model_dag.py for tasks to queue
[2025-05-21T01:46:38.778+0000] {logging_mixin.py:188} INFO - [2025-05-21T01:46:38.778+0000] {dagbag.py:538} INFO - Filling up the DagBag from /opt/airflow/dags/dbt_model_dag.py
[2025-05-21T01:46:38.810+0000] {processor.py:840} INFO - DAG(s) 'run_dbt_models_after_ingestion' retrieved from /opt/airflow/dags/dbt_model_dag.py
[2025-05-21T01:46:38.854+0000] {logging_mixin.py:188} INFO - [2025-05-21T01:46:38.854+0000] {dag.py:3036} INFO - Sync 1 DAGs
[2025-05-21T01:46:38.866+0000] {logging_mixin.py:188} INFO - [2025-05-21T01:46:38.866+0000] {dag.py:3823} INFO - Setting next_dagrun for run_dbt_models_after_ingestion to None, run_after=None
[2025-05-21T01:46:38.883+0000] {processor.py:183} INFO - Processing /opt/airflow/dags/dbt_model_dag.py took 0.124 seconds
[2025-05-21T01:47:09.305+0000] {processor.py:161} INFO - Started process (PID=18645) to work on /opt/airflow/dags/dbt_model_dag.py
[2025-05-21T01:47:09.309+0000] {processor.py:830} INFO - Processing file /opt/airflow/dags/dbt_model_dag.py for tasks to queue
[2025-05-21T01:47:09.311+0000] {logging_mixin.py:188} INFO - [2025-05-21T01:47:09.310+0000] {dagbag.py:538} INFO - Filling up the DagBag from /opt/airflow/dags/dbt_model_dag.py
[2025-05-21T01:47:09.338+0000] {processor.py:840} INFO - DAG(s) 'run_dbt_models_after_ingestion' retrieved from /opt/airflow/dags/dbt_model_dag.py
[2025-05-21T01:47:09.386+0000] {logging_mixin.py:188} INFO - [2025-05-21T01:47:09.386+0000] {dag.py:3036} INFO - Sync 1 DAGs
[2025-05-21T01:47:09.398+0000] {logging_mixin.py:188} INFO - [2025-05-21T01:47:09.398+0000] {dag.py:3823} INFO - Setting next_dagrun for run_dbt_models_after_ingestion to None, run_after=None
[2025-05-21T01:47:09.417+0000] {processor.py:183} INFO - Processing /opt/airflow/dags/dbt_model_dag.py took 0.121 seconds
[2025-05-21T01:47:39.879+0000] {processor.py:161} INFO - Started process (PID=18655) to work on /opt/airflow/dags/dbt_model_dag.py
[2025-05-21T01:47:39.883+0000] {processor.py:830} INFO - Processing file /opt/airflow/dags/dbt_model_dag.py for tasks to queue
[2025-05-21T01:47:39.885+0000] {logging_mixin.py:188} INFO - [2025-05-21T01:47:39.885+0000] {dagbag.py:538} INFO - Filling up the DagBag from /opt/airflow/dags/dbt_model_dag.py
[2025-05-21T01:47:39.919+0000] {processor.py:840} INFO - DAG(s) 'run_dbt_models_after_ingestion' retrieved from /opt/airflow/dags/dbt_model_dag.py
[2025-05-21T01:47:39.973+0000] {logging_mixin.py:188} INFO - [2025-05-21T01:47:39.973+0000] {dag.py:3036} INFO - Sync 1 DAGs
[2025-05-21T01:47:39.986+0000] {logging_mixin.py:188} INFO - [2025-05-21T01:47:39.986+0000] {dag.py:3823} INFO - Setting next_dagrun for run_dbt_models_after_ingestion to None, run_after=None
[2025-05-21T01:47:40.003+0000] {processor.py:183} INFO - Processing /opt/airflow/dags/dbt_model_dag.py took 0.131 seconds
[2025-05-21T01:48:10.459+0000] {processor.py:161} INFO - Started process (PID=18665) to work on /opt/airflow/dags/dbt_model_dag.py
[2025-05-21T01:48:10.463+0000] {processor.py:830} INFO - Processing file /opt/airflow/dags/dbt_model_dag.py for tasks to queue
[2025-05-21T01:48:10.466+0000] {logging_mixin.py:188} INFO - [2025-05-21T01:48:10.465+0000] {dagbag.py:538} INFO - Filling up the DagBag from /opt/airflow/dags/dbt_model_dag.py
[2025-05-21T01:48:10.495+0000] {processor.py:840} INFO - DAG(s) 'run_dbt_models_after_ingestion' retrieved from /opt/airflow/dags/dbt_model_dag.py
[2025-05-21T01:48:10.536+0000] {logging_mixin.py:188} INFO - [2025-05-21T01:48:10.536+0000] {dag.py:3036} INFO - Sync 1 DAGs
[2025-05-21T01:48:10.551+0000] {logging_mixin.py:188} INFO - [2025-05-21T01:48:10.550+0000] {dag.py:3823} INFO - Setting next_dagrun for run_dbt_models_after_ingestion to None, run_after=None
[2025-05-21T01:48:10.565+0000] {processor.py:183} INFO - Processing /opt/airflow/dags/dbt_model_dag.py took 0.120 seconds
[2025-05-21T01:48:40.962+0000] {processor.py:161} INFO - Started process (PID=18675) to work on /opt/airflow/dags/dbt_model_dag.py
[2025-05-21T01:48:40.965+0000] {processor.py:830} INFO - Processing file /opt/airflow/dags/dbt_model_dag.py for tasks to queue
[2025-05-21T01:48:40.966+0000] {logging_mixin.py:188} INFO - [2025-05-21T01:48:40.966+0000] {dagbag.py:538} INFO - Filling up the DagBag from /opt/airflow/dags/dbt_model_dag.py
[2025-05-21T01:48:40.998+0000] {processor.py:840} INFO - DAG(s) 'run_dbt_models_after_ingestion' retrieved from /opt/airflow/dags/dbt_model_dag.py
[2025-05-21T01:48:41.038+0000] {logging_mixin.py:188} INFO - [2025-05-21T01:48:41.038+0000] {dag.py:3036} INFO - Sync 1 DAGs
[2025-05-21T01:48:41.053+0000] {logging_mixin.py:188} INFO - [2025-05-21T01:48:41.053+0000] {dag.py:3823} INFO - Setting next_dagrun for run_dbt_models_after_ingestion to None, run_after=None
[2025-05-21T01:48:41.068+0000] {processor.py:183} INFO - Processing /opt/airflow/dags/dbt_model_dag.py took 0.118 seconds
[2025-05-21T01:49:11.534+0000] {processor.py:161} INFO - Started process (PID=18685) to work on /opt/airflow/dags/dbt_model_dag.py
[2025-05-21T01:49:11.540+0000] {processor.py:830} INFO - Processing file /opt/airflow/dags/dbt_model_dag.py for tasks to queue
[2025-05-21T01:49:11.542+0000] {logging_mixin.py:188} INFO - [2025-05-21T01:49:11.541+0000] {dagbag.py:538} INFO - Filling up the DagBag from /opt/airflow/dags/dbt_model_dag.py
[2025-05-21T01:49:11.570+0000] {processor.py:840} INFO - DAG(s) 'run_dbt_models_after_ingestion' retrieved from /opt/airflow/dags/dbt_model_dag.py
[2025-05-21T01:49:11.611+0000] {logging_mixin.py:188} INFO - [2025-05-21T01:49:11.611+0000] {dag.py:3036} INFO - Sync 1 DAGs
[2025-05-21T01:49:11.624+0000] {logging_mixin.py:188} INFO - [2025-05-21T01:49:11.624+0000] {dag.py:3823} INFO - Setting next_dagrun for run_dbt_models_after_ingestion to None, run_after=None
[2025-05-21T01:49:11.641+0000] {processor.py:183} INFO - Processing /opt/airflow/dags/dbt_model_dag.py took 0.119 seconds
[2025-05-21T01:49:42.084+0000] {processor.py:161} INFO - Started process (PID=18695) to work on /opt/airflow/dags/dbt_model_dag.py
[2025-05-21T01:49:42.086+0000] {processor.py:830} INFO - Processing file /opt/airflow/dags/dbt_model_dag.py for tasks to queue
[2025-05-21T01:49:42.089+0000] {logging_mixin.py:188} INFO - [2025-05-21T01:49:42.088+0000] {dagbag.py:538} INFO - Filling up the DagBag from /opt/airflow/dags/dbt_model_dag.py
[2025-05-21T01:49:42.116+0000] {processor.py:840} INFO - DAG(s) 'run_dbt_models_after_ingestion' retrieved from /opt/airflow/dags/dbt_model_dag.py
[2025-05-21T01:49:42.155+0000] {logging_mixin.py:188} INFO - [2025-05-21T01:49:42.155+0000] {dag.py:3036} INFO - Sync 1 DAGs
[2025-05-21T01:49:42.168+0000] {logging_mixin.py:188} INFO - [2025-05-21T01:49:42.168+0000] {dag.py:3823} INFO - Setting next_dagrun for run_dbt_models_after_ingestion to None, run_after=None
[2025-05-21T01:49:42.182+0000] {processor.py:183} INFO - Processing /opt/airflow/dags/dbt_model_dag.py took 0.110 seconds
[2025-05-21T01:50:12.670+0000] {processor.py:161} INFO - Started process (PID=18705) to work on /opt/airflow/dags/dbt_model_dag.py
[2025-05-21T01:50:12.673+0000] {processor.py:830} INFO - Processing file /opt/airflow/dags/dbt_model_dag.py for tasks to queue
[2025-05-21T01:50:12.676+0000] {logging_mixin.py:188} INFO - [2025-05-21T01:50:12.675+0000] {dagbag.py:538} INFO - Filling up the DagBag from /opt/airflow/dags/dbt_model_dag.py
[2025-05-21T01:50:12.707+0000] {processor.py:840} INFO - DAG(s) 'run_dbt_models_after_ingestion' retrieved from /opt/airflow/dags/dbt_model_dag.py
[2025-05-21T01:50:12.750+0000] {logging_mixin.py:188} INFO - [2025-05-21T01:50:12.750+0000] {dag.py:3036} INFO - Sync 1 DAGs
[2025-05-21T01:50:12.764+0000] {logging_mixin.py:188} INFO - [2025-05-21T01:50:12.764+0000] {dag.py:3823} INFO - Setting next_dagrun for run_dbt_models_after_ingestion to None, run_after=None
[2025-05-21T01:50:12.782+0000] {processor.py:183} INFO - Processing /opt/airflow/dags/dbt_model_dag.py took 0.134 seconds
[2025-05-21T01:50:43.151+0000] {processor.py:161} INFO - Started process (PID=18715) to work on /opt/airflow/dags/dbt_model_dag.py
[2025-05-21T01:50:43.154+0000] {processor.py:830} INFO - Processing file /opt/airflow/dags/dbt_model_dag.py for tasks to queue
[2025-05-21T01:50:43.155+0000] {logging_mixin.py:188} INFO - [2025-05-21T01:50:43.154+0000] {dagbag.py:538} INFO - Filling up the DagBag from /opt/airflow/dags/dbt_model_dag.py
[2025-05-21T01:50:43.187+0000] {processor.py:840} INFO - DAG(s) 'run_dbt_models_after_ingestion' retrieved from /opt/airflow/dags/dbt_model_dag.py
[2025-05-21T01:50:43.227+0000] {logging_mixin.py:188} INFO - [2025-05-21T01:50:43.227+0000] {dag.py:3036} INFO - Sync 1 DAGs
[2025-05-21T01:50:43.240+0000] {logging_mixin.py:188} INFO - [2025-05-21T01:50:43.240+0000] {dag.py:3823} INFO - Setting next_dagrun for run_dbt_models_after_ingestion to None, run_after=None
[2025-05-21T01:50:43.257+0000] {processor.py:183} INFO - Processing /opt/airflow/dags/dbt_model_dag.py took 0.118 seconds
[2025-05-21T01:51:13.774+0000] {processor.py:161} INFO - Started process (PID=18725) to work on /opt/airflow/dags/dbt_model_dag.py
[2025-05-21T01:51:13.776+0000] {processor.py:830} INFO - Processing file /opt/airflow/dags/dbt_model_dag.py for tasks to queue
[2025-05-21T01:51:13.779+0000] {logging_mixin.py:188} INFO - [2025-05-21T01:51:13.778+0000] {dagbag.py:538} INFO - Filling up the DagBag from /opt/airflow/dags/dbt_model_dag.py
[2025-05-21T01:51:13.801+0000] {processor.py:840} INFO - DAG(s) 'run_dbt_models_after_ingestion' retrieved from /opt/airflow/dags/dbt_model_dag.py
[2025-05-21T01:51:13.844+0000] {logging_mixin.py:188} INFO - [2025-05-21T01:51:13.844+0000] {dag.py:3036} INFO - Sync 1 DAGs
[2025-05-21T01:51:13.857+0000] {logging_mixin.py:188} INFO - [2025-05-21T01:51:13.857+0000] {dag.py:3823} INFO - Setting next_dagrun for run_dbt_models_after_ingestion to None, run_after=None
[2025-05-21T01:51:13.870+0000] {processor.py:183} INFO - Processing /opt/airflow/dags/dbt_model_dag.py took 0.104 seconds
[2025-05-21T01:51:44.369+0000] {processor.py:161} INFO - Started process (PID=18735) to work on /opt/airflow/dags/dbt_model_dag.py
[2025-05-21T01:51:44.372+0000] {processor.py:830} INFO - Processing file /opt/airflow/dags/dbt_model_dag.py for tasks to queue
[2025-05-21T01:51:44.373+0000] {logging_mixin.py:188} INFO - [2025-05-21T01:51:44.372+0000] {dagbag.py:538} INFO - Filling up the DagBag from /opt/airflow/dags/dbt_model_dag.py
[2025-05-21T01:51:44.400+0000] {processor.py:840} INFO - DAG(s) 'run_dbt_models_after_ingestion' retrieved from /opt/airflow/dags/dbt_model_dag.py
[2025-05-21T01:51:44.437+0000] {logging_mixin.py:188} INFO - [2025-05-21T01:51:44.437+0000] {dag.py:3036} INFO - Sync 1 DAGs
[2025-05-21T01:51:44.455+0000] {logging_mixin.py:188} INFO - [2025-05-21T01:51:44.455+0000] {dag.py:3823} INFO - Setting next_dagrun for run_dbt_models_after_ingestion to None, run_after=None
[2025-05-21T01:51:44.469+0000] {processor.py:183} INFO - Processing /opt/airflow/dags/dbt_model_dag.py took 0.114 seconds
[2025-05-21T01:52:14.956+0000] {processor.py:161} INFO - Started process (PID=18745) to work on /opt/airflow/dags/dbt_model_dag.py
[2025-05-21T01:52:14.960+0000] {processor.py:830} INFO - Processing file /opt/airflow/dags/dbt_model_dag.py for tasks to queue
[2025-05-21T01:52:14.961+0000] {logging_mixin.py:188} INFO - [2025-05-21T01:52:14.961+0000] {dagbag.py:538} INFO - Filling up the DagBag from /opt/airflow/dags/dbt_model_dag.py
[2025-05-21T01:52:14.989+0000] {processor.py:840} INFO - DAG(s) 'run_dbt_models_after_ingestion' retrieved from /opt/airflow/dags/dbt_model_dag.py
[2025-05-21T01:52:15.038+0000] {logging_mixin.py:188} INFO - [2025-05-21T01:52:15.038+0000] {dag.py:3036} INFO - Sync 1 DAGs
[2025-05-21T01:52:15.050+0000] {logging_mixin.py:188} INFO - [2025-05-21T01:52:15.050+0000] {dag.py:3823} INFO - Setting next_dagrun for run_dbt_models_after_ingestion to None, run_after=None
[2025-05-21T01:52:15.063+0000] {processor.py:183} INFO - Processing /opt/airflow/dags/dbt_model_dag.py took 0.125 seconds
[2025-05-21T01:52:45.456+0000] {processor.py:161} INFO - Started process (PID=18755) to work on /opt/airflow/dags/dbt_model_dag.py
[2025-05-21T01:52:45.461+0000] {processor.py:830} INFO - Processing file /opt/airflow/dags/dbt_model_dag.py for tasks to queue
[2025-05-21T01:52:45.463+0000] {logging_mixin.py:188} INFO - [2025-05-21T01:52:45.462+0000] {dagbag.py:538} INFO - Filling up the DagBag from /opt/airflow/dags/dbt_model_dag.py
[2025-05-21T01:52:45.498+0000] {processor.py:840} INFO - DAG(s) 'run_dbt_models_after_ingestion' retrieved from /opt/airflow/dags/dbt_model_dag.py
[2025-05-21T01:52:45.554+0000] {logging_mixin.py:188} INFO - [2025-05-21T01:52:45.553+0000] {dag.py:3036} INFO - Sync 1 DAGs
[2025-05-21T01:52:45.570+0000] {logging_mixin.py:188} INFO - [2025-05-21T01:52:45.570+0000] {dag.py:3823} INFO - Setting next_dagrun for run_dbt_models_after_ingestion to None, run_after=None
[2025-05-21T01:52:45.586+0000] {processor.py:183} INFO - Processing /opt/airflow/dags/dbt_model_dag.py took 0.147 seconds
[2025-05-21T01:53:16.049+0000] {processor.py:161} INFO - Started process (PID=18765) to work on /opt/airflow/dags/dbt_model_dag.py
[2025-05-21T01:53:16.054+0000] {processor.py:830} INFO - Processing file /opt/airflow/dags/dbt_model_dag.py for tasks to queue
[2025-05-21T01:53:16.056+0000] {logging_mixin.py:188} INFO - [2025-05-21T01:53:16.055+0000] {dagbag.py:538} INFO - Filling up the DagBag from /opt/airflow/dags/dbt_model_dag.py
[2025-05-21T01:53:16.083+0000] {processor.py:840} INFO - DAG(s) 'run_dbt_models_after_ingestion' retrieved from /opt/airflow/dags/dbt_model_dag.py
[2025-05-21T01:53:16.126+0000] {logging_mixin.py:188} INFO - [2025-05-21T01:53:16.126+0000] {dag.py:3036} INFO - Sync 1 DAGs
[2025-05-21T01:53:16.140+0000] {logging_mixin.py:188} INFO - [2025-05-21T01:53:16.140+0000] {dag.py:3823} INFO - Setting next_dagrun for run_dbt_models_after_ingestion to None, run_after=None
[2025-05-21T01:53:16.162+0000] {processor.py:183} INFO - Processing /opt/airflow/dags/dbt_model_dag.py took 0.127 seconds
[2025-05-21T01:53:46.584+0000] {processor.py:161} INFO - Started process (PID=18775) to work on /opt/airflow/dags/dbt_model_dag.py
[2025-05-21T01:53:46.588+0000] {processor.py:830} INFO - Processing file /opt/airflow/dags/dbt_model_dag.py for tasks to queue
[2025-05-21T01:53:46.589+0000] {logging_mixin.py:188} INFO - [2025-05-21T01:53:46.588+0000] {dagbag.py:538} INFO - Filling up the DagBag from /opt/airflow/dags/dbt_model_dag.py
[2025-05-21T01:53:46.625+0000] {processor.py:840} INFO - DAG(s) 'run_dbt_models_after_ingestion' retrieved from /opt/airflow/dags/dbt_model_dag.py
[2025-05-21T01:53:46.676+0000] {logging_mixin.py:188} INFO - [2025-05-21T01:53:46.676+0000] {dag.py:3036} INFO - Sync 1 DAGs
[2025-05-21T01:53:46.691+0000] {logging_mixin.py:188} INFO - [2025-05-21T01:53:46.691+0000] {dag.py:3823} INFO - Setting next_dagrun for run_dbt_models_after_ingestion to None, run_after=None
[2025-05-21T01:53:46.710+0000] {processor.py:183} INFO - Processing /opt/airflow/dags/dbt_model_dag.py took 0.149 seconds
[2025-05-21T01:54:17.219+0000] {processor.py:161} INFO - Started process (PID=18785) to work on /opt/airflow/dags/dbt_model_dag.py
[2025-05-21T01:54:17.224+0000] {processor.py:830} INFO - Processing file /opt/airflow/dags/dbt_model_dag.py for tasks to queue
[2025-05-21T01:54:17.225+0000] {logging_mixin.py:188} INFO - [2025-05-21T01:54:17.225+0000] {dagbag.py:538} INFO - Filling up the DagBag from /opt/airflow/dags/dbt_model_dag.py
[2025-05-21T01:54:17.256+0000] {processor.py:840} INFO - DAG(s) 'run_dbt_models_after_ingestion' retrieved from /opt/airflow/dags/dbt_model_dag.py
[2025-05-21T01:54:17.292+0000] {logging_mixin.py:188} INFO - [2025-05-21T01:54:17.292+0000] {dag.py:3036} INFO - Sync 1 DAGs
[2025-05-21T01:54:17.306+0000] {logging_mixin.py:188} INFO - [2025-05-21T01:54:17.306+0000] {dag.py:3823} INFO - Setting next_dagrun for run_dbt_models_after_ingestion to None, run_after=None
[2025-05-21T01:54:17.322+0000] {processor.py:183} INFO - Processing /opt/airflow/dags/dbt_model_dag.py took 0.113 seconds
[2025-05-21T01:54:47.772+0000] {processor.py:161} INFO - Started process (PID=18795) to work on /opt/airflow/dags/dbt_model_dag.py
[2025-05-21T01:54:47.776+0000] {processor.py:830} INFO - Processing file /opt/airflow/dags/dbt_model_dag.py for tasks to queue
[2025-05-21T01:54:47.779+0000] {logging_mixin.py:188} INFO - [2025-05-21T01:54:47.778+0000] {dagbag.py:538} INFO - Filling up the DagBag from /opt/airflow/dags/dbt_model_dag.py
[2025-05-21T01:54:47.808+0000] {processor.py:840} INFO - DAG(s) 'run_dbt_models_after_ingestion' retrieved from /opt/airflow/dags/dbt_model_dag.py
[2025-05-21T01:54:47.849+0000] {logging_mixin.py:188} INFO - [2025-05-21T01:54:47.849+0000] {dag.py:3036} INFO - Sync 1 DAGs
[2025-05-21T01:54:47.866+0000] {logging_mixin.py:188} INFO - [2025-05-21T01:54:47.866+0000] {dag.py:3823} INFO - Setting next_dagrun for run_dbt_models_after_ingestion to None, run_after=None
[2025-05-21T01:54:47.882+0000] {processor.py:183} INFO - Processing /opt/airflow/dags/dbt_model_dag.py took 0.125 seconds
[2025-05-21T01:55:18.288+0000] {processor.py:161} INFO - Started process (PID=18805) to work on /opt/airflow/dags/dbt_model_dag.py
[2025-05-21T01:55:18.293+0000] {processor.py:830} INFO - Processing file /opt/airflow/dags/dbt_model_dag.py for tasks to queue
[2025-05-21T01:55:18.294+0000] {logging_mixin.py:188} INFO - [2025-05-21T01:55:18.294+0000] {dagbag.py:538} INFO - Filling up the DagBag from /opt/airflow/dags/dbt_model_dag.py
[2025-05-21T01:55:18.326+0000] {processor.py:840} INFO - DAG(s) 'run_dbt_models_after_ingestion' retrieved from /opt/airflow/dags/dbt_model_dag.py
[2025-05-21T01:55:18.372+0000] {logging_mixin.py:188} INFO - [2025-05-21T01:55:18.372+0000] {dag.py:3036} INFO - Sync 1 DAGs
[2025-05-21T01:55:18.385+0000] {logging_mixin.py:188} INFO - [2025-05-21T01:55:18.384+0000] {dag.py:3823} INFO - Setting next_dagrun for run_dbt_models_after_ingestion to None, run_after=None
[2025-05-21T01:55:18.399+0000] {processor.py:183} INFO - Processing /opt/airflow/dags/dbt_model_dag.py took 0.127 seconds
[2025-05-21T01:55:48.878+0000] {processor.py:161} INFO - Started process (PID=18815) to work on /opt/airflow/dags/dbt_model_dag.py
[2025-05-21T01:55:48.884+0000] {processor.py:830} INFO - Processing file /opt/airflow/dags/dbt_model_dag.py for tasks to queue
[2025-05-21T01:55:48.885+0000] {logging_mixin.py:188} INFO - [2025-05-21T01:55:48.885+0000] {dagbag.py:538} INFO - Filling up the DagBag from /opt/airflow/dags/dbt_model_dag.py
[2025-05-21T01:55:48.910+0000] {processor.py:840} INFO - DAG(s) 'run_dbt_models_after_ingestion' retrieved from /opt/airflow/dags/dbt_model_dag.py
[2025-05-21T01:55:48.952+0000] {logging_mixin.py:188} INFO - [2025-05-21T01:55:48.952+0000] {dag.py:3036} INFO - Sync 1 DAGs
[2025-05-21T01:55:48.963+0000] {logging_mixin.py:188} INFO - [2025-05-21T01:55:48.963+0000] {dag.py:3823} INFO - Setting next_dagrun for run_dbt_models_after_ingestion to None, run_after=None
[2025-05-21T01:55:48.983+0000] {processor.py:183} INFO - Processing /opt/airflow/dags/dbt_model_dag.py took 0.114 seconds
[2025-05-21T01:56:19.459+0000] {processor.py:161} INFO - Started process (PID=18825) to work on /opt/airflow/dags/dbt_model_dag.py
[2025-05-21T01:56:19.462+0000] {processor.py:830} INFO - Processing file /opt/airflow/dags/dbt_model_dag.py for tasks to queue
[2025-05-21T01:56:19.464+0000] {logging_mixin.py:188} INFO - [2025-05-21T01:56:19.463+0000] {dagbag.py:538} INFO - Filling up the DagBag from /opt/airflow/dags/dbt_model_dag.py
[2025-05-21T01:56:19.489+0000] {processor.py:840} INFO - DAG(s) 'run_dbt_models_after_ingestion' retrieved from /opt/airflow/dags/dbt_model_dag.py
[2025-05-21T01:56:19.534+0000] {logging_mixin.py:188} INFO - [2025-05-21T01:56:19.534+0000] {dag.py:3036} INFO - Sync 1 DAGs
[2025-05-21T01:56:19.548+0000] {logging_mixin.py:188} INFO - [2025-05-21T01:56:19.548+0000] {dag.py:3823} INFO - Setting next_dagrun for run_dbt_models_after_ingestion to None, run_after=None
[2025-05-21T01:56:19.569+0000] {processor.py:183} INFO - Processing /opt/airflow/dags/dbt_model_dag.py took 0.120 seconds
[2025-05-21T01:56:50.040+0000] {processor.py:161} INFO - Started process (PID=18835) to work on /opt/airflow/dags/dbt_model_dag.py
[2025-05-21T01:56:50.043+0000] {processor.py:830} INFO - Processing file /opt/airflow/dags/dbt_model_dag.py for tasks to queue
[2025-05-21T01:56:50.046+0000] {logging_mixin.py:188} INFO - [2025-05-21T01:56:50.045+0000] {dagbag.py:538} INFO - Filling up the DagBag from /opt/airflow/dags/dbt_model_dag.py
[2025-05-21T01:56:50.073+0000] {processor.py:840} INFO - DAG(s) 'run_dbt_models_after_ingestion' retrieved from /opt/airflow/dags/dbt_model_dag.py
[2025-05-21T01:56:50.111+0000] {logging_mixin.py:188} INFO - [2025-05-21T01:56:50.111+0000] {dag.py:3036} INFO - Sync 1 DAGs
[2025-05-21T01:56:50.123+0000] {logging_mixin.py:188} INFO - [2025-05-21T01:56:50.123+0000] {dag.py:3823} INFO - Setting next_dagrun for run_dbt_models_after_ingestion to None, run_after=None
[2025-05-21T01:56:50.137+0000] {processor.py:183} INFO - Processing /opt/airflow/dags/dbt_model_dag.py took 0.115 seconds
[2025-05-21T01:57:20.549+0000] {processor.py:161} INFO - Started process (PID=18845) to work on /opt/airflow/dags/dbt_model_dag.py
[2025-05-21T01:57:20.551+0000] {processor.py:830} INFO - Processing file /opt/airflow/dags/dbt_model_dag.py for tasks to queue
[2025-05-21T01:57:20.552+0000] {logging_mixin.py:188} INFO - [2025-05-21T01:57:20.552+0000] {dagbag.py:538} INFO - Filling up the DagBag from /opt/airflow/dags/dbt_model_dag.py
[2025-05-21T01:57:20.576+0000] {processor.py:840} INFO - DAG(s) 'run_dbt_models_after_ingestion' retrieved from /opt/airflow/dags/dbt_model_dag.py
[2025-05-21T01:57:20.616+0000] {logging_mixin.py:188} INFO - [2025-05-21T01:57:20.616+0000] {dag.py:3036} INFO - Sync 1 DAGs
[2025-05-21T01:57:20.630+0000] {logging_mixin.py:188} INFO - [2025-05-21T01:57:20.630+0000] {dag.py:3823} INFO - Setting next_dagrun for run_dbt_models_after_ingestion to None, run_after=None
[2025-05-21T01:57:20.646+0000] {processor.py:183} INFO - Processing /opt/airflow/dags/dbt_model_dag.py took 0.106 seconds
[2025-05-21T01:57:51.091+0000] {processor.py:161} INFO - Started process (PID=18855) to work on /opt/airflow/dags/dbt_model_dag.py
[2025-05-21T01:57:51.096+0000] {processor.py:830} INFO - Processing file /opt/airflow/dags/dbt_model_dag.py for tasks to queue
[2025-05-21T01:57:51.098+0000] {logging_mixin.py:188} INFO - [2025-05-21T01:57:51.098+0000] {dagbag.py:538} INFO - Filling up the DagBag from /opt/airflow/dags/dbt_model_dag.py
[2025-05-21T01:57:51.123+0000] {processor.py:840} INFO - DAG(s) 'run_dbt_models_after_ingestion' retrieved from /opt/airflow/dags/dbt_model_dag.py
[2025-05-21T01:57:51.161+0000] {logging_mixin.py:188} INFO - [2025-05-21T01:57:51.161+0000] {dag.py:3036} INFO - Sync 1 DAGs
[2025-05-21T01:57:51.177+0000] {logging_mixin.py:188} INFO - [2025-05-21T01:57:51.177+0000] {dag.py:3823} INFO - Setting next_dagrun for run_dbt_models_after_ingestion to None, run_after=None
[2025-05-21T01:57:51.193+0000] {processor.py:183} INFO - Processing /opt/airflow/dags/dbt_model_dag.py took 0.113 seconds
[2025-05-21T01:58:21.625+0000] {processor.py:161} INFO - Started process (PID=18865) to work on /opt/airflow/dags/dbt_model_dag.py
[2025-05-21T01:58:21.628+0000] {processor.py:830} INFO - Processing file /opt/airflow/dags/dbt_model_dag.py for tasks to queue
[2025-05-21T01:58:21.629+0000] {logging_mixin.py:188} INFO - [2025-05-21T01:58:21.629+0000] {dagbag.py:538} INFO - Filling up the DagBag from /opt/airflow/dags/dbt_model_dag.py
[2025-05-21T01:58:21.655+0000] {processor.py:840} INFO - DAG(s) 'run_dbt_models_after_ingestion' retrieved from /opt/airflow/dags/dbt_model_dag.py
[2025-05-21T01:58:21.697+0000] {logging_mixin.py:188} INFO - [2025-05-21T01:58:21.697+0000] {dag.py:3036} INFO - Sync 1 DAGs
[2025-05-21T01:58:21.711+0000] {logging_mixin.py:188} INFO - [2025-05-21T01:58:21.710+0000] {dag.py:3823} INFO - Setting next_dagrun for run_dbt_models_after_ingestion to None, run_after=None
[2025-05-21T01:58:21.724+0000] {processor.py:183} INFO - Processing /opt/airflow/dags/dbt_model_dag.py took 0.109 seconds
[2025-05-21T01:58:52.150+0000] {processor.py:161} INFO - Started process (PID=18875) to work on /opt/airflow/dags/dbt_model_dag.py
[2025-05-21T01:58:52.154+0000] {processor.py:830} INFO - Processing file /opt/airflow/dags/dbt_model_dag.py for tasks to queue
[2025-05-21T01:58:52.155+0000] {logging_mixin.py:188} INFO - [2025-05-21T01:58:52.155+0000] {dagbag.py:538} INFO - Filling up the DagBag from /opt/airflow/dags/dbt_model_dag.py
[2025-05-21T01:58:52.178+0000] {processor.py:840} INFO - DAG(s) 'run_dbt_models_after_ingestion' retrieved from /opt/airflow/dags/dbt_model_dag.py
[2025-05-21T01:58:52.220+0000] {logging_mixin.py:188} INFO - [2025-05-21T01:58:52.220+0000] {dag.py:3036} INFO - Sync 1 DAGs
[2025-05-21T01:58:52.234+0000] {logging_mixin.py:188} INFO - [2025-05-21T01:58:52.234+0000] {dag.py:3823} INFO - Setting next_dagrun for run_dbt_models_after_ingestion to None, run_after=None
[2025-05-21T01:58:52.249+0000] {processor.py:183} INFO - Processing /opt/airflow/dags/dbt_model_dag.py took 0.108 seconds
[2025-05-21T01:59:22.708+0000] {processor.py:161} INFO - Started process (PID=18885) to work on /opt/airflow/dags/dbt_model_dag.py
[2025-05-21T01:59:22.713+0000] {processor.py:830} INFO - Processing file /opt/airflow/dags/dbt_model_dag.py for tasks to queue
[2025-05-21T01:59:22.714+0000] {logging_mixin.py:188} INFO - [2025-05-21T01:59:22.714+0000] {dagbag.py:538} INFO - Filling up the DagBag from /opt/airflow/dags/dbt_model_dag.py
[2025-05-21T01:59:22.742+0000] {processor.py:840} INFO - DAG(s) 'run_dbt_models_after_ingestion' retrieved from /opt/airflow/dags/dbt_model_dag.py
[2025-05-21T01:59:22.784+0000] {logging_mixin.py:188} INFO - [2025-05-21T01:59:22.784+0000] {dag.py:3036} INFO - Sync 1 DAGs
[2025-05-21T01:59:22.796+0000] {logging_mixin.py:188} INFO - [2025-05-21T01:59:22.796+0000] {dag.py:3823} INFO - Setting next_dagrun for run_dbt_models_after_ingestion to None, run_after=None
[2025-05-21T01:59:22.810+0000] {processor.py:183} INFO - Processing /opt/airflow/dags/dbt_model_dag.py took 0.114 seconds
[2025-05-21T01:59:53.240+0000] {processor.py:161} INFO - Started process (PID=18895) to work on /opt/airflow/dags/dbt_model_dag.py
[2025-05-21T01:59:53.246+0000] {processor.py:830} INFO - Processing file /opt/airflow/dags/dbt_model_dag.py for tasks to queue
[2025-05-21T01:59:53.247+0000] {logging_mixin.py:188} INFO - [2025-05-21T01:59:53.247+0000] {dagbag.py:538} INFO - Filling up the DagBag from /opt/airflow/dags/dbt_model_dag.py
[2025-05-21T01:59:53.277+0000] {processor.py:840} INFO - DAG(s) 'run_dbt_models_after_ingestion' retrieved from /opt/airflow/dags/dbt_model_dag.py
[2025-05-21T01:59:53.329+0000] {logging_mixin.py:188} INFO - [2025-05-21T01:59:53.328+0000] {dag.py:3036} INFO - Sync 1 DAGs
[2025-05-21T01:59:53.344+0000] {logging_mixin.py:188} INFO - [2025-05-21T01:59:53.344+0000] {dag.py:3823} INFO - Setting next_dagrun for run_dbt_models_after_ingestion to None, run_after=None
[2025-05-21T01:59:53.362+0000] {processor.py:183} INFO - Processing /opt/airflow/dags/dbt_model_dag.py took 0.144 seconds
[2025-05-21T02:00:23.804+0000] {processor.py:161} INFO - Started process (PID=18905) to work on /opt/airflow/dags/dbt_model_dag.py
[2025-05-21T02:00:23.806+0000] {processor.py:830} INFO - Processing file /opt/airflow/dags/dbt_model_dag.py for tasks to queue
[2025-05-21T02:00:23.808+0000] {logging_mixin.py:188} INFO - [2025-05-21T02:00:23.807+0000] {dagbag.py:538} INFO - Filling up the DagBag from /opt/airflow/dags/dbt_model_dag.py
[2025-05-21T02:00:23.839+0000] {processor.py:840} INFO - DAG(s) 'run_dbt_models_after_ingestion' retrieved from /opt/airflow/dags/dbt_model_dag.py
[2025-05-21T02:00:23.883+0000] {logging_mixin.py:188} INFO - [2025-05-21T02:00:23.883+0000] {dag.py:3036} INFO - Sync 1 DAGs
[2025-05-21T02:00:23.900+0000] {logging_mixin.py:188} INFO - [2025-05-21T02:00:23.900+0000] {dag.py:3823} INFO - Setting next_dagrun for run_dbt_models_after_ingestion to None, run_after=None
[2025-05-21T02:00:23.916+0000] {processor.py:183} INFO - Processing /opt/airflow/dags/dbt_model_dag.py took 0.123 seconds
[2025-05-21T02:00:54.366+0000] {processor.py:161} INFO - Started process (PID=18915) to work on /opt/airflow/dags/dbt_model_dag.py
[2025-05-21T02:00:54.369+0000] {processor.py:830} INFO - Processing file /opt/airflow/dags/dbt_model_dag.py for tasks to queue
[2025-05-21T02:00:54.370+0000] {logging_mixin.py:188} INFO - [2025-05-21T02:00:54.370+0000] {dagbag.py:538} INFO - Filling up the DagBag from /opt/airflow/dags/dbt_model_dag.py
[2025-05-21T02:00:54.397+0000] {processor.py:840} INFO - DAG(s) 'run_dbt_models_after_ingestion' retrieved from /opt/airflow/dags/dbt_model_dag.py
[2025-05-21T02:00:54.440+0000] {logging_mixin.py:188} INFO - [2025-05-21T02:00:54.440+0000] {dag.py:3036} INFO - Sync 1 DAGs
[2025-05-21T02:00:54.457+0000] {logging_mixin.py:188} INFO - [2025-05-21T02:00:54.457+0000] {dag.py:3823} INFO - Setting next_dagrun for run_dbt_models_after_ingestion to None, run_after=None
[2025-05-21T02:00:54.475+0000] {processor.py:183} INFO - Processing /opt/airflow/dags/dbt_model_dag.py took 0.119 seconds
[2025-05-21T02:01:24.915+0000] {processor.py:161} INFO - Started process (PID=18925) to work on /opt/airflow/dags/dbt_model_dag.py
[2025-05-21T02:01:24.917+0000] {processor.py:830} INFO - Processing file /opt/airflow/dags/dbt_model_dag.py for tasks to queue
[2025-05-21T02:01:24.922+0000] {logging_mixin.py:188} INFO - [2025-05-21T02:01:24.920+0000] {dagbag.py:538} INFO - Filling up the DagBag from /opt/airflow/dags/dbt_model_dag.py
[2025-05-21T02:01:24.945+0000] {processor.py:840} INFO - DAG(s) 'run_dbt_models_after_ingestion' retrieved from /opt/airflow/dags/dbt_model_dag.py
[2025-05-21T02:01:24.988+0000] {logging_mixin.py:188} INFO - [2025-05-21T02:01:24.988+0000] {dag.py:3036} INFO - Sync 1 DAGs
[2025-05-21T02:01:25.005+0000] {logging_mixin.py:188} INFO - [2025-05-21T02:01:25.005+0000] {dag.py:3823} INFO - Setting next_dagrun for run_dbt_models_after_ingestion to None, run_after=None
[2025-05-21T02:01:25.019+0000] {processor.py:183} INFO - Processing /opt/airflow/dags/dbt_model_dag.py took 0.115 seconds
[2025-05-21T02:01:55.389+0000] {processor.py:161} INFO - Started process (PID=18935) to work on /opt/airflow/dags/dbt_model_dag.py
[2025-05-21T02:01:55.390+0000] {processor.py:830} INFO - Processing file /opt/airflow/dags/dbt_model_dag.py for tasks to queue
[2025-05-21T02:01:55.391+0000] {logging_mixin.py:188} INFO - [2025-05-21T02:01:55.390+0000] {dagbag.py:538} INFO - Filling up the DagBag from /opt/airflow/dags/dbt_model_dag.py
[2025-05-21T02:01:55.404+0000] {processor.py:840} INFO - DAG(s) 'run_dbt_models_after_ingestion' retrieved from /opt/airflow/dags/dbt_model_dag.py
[2025-05-21T02:01:55.426+0000] {logging_mixin.py:188} INFO - [2025-05-21T02:01:55.426+0000] {dag.py:3036} INFO - Sync 1 DAGs
[2025-05-21T02:01:55.434+0000] {logging_mixin.py:188} INFO - [2025-05-21T02:01:55.434+0000] {dag.py:3823} INFO - Setting next_dagrun for run_dbt_models_after_ingestion to None, run_after=None
[2025-05-21T02:01:55.445+0000] {processor.py:183} INFO - Processing /opt/airflow/dags/dbt_model_dag.py took 0.061 seconds
[2025-05-21T02:02:25.829+0000] {processor.py:161} INFO - Started process (PID=18945) to work on /opt/airflow/dags/dbt_model_dag.py
[2025-05-21T02:02:25.833+0000] {processor.py:830} INFO - Processing file /opt/airflow/dags/dbt_model_dag.py for tasks to queue
[2025-05-21T02:02:25.834+0000] {logging_mixin.py:188} INFO - [2025-05-21T02:02:25.834+0000] {dagbag.py:538} INFO - Filling up the DagBag from /opt/airflow/dags/dbt_model_dag.py
[2025-05-21T02:02:25.855+0000] {processor.py:840} INFO - DAG(s) 'run_dbt_models_after_ingestion' retrieved from /opt/airflow/dags/dbt_model_dag.py
[2025-05-21T02:02:25.888+0000] {logging_mixin.py:188} INFO - [2025-05-21T02:02:25.888+0000] {dag.py:3036} INFO - Sync 1 DAGs
[2025-05-21T02:02:25.905+0000] {logging_mixin.py:188} INFO - [2025-05-21T02:02:25.904+0000] {dag.py:3823} INFO - Setting next_dagrun for run_dbt_models_after_ingestion to None, run_after=None
[2025-05-21T02:02:25.923+0000] {processor.py:183} INFO - Processing /opt/airflow/dags/dbt_model_dag.py took 0.109 seconds
[2025-05-21T02:02:56.294+0000] {processor.py:161} INFO - Started process (PID=18955) to work on /opt/airflow/dags/dbt_model_dag.py
[2025-05-21T02:02:56.296+0000] {processor.py:830} INFO - Processing file /opt/airflow/dags/dbt_model_dag.py for tasks to queue
[2025-05-21T02:02:56.297+0000] {logging_mixin.py:188} INFO - [2025-05-21T02:02:56.297+0000] {dagbag.py:538} INFO - Filling up the DagBag from /opt/airflow/dags/dbt_model_dag.py
[2025-05-21T02:02:56.319+0000] {processor.py:840} INFO - DAG(s) 'run_dbt_models_after_ingestion' retrieved from /opt/airflow/dags/dbt_model_dag.py
[2025-05-21T02:02:56.363+0000] {logging_mixin.py:188} INFO - [2025-05-21T02:02:56.363+0000] {dag.py:3036} INFO - Sync 1 DAGs
[2025-05-21T02:02:56.376+0000] {logging_mixin.py:188} INFO - [2025-05-21T02:02:56.376+0000] {dag.py:3823} INFO - Setting next_dagrun for run_dbt_models_after_ingestion to None, run_after=None
[2025-05-21T02:02:56.393+0000] {processor.py:183} INFO - Processing /opt/airflow/dags/dbt_model_dag.py took 0.113 seconds
[2025-05-21T02:03:26.774+0000] {processor.py:161} INFO - Started process (PID=18965) to work on /opt/airflow/dags/dbt_model_dag.py
[2025-05-21T02:03:26.776+0000] {processor.py:830} INFO - Processing file /opt/airflow/dags/dbt_model_dag.py for tasks to queue
[2025-05-21T02:03:26.778+0000] {logging_mixin.py:188} INFO - [2025-05-21T02:03:26.778+0000] {dagbag.py:538} INFO - Filling up the DagBag from /opt/airflow/dags/dbt_model_dag.py
[2025-05-21T02:03:26.796+0000] {processor.py:840} INFO - DAG(s) 'run_dbt_models_after_ingestion' retrieved from /opt/airflow/dags/dbt_model_dag.py
[2025-05-21T02:03:26.819+0000] {logging_mixin.py:188} INFO - [2025-05-21T02:03:26.819+0000] {dag.py:3036} INFO - Sync 1 DAGs
[2025-05-21T02:03:26.830+0000] {logging_mixin.py:188} INFO - [2025-05-21T02:03:26.830+0000] {dag.py:3823} INFO - Setting next_dagrun for run_dbt_models_after_ingestion to None, run_after=None
[2025-05-21T02:03:26.845+0000] {processor.py:183} INFO - Processing /opt/airflow/dags/dbt_model_dag.py took 0.079 seconds
[2025-05-21T02:03:57.239+0000] {processor.py:161} INFO - Started process (PID=18975) to work on /opt/airflow/dags/dbt_model_dag.py
[2025-05-21T02:03:57.241+0000] {processor.py:830} INFO - Processing file /opt/airflow/dags/dbt_model_dag.py for tasks to queue
[2025-05-21T02:03:57.243+0000] {logging_mixin.py:188} INFO - [2025-05-21T02:03:57.243+0000] {dagbag.py:538} INFO - Filling up the DagBag from /opt/airflow/dags/dbt_model_dag.py
[2025-05-21T02:03:57.267+0000] {processor.py:840} INFO - DAG(s) 'run_dbt_models_after_ingestion' retrieved from /opt/airflow/dags/dbt_model_dag.py
[2025-05-21T02:03:57.305+0000] {logging_mixin.py:188} INFO - [2025-05-21T02:03:57.305+0000] {dag.py:3036} INFO - Sync 1 DAGs
[2025-05-21T02:03:57.319+0000] {logging_mixin.py:188} INFO - [2025-05-21T02:03:57.318+0000] {dag.py:3823} INFO - Setting next_dagrun for run_dbt_models_after_ingestion to None, run_after=None
[2025-05-21T02:03:57.335+0000] {processor.py:183} INFO - Processing /opt/airflow/dags/dbt_model_dag.py took 0.107 seconds
[2025-05-21T02:04:27.701+0000] {processor.py:161} INFO - Started process (PID=18985) to work on /opt/airflow/dags/dbt_model_dag.py
[2025-05-21T02:04:27.702+0000] {processor.py:830} INFO - Processing file /opt/airflow/dags/dbt_model_dag.py for tasks to queue
[2025-05-21T02:04:27.703+0000] {logging_mixin.py:188} INFO - [2025-05-21T02:04:27.703+0000] {dagbag.py:538} INFO - Filling up the DagBag from /opt/airflow/dags/dbt_model_dag.py
[2025-05-21T02:04:27.717+0000] {processor.py:840} INFO - DAG(s) 'run_dbt_models_after_ingestion' retrieved from /opt/airflow/dags/dbt_model_dag.py
[2025-05-21T02:04:27.733+0000] {logging_mixin.py:188} INFO - [2025-05-21T02:04:27.733+0000] {dag.py:3036} INFO - Sync 1 DAGs
[2025-05-21T02:04:27.745+0000] {logging_mixin.py:188} INFO - [2025-05-21T02:04:27.744+0000] {dag.py:3823} INFO - Setting next_dagrun for run_dbt_models_after_ingestion to None, run_after=None
[2025-05-21T02:04:27.756+0000] {processor.py:183} INFO - Processing /opt/airflow/dags/dbt_model_dag.py took 0.060 seconds
[2025-05-21T02:04:58.180+0000] {processor.py:161} INFO - Started process (PID=18995) to work on /opt/airflow/dags/dbt_model_dag.py
[2025-05-21T02:04:58.182+0000] {processor.py:830} INFO - Processing file /opt/airflow/dags/dbt_model_dag.py for tasks to queue
[2025-05-21T02:04:58.183+0000] {logging_mixin.py:188} INFO - [2025-05-21T02:04:58.183+0000] {dagbag.py:538} INFO - Filling up the DagBag from /opt/airflow/dags/dbt_model_dag.py
[2025-05-21T02:04:58.204+0000] {processor.py:840} INFO - DAG(s) 'run_dbt_models_after_ingestion' retrieved from /opt/airflow/dags/dbt_model_dag.py
[2025-05-21T02:04:58.245+0000] {logging_mixin.py:188} INFO - [2025-05-21T02:04:58.245+0000] {dag.py:3036} INFO - Sync 1 DAGs
[2025-05-21T02:04:58.260+0000] {logging_mixin.py:188} INFO - [2025-05-21T02:04:58.260+0000] {dag.py:3823} INFO - Setting next_dagrun for run_dbt_models_after_ingestion to None, run_after=None
[2025-05-21T02:04:58.279+0000] {processor.py:183} INFO - Processing /opt/airflow/dags/dbt_model_dag.py took 0.114 seconds
[2025-05-21T02:05:28.587+0000] {processor.py:161} INFO - Started process (PID=19005) to work on /opt/airflow/dags/dbt_model_dag.py
[2025-05-21T02:05:28.588+0000] {processor.py:830} INFO - Processing file /opt/airflow/dags/dbt_model_dag.py for tasks to queue
[2025-05-21T02:05:28.590+0000] {logging_mixin.py:188} INFO - [2025-05-21T02:05:28.590+0000] {dagbag.py:538} INFO - Filling up the DagBag from /opt/airflow/dags/dbt_model_dag.py
[2025-05-21T02:05:28.610+0000] {processor.py:840} INFO - DAG(s) 'run_dbt_models_after_ingestion' retrieved from /opt/airflow/dags/dbt_model_dag.py
[2025-05-21T02:05:28.637+0000] {logging_mixin.py:188} INFO - [2025-05-21T02:05:28.637+0000] {dag.py:3036} INFO - Sync 1 DAGs
[2025-05-21T02:05:28.648+0000] {logging_mixin.py:188} INFO - [2025-05-21T02:05:28.648+0000] {dag.py:3823} INFO - Setting next_dagrun for run_dbt_models_after_ingestion to None, run_after=None
[2025-05-21T02:05:28.672+0000] {processor.py:183} INFO - Processing /opt/airflow/dags/dbt_model_dag.py took 0.091 seconds
[2025-05-21T02:05:59.082+0000] {processor.py:161} INFO - Started process (PID=19015) to work on /opt/airflow/dags/dbt_model_dag.py
[2025-05-21T02:05:59.085+0000] {processor.py:830} INFO - Processing file /opt/airflow/dags/dbt_model_dag.py for tasks to queue
[2025-05-21T02:05:59.086+0000] {logging_mixin.py:188} INFO - [2025-05-21T02:05:59.085+0000] {dagbag.py:538} INFO - Filling up the DagBag from /opt/airflow/dags/dbt_model_dag.py
[2025-05-21T02:05:59.099+0000] {processor.py:840} INFO - DAG(s) 'run_dbt_models_after_ingestion' retrieved from /opt/airflow/dags/dbt_model_dag.py
[2025-05-21T02:05:59.124+0000] {logging_mixin.py:188} INFO - [2025-05-21T02:05:59.124+0000] {dag.py:3036} INFO - Sync 1 DAGs
[2025-05-21T02:05:59.134+0000] {logging_mixin.py:188} INFO - [2025-05-21T02:05:59.133+0000] {dag.py:3823} INFO - Setting next_dagrun for run_dbt_models_after_ingestion to None, run_after=None
[2025-05-21T02:05:59.150+0000] {processor.py:183} INFO - Processing /opt/airflow/dags/dbt_model_dag.py took 0.074 seconds
[2025-05-21T02:06:29.663+0000] {processor.py:161} INFO - Started process (PID=19025) to work on /opt/airflow/dags/dbt_model_dag.py
[2025-05-21T02:06:29.666+0000] {processor.py:830} INFO - Processing file /opt/airflow/dags/dbt_model_dag.py for tasks to queue
[2025-05-21T02:06:29.667+0000] {logging_mixin.py:188} INFO - [2025-05-21T02:06:29.667+0000] {dagbag.py:538} INFO - Filling up the DagBag from /opt/airflow/dags/dbt_model_dag.py
[2025-05-21T02:06:29.695+0000] {processor.py:840} INFO - DAG(s) 'run_dbt_models_after_ingestion' retrieved from /opt/airflow/dags/dbt_model_dag.py
[2025-05-21T02:06:29.739+0000] {logging_mixin.py:188} INFO - [2025-05-21T02:06:29.739+0000] {dag.py:3036} INFO - Sync 1 DAGs
[2025-05-21T02:06:29.754+0000] {logging_mixin.py:188} INFO - [2025-05-21T02:06:29.754+0000] {dag.py:3823} INFO - Setting next_dagrun for run_dbt_models_after_ingestion to None, run_after=None
[2025-05-21T02:06:29.770+0000] {processor.py:183} INFO - Processing /opt/airflow/dags/dbt_model_dag.py took 0.120 seconds
[2025-05-21T02:07:00.176+0000] {processor.py:161} INFO - Started process (PID=19035) to work on /opt/airflow/dags/dbt_model_dag.py
[2025-05-21T02:07:00.179+0000] {processor.py:830} INFO - Processing file /opt/airflow/dags/dbt_model_dag.py for tasks to queue
[2025-05-21T02:07:00.180+0000] {logging_mixin.py:188} INFO - [2025-05-21T02:07:00.180+0000] {dagbag.py:538} INFO - Filling up the DagBag from /opt/airflow/dags/dbt_model_dag.py
[2025-05-21T02:07:00.206+0000] {processor.py:840} INFO - DAG(s) 'run_dbt_models_after_ingestion' retrieved from /opt/airflow/dags/dbt_model_dag.py
[2025-05-21T02:07:00.247+0000] {logging_mixin.py:188} INFO - [2025-05-21T02:07:00.247+0000] {dag.py:3036} INFO - Sync 1 DAGs
[2025-05-21T02:07:00.261+0000] {logging_mixin.py:188} INFO - [2025-05-21T02:07:00.261+0000] {dag.py:3823} INFO - Setting next_dagrun for run_dbt_models_after_ingestion to None, run_after=None
[2025-05-21T02:07:00.279+0000] {processor.py:183} INFO - Processing /opt/airflow/dags/dbt_model_dag.py took 0.115 seconds
[2025-05-21T02:07:30.644+0000] {processor.py:161} INFO - Started process (PID=19045) to work on /opt/airflow/dags/dbt_model_dag.py
[2025-05-21T02:07:30.646+0000] {processor.py:830} INFO - Processing file /opt/airflow/dags/dbt_model_dag.py for tasks to queue
[2025-05-21T02:07:30.647+0000] {logging_mixin.py:188} INFO - [2025-05-21T02:07:30.646+0000] {dagbag.py:538} INFO - Filling up the DagBag from /opt/airflow/dags/dbt_model_dag.py
[2025-05-21T02:07:30.661+0000] {processor.py:840} INFO - DAG(s) 'run_dbt_models_after_ingestion' retrieved from /opt/airflow/dags/dbt_model_dag.py
[2025-05-21T02:07:30.684+0000] {logging_mixin.py:188} INFO - [2025-05-21T02:07:30.684+0000] {dag.py:3036} INFO - Sync 1 DAGs
[2025-05-21T02:07:30.695+0000] {logging_mixin.py:188} INFO - [2025-05-21T02:07:30.695+0000] {dag.py:3823} INFO - Setting next_dagrun for run_dbt_models_after_ingestion to None, run_after=None
[2025-05-21T02:07:30.714+0000] {processor.py:183} INFO - Processing /opt/airflow/dags/dbt_model_dag.py took 0.085 seconds
[2025-05-21T02:08:01.065+0000] {processor.py:161} INFO - Started process (PID=19055) to work on /opt/airflow/dags/dbt_model_dag.py
[2025-05-21T02:08:01.067+0000] {processor.py:830} INFO - Processing file /opt/airflow/dags/dbt_model_dag.py for tasks to queue
[2025-05-21T02:08:01.069+0000] {logging_mixin.py:188} INFO - [2025-05-21T02:08:01.069+0000] {dagbag.py:538} INFO - Filling up the DagBag from /opt/airflow/dags/dbt_model_dag.py
[2025-05-21T02:08:01.083+0000] {processor.py:840} INFO - DAG(s) 'run_dbt_models_after_ingestion' retrieved from /opt/airflow/dags/dbt_model_dag.py
[2025-05-21T02:08:01.114+0000] {logging_mixin.py:188} INFO - [2025-05-21T02:08:01.114+0000] {dag.py:3036} INFO - Sync 1 DAGs
[2025-05-21T02:08:01.129+0000] {logging_mixin.py:188} INFO - [2025-05-21T02:08:01.128+0000] {dag.py:3823} INFO - Setting next_dagrun for run_dbt_models_after_ingestion to None, run_after=None
[2025-05-21T02:08:01.141+0000] {processor.py:183} INFO - Processing /opt/airflow/dags/dbt_model_dag.py took 0.081 seconds
[2025-05-21T02:08:31.560+0000] {processor.py:161} INFO - Started process (PID=19065) to work on /opt/airflow/dags/dbt_model_dag.py
[2025-05-21T02:08:31.563+0000] {processor.py:830} INFO - Processing file /opt/airflow/dags/dbt_model_dag.py for tasks to queue
[2025-05-21T02:08:31.566+0000] {logging_mixin.py:188} INFO - [2025-05-21T02:08:31.565+0000] {dagbag.py:538} INFO - Filling up the DagBag from /opt/airflow/dags/dbt_model_dag.py
[2025-05-21T02:08:31.593+0000] {processor.py:840} INFO - DAG(s) 'run_dbt_models_after_ingestion' retrieved from /opt/airflow/dags/dbt_model_dag.py
[2025-05-21T02:08:31.631+0000] {logging_mixin.py:188} INFO - [2025-05-21T02:08:31.631+0000] {dag.py:3036} INFO - Sync 1 DAGs
[2025-05-21T02:08:31.644+0000] {logging_mixin.py:188} INFO - [2025-05-21T02:08:31.644+0000] {dag.py:3823} INFO - Setting next_dagrun for run_dbt_models_after_ingestion to None, run_after=None
[2025-05-21T02:08:31.661+0000] {processor.py:183} INFO - Processing /opt/airflow/dags/dbt_model_dag.py took 0.109 seconds
[2025-05-21T02:09:02.108+0000] {processor.py:161} INFO - Started process (PID=19075) to work on /opt/airflow/dags/dbt_model_dag.py
[2025-05-21T02:09:02.111+0000] {processor.py:830} INFO - Processing file /opt/airflow/dags/dbt_model_dag.py for tasks to queue
[2025-05-21T02:09:02.113+0000] {logging_mixin.py:188} INFO - [2025-05-21T02:09:02.112+0000] {dagbag.py:538} INFO - Filling up the DagBag from /opt/airflow/dags/dbt_model_dag.py
[2025-05-21T02:09:02.139+0000] {processor.py:840} INFO - DAG(s) 'run_dbt_models_after_ingestion' retrieved from /opt/airflow/dags/dbt_model_dag.py
[2025-05-21T02:09:02.178+0000] {logging_mixin.py:188} INFO - [2025-05-21T02:09:02.178+0000] {dag.py:3036} INFO - Sync 1 DAGs
[2025-05-21T02:09:02.190+0000] {logging_mixin.py:188} INFO - [2025-05-21T02:09:02.190+0000] {dag.py:3823} INFO - Setting next_dagrun for run_dbt_models_after_ingestion to None, run_after=None
[2025-05-21T02:09:02.204+0000] {processor.py:183} INFO - Processing /opt/airflow/dags/dbt_model_dag.py took 0.105 seconds
[2025-05-21T02:09:32.698+0000] {processor.py:161} INFO - Started process (PID=19085) to work on /opt/airflow/dags/dbt_model_dag.py
[2025-05-21T02:09:32.701+0000] {processor.py:830} INFO - Processing file /opt/airflow/dags/dbt_model_dag.py for tasks to queue
[2025-05-21T02:09:32.702+0000] {logging_mixin.py:188} INFO - [2025-05-21T02:09:32.702+0000] {dagbag.py:538} INFO - Filling up the DagBag from /opt/airflow/dags/dbt_model_dag.py
[2025-05-21T02:09:32.729+0000] {processor.py:840} INFO - DAG(s) 'run_dbt_models_after_ingestion' retrieved from /opt/airflow/dags/dbt_model_dag.py
[2025-05-21T02:09:32.776+0000] {logging_mixin.py:188} INFO - [2025-05-21T02:09:32.776+0000] {dag.py:3036} INFO - Sync 1 DAGs
[2025-05-21T02:09:32.790+0000] {logging_mixin.py:188} INFO - [2025-05-21T02:09:32.790+0000] {dag.py:3823} INFO - Setting next_dagrun for run_dbt_models_after_ingestion to None, run_after=None
[2025-05-21T02:09:32.805+0000] {processor.py:183} INFO - Processing /opt/airflow/dags/dbt_model_dag.py took 0.120 seconds
[2025-05-21T02:10:03.321+0000] {processor.py:161} INFO - Started process (PID=19095) to work on /opt/airflow/dags/dbt_model_dag.py
[2025-05-21T02:10:03.323+0000] {processor.py:830} INFO - Processing file /opt/airflow/dags/dbt_model_dag.py for tasks to queue
[2025-05-21T02:10:03.328+0000] {logging_mixin.py:188} INFO - [2025-05-21T02:10:03.327+0000] {dagbag.py:538} INFO - Filling up the DagBag from /opt/airflow/dags/dbt_model_dag.py
[2025-05-21T02:10:03.348+0000] {processor.py:840} INFO - DAG(s) 'run_dbt_models_after_ingestion' retrieved from /opt/airflow/dags/dbt_model_dag.py
[2025-05-21T02:10:03.391+0000] {logging_mixin.py:188} INFO - [2025-05-21T02:10:03.391+0000] {dag.py:3036} INFO - Sync 1 DAGs
[2025-05-21T02:10:03.404+0000] {logging_mixin.py:188} INFO - [2025-05-21T02:10:03.404+0000] {dag.py:3823} INFO - Setting next_dagrun for run_dbt_models_after_ingestion to None, run_after=None
[2025-05-21T02:10:03.417+0000] {processor.py:183} INFO - Processing /opt/airflow/dags/dbt_model_dag.py took 0.108 seconds
[2025-05-21T02:10:33.958+0000] {processor.py:161} INFO - Started process (PID=19105) to work on /opt/airflow/dags/dbt_model_dag.py
[2025-05-21T02:10:33.966+0000] {processor.py:830} INFO - Processing file /opt/airflow/dags/dbt_model_dag.py for tasks to queue
[2025-05-21T02:10:33.967+0000] {logging_mixin.py:188} INFO - [2025-05-21T02:10:33.967+0000] {dagbag.py:538} INFO - Filling up the DagBag from /opt/airflow/dags/dbt_model_dag.py
[2025-05-21T02:10:33.997+0000] {processor.py:840} INFO - DAG(s) 'run_dbt_models_after_ingestion' retrieved from /opt/airflow/dags/dbt_model_dag.py
[2025-05-21T02:10:34.038+0000] {logging_mixin.py:188} INFO - [2025-05-21T02:10:34.038+0000] {dag.py:3036} INFO - Sync 1 DAGs
[2025-05-21T02:10:34.052+0000] {logging_mixin.py:188} INFO - [2025-05-21T02:10:34.052+0000] {dag.py:3823} INFO - Setting next_dagrun for run_dbt_models_after_ingestion to None, run_after=None
[2025-05-21T02:10:34.068+0000] {processor.py:183} INFO - Processing /opt/airflow/dags/dbt_model_dag.py took 0.124 seconds
[2025-05-21T02:11:04.606+0000] {processor.py:161} INFO - Started process (PID=19115) to work on /opt/airflow/dags/dbt_model_dag.py
[2025-05-21T02:11:04.608+0000] {processor.py:830} INFO - Processing file /opt/airflow/dags/dbt_model_dag.py for tasks to queue
[2025-05-21T02:11:04.610+0000] {logging_mixin.py:188} INFO - [2025-05-21T02:11:04.610+0000] {dagbag.py:538} INFO - Filling up the DagBag from /opt/airflow/dags/dbt_model_dag.py
[2025-05-21T02:11:04.632+0000] {processor.py:840} INFO - DAG(s) 'run_dbt_models_after_ingestion' retrieved from /opt/airflow/dags/dbt_model_dag.py
[2025-05-21T02:11:04.680+0000] {logging_mixin.py:188} INFO - [2025-05-21T02:11:04.680+0000] {dag.py:3036} INFO - Sync 1 DAGs
[2025-05-21T02:11:04.693+0000] {logging_mixin.py:188} INFO - [2025-05-21T02:11:04.693+0000] {dag.py:3823} INFO - Setting next_dagrun for run_dbt_models_after_ingestion to None, run_after=None
[2025-05-21T02:11:04.707+0000] {processor.py:183} INFO - Processing /opt/airflow/dags/dbt_model_dag.py took 0.117 seconds
[2025-05-21T02:11:35.172+0000] {processor.py:161} INFO - Started process (PID=19125) to work on /opt/airflow/dags/dbt_model_dag.py
[2025-05-21T02:11:35.175+0000] {processor.py:830} INFO - Processing file /opt/airflow/dags/dbt_model_dag.py for tasks to queue
[2025-05-21T02:11:35.177+0000] {logging_mixin.py:188} INFO - [2025-05-21T02:11:35.177+0000] {dagbag.py:538} INFO - Filling up the DagBag from /opt/airflow/dags/dbt_model_dag.py
[2025-05-21T02:11:35.211+0000] {processor.py:840} INFO - DAG(s) 'run_dbt_models_after_ingestion' retrieved from /opt/airflow/dags/dbt_model_dag.py
[2025-05-21T02:11:35.256+0000] {logging_mixin.py:188} INFO - [2025-05-21T02:11:35.256+0000] {dag.py:3036} INFO - Sync 1 DAGs
[2025-05-21T02:11:35.266+0000] {logging_mixin.py:188} INFO - [2025-05-21T02:11:35.266+0000] {dag.py:3823} INFO - Setting next_dagrun for run_dbt_models_after_ingestion to None, run_after=None
[2025-05-21T02:11:35.288+0000] {processor.py:183} INFO - Processing /opt/airflow/dags/dbt_model_dag.py took 0.126 seconds
[2025-05-21T02:12:05.760+0000] {processor.py:161} INFO - Started process (PID=19135) to work on /opt/airflow/dags/dbt_model_dag.py
[2025-05-21T02:12:05.764+0000] {processor.py:830} INFO - Processing file /opt/airflow/dags/dbt_model_dag.py for tasks to queue
[2025-05-21T02:12:05.765+0000] {logging_mixin.py:188} INFO - [2025-05-21T02:12:05.765+0000] {dagbag.py:538} INFO - Filling up the DagBag from /opt/airflow/dags/dbt_model_dag.py
[2025-05-21T02:12:05.790+0000] {processor.py:840} INFO - DAG(s) 'run_dbt_models_after_ingestion' retrieved from /opt/airflow/dags/dbt_model_dag.py
[2025-05-21T02:12:05.840+0000] {logging_mixin.py:188} INFO - [2025-05-21T02:12:05.840+0000] {dag.py:3036} INFO - Sync 1 DAGs
[2025-05-21T02:12:05.856+0000] {logging_mixin.py:188} INFO - [2025-05-21T02:12:05.856+0000] {dag.py:3823} INFO - Setting next_dagrun for run_dbt_models_after_ingestion to None, run_after=None
[2025-05-21T02:12:05.874+0000] {processor.py:183} INFO - Processing /opt/airflow/dags/dbt_model_dag.py took 0.126 seconds
[2025-05-21T02:12:36.405+0000] {processor.py:161} INFO - Started process (PID=19145) to work on /opt/airflow/dags/dbt_model_dag.py
[2025-05-21T02:12:36.408+0000] {processor.py:830} INFO - Processing file /opt/airflow/dags/dbt_model_dag.py for tasks to queue
[2025-05-21T02:12:36.409+0000] {logging_mixin.py:188} INFO - [2025-05-21T02:12:36.409+0000] {dagbag.py:538} INFO - Filling up the DagBag from /opt/airflow/dags/dbt_model_dag.py
[2025-05-21T02:12:36.444+0000] {processor.py:840} INFO - DAG(s) 'run_dbt_models_after_ingestion' retrieved from /opt/airflow/dags/dbt_model_dag.py
[2025-05-21T02:12:36.485+0000] {logging_mixin.py:188} INFO - [2025-05-21T02:12:36.484+0000] {dag.py:3036} INFO - Sync 1 DAGs
[2025-05-21T02:12:36.503+0000] {logging_mixin.py:188} INFO - [2025-05-21T02:12:36.503+0000] {dag.py:3823} INFO - Setting next_dagrun for run_dbt_models_after_ingestion to None, run_after=None
[2025-05-21T02:12:36.522+0000] {processor.py:183} INFO - Processing /opt/airflow/dags/dbt_model_dag.py took 0.125 seconds
[2025-05-21T02:13:06.966+0000] {processor.py:161} INFO - Started process (PID=19155) to work on /opt/airflow/dags/dbt_model_dag.py
[2025-05-21T02:13:06.968+0000] {processor.py:830} INFO - Processing file /opt/airflow/dags/dbt_model_dag.py for tasks to queue
[2025-05-21T02:13:06.971+0000] {logging_mixin.py:188} INFO - [2025-05-21T02:13:06.969+0000] {dagbag.py:538} INFO - Filling up the DagBag from /opt/airflow/dags/dbt_model_dag.py
[2025-05-21T02:13:06.994+0000] {processor.py:840} INFO - DAG(s) 'run_dbt_models_after_ingestion' retrieved from /opt/airflow/dags/dbt_model_dag.py
[2025-05-21T02:13:07.045+0000] {logging_mixin.py:188} INFO - [2025-05-21T02:13:07.045+0000] {dag.py:3036} INFO - Sync 1 DAGs
[2025-05-21T02:13:07.062+0000] {logging_mixin.py:188} INFO - [2025-05-21T02:13:07.062+0000] {dag.py:3823} INFO - Setting next_dagrun for run_dbt_models_after_ingestion to None, run_after=None
[2025-05-21T02:13:07.079+0000] {processor.py:183} INFO - Processing /opt/airflow/dags/dbt_model_dag.py took 0.126 seconds
[2025-05-21T02:13:37.554+0000] {processor.py:161} INFO - Started process (PID=19165) to work on /opt/airflow/dags/dbt_model_dag.py
[2025-05-21T02:13:37.555+0000] {processor.py:830} INFO - Processing file /opt/airflow/dags/dbt_model_dag.py for tasks to queue
[2025-05-21T02:13:37.557+0000] {logging_mixin.py:188} INFO - [2025-05-21T02:13:37.557+0000] {dagbag.py:538} INFO - Filling up the DagBag from /opt/airflow/dags/dbt_model_dag.py
[2025-05-21T02:13:37.581+0000] {processor.py:840} INFO - DAG(s) 'run_dbt_models_after_ingestion' retrieved from /opt/airflow/dags/dbt_model_dag.py
[2025-05-21T02:13:37.619+0000] {logging_mixin.py:188} INFO - [2025-05-21T02:13:37.619+0000] {dag.py:3036} INFO - Sync 1 DAGs
[2025-05-21T02:13:37.634+0000] {logging_mixin.py:188} INFO - [2025-05-21T02:13:37.634+0000] {dag.py:3823} INFO - Setting next_dagrun for run_dbt_models_after_ingestion to None, run_after=None
[2025-05-21T02:13:37.649+0000] {processor.py:183} INFO - Processing /opt/airflow/dags/dbt_model_dag.py took 0.109 seconds
[2025-05-21T02:14:08.138+0000] {processor.py:161} INFO - Started process (PID=19175) to work on /opt/airflow/dags/dbt_model_dag.py
[2025-05-21T02:14:08.141+0000] {processor.py:830} INFO - Processing file /opt/airflow/dags/dbt_model_dag.py for tasks to queue
[2025-05-21T02:14:08.143+0000] {logging_mixin.py:188} INFO - [2025-05-21T02:14:08.142+0000] {dagbag.py:538} INFO - Filling up the DagBag from /opt/airflow/dags/dbt_model_dag.py
[2025-05-21T02:14:08.169+0000] {processor.py:840} INFO - DAG(s) 'run_dbt_models_after_ingestion' retrieved from /opt/airflow/dags/dbt_model_dag.py
[2025-05-21T02:14:08.215+0000] {logging_mixin.py:188} INFO - [2025-05-21T02:14:08.215+0000] {dag.py:3036} INFO - Sync 1 DAGs
[2025-05-21T02:14:08.231+0000] {logging_mixin.py:188} INFO - [2025-05-21T02:14:08.231+0000] {dag.py:3823} INFO - Setting next_dagrun for run_dbt_models_after_ingestion to None, run_after=None
[2025-05-21T02:14:08.245+0000] {processor.py:183} INFO - Processing /opt/airflow/dags/dbt_model_dag.py took 0.121 seconds
[2025-05-21T02:14:38.677+0000] {processor.py:161} INFO - Started process (PID=19185) to work on /opt/airflow/dags/dbt_model_dag.py
[2025-05-21T02:14:38.680+0000] {processor.py:830} INFO - Processing file /opt/airflow/dags/dbt_model_dag.py for tasks to queue
[2025-05-21T02:14:38.681+0000] {logging_mixin.py:188} INFO - [2025-05-21T02:14:38.681+0000] {dagbag.py:538} INFO - Filling up the DagBag from /opt/airflow/dags/dbt_model_dag.py
[2025-05-21T02:14:38.706+0000] {processor.py:840} INFO - DAG(s) 'run_dbt_models_after_ingestion' retrieved from /opt/airflow/dags/dbt_model_dag.py
[2025-05-21T02:14:38.744+0000] {logging_mixin.py:188} INFO - [2025-05-21T02:14:38.744+0000] {dag.py:3036} INFO - Sync 1 DAGs
[2025-05-21T02:14:38.761+0000] {logging_mixin.py:188} INFO - [2025-05-21T02:14:38.761+0000] {dag.py:3823} INFO - Setting next_dagrun for run_dbt_models_after_ingestion to None, run_after=None
[2025-05-21T02:14:38.776+0000] {processor.py:183} INFO - Processing /opt/airflow/dags/dbt_model_dag.py took 0.109 seconds
[2025-05-21T02:15:09.155+0000] {processor.py:161} INFO - Started process (PID=19195) to work on /opt/airflow/dags/dbt_model_dag.py
[2025-05-21T02:15:09.158+0000] {processor.py:830} INFO - Processing file /opt/airflow/dags/dbt_model_dag.py for tasks to queue
[2025-05-21T02:15:09.159+0000] {logging_mixin.py:188} INFO - [2025-05-21T02:15:09.158+0000] {dagbag.py:538} INFO - Filling up the DagBag from /opt/airflow/dags/dbt_model_dag.py
[2025-05-21T02:15:09.184+0000] {processor.py:840} INFO - DAG(s) 'run_dbt_models_after_ingestion' retrieved from /opt/airflow/dags/dbt_model_dag.py
[2025-05-21T02:15:09.224+0000] {logging_mixin.py:188} INFO - [2025-05-21T02:15:09.224+0000] {dag.py:3036} INFO - Sync 1 DAGs
[2025-05-21T02:15:09.240+0000] {logging_mixin.py:188} INFO - [2025-05-21T02:15:09.239+0000] {dag.py:3823} INFO - Setting next_dagrun for run_dbt_models_after_ingestion to None, run_after=None
[2025-05-21T02:15:09.252+0000] {processor.py:183} INFO - Processing /opt/airflow/dags/dbt_model_dag.py took 0.113 seconds
[2025-05-21T02:15:39.713+0000] {processor.py:161} INFO - Started process (PID=19205) to work on /opt/airflow/dags/dbt_model_dag.py
[2025-05-21T02:15:39.715+0000] {processor.py:830} INFO - Processing file /opt/airflow/dags/dbt_model_dag.py for tasks to queue
[2025-05-21T02:15:39.716+0000] {logging_mixin.py:188} INFO - [2025-05-21T02:15:39.716+0000] {dagbag.py:538} INFO - Filling up the DagBag from /opt/airflow/dags/dbt_model_dag.py
[2025-05-21T02:15:39.742+0000] {processor.py:840} INFO - DAG(s) 'run_dbt_models_after_ingestion' retrieved from /opt/airflow/dags/dbt_model_dag.py
[2025-05-21T02:15:39.784+0000] {logging_mixin.py:188} INFO - [2025-05-21T02:15:39.784+0000] {dag.py:3036} INFO - Sync 1 DAGs
[2025-05-21T02:15:39.799+0000] {logging_mixin.py:188} INFO - [2025-05-21T02:15:39.799+0000] {dag.py:3823} INFO - Setting next_dagrun for run_dbt_models_after_ingestion to None, run_after=None
[2025-05-21T02:15:39.818+0000] {processor.py:183} INFO - Processing /opt/airflow/dags/dbt_model_dag.py took 0.117 seconds
[2025-05-21T02:16:10.315+0000] {processor.py:161} INFO - Started process (PID=19215) to work on /opt/airflow/dags/dbt_model_dag.py
[2025-05-21T02:16:10.321+0000] {processor.py:830} INFO - Processing file /opt/airflow/dags/dbt_model_dag.py for tasks to queue
[2025-05-21T02:16:10.322+0000] {logging_mixin.py:188} INFO - [2025-05-21T02:16:10.322+0000] {dagbag.py:538} INFO - Filling up the DagBag from /opt/airflow/dags/dbt_model_dag.py
[2025-05-21T02:16:10.349+0000] {processor.py:840} INFO - DAG(s) 'run_dbt_models_after_ingestion' retrieved from /opt/airflow/dags/dbt_model_dag.py
[2025-05-21T02:16:10.389+0000] {logging_mixin.py:188} INFO - [2025-05-21T02:16:10.388+0000] {dag.py:3036} INFO - Sync 1 DAGs
[2025-05-21T02:16:10.405+0000] {logging_mixin.py:188} INFO - [2025-05-21T02:16:10.405+0000] {dag.py:3823} INFO - Setting next_dagrun for run_dbt_models_after_ingestion to None, run_after=None
[2025-05-21T02:16:10.423+0000] {processor.py:183} INFO - Processing /opt/airflow/dags/dbt_model_dag.py took 0.124 seconds
[2025-05-21T02:16:40.870+0000] {processor.py:161} INFO - Started process (PID=19225) to work on /opt/airflow/dags/dbt_model_dag.py
[2025-05-21T02:16:40.873+0000] {processor.py:830} INFO - Processing file /opt/airflow/dags/dbt_model_dag.py for tasks to queue
[2025-05-21T02:16:40.877+0000] {logging_mixin.py:188} INFO - [2025-05-21T02:16:40.875+0000] {dagbag.py:538} INFO - Filling up the DagBag from /opt/airflow/dags/dbt_model_dag.py
[2025-05-21T02:16:40.902+0000] {processor.py:840} INFO - DAG(s) 'run_dbt_models_after_ingestion' retrieved from /opt/airflow/dags/dbt_model_dag.py
[2025-05-21T02:16:40.945+0000] {logging_mixin.py:188} INFO - [2025-05-21T02:16:40.945+0000] {dag.py:3036} INFO - Sync 1 DAGs
[2025-05-21T02:16:40.960+0000] {logging_mixin.py:188} INFO - [2025-05-21T02:16:40.960+0000] {dag.py:3823} INFO - Setting next_dagrun for run_dbt_models_after_ingestion to None, run_after=None
[2025-05-21T02:16:40.978+0000] {processor.py:183} INFO - Processing /opt/airflow/dags/dbt_model_dag.py took 0.122 seconds
[2025-05-21T02:17:11.435+0000] {processor.py:161} INFO - Started process (PID=19235) to work on /opt/airflow/dags/dbt_model_dag.py
[2025-05-21T02:17:11.439+0000] {processor.py:830} INFO - Processing file /opt/airflow/dags/dbt_model_dag.py for tasks to queue
[2025-05-21T02:17:11.443+0000] {logging_mixin.py:188} INFO - [2025-05-21T02:17:11.441+0000] {dagbag.py:538} INFO - Filling up the DagBag from /opt/airflow/dags/dbt_model_dag.py
[2025-05-21T02:17:11.473+0000] {processor.py:840} INFO - DAG(s) 'run_dbt_models_after_ingestion' retrieved from /opt/airflow/dags/dbt_model_dag.py
[2025-05-21T02:17:11.515+0000] {logging_mixin.py:188} INFO - [2025-05-21T02:17:11.515+0000] {dag.py:3036} INFO - Sync 1 DAGs
[2025-05-21T02:17:11.530+0000] {logging_mixin.py:188} INFO - [2025-05-21T02:17:11.530+0000] {dag.py:3823} INFO - Setting next_dagrun for run_dbt_models_after_ingestion to None, run_after=None
[2025-05-21T02:17:11.544+0000] {processor.py:183} INFO - Processing /opt/airflow/dags/dbt_model_dag.py took 0.122 seconds
[2025-05-21T02:17:42.010+0000] {processor.py:161} INFO - Started process (PID=19245) to work on /opt/airflow/dags/dbt_model_dag.py
[2025-05-21T02:17:42.013+0000] {processor.py:830} INFO - Processing file /opt/airflow/dags/dbt_model_dag.py for tasks to queue
[2025-05-21T02:17:42.014+0000] {logging_mixin.py:188} INFO - [2025-05-21T02:17:42.014+0000] {dagbag.py:538} INFO - Filling up the DagBag from /opt/airflow/dags/dbt_model_dag.py
[2025-05-21T02:17:42.040+0000] {processor.py:840} INFO - DAG(s) 'run_dbt_models_after_ingestion' retrieved from /opt/airflow/dags/dbt_model_dag.py
[2025-05-21T02:17:42.077+0000] {logging_mixin.py:188} INFO - [2025-05-21T02:17:42.077+0000] {dag.py:3036} INFO - Sync 1 DAGs
[2025-05-21T02:17:42.091+0000] {logging_mixin.py:188} INFO - [2025-05-21T02:17:42.091+0000] {dag.py:3823} INFO - Setting next_dagrun for run_dbt_models_after_ingestion to None, run_after=None
[2025-05-21T02:17:42.105+0000] {processor.py:183} INFO - Processing /opt/airflow/dags/dbt_model_dag.py took 0.110 seconds
[2025-05-21T02:18:12.747+0000] {processor.py:161} INFO - Started process (PID=19255) to work on /opt/airflow/dags/dbt_model_dag.py
[2025-05-21T02:18:12.754+0000] {processor.py:830} INFO - Processing file /opt/airflow/dags/dbt_model_dag.py for tasks to queue
[2025-05-21T02:18:12.757+0000] {logging_mixin.py:188} INFO - [2025-05-21T02:18:12.756+0000] {dagbag.py:538} INFO - Filling up the DagBag from /opt/airflow/dags/dbt_model_dag.py
[2025-05-21T02:18:12.800+0000] {processor.py:840} INFO - DAG(s) 'run_dbt_models_after_ingestion' retrieved from /opt/airflow/dags/dbt_model_dag.py
[2025-05-21T02:18:12.859+0000] {logging_mixin.py:188} INFO - [2025-05-21T02:18:12.858+0000] {dag.py:3036} INFO - Sync 1 DAGs
[2025-05-21T02:18:12.878+0000] {logging_mixin.py:188} INFO - [2025-05-21T02:18:12.878+0000] {dag.py:3823} INFO - Setting next_dagrun for run_dbt_models_after_ingestion to None, run_after=None
[2025-05-21T02:18:12.898+0000] {processor.py:183} INFO - Processing /opt/airflow/dags/dbt_model_dag.py took 0.163 seconds
[2025-05-21T02:18:43.467+0000] {processor.py:161} INFO - Started process (PID=19265) to work on /opt/airflow/dags/dbt_model_dag.py
[2025-05-21T02:18:43.470+0000] {processor.py:830} INFO - Processing file /opt/airflow/dags/dbt_model_dag.py for tasks to queue
[2025-05-21T02:18:43.472+0000] {logging_mixin.py:188} INFO - [2025-05-21T02:18:43.471+0000] {dagbag.py:538} INFO - Filling up the DagBag from /opt/airflow/dags/dbt_model_dag.py
[2025-05-21T02:18:43.507+0000] {processor.py:840} INFO - DAG(s) 'run_dbt_models_after_ingestion' retrieved from /opt/airflow/dags/dbt_model_dag.py
[2025-05-21T02:18:43.550+0000] {logging_mixin.py:188} INFO - [2025-05-21T02:18:43.549+0000] {dag.py:3036} INFO - Sync 1 DAGs
[2025-05-21T02:18:43.565+0000] {logging_mixin.py:188} INFO - [2025-05-21T02:18:43.565+0000] {dag.py:3823} INFO - Setting next_dagrun for run_dbt_models_after_ingestion to None, run_after=None
[2025-05-21T02:18:43.578+0000] {processor.py:183} INFO - Processing /opt/airflow/dags/dbt_model_dag.py took 0.125 seconds
[2025-05-21T02:19:14.030+0000] {processor.py:161} INFO - Started process (PID=19275) to work on /opt/airflow/dags/dbt_model_dag.py
[2025-05-21T02:19:14.033+0000] {processor.py:830} INFO - Processing file /opt/airflow/dags/dbt_model_dag.py for tasks to queue
[2025-05-21T02:19:14.036+0000] {logging_mixin.py:188} INFO - [2025-05-21T02:19:14.034+0000] {dagbag.py:538} INFO - Filling up the DagBag from /opt/airflow/dags/dbt_model_dag.py
[2025-05-21T02:19:14.066+0000] {processor.py:840} INFO - DAG(s) 'run_dbt_models_after_ingestion' retrieved from /opt/airflow/dags/dbt_model_dag.py
[2025-05-21T02:19:14.111+0000] {logging_mixin.py:188} INFO - [2025-05-21T02:19:14.111+0000] {dag.py:3036} INFO - Sync 1 DAGs
[2025-05-21T02:19:14.127+0000] {logging_mixin.py:188} INFO - [2025-05-21T02:19:14.127+0000] {dag.py:3823} INFO - Setting next_dagrun for run_dbt_models_after_ingestion to None, run_after=None
[2025-05-21T02:19:14.147+0000] {processor.py:183} INFO - Processing /opt/airflow/dags/dbt_model_dag.py took 0.133 seconds
[2025-05-21T02:19:44.707+0000] {processor.py:161} INFO - Started process (PID=19285) to work on /opt/airflow/dags/dbt_model_dag.py
[2025-05-21T02:19:44.711+0000] {processor.py:830} INFO - Processing file /opt/airflow/dags/dbt_model_dag.py for tasks to queue
[2025-05-21T02:19:44.713+0000] {logging_mixin.py:188} INFO - [2025-05-21T02:19:44.713+0000] {dagbag.py:538} INFO - Filling up the DagBag from /opt/airflow/dags/dbt_model_dag.py
[2025-05-21T02:19:44.789+0000] {processor.py:840} INFO - DAG(s) 'run_dbt_models_after_ingestion' retrieved from /opt/airflow/dags/dbt_model_dag.py
[2025-05-21T02:19:44.852+0000] {logging_mixin.py:188} INFO - [2025-05-21T02:19:44.851+0000] {dag.py:3036} INFO - Sync 1 DAGs
[2025-05-21T02:19:44.868+0000] {logging_mixin.py:188} INFO - [2025-05-21T02:19:44.867+0000] {dag.py:3823} INFO - Setting next_dagrun for run_dbt_models_after_ingestion to None, run_after=None
[2025-05-21T02:19:44.885+0000] {processor.py:183} INFO - Processing /opt/airflow/dags/dbt_model_dag.py took 0.199 seconds
[2025-05-21T02:20:15.505+0000] {processor.py:161} INFO - Started process (PID=19295) to work on /opt/airflow/dags/dbt_model_dag.py
[2025-05-21T02:20:15.511+0000] {processor.py:830} INFO - Processing file /opt/airflow/dags/dbt_model_dag.py for tasks to queue
[2025-05-21T02:20:15.512+0000] {logging_mixin.py:188} INFO - [2025-05-21T02:20:15.512+0000] {dagbag.py:538} INFO - Filling up the DagBag from /opt/airflow/dags/dbt_model_dag.py
[2025-05-21T02:20:15.674+0000] {processor.py:840} INFO - DAG(s) 'run_dbt_models_after_ingestion' retrieved from /opt/airflow/dags/dbt_model_dag.py
[2025-05-21T02:20:15.775+0000] {logging_mixin.py:188} INFO - [2025-05-21T02:20:15.774+0000] {dag.py:3036} INFO - Sync 1 DAGs
[2025-05-21T02:20:15.801+0000] {logging_mixin.py:188} INFO - [2025-05-21T02:20:15.801+0000] {dag.py:3823} INFO - Setting next_dagrun for run_dbt_models_after_ingestion to None, run_after=None
[2025-05-21T02:20:15.825+0000] {processor.py:183} INFO - Processing /opt/airflow/dags/dbt_model_dag.py took 0.342 seconds
[2025-05-21T02:20:45.999+0000] {processor.py:161} INFO - Started process (PID=19305) to work on /opt/airflow/dags/dbt_model_dag.py
[2025-05-21T02:20:46.003+0000] {processor.py:830} INFO - Processing file /opt/airflow/dags/dbt_model_dag.py for tasks to queue
[2025-05-21T02:20:46.005+0000] {logging_mixin.py:188} INFO - [2025-05-21T02:20:46.005+0000] {dagbag.py:538} INFO - Filling up the DagBag from /opt/airflow/dags/dbt_model_dag.py
[2025-05-21T02:20:46.038+0000] {processor.py:840} INFO - DAG(s) 'run_dbt_models_after_ingestion' retrieved from /opt/airflow/dags/dbt_model_dag.py
[2025-05-21T02:20:46.090+0000] {logging_mixin.py:188} INFO - [2025-05-21T02:20:46.090+0000] {dag.py:3036} INFO - Sync 1 DAGs
[2025-05-21T02:20:46.117+0000] {logging_mixin.py:188} INFO - [2025-05-21T02:20:46.117+0000] {dag.py:3823} INFO - Setting next_dagrun for run_dbt_models_after_ingestion to None, run_after=None
[2025-05-21T02:20:46.140+0000] {processor.py:183} INFO - Processing /opt/airflow/dags/dbt_model_dag.py took 0.150 seconds
[2025-05-21T02:21:16.717+0000] {processor.py:161} INFO - Started process (PID=19315) to work on /opt/airflow/dags/dbt_model_dag.py
[2025-05-21T02:21:16.719+0000] {processor.py:830} INFO - Processing file /opt/airflow/dags/dbt_model_dag.py for tasks to queue
[2025-05-21T02:21:16.723+0000] {logging_mixin.py:188} INFO - [2025-05-21T02:21:16.720+0000] {dagbag.py:538} INFO - Filling up the DagBag from /opt/airflow/dags/dbt_model_dag.py
[2025-05-21T02:21:16.751+0000] {processor.py:840} INFO - DAG(s) 'run_dbt_models_after_ingestion' retrieved from /opt/airflow/dags/dbt_model_dag.py
[2025-05-21T02:21:16.810+0000] {logging_mixin.py:188} INFO - [2025-05-21T02:21:16.810+0000] {dag.py:3036} INFO - Sync 1 DAGs
[2025-05-21T02:21:16.827+0000] {logging_mixin.py:188} INFO - [2025-05-21T02:21:16.827+0000] {dag.py:3823} INFO - Setting next_dagrun for run_dbt_models_after_ingestion to None, run_after=None
[2025-05-21T02:21:16.845+0000] {processor.py:183} INFO - Processing /opt/airflow/dags/dbt_model_dag.py took 0.141 seconds
[2025-05-21T02:32:50.061+0000] {processor.py:161} INFO - Started process (PID=19326) to work on /opt/airflow/dags/dbt_model_dag.py
[2025-05-21T02:32:50.063+0000] {processor.py:830} INFO - Processing file /opt/airflow/dags/dbt_model_dag.py for tasks to queue
[2025-05-21T02:32:50.064+0000] {logging_mixin.py:188} INFO - [2025-05-21T02:32:50.064+0000] {dagbag.py:538} INFO - Filling up the DagBag from /opt/airflow/dags/dbt_model_dag.py
[2025-05-21T02:32:50.096+0000] {processor.py:840} INFO - DAG(s) 'run_dbt_models_after_ingestion' retrieved from /opt/airflow/dags/dbt_model_dag.py
[2025-05-21T02:32:50.159+0000] {logging_mixin.py:188} INFO - [2025-05-21T02:32:50.159+0000] {dag.py:3036} INFO - Sync 1 DAGs
[2025-05-21T02:32:50.181+0000] {logging_mixin.py:188} INFO - [2025-05-21T02:32:50.181+0000] {dag.py:3823} INFO - Setting next_dagrun for run_dbt_models_after_ingestion to None, run_after=None
[2025-05-21T02:32:50.208+0000] {processor.py:183} INFO - Processing /opt/airflow/dags/dbt_model_dag.py took 0.164 seconds
[2025-05-21T02:50:43.197+0000] {processor.py:161} INFO - Started process (PID=19339) to work on /opt/airflow/dags/dbt_model_dag.py
[2025-05-21T02:50:43.200+0000] {processor.py:830} INFO - Processing file /opt/airflow/dags/dbt_model_dag.py for tasks to queue
[2025-05-21T02:50:43.202+0000] {logging_mixin.py:188} INFO - [2025-05-21T02:50:43.202+0000] {dagbag.py:538} INFO - Filling up the DagBag from /opt/airflow/dags/dbt_model_dag.py
[2025-05-21T02:50:43.273+0000] {processor.py:840} INFO - DAG(s) 'run_dbt_models_after_ingestion' retrieved from /opt/airflow/dags/dbt_model_dag.py
[2025-05-21T02:50:43.360+0000] {logging_mixin.py:188} INFO - [2025-05-21T02:50:43.360+0000] {dag.py:3036} INFO - Sync 1 DAGs
[2025-05-21T02:50:43.385+0000] {logging_mixin.py:188} INFO - [2025-05-21T02:50:43.385+0000] {dag.py:3823} INFO - Setting next_dagrun for run_dbt_models_after_ingestion to None, run_after=None
[2025-05-21T02:50:43.420+0000] {processor.py:183} INFO - Processing /opt/airflow/dags/dbt_model_dag.py took 0.233 seconds
[2025-05-21T03:15:17.366+0000] {processor.py:161} INFO - Started process (PID=19349) to work on /opt/airflow/dags/dbt_model_dag.py
[2025-05-21T03:15:17.368+0000] {processor.py:830} INFO - Processing file /opt/airflow/dags/dbt_model_dag.py for tasks to queue
[2025-05-21T03:15:17.369+0000] {logging_mixin.py:188} INFO - [2025-05-21T03:15:17.369+0000] {dagbag.py:538} INFO - Filling up the DagBag from /opt/airflow/dags/dbt_model_dag.py
[2025-05-21T03:15:17.397+0000] {processor.py:840} INFO - DAG(s) 'run_dbt_models_after_ingestion' retrieved from /opt/airflow/dags/dbt_model_dag.py
[2025-05-21T03:15:17.438+0000] {logging_mixin.py:188} INFO - [2025-05-21T03:15:17.438+0000] {dag.py:3036} INFO - Sync 1 DAGs
[2025-05-21T03:15:17.452+0000] {logging_mixin.py:188} INFO - [2025-05-21T03:15:17.451+0000] {dag.py:3823} INFO - Setting next_dagrun for run_dbt_models_after_ingestion to None, run_after=None
[2025-05-21T03:15:17.473+0000] {processor.py:183} INFO - Processing /opt/airflow/dags/dbt_model_dag.py took 0.119 seconds
[2025-05-21T03:22:15.546+0000] {processor.py:161} INFO - Started process (PID=19359) to work on /opt/airflow/dags/dbt_model_dag.py
[2025-05-21T03:22:15.549+0000] {processor.py:830} INFO - Processing file /opt/airflow/dags/dbt_model_dag.py for tasks to queue
[2025-05-21T03:22:15.552+0000] {logging_mixin.py:188} INFO - [2025-05-21T03:22:15.551+0000] {dagbag.py:538} INFO - Filling up the DagBag from /opt/airflow/dags/dbt_model_dag.py
[2025-05-21T03:22:15.585+0000] {processor.py:840} INFO - DAG(s) 'run_dbt_models_after_ingestion' retrieved from /opt/airflow/dags/dbt_model_dag.py
[2025-05-21T03:22:15.651+0000] {logging_mixin.py:188} INFO - [2025-05-21T03:22:15.650+0000] {dag.py:3036} INFO - Sync 1 DAGs
[2025-05-21T03:22:15.677+0000] {logging_mixin.py:188} INFO - [2025-05-21T03:22:15.677+0000] {dag.py:3823} INFO - Setting next_dagrun for run_dbt_models_after_ingestion to None, run_after=None
[2025-05-21T03:22:15.716+0000] {processor.py:183} INFO - Processing /opt/airflow/dags/dbt_model_dag.py took 0.185 seconds
[2025-05-21T03:26:55.028+0000] {processor.py:161} INFO - Started process (PID=19369) to work on /opt/airflow/dags/dbt_model_dag.py
[2025-05-21T03:26:55.032+0000] {processor.py:830} INFO - Processing file /opt/airflow/dags/dbt_model_dag.py for tasks to queue
[2025-05-21T03:26:55.037+0000] {logging_mixin.py:188} INFO - [2025-05-21T03:26:55.035+0000] {dagbag.py:538} INFO - Filling up the DagBag from /opt/airflow/dags/dbt_model_dag.py
[2025-05-21T03:26:55.080+0000] {processor.py:840} INFO - DAG(s) 'run_dbt_models_after_ingestion' retrieved from /opt/airflow/dags/dbt_model_dag.py
[2025-05-21T03:26:55.161+0000] {logging_mixin.py:188} INFO - [2025-05-21T03:26:55.161+0000] {dag.py:3036} INFO - Sync 1 DAGs
[2025-05-21T03:26:55.193+0000] {logging_mixin.py:188} INFO - [2025-05-21T03:26:55.193+0000] {dag.py:3823} INFO - Setting next_dagrun for run_dbt_models_after_ingestion to None, run_after=None
[2025-05-21T03:26:55.236+0000] {processor.py:183} INFO - Processing /opt/airflow/dags/dbt_model_dag.py took 0.217 seconds
[2025-05-21T03:27:25.469+0000] {processor.py:161} INFO - Started process (PID=19379) to work on /opt/airflow/dags/dbt_model_dag.py
[2025-05-21T03:27:25.472+0000] {processor.py:830} INFO - Processing file /opt/airflow/dags/dbt_model_dag.py for tasks to queue
[2025-05-21T03:27:25.473+0000] {logging_mixin.py:188} INFO - [2025-05-21T03:27:25.473+0000] {dagbag.py:538} INFO - Filling up the DagBag from /opt/airflow/dags/dbt_model_dag.py
[2025-05-21T03:27:25.499+0000] {processor.py:840} INFO - DAG(s) 'run_dbt_models_after_ingestion' retrieved from /opt/airflow/dags/dbt_model_dag.py
[2025-05-21T03:27:25.547+0000] {logging_mixin.py:188} INFO - [2025-05-21T03:27:25.547+0000] {dag.py:3036} INFO - Sync 1 DAGs
[2025-05-21T03:27:25.562+0000] {logging_mixin.py:188} INFO - [2025-05-21T03:27:25.562+0000] {dag.py:3823} INFO - Setting next_dagrun for run_dbt_models_after_ingestion to None, run_after=None
[2025-05-21T03:27:25.579+0000] {processor.py:183} INFO - Processing /opt/airflow/dags/dbt_model_dag.py took 0.123 seconds
[2025-05-21T03:56:52.906+0000] {processor.py:161} INFO - Started process (PID=19391) to work on /opt/airflow/dags/dbt_model_dag.py
[2025-05-21T03:56:52.908+0000] {processor.py:830} INFO - Processing file /opt/airflow/dags/dbt_model_dag.py for tasks to queue
[2025-05-21T03:56:52.909+0000] {logging_mixin.py:188} INFO - [2025-05-21T03:56:52.908+0000] {dagbag.py:538} INFO - Filling up the DagBag from /opt/airflow/dags/dbt_model_dag.py
[2025-05-21T03:56:52.935+0000] {processor.py:840} INFO - DAG(s) 'run_dbt_models_after_ingestion' retrieved from /opt/airflow/dags/dbt_model_dag.py
[2025-05-21T03:56:52.971+0000] {logging_mixin.py:188} INFO - [2025-05-21T03:56:52.971+0000] {dag.py:3036} INFO - Sync 1 DAGs
[2025-05-21T03:56:52.986+0000] {logging_mixin.py:188} INFO - [2025-05-21T03:56:52.986+0000] {dag.py:3823} INFO - Setting next_dagrun for run_dbt_models_after_ingestion to None, run_after=None
[2025-05-21T03:56:53.004+0000] {processor.py:183} INFO - Processing /opt/airflow/dags/dbt_model_dag.py took 0.108 seconds
[2025-05-21T03:57:23.545+0000] {processor.py:161} INFO - Started process (PID=19401) to work on /opt/airflow/dags/dbt_model_dag.py
[2025-05-21T03:57:23.548+0000] {processor.py:830} INFO - Processing file /opt/airflow/dags/dbt_model_dag.py for tasks to queue
[2025-05-21T03:57:23.549+0000] {logging_mixin.py:188} INFO - [2025-05-21T03:57:23.548+0000] {dagbag.py:538} INFO - Filling up the DagBag from /opt/airflow/dags/dbt_model_dag.py
[2025-05-21T03:57:23.572+0000] {processor.py:840} INFO - DAG(s) 'run_dbt_models_after_ingestion' retrieved from /opt/airflow/dags/dbt_model_dag.py
[2025-05-21T03:57:23.618+0000] {logging_mixin.py:188} INFO - [2025-05-21T03:57:23.618+0000] {dag.py:3036} INFO - Sync 1 DAGs
[2025-05-21T03:57:23.638+0000] {logging_mixin.py:188} INFO - [2025-05-21T03:57:23.638+0000] {dag.py:3823} INFO - Setting next_dagrun for run_dbt_models_after_ingestion to None, run_after=None
[2025-05-21T03:57:23.654+0000] {processor.py:183} INFO - Processing /opt/airflow/dags/dbt_model_dag.py took 0.122 seconds
[2025-05-21T03:57:54.061+0000] {processor.py:161} INFO - Started process (PID=19411) to work on /opt/airflow/dags/dbt_model_dag.py
[2025-05-21T03:57:54.063+0000] {processor.py:830} INFO - Processing file /opt/airflow/dags/dbt_model_dag.py for tasks to queue
[2025-05-21T03:57:54.064+0000] {logging_mixin.py:188} INFO - [2025-05-21T03:57:54.064+0000] {dagbag.py:538} INFO - Filling up the DagBag from /opt/airflow/dags/dbt_model_dag.py
[2025-05-21T03:57:54.094+0000] {processor.py:840} INFO - DAG(s) 'run_dbt_models_after_ingestion' retrieved from /opt/airflow/dags/dbt_model_dag.py
[2025-05-21T03:57:54.137+0000] {logging_mixin.py:188} INFO - [2025-05-21T03:57:54.137+0000] {dag.py:3036} INFO - Sync 1 DAGs
[2025-05-21T03:57:54.150+0000] {logging_mixin.py:188} INFO - [2025-05-21T03:57:54.149+0000] {dag.py:3823} INFO - Setting next_dagrun for run_dbt_models_after_ingestion to None, run_after=None
[2025-05-21T03:57:54.169+0000] {processor.py:183} INFO - Processing /opt/airflow/dags/dbt_model_dag.py took 0.121 seconds
[2025-05-21T03:58:24.587+0000] {processor.py:161} INFO - Started process (PID=19421) to work on /opt/airflow/dags/dbt_model_dag.py
[2025-05-21T03:58:24.588+0000] {processor.py:830} INFO - Processing file /opt/airflow/dags/dbt_model_dag.py for tasks to queue
[2025-05-21T03:58:24.590+0000] {logging_mixin.py:188} INFO - [2025-05-21T03:58:24.590+0000] {dagbag.py:538} INFO - Filling up the DagBag from /opt/airflow/dags/dbt_model_dag.py
[2025-05-21T03:58:24.614+0000] {processor.py:840} INFO - DAG(s) 'run_dbt_models_after_ingestion' retrieved from /opt/airflow/dags/dbt_model_dag.py
[2025-05-21T03:58:24.650+0000] {logging_mixin.py:188} INFO - [2025-05-21T03:58:24.650+0000] {dag.py:3036} INFO - Sync 1 DAGs
[2025-05-21T03:58:24.664+0000] {logging_mixin.py:188} INFO - [2025-05-21T03:58:24.664+0000] {dag.py:3823} INFO - Setting next_dagrun for run_dbt_models_after_ingestion to None, run_after=None
[2025-05-21T03:58:24.683+0000] {processor.py:183} INFO - Processing /opt/airflow/dags/dbt_model_dag.py took 0.111 seconds
[2025-05-21T03:58:55.134+0000] {processor.py:161} INFO - Started process (PID=19431) to work on /opt/airflow/dags/dbt_model_dag.py
[2025-05-21T03:58:55.138+0000] {processor.py:830} INFO - Processing file /opt/airflow/dags/dbt_model_dag.py for tasks to queue
[2025-05-21T03:58:55.139+0000] {logging_mixin.py:188} INFO - [2025-05-21T03:58:55.138+0000] {dagbag.py:538} INFO - Filling up the DagBag from /opt/airflow/dags/dbt_model_dag.py
[2025-05-21T03:58:55.165+0000] {processor.py:840} INFO - DAG(s) 'run_dbt_models_after_ingestion' retrieved from /opt/airflow/dags/dbt_model_dag.py
[2025-05-21T03:58:55.201+0000] {logging_mixin.py:188} INFO - [2025-05-21T03:58:55.201+0000] {dag.py:3036} INFO - Sync 1 DAGs
[2025-05-21T03:58:55.216+0000] {logging_mixin.py:188} INFO - [2025-05-21T03:58:55.216+0000] {dag.py:3823} INFO - Setting next_dagrun for run_dbt_models_after_ingestion to None, run_after=None
[2025-05-21T03:58:55.230+0000] {processor.py:183} INFO - Processing /opt/airflow/dags/dbt_model_dag.py took 0.111 seconds
[2025-05-21T03:59:25.681+0000] {processor.py:161} INFO - Started process (PID=19441) to work on /opt/airflow/dags/dbt_model_dag.py
[2025-05-21T03:59:25.682+0000] {processor.py:830} INFO - Processing file /opt/airflow/dags/dbt_model_dag.py for tasks to queue
[2025-05-21T03:59:25.684+0000] {logging_mixin.py:188} INFO - [2025-05-21T03:59:25.684+0000] {dagbag.py:538} INFO - Filling up the DagBag from /opt/airflow/dags/dbt_model_dag.py
[2025-05-21T03:59:25.708+0000] {processor.py:840} INFO - DAG(s) 'run_dbt_models_after_ingestion' retrieved from /opt/airflow/dags/dbt_model_dag.py
[2025-05-21T03:59:25.748+0000] {logging_mixin.py:188} INFO - [2025-05-21T03:59:25.747+0000] {dag.py:3036} INFO - Sync 1 DAGs
[2025-05-21T03:59:25.759+0000] {logging_mixin.py:188} INFO - [2025-05-21T03:59:25.759+0000] {dag.py:3823} INFO - Setting next_dagrun for run_dbt_models_after_ingestion to None, run_after=None
[2025-05-21T03:59:25.773+0000] {processor.py:183} INFO - Processing /opt/airflow/dags/dbt_model_dag.py took 0.105 seconds
[2025-05-21T03:59:56.155+0000] {processor.py:161} INFO - Started process (PID=19451) to work on /opt/airflow/dags/dbt_model_dag.py
[2025-05-21T03:59:56.157+0000] {processor.py:830} INFO - Processing file /opt/airflow/dags/dbt_model_dag.py for tasks to queue
[2025-05-21T03:59:56.159+0000] {logging_mixin.py:188} INFO - [2025-05-21T03:59:56.159+0000] {dagbag.py:538} INFO - Filling up the DagBag from /opt/airflow/dags/dbt_model_dag.py
[2025-05-21T03:59:56.184+0000] {processor.py:840} INFO - DAG(s) 'run_dbt_models_after_ingestion' retrieved from /opt/airflow/dags/dbt_model_dag.py
[2025-05-21T03:59:56.222+0000] {logging_mixin.py:188} INFO - [2025-05-21T03:59:56.222+0000] {dag.py:3036} INFO - Sync 1 DAGs
[2025-05-21T03:59:56.237+0000] {logging_mixin.py:188} INFO - [2025-05-21T03:59:56.237+0000] {dag.py:3823} INFO - Setting next_dagrun for run_dbt_models_after_ingestion to None, run_after=None
[2025-05-21T03:59:56.254+0000] {processor.py:183} INFO - Processing /opt/airflow/dags/dbt_model_dag.py took 0.107 seconds
[2025-05-21T04:00:26.678+0000] {processor.py:161} INFO - Started process (PID=19461) to work on /opt/airflow/dags/dbt_model_dag.py
[2025-05-21T04:00:26.682+0000] {processor.py:830} INFO - Processing file /opt/airflow/dags/dbt_model_dag.py for tasks to queue
[2025-05-21T04:00:26.684+0000] {logging_mixin.py:188} INFO - [2025-05-21T04:00:26.683+0000] {dagbag.py:538} INFO - Filling up the DagBag from /opt/airflow/dags/dbt_model_dag.py
[2025-05-21T04:00:26.712+0000] {processor.py:840} INFO - DAG(s) 'run_dbt_models_after_ingestion' retrieved from /opt/airflow/dags/dbt_model_dag.py
[2025-05-21T04:00:26.748+0000] {logging_mixin.py:188} INFO - [2025-05-21T04:00:26.748+0000] {dag.py:3036} INFO - Sync 1 DAGs
[2025-05-21T04:00:26.762+0000] {logging_mixin.py:188} INFO - [2025-05-21T04:00:26.762+0000] {dag.py:3823} INFO - Setting next_dagrun for run_dbt_models_after_ingestion to None, run_after=None
[2025-05-21T04:00:26.775+0000] {processor.py:183} INFO - Processing /opt/airflow/dags/dbt_model_dag.py took 0.110 seconds
[2025-05-21T04:00:57.246+0000] {processor.py:161} INFO - Started process (PID=19471) to work on /opt/airflow/dags/dbt_model_dag.py
[2025-05-21T04:00:57.248+0000] {processor.py:830} INFO - Processing file /opt/airflow/dags/dbt_model_dag.py for tasks to queue
[2025-05-21T04:00:57.250+0000] {logging_mixin.py:188} INFO - [2025-05-21T04:00:57.249+0000] {dagbag.py:538} INFO - Filling up the DagBag from /opt/airflow/dags/dbt_model_dag.py
[2025-05-21T04:00:57.284+0000] {processor.py:840} INFO - DAG(s) 'run_dbt_models_after_ingestion' retrieved from /opt/airflow/dags/dbt_model_dag.py
[2025-05-21T04:00:57.321+0000] {logging_mixin.py:188} INFO - [2025-05-21T04:00:57.321+0000] {dag.py:3036} INFO - Sync 1 DAGs
[2025-05-21T04:00:57.334+0000] {logging_mixin.py:188} INFO - [2025-05-21T04:00:57.334+0000] {dag.py:3823} INFO - Setting next_dagrun for run_dbt_models_after_ingestion to None, run_after=None
[2025-05-21T04:00:57.352+0000] {processor.py:183} INFO - Processing /opt/airflow/dags/dbt_model_dag.py took 0.131 seconds
[2025-05-21T04:01:27.769+0000] {processor.py:161} INFO - Started process (PID=19481) to work on /opt/airflow/dags/dbt_model_dag.py
[2025-05-21T04:01:27.770+0000] {processor.py:830} INFO - Processing file /opt/airflow/dags/dbt_model_dag.py for tasks to queue
[2025-05-21T04:01:27.771+0000] {logging_mixin.py:188} INFO - [2025-05-21T04:01:27.771+0000] {dagbag.py:538} INFO - Filling up the DagBag from /opt/airflow/dags/dbt_model_dag.py
[2025-05-21T04:01:27.795+0000] {processor.py:840} INFO - DAG(s) 'run_dbt_models_after_ingestion' retrieved from /opt/airflow/dags/dbt_model_dag.py
[2025-05-21T04:01:27.830+0000] {logging_mixin.py:188} INFO - [2025-05-21T04:01:27.830+0000] {dag.py:3036} INFO - Sync 1 DAGs
[2025-05-21T04:01:27.848+0000] {logging_mixin.py:188} INFO - [2025-05-21T04:01:27.848+0000] {dag.py:3823} INFO - Setting next_dagrun for run_dbt_models_after_ingestion to None, run_after=None
[2025-05-21T04:01:27.866+0000] {processor.py:183} INFO - Processing /opt/airflow/dags/dbt_model_dag.py took 0.112 seconds
[2025-05-21T04:01:58.309+0000] {processor.py:161} INFO - Started process (PID=19491) to work on /opt/airflow/dags/dbt_model_dag.py
[2025-05-21T04:01:58.312+0000] {processor.py:830} INFO - Processing file /opt/airflow/dags/dbt_model_dag.py for tasks to queue
[2025-05-21T04:01:58.315+0000] {logging_mixin.py:188} INFO - [2025-05-21T04:01:58.314+0000] {dagbag.py:538} INFO - Filling up the DagBag from /opt/airflow/dags/dbt_model_dag.py
[2025-05-21T04:01:58.338+0000] {processor.py:840} INFO - DAG(s) 'run_dbt_models_after_ingestion' retrieved from /opt/airflow/dags/dbt_model_dag.py
[2025-05-21T04:01:58.374+0000] {logging_mixin.py:188} INFO - [2025-05-21T04:01:58.374+0000] {dag.py:3036} INFO - Sync 1 DAGs
[2025-05-21T04:01:58.387+0000] {logging_mixin.py:188} INFO - [2025-05-21T04:01:58.387+0000] {dag.py:3823} INFO - Setting next_dagrun for run_dbt_models_after_ingestion to None, run_after=None
[2025-05-21T04:01:58.403+0000] {processor.py:183} INFO - Processing /opt/airflow/dags/dbt_model_dag.py took 0.105 seconds
[2025-05-21T04:02:28.819+0000] {processor.py:161} INFO - Started process (PID=19501) to work on /opt/airflow/dags/dbt_model_dag.py
[2025-05-21T04:02:28.821+0000] {processor.py:830} INFO - Processing file /opt/airflow/dags/dbt_model_dag.py for tasks to queue
[2025-05-21T04:02:28.828+0000] {logging_mixin.py:188} INFO - [2025-05-21T04:02:28.822+0000] {dagbag.py:538} INFO - Filling up the DagBag from /opt/airflow/dags/dbt_model_dag.py
[2025-05-21T04:02:28.854+0000] {processor.py:840} INFO - DAG(s) 'run_dbt_models_after_ingestion' retrieved from /opt/airflow/dags/dbt_model_dag.py
[2025-05-21T04:02:28.891+0000] {logging_mixin.py:188} INFO - [2025-05-21T04:02:28.891+0000] {dag.py:3036} INFO - Sync 1 DAGs
[2025-05-21T04:02:28.905+0000] {logging_mixin.py:188} INFO - [2025-05-21T04:02:28.905+0000] {dag.py:3823} INFO - Setting next_dagrun for run_dbt_models_after_ingestion to None, run_after=None
[2025-05-21T04:02:28.919+0000] {processor.py:183} INFO - Processing /opt/airflow/dags/dbt_model_dag.py took 0.115 seconds
[2025-05-21T04:02:59.390+0000] {processor.py:161} INFO - Started process (PID=19511) to work on /opt/airflow/dags/dbt_model_dag.py
[2025-05-21T04:02:59.393+0000] {processor.py:830} INFO - Processing file /opt/airflow/dags/dbt_model_dag.py for tasks to queue
[2025-05-21T04:02:59.395+0000] {logging_mixin.py:188} INFO - [2025-05-21T04:02:59.395+0000] {dagbag.py:538} INFO - Filling up the DagBag from /opt/airflow/dags/dbt_model_dag.py
[2025-05-21T04:02:59.426+0000] {processor.py:840} INFO - DAG(s) 'run_dbt_models_after_ingestion' retrieved from /opt/airflow/dags/dbt_model_dag.py
[2025-05-21T04:02:59.468+0000] {logging_mixin.py:188} INFO - [2025-05-21T04:02:59.468+0000] {dag.py:3036} INFO - Sync 1 DAGs
[2025-05-21T04:02:59.484+0000] {logging_mixin.py:188} INFO - [2025-05-21T04:02:59.484+0000] {dag.py:3823} INFO - Setting next_dagrun for run_dbt_models_after_ingestion to None, run_after=None
[2025-05-21T04:02:59.508+0000] {processor.py:183} INFO - Processing /opt/airflow/dags/dbt_model_dag.py took 0.133 seconds
[2025-05-21T04:03:29.959+0000] {processor.py:161} INFO - Started process (PID=19521) to work on /opt/airflow/dags/dbt_model_dag.py
[2025-05-21T04:03:29.961+0000] {processor.py:830} INFO - Processing file /opt/airflow/dags/dbt_model_dag.py for tasks to queue
[2025-05-21T04:03:29.962+0000] {logging_mixin.py:188} INFO - [2025-05-21T04:03:29.961+0000] {dagbag.py:538} INFO - Filling up the DagBag from /opt/airflow/dags/dbt_model_dag.py
[2025-05-21T04:03:29.992+0000] {processor.py:840} INFO - DAG(s) 'run_dbt_models_after_ingestion' retrieved from /opt/airflow/dags/dbt_model_dag.py
[2025-05-21T04:03:30.039+0000] {logging_mixin.py:188} INFO - [2025-05-21T04:03:30.039+0000] {dag.py:3036} INFO - Sync 1 DAGs
[2025-05-21T04:03:30.053+0000] {logging_mixin.py:188} INFO - [2025-05-21T04:03:30.052+0000] {dag.py:3823} INFO - Setting next_dagrun for run_dbt_models_after_ingestion to None, run_after=None
[2025-05-21T04:03:30.072+0000] {processor.py:183} INFO - Processing /opt/airflow/dags/dbt_model_dag.py took 0.128 seconds
[2025-05-21T04:04:00.494+0000] {processor.py:161} INFO - Started process (PID=19531) to work on /opt/airflow/dags/dbt_model_dag.py
[2025-05-21T04:04:00.496+0000] {processor.py:830} INFO - Processing file /opt/airflow/dags/dbt_model_dag.py for tasks to queue
[2025-05-21T04:04:00.497+0000] {logging_mixin.py:188} INFO - [2025-05-21T04:04:00.497+0000] {dagbag.py:538} INFO - Filling up the DagBag from /opt/airflow/dags/dbt_model_dag.py
[2025-05-21T04:04:00.527+0000] {processor.py:840} INFO - DAG(s) 'run_dbt_models_after_ingestion' retrieved from /opt/airflow/dags/dbt_model_dag.py
[2025-05-21T04:04:00.568+0000] {logging_mixin.py:188} INFO - [2025-05-21T04:04:00.568+0000] {dag.py:3036} INFO - Sync 1 DAGs
[2025-05-21T04:04:00.586+0000] {logging_mixin.py:188} INFO - [2025-05-21T04:04:00.586+0000] {dag.py:3823} INFO - Setting next_dagrun for run_dbt_models_after_ingestion to None, run_after=None
[2025-05-21T04:04:00.601+0000] {processor.py:183} INFO - Processing /opt/airflow/dags/dbt_model_dag.py took 0.125 seconds
[2025-05-21T04:04:31.069+0000] {processor.py:161} INFO - Started process (PID=19541) to work on /opt/airflow/dags/dbt_model_dag.py
[2025-05-21T04:04:31.074+0000] {processor.py:830} INFO - Processing file /opt/airflow/dags/dbt_model_dag.py for tasks to queue
[2025-05-21T04:04:31.075+0000] {logging_mixin.py:188} INFO - [2025-05-21T04:04:31.075+0000] {dagbag.py:538} INFO - Filling up the DagBag from /opt/airflow/dags/dbt_model_dag.py
[2025-05-21T04:04:31.099+0000] {processor.py:840} INFO - DAG(s) 'run_dbt_models_after_ingestion' retrieved from /opt/airflow/dags/dbt_model_dag.py
[2025-05-21T04:04:31.142+0000] {logging_mixin.py:188} INFO - [2025-05-21T04:04:31.142+0000] {dag.py:3036} INFO - Sync 1 DAGs
[2025-05-21T04:04:31.156+0000] {logging_mixin.py:188} INFO - [2025-05-21T04:04:31.156+0000] {dag.py:3823} INFO - Setting next_dagrun for run_dbt_models_after_ingestion to None, run_after=None
[2025-05-21T04:04:31.175+0000] {processor.py:183} INFO - Processing /opt/airflow/dags/dbt_model_dag.py took 0.121 seconds
[2025-05-21T04:05:01.658+0000] {processor.py:161} INFO - Started process (PID=19551) to work on /opt/airflow/dags/dbt_model_dag.py
[2025-05-21T04:05:01.665+0000] {processor.py:830} INFO - Processing file /opt/airflow/dags/dbt_model_dag.py for tasks to queue
[2025-05-21T04:05:01.666+0000] {logging_mixin.py:188} INFO - [2025-05-21T04:05:01.666+0000] {dagbag.py:538} INFO - Filling up the DagBag from /opt/airflow/dags/dbt_model_dag.py
[2025-05-21T04:05:01.691+0000] {processor.py:840} INFO - DAG(s) 'run_dbt_models_after_ingestion' retrieved from /opt/airflow/dags/dbt_model_dag.py
[2025-05-21T04:05:01.734+0000] {logging_mixin.py:188} INFO - [2025-05-21T04:05:01.734+0000] {dag.py:3036} INFO - Sync 1 DAGs
[2025-05-21T04:05:01.748+0000] {logging_mixin.py:188} INFO - [2025-05-21T04:05:01.748+0000] {dag.py:3823} INFO - Setting next_dagrun for run_dbt_models_after_ingestion to None, run_after=None
[2025-05-21T04:05:01.766+0000] {processor.py:183} INFO - Processing /opt/airflow/dags/dbt_model_dag.py took 0.121 seconds
[2025-05-21T04:05:32.217+0000] {processor.py:161} INFO - Started process (PID=19561) to work on /opt/airflow/dags/dbt_model_dag.py
[2025-05-21T04:05:32.221+0000] {processor.py:830} INFO - Processing file /opt/airflow/dags/dbt_model_dag.py for tasks to queue
[2025-05-21T04:05:32.224+0000] {logging_mixin.py:188} INFO - [2025-05-21T04:05:32.223+0000] {dagbag.py:538} INFO - Filling up the DagBag from /opt/airflow/dags/dbt_model_dag.py
[2025-05-21T04:05:32.249+0000] {processor.py:840} INFO - DAG(s) 'run_dbt_models_after_ingestion' retrieved from /opt/airflow/dags/dbt_model_dag.py
[2025-05-21T04:05:32.289+0000] {logging_mixin.py:188} INFO - [2025-05-21T04:05:32.288+0000] {dag.py:3036} INFO - Sync 1 DAGs
[2025-05-21T04:05:32.305+0000] {logging_mixin.py:188} INFO - [2025-05-21T04:05:32.305+0000] {dag.py:3823} INFO - Setting next_dagrun for run_dbt_models_after_ingestion to None, run_after=None
[2025-05-21T04:05:32.326+0000] {processor.py:183} INFO - Processing /opt/airflow/dags/dbt_model_dag.py took 0.126 seconds
[2025-05-21T04:06:02.783+0000] {processor.py:161} INFO - Started process (PID=19571) to work on /opt/airflow/dags/dbt_model_dag.py
[2025-05-21T04:06:02.786+0000] {processor.py:830} INFO - Processing file /opt/airflow/dags/dbt_model_dag.py for tasks to queue
[2025-05-21T04:06:02.788+0000] {logging_mixin.py:188} INFO - [2025-05-21T04:06:02.787+0000] {dagbag.py:538} INFO - Filling up the DagBag from /opt/airflow/dags/dbt_model_dag.py
[2025-05-21T04:06:02.816+0000] {processor.py:840} INFO - DAG(s) 'run_dbt_models_after_ingestion' retrieved from /opt/airflow/dags/dbt_model_dag.py
[2025-05-21T04:06:02.855+0000] {logging_mixin.py:188} INFO - [2025-05-21T04:06:02.855+0000] {dag.py:3036} INFO - Sync 1 DAGs
[2025-05-21T04:06:02.881+0000] {logging_mixin.py:188} INFO - [2025-05-21T04:06:02.881+0000] {dag.py:3823} INFO - Setting next_dagrun for run_dbt_models_after_ingestion to None, run_after=None
[2025-05-21T04:06:02.903+0000] {processor.py:183} INFO - Processing /opt/airflow/dags/dbt_model_dag.py took 0.133 seconds
[2025-05-21T04:06:33.375+0000] {processor.py:161} INFO - Started process (PID=19581) to work on /opt/airflow/dags/dbt_model_dag.py
[2025-05-21T04:06:33.378+0000] {processor.py:830} INFO - Processing file /opt/airflow/dags/dbt_model_dag.py for tasks to queue
[2025-05-21T04:06:33.379+0000] {logging_mixin.py:188} INFO - [2025-05-21T04:06:33.378+0000] {dagbag.py:538} INFO - Filling up the DagBag from /opt/airflow/dags/dbt_model_dag.py
[2025-05-21T04:06:33.409+0000] {processor.py:840} INFO - DAG(s) 'run_dbt_models_after_ingestion' retrieved from /opt/airflow/dags/dbt_model_dag.py
[2025-05-21T04:06:33.449+0000] {logging_mixin.py:188} INFO - [2025-05-21T04:06:33.448+0000] {dag.py:3036} INFO - Sync 1 DAGs
[2025-05-21T04:06:33.462+0000] {logging_mixin.py:188} INFO - [2025-05-21T04:06:33.462+0000] {dag.py:3823} INFO - Setting next_dagrun for run_dbt_models_after_ingestion to None, run_after=None
[2025-05-21T04:06:33.479+0000] {processor.py:183} INFO - Processing /opt/airflow/dags/dbt_model_dag.py took 0.114 seconds
[2025-05-21T04:07:03.930+0000] {processor.py:161} INFO - Started process (PID=19591) to work on /opt/airflow/dags/dbt_model_dag.py
[2025-05-21T04:07:03.933+0000] {processor.py:830} INFO - Processing file /opt/airflow/dags/dbt_model_dag.py for tasks to queue
[2025-05-21T04:07:03.934+0000] {logging_mixin.py:188} INFO - [2025-05-21T04:07:03.934+0000] {dagbag.py:538} INFO - Filling up the DagBag from /opt/airflow/dags/dbt_model_dag.py
[2025-05-21T04:07:03.963+0000] {processor.py:840} INFO - DAG(s) 'run_dbt_models_after_ingestion' retrieved from /opt/airflow/dags/dbt_model_dag.py
[2025-05-21T04:07:04.008+0000] {logging_mixin.py:188} INFO - [2025-05-21T04:07:04.007+0000] {dag.py:3036} INFO - Sync 1 DAGs
[2025-05-21T04:07:04.023+0000] {logging_mixin.py:188} INFO - [2025-05-21T04:07:04.023+0000] {dag.py:3823} INFO - Setting next_dagrun for run_dbt_models_after_ingestion to None, run_after=None
[2025-05-21T04:07:04.035+0000] {processor.py:183} INFO - Processing /opt/airflow/dags/dbt_model_dag.py took 0.118 seconds
[2025-05-21T04:07:34.400+0000] {processor.py:161} INFO - Started process (PID=19601) to work on /opt/airflow/dags/dbt_model_dag.py
[2025-05-21T04:07:34.401+0000] {processor.py:830} INFO - Processing file /opt/airflow/dags/dbt_model_dag.py for tasks to queue
[2025-05-21T04:07:34.402+0000] {logging_mixin.py:188} INFO - [2025-05-21T04:07:34.402+0000] {dagbag.py:538} INFO - Filling up the DagBag from /opt/airflow/dags/dbt_model_dag.py
[2025-05-21T04:07:34.432+0000] {processor.py:840} INFO - DAG(s) 'run_dbt_models_after_ingestion' retrieved from /opt/airflow/dags/dbt_model_dag.py
[2025-05-21T04:07:34.469+0000] {logging_mixin.py:188} INFO - [2025-05-21T04:07:34.469+0000] {dag.py:3036} INFO - Sync 1 DAGs
[2025-05-21T04:07:34.485+0000] {logging_mixin.py:188} INFO - [2025-05-21T04:07:34.485+0000] {dag.py:3823} INFO - Setting next_dagrun for run_dbt_models_after_ingestion to None, run_after=None
[2025-05-21T04:07:34.499+0000] {processor.py:183} INFO - Processing /opt/airflow/dags/dbt_model_dag.py took 0.112 seconds
[2025-05-21T04:08:04.959+0000] {processor.py:161} INFO - Started process (PID=19611) to work on /opt/airflow/dags/dbt_model_dag.py
[2025-05-21T04:08:04.965+0000] {processor.py:830} INFO - Processing file /opt/airflow/dags/dbt_model_dag.py for tasks to queue
[2025-05-21T04:08:04.966+0000] {logging_mixin.py:188} INFO - [2025-05-21T04:08:04.965+0000] {dagbag.py:538} INFO - Filling up the DagBag from /opt/airflow/dags/dbt_model_dag.py
[2025-05-21T04:08:04.992+0000] {processor.py:840} INFO - DAG(s) 'run_dbt_models_after_ingestion' retrieved from /opt/airflow/dags/dbt_model_dag.py
[2025-05-21T04:08:05.041+0000] {logging_mixin.py:188} INFO - [2025-05-21T04:08:05.041+0000] {dag.py:3036} INFO - Sync 1 DAGs
[2025-05-21T04:08:05.060+0000] {logging_mixin.py:188} INFO - [2025-05-21T04:08:05.060+0000] {dag.py:3823} INFO - Setting next_dagrun for run_dbt_models_after_ingestion to None, run_after=None
[2025-05-21T04:08:05.079+0000] {processor.py:183} INFO - Processing /opt/airflow/dags/dbt_model_dag.py took 0.135 seconds
[2025-05-21T04:08:35.559+0000] {processor.py:161} INFO - Started process (PID=19621) to work on /opt/airflow/dags/dbt_model_dag.py
[2025-05-21T04:08:35.561+0000] {processor.py:830} INFO - Processing file /opt/airflow/dags/dbt_model_dag.py for tasks to queue
[2025-05-21T04:08:35.563+0000] {logging_mixin.py:188} INFO - [2025-05-21T04:08:35.562+0000] {dagbag.py:538} INFO - Filling up the DagBag from /opt/airflow/dags/dbt_model_dag.py
[2025-05-21T04:08:35.592+0000] {processor.py:840} INFO - DAG(s) 'run_dbt_models_after_ingestion' retrieved from /opt/airflow/dags/dbt_model_dag.py
[2025-05-21T04:08:35.637+0000] {logging_mixin.py:188} INFO - [2025-05-21T04:08:35.637+0000] {dag.py:3036} INFO - Sync 1 DAGs
[2025-05-21T04:08:35.650+0000] {logging_mixin.py:188} INFO - [2025-05-21T04:08:35.650+0000] {dag.py:3823} INFO - Setting next_dagrun for run_dbt_models_after_ingestion to None, run_after=None
[2025-05-21T04:08:35.666+0000] {processor.py:183} INFO - Processing /opt/airflow/dags/dbt_model_dag.py took 0.124 seconds
[2025-05-21T04:09:06.129+0000] {processor.py:161} INFO - Started process (PID=19631) to work on /opt/airflow/dags/dbt_model_dag.py
[2025-05-21T04:09:06.132+0000] {processor.py:830} INFO - Processing file /opt/airflow/dags/dbt_model_dag.py for tasks to queue
[2025-05-21T04:09:06.134+0000] {logging_mixin.py:188} INFO - [2025-05-21T04:09:06.133+0000] {dagbag.py:538} INFO - Filling up the DagBag from /opt/airflow/dags/dbt_model_dag.py
[2025-05-21T04:09:06.162+0000] {processor.py:840} INFO - DAG(s) 'run_dbt_models_after_ingestion' retrieved from /opt/airflow/dags/dbt_model_dag.py
[2025-05-21T04:09:06.204+0000] {logging_mixin.py:188} INFO - [2025-05-21T04:09:06.204+0000] {dag.py:3036} INFO - Sync 1 DAGs
[2025-05-21T04:09:06.218+0000] {logging_mixin.py:188} INFO - [2025-05-21T04:09:06.218+0000] {dag.py:3823} INFO - Setting next_dagrun for run_dbt_models_after_ingestion to None, run_after=None
[2025-05-21T04:09:06.233+0000] {processor.py:183} INFO - Processing /opt/airflow/dags/dbt_model_dag.py took 0.119 seconds
[2025-05-21T04:09:36.826+0000] {processor.py:161} INFO - Started process (PID=19641) to work on /opt/airflow/dags/dbt_model_dag.py
[2025-05-21T04:09:36.830+0000] {processor.py:830} INFO - Processing file /opt/airflow/dags/dbt_model_dag.py for tasks to queue
[2025-05-21T04:09:36.831+0000] {logging_mixin.py:188} INFO - [2025-05-21T04:09:36.830+0000] {dagbag.py:538} INFO - Filling up the DagBag from /opt/airflow/dags/dbt_model_dag.py
[2025-05-21T04:09:36.853+0000] {processor.py:840} INFO - DAG(s) 'run_dbt_models_after_ingestion' retrieved from /opt/airflow/dags/dbt_model_dag.py
[2025-05-21T04:09:36.893+0000] {logging_mixin.py:188} INFO - [2025-05-21T04:09:36.893+0000] {dag.py:3036} INFO - Sync 1 DAGs
[2025-05-21T04:09:36.913+0000] {logging_mixin.py:188} INFO - [2025-05-21T04:09:36.913+0000] {dag.py:3823} INFO - Setting next_dagrun for run_dbt_models_after_ingestion to None, run_after=None
[2025-05-21T04:09:36.927+0000] {processor.py:183} INFO - Processing /opt/airflow/dags/dbt_model_dag.py took 0.119 seconds
[2025-05-21T04:10:07.455+0000] {processor.py:161} INFO - Started process (PID=19651) to work on /opt/airflow/dags/dbt_model_dag.py
[2025-05-21T04:10:07.458+0000] {processor.py:830} INFO - Processing file /opt/airflow/dags/dbt_model_dag.py for tasks to queue
[2025-05-21T04:10:07.459+0000] {logging_mixin.py:188} INFO - [2025-05-21T04:10:07.459+0000] {dagbag.py:538} INFO - Filling up the DagBag from /opt/airflow/dags/dbt_model_dag.py
[2025-05-21T04:10:07.490+0000] {processor.py:840} INFO - DAG(s) 'run_dbt_models_after_ingestion' retrieved from /opt/airflow/dags/dbt_model_dag.py
[2025-05-21T04:10:07.539+0000] {logging_mixin.py:188} INFO - [2025-05-21T04:10:07.539+0000] {dag.py:3036} INFO - Sync 1 DAGs
[2025-05-21T04:10:07.555+0000] {logging_mixin.py:188} INFO - [2025-05-21T04:10:07.555+0000] {dag.py:3823} INFO - Setting next_dagrun for run_dbt_models_after_ingestion to None, run_after=None
[2025-05-21T04:10:07.571+0000] {processor.py:183} INFO - Processing /opt/airflow/dags/dbt_model_dag.py took 0.130 seconds
[2025-05-21T04:10:38.011+0000] {processor.py:161} INFO - Started process (PID=19661) to work on /opt/airflow/dags/dbt_model_dag.py
[2025-05-21T04:10:38.018+0000] {processor.py:830} INFO - Processing file /opt/airflow/dags/dbt_model_dag.py for tasks to queue
[2025-05-21T04:10:38.020+0000] {logging_mixin.py:188} INFO - [2025-05-21T04:10:38.020+0000] {dagbag.py:538} INFO - Filling up the DagBag from /opt/airflow/dags/dbt_model_dag.py
[2025-05-21T04:10:38.049+0000] {processor.py:840} INFO - DAG(s) 'run_dbt_models_after_ingestion' retrieved from /opt/airflow/dags/dbt_model_dag.py
[2025-05-21T04:10:38.091+0000] {logging_mixin.py:188} INFO - [2025-05-21T04:10:38.091+0000] {dag.py:3036} INFO - Sync 1 DAGs
[2025-05-21T04:10:38.105+0000] {logging_mixin.py:188} INFO - [2025-05-21T04:10:38.105+0000] {dag.py:3823} INFO - Setting next_dagrun for run_dbt_models_after_ingestion to None, run_after=None
[2025-05-21T04:10:38.123+0000] {processor.py:183} INFO - Processing /opt/airflow/dags/dbt_model_dag.py took 0.124 seconds
[2025-05-21T04:11:08.557+0000] {processor.py:161} INFO - Started process (PID=19671) to work on /opt/airflow/dags/dbt_model_dag.py
[2025-05-21T04:11:08.560+0000] {processor.py:830} INFO - Processing file /opt/airflow/dags/dbt_model_dag.py for tasks to queue
[2025-05-21T04:11:08.561+0000] {logging_mixin.py:188} INFO - [2025-05-21T04:11:08.560+0000] {dagbag.py:538} INFO - Filling up the DagBag from /opt/airflow/dags/dbt_model_dag.py
[2025-05-21T04:11:08.589+0000] {processor.py:840} INFO - DAG(s) 'run_dbt_models_after_ingestion' retrieved from /opt/airflow/dags/dbt_model_dag.py
[2025-05-21T04:11:08.636+0000] {logging_mixin.py:188} INFO - [2025-05-21T04:11:08.636+0000] {dag.py:3036} INFO - Sync 1 DAGs
[2025-05-21T04:11:08.652+0000] {logging_mixin.py:188} INFO - [2025-05-21T04:11:08.651+0000] {dag.py:3823} INFO - Setting next_dagrun for run_dbt_models_after_ingestion to None, run_after=None
[2025-05-21T04:11:08.667+0000] {processor.py:183} INFO - Processing /opt/airflow/dags/dbt_model_dag.py took 0.123 seconds
[2025-05-21T04:11:39.100+0000] {processor.py:161} INFO - Started process (PID=19681) to work on /opt/airflow/dags/dbt_model_dag.py
[2025-05-21T04:11:39.103+0000] {processor.py:830} INFO - Processing file /opt/airflow/dags/dbt_model_dag.py for tasks to queue
[2025-05-21T04:11:39.105+0000] {logging_mixin.py:188} INFO - [2025-05-21T04:11:39.104+0000] {dagbag.py:538} INFO - Filling up the DagBag from /opt/airflow/dags/dbt_model_dag.py
[2025-05-21T04:11:39.134+0000] {processor.py:840} INFO - DAG(s) 'run_dbt_models_after_ingestion' retrieved from /opt/airflow/dags/dbt_model_dag.py
[2025-05-21T04:11:39.177+0000] {logging_mixin.py:188} INFO - [2025-05-21T04:11:39.177+0000] {dag.py:3036} INFO - Sync 1 DAGs
[2025-05-21T04:11:39.191+0000] {logging_mixin.py:188} INFO - [2025-05-21T04:11:39.191+0000] {dag.py:3823} INFO - Setting next_dagrun for run_dbt_models_after_ingestion to None, run_after=None
[2025-05-21T04:11:39.205+0000] {processor.py:183} INFO - Processing /opt/airflow/dags/dbt_model_dag.py took 0.121 seconds
[2025-05-21T04:12:09.690+0000] {processor.py:161} INFO - Started process (PID=19691) to work on /opt/airflow/dags/dbt_model_dag.py
[2025-05-21T04:12:09.694+0000] {processor.py:830} INFO - Processing file /opt/airflow/dags/dbt_model_dag.py for tasks to queue
[2025-05-21T04:12:09.695+0000] {logging_mixin.py:188} INFO - [2025-05-21T04:12:09.694+0000] {dagbag.py:538} INFO - Filling up the DagBag from /opt/airflow/dags/dbt_model_dag.py
[2025-05-21T04:12:09.718+0000] {processor.py:840} INFO - DAG(s) 'run_dbt_models_after_ingestion' retrieved from /opt/airflow/dags/dbt_model_dag.py
[2025-05-21T04:12:09.757+0000] {logging_mixin.py:188} INFO - [2025-05-21T04:12:09.757+0000] {dag.py:3036} INFO - Sync 1 DAGs
[2025-05-21T04:12:09.771+0000] {logging_mixin.py:188} INFO - [2025-05-21T04:12:09.771+0000] {dag.py:3823} INFO - Setting next_dagrun for run_dbt_models_after_ingestion to None, run_after=None
[2025-05-21T04:12:09.794+0000] {processor.py:183} INFO - Processing /opt/airflow/dags/dbt_model_dag.py took 0.115 seconds
[2025-05-21T04:12:40.234+0000] {processor.py:161} INFO - Started process (PID=19701) to work on /opt/airflow/dags/dbt_model_dag.py
[2025-05-21T04:12:40.237+0000] {processor.py:830} INFO - Processing file /opt/airflow/dags/dbt_model_dag.py for tasks to queue
[2025-05-21T04:12:40.239+0000] {logging_mixin.py:188} INFO - [2025-05-21T04:12:40.238+0000] {dagbag.py:538} INFO - Filling up the DagBag from /opt/airflow/dags/dbt_model_dag.py
[2025-05-21T04:12:40.264+0000] {processor.py:840} INFO - DAG(s) 'run_dbt_models_after_ingestion' retrieved from /opt/airflow/dags/dbt_model_dag.py
[2025-05-21T04:12:40.300+0000] {logging_mixin.py:188} INFO - [2025-05-21T04:12:40.300+0000] {dag.py:3036} INFO - Sync 1 DAGs
[2025-05-21T04:12:40.313+0000] {logging_mixin.py:188} INFO - [2025-05-21T04:12:40.313+0000] {dag.py:3823} INFO - Setting next_dagrun for run_dbt_models_after_ingestion to None, run_after=None
[2025-05-21T04:12:40.326+0000] {processor.py:183} INFO - Processing /opt/airflow/dags/dbt_model_dag.py took 0.103 seconds
[2025-05-21T04:13:10.767+0000] {processor.py:161} INFO - Started process (PID=19711) to work on /opt/airflow/dags/dbt_model_dag.py
[2025-05-21T04:13:10.769+0000] {processor.py:830} INFO - Processing file /opt/airflow/dags/dbt_model_dag.py for tasks to queue
[2025-05-21T04:13:10.770+0000] {logging_mixin.py:188} INFO - [2025-05-21T04:13:10.769+0000] {dagbag.py:538} INFO - Filling up the DagBag from /opt/airflow/dags/dbt_model_dag.py
[2025-05-21T04:13:10.796+0000] {processor.py:840} INFO - DAG(s) 'run_dbt_models_after_ingestion' retrieved from /opt/airflow/dags/dbt_model_dag.py
[2025-05-21T04:13:10.839+0000] {logging_mixin.py:188} INFO - [2025-05-21T04:13:10.839+0000] {dag.py:3036} INFO - Sync 1 DAGs
[2025-05-21T04:13:10.852+0000] {logging_mixin.py:188} INFO - [2025-05-21T04:13:10.852+0000] {dag.py:3823} INFO - Setting next_dagrun for run_dbt_models_after_ingestion to None, run_after=None
[2025-05-21T04:13:10.868+0000] {processor.py:183} INFO - Processing /opt/airflow/dags/dbt_model_dag.py took 0.112 seconds
[2025-05-21T04:13:41.308+0000] {processor.py:161} INFO - Started process (PID=19721) to work on /opt/airflow/dags/dbt_model_dag.py
[2025-05-21T04:13:41.310+0000] {processor.py:830} INFO - Processing file /opt/airflow/dags/dbt_model_dag.py for tasks to queue
[2025-05-21T04:13:41.313+0000] {logging_mixin.py:188} INFO - [2025-05-21T04:13:41.312+0000] {dagbag.py:538} INFO - Filling up the DagBag from /opt/airflow/dags/dbt_model_dag.py
[2025-05-21T04:13:41.338+0000] {processor.py:840} INFO - DAG(s) 'run_dbt_models_after_ingestion' retrieved from /opt/airflow/dags/dbt_model_dag.py
[2025-05-21T04:13:41.381+0000] {logging_mixin.py:188} INFO - [2025-05-21T04:13:41.381+0000] {dag.py:3036} INFO - Sync 1 DAGs
[2025-05-21T04:13:41.395+0000] {logging_mixin.py:188} INFO - [2025-05-21T04:13:41.395+0000] {dag.py:3823} INFO - Setting next_dagrun for run_dbt_models_after_ingestion to None, run_after=None
[2025-05-21T04:13:41.411+0000] {processor.py:183} INFO - Processing /opt/airflow/dags/dbt_model_dag.py took 0.115 seconds
[2025-05-21T04:14:11.858+0000] {processor.py:161} INFO - Started process (PID=19731) to work on /opt/airflow/dags/dbt_model_dag.py
[2025-05-21T04:14:11.863+0000] {processor.py:830} INFO - Processing file /opt/airflow/dags/dbt_model_dag.py for tasks to queue
[2025-05-21T04:14:11.864+0000] {logging_mixin.py:188} INFO - [2025-05-21T04:14:11.864+0000] {dagbag.py:538} INFO - Filling up the DagBag from /opt/airflow/dags/dbt_model_dag.py
[2025-05-21T04:14:11.892+0000] {processor.py:840} INFO - DAG(s) 'run_dbt_models_after_ingestion' retrieved from /opt/airflow/dags/dbt_model_dag.py
[2025-05-21T04:14:11.935+0000] {logging_mixin.py:188} INFO - [2025-05-21T04:14:11.935+0000] {dag.py:3036} INFO - Sync 1 DAGs
[2025-05-21T04:14:11.950+0000] {logging_mixin.py:188} INFO - [2025-05-21T04:14:11.950+0000] {dag.py:3823} INFO - Setting next_dagrun for run_dbt_models_after_ingestion to None, run_after=None
[2025-05-21T04:14:11.965+0000] {processor.py:183} INFO - Processing /opt/airflow/dags/dbt_model_dag.py took 0.119 seconds
[2025-05-21T04:14:42.403+0000] {processor.py:161} INFO - Started process (PID=19741) to work on /opt/airflow/dags/dbt_model_dag.py
[2025-05-21T04:14:42.406+0000] {processor.py:830} INFO - Processing file /opt/airflow/dags/dbt_model_dag.py for tasks to queue
[2025-05-21T04:14:42.407+0000] {logging_mixin.py:188} INFO - [2025-05-21T04:14:42.407+0000] {dagbag.py:538} INFO - Filling up the DagBag from /opt/airflow/dags/dbt_model_dag.py
[2025-05-21T04:14:42.433+0000] {processor.py:840} INFO - DAG(s) 'run_dbt_models_after_ingestion' retrieved from /opt/airflow/dags/dbt_model_dag.py
[2025-05-21T04:14:42.475+0000] {logging_mixin.py:188} INFO - [2025-05-21T04:14:42.475+0000] {dag.py:3036} INFO - Sync 1 DAGs
[2025-05-21T04:14:42.489+0000] {logging_mixin.py:188} INFO - [2025-05-21T04:14:42.489+0000] {dag.py:3823} INFO - Setting next_dagrun for run_dbt_models_after_ingestion to None, run_after=None
[2025-05-21T04:14:42.508+0000] {processor.py:183} INFO - Processing /opt/airflow/dags/dbt_model_dag.py took 0.119 seconds
[2025-05-21T04:15:12.964+0000] {processor.py:161} INFO - Started process (PID=19751) to work on /opt/airflow/dags/dbt_model_dag.py
[2025-05-21T04:15:12.967+0000] {processor.py:830} INFO - Processing file /opt/airflow/dags/dbt_model_dag.py for tasks to queue
[2025-05-21T04:15:12.968+0000] {logging_mixin.py:188} INFO - [2025-05-21T04:15:12.967+0000] {dagbag.py:538} INFO - Filling up the DagBag from /opt/airflow/dags/dbt_model_dag.py
[2025-05-21T04:15:12.997+0000] {processor.py:840} INFO - DAG(s) 'run_dbt_models_after_ingestion' retrieved from /opt/airflow/dags/dbt_model_dag.py
[2025-05-21T04:15:13.043+0000] {logging_mixin.py:188} INFO - [2025-05-21T04:15:13.043+0000] {dag.py:3036} INFO - Sync 1 DAGs
[2025-05-21T04:15:13.059+0000] {logging_mixin.py:188} INFO - [2025-05-21T04:15:13.059+0000] {dag.py:3823} INFO - Setting next_dagrun for run_dbt_models_after_ingestion to None, run_after=None
[2025-05-21T04:15:13.074+0000] {processor.py:183} INFO - Processing /opt/airflow/dags/dbt_model_dag.py took 0.121 seconds
[2025-05-21T04:15:43.501+0000] {processor.py:161} INFO - Started process (PID=19761) to work on /opt/airflow/dags/dbt_model_dag.py
[2025-05-21T04:15:43.503+0000] {processor.py:830} INFO - Processing file /opt/airflow/dags/dbt_model_dag.py for tasks to queue
[2025-05-21T04:15:43.505+0000] {logging_mixin.py:188} INFO - [2025-05-21T04:15:43.504+0000] {dagbag.py:538} INFO - Filling up the DagBag from /opt/airflow/dags/dbt_model_dag.py
[2025-05-21T04:15:43.534+0000] {processor.py:840} INFO - DAG(s) 'run_dbt_models_after_ingestion' retrieved from /opt/airflow/dags/dbt_model_dag.py
[2025-05-21T04:15:43.572+0000] {logging_mixin.py:188} INFO - [2025-05-21T04:15:43.572+0000] {dag.py:3036} INFO - Sync 1 DAGs
[2025-05-21T04:15:43.587+0000] {logging_mixin.py:188} INFO - [2025-05-21T04:15:43.586+0000] {dag.py:3823} INFO - Setting next_dagrun for run_dbt_models_after_ingestion to None, run_after=None
[2025-05-21T04:15:43.603+0000] {processor.py:183} INFO - Processing /opt/airflow/dags/dbt_model_dag.py took 0.122 seconds
[2025-05-21T04:16:14.092+0000] {processor.py:161} INFO - Started process (PID=19771) to work on /opt/airflow/dags/dbt_model_dag.py
[2025-05-21T04:16:14.095+0000] {processor.py:830} INFO - Processing file /opt/airflow/dags/dbt_model_dag.py for tasks to queue
[2025-05-21T04:16:14.096+0000] {logging_mixin.py:188} INFO - [2025-05-21T04:16:14.096+0000] {dagbag.py:538} INFO - Filling up the DagBag from /opt/airflow/dags/dbt_model_dag.py
[2025-05-21T04:16:14.120+0000] {processor.py:840} INFO - DAG(s) 'run_dbt_models_after_ingestion' retrieved from /opt/airflow/dags/dbt_model_dag.py
[2025-05-21T04:16:14.162+0000] {logging_mixin.py:188} INFO - [2025-05-21T04:16:14.162+0000] {dag.py:3036} INFO - Sync 1 DAGs
[2025-05-21T04:16:14.176+0000] {logging_mixin.py:188} INFO - [2025-05-21T04:16:14.176+0000] {dag.py:3823} INFO - Setting next_dagrun for run_dbt_models_after_ingestion to None, run_after=None
[2025-05-21T04:16:14.192+0000] {processor.py:183} INFO - Processing /opt/airflow/dags/dbt_model_dag.py took 0.109 seconds
[2025-05-21T04:16:44.647+0000] {processor.py:161} INFO - Started process (PID=19781) to work on /opt/airflow/dags/dbt_model_dag.py
[2025-05-21T04:16:44.651+0000] {processor.py:830} INFO - Processing file /opt/airflow/dags/dbt_model_dag.py for tasks to queue
[2025-05-21T04:16:44.653+0000] {logging_mixin.py:188} INFO - [2025-05-21T04:16:44.652+0000] {dagbag.py:538} INFO - Filling up the DagBag from /opt/airflow/dags/dbt_model_dag.py
[2025-05-21T04:16:44.681+0000] {processor.py:840} INFO - DAG(s) 'run_dbt_models_after_ingestion' retrieved from /opt/airflow/dags/dbt_model_dag.py
[2025-05-21T04:16:44.721+0000] {logging_mixin.py:188} INFO - [2025-05-21T04:16:44.721+0000] {dag.py:3036} INFO - Sync 1 DAGs
[2025-05-21T04:16:44.736+0000] {logging_mixin.py:188} INFO - [2025-05-21T04:16:44.736+0000] {dag.py:3823} INFO - Setting next_dagrun for run_dbt_models_after_ingestion to None, run_after=None
[2025-05-21T04:16:44.752+0000] {processor.py:183} INFO - Processing /opt/airflow/dags/dbt_model_dag.py took 0.124 seconds
[2025-05-21T04:17:15.213+0000] {processor.py:161} INFO - Started process (PID=19791) to work on /opt/airflow/dags/dbt_model_dag.py
[2025-05-21T04:17:15.217+0000] {processor.py:830} INFO - Processing file /opt/airflow/dags/dbt_model_dag.py for tasks to queue
[2025-05-21T04:17:15.218+0000] {logging_mixin.py:188} INFO - [2025-05-21T04:17:15.218+0000] {dagbag.py:538} INFO - Filling up the DagBag from /opt/airflow/dags/dbt_model_dag.py
[2025-05-21T04:17:15.245+0000] {processor.py:840} INFO - DAG(s) 'run_dbt_models_after_ingestion' retrieved from /opt/airflow/dags/dbt_model_dag.py
[2025-05-21T04:17:15.284+0000] {logging_mixin.py:188} INFO - [2025-05-21T04:17:15.284+0000] {dag.py:3036} INFO - Sync 1 DAGs
[2025-05-21T04:17:15.296+0000] {logging_mixin.py:188} INFO - [2025-05-21T04:17:15.296+0000] {dag.py:3823} INFO - Setting next_dagrun for run_dbt_models_after_ingestion to None, run_after=None
[2025-05-21T04:17:15.309+0000] {processor.py:183} INFO - Processing /opt/airflow/dags/dbt_model_dag.py took 0.108 seconds
[2025-05-21T04:17:45.661+0000] {processor.py:161} INFO - Started process (PID=19801) to work on /opt/airflow/dags/dbt_model_dag.py
[2025-05-21T04:17:45.663+0000] {processor.py:830} INFO - Processing file /opt/airflow/dags/dbt_model_dag.py for tasks to queue
[2025-05-21T04:17:45.664+0000] {logging_mixin.py:188} INFO - [2025-05-21T04:17:45.663+0000] {dagbag.py:538} INFO - Filling up the DagBag from /opt/airflow/dags/dbt_model_dag.py
[2025-05-21T04:17:45.695+0000] {processor.py:840} INFO - DAG(s) 'run_dbt_models_after_ingestion' retrieved from /opt/airflow/dags/dbt_model_dag.py
[2025-05-21T04:17:45.734+0000] {logging_mixin.py:188} INFO - [2025-05-21T04:17:45.734+0000] {dag.py:3036} INFO - Sync 1 DAGs
[2025-05-21T04:17:45.749+0000] {logging_mixin.py:188} INFO - [2025-05-21T04:17:45.749+0000] {dag.py:3823} INFO - Setting next_dagrun for run_dbt_models_after_ingestion to None, run_after=None
[2025-05-21T04:17:45.765+0000] {processor.py:183} INFO - Processing /opt/airflow/dags/dbt_model_dag.py took 0.115 seconds
[2025-05-21T04:18:16.186+0000] {processor.py:161} INFO - Started process (PID=19811) to work on /opt/airflow/dags/dbt_model_dag.py
[2025-05-21T04:18:16.188+0000] {processor.py:830} INFO - Processing file /opt/airflow/dags/dbt_model_dag.py for tasks to queue
[2025-05-21T04:18:16.190+0000] {logging_mixin.py:188} INFO - [2025-05-21T04:18:16.189+0000] {dagbag.py:538} INFO - Filling up the DagBag from /opt/airflow/dags/dbt_model_dag.py
[2025-05-21T04:18:16.214+0000] {processor.py:840} INFO - DAG(s) 'run_dbt_models_after_ingestion' retrieved from /opt/airflow/dags/dbt_model_dag.py
[2025-05-21T04:18:16.256+0000] {logging_mixin.py:188} INFO - [2025-05-21T04:18:16.256+0000] {dag.py:3036} INFO - Sync 1 DAGs
[2025-05-21T04:18:16.271+0000] {logging_mixin.py:188} INFO - [2025-05-21T04:18:16.271+0000] {dag.py:3823} INFO - Setting next_dagrun for run_dbt_models_after_ingestion to None, run_after=None
[2025-05-21T04:18:16.287+0000] {processor.py:183} INFO - Processing /opt/airflow/dags/dbt_model_dag.py took 0.119 seconds
[2025-05-21T04:18:46.763+0000] {processor.py:161} INFO - Started process (PID=19821) to work on /opt/airflow/dags/dbt_model_dag.py
[2025-05-21T04:18:46.768+0000] {processor.py:830} INFO - Processing file /opt/airflow/dags/dbt_model_dag.py for tasks to queue
[2025-05-21T04:18:46.769+0000] {logging_mixin.py:188} INFO - [2025-05-21T04:18:46.769+0000] {dagbag.py:538} INFO - Filling up the DagBag from /opt/airflow/dags/dbt_model_dag.py
[2025-05-21T04:18:46.798+0000] {processor.py:840} INFO - DAG(s) 'run_dbt_models_after_ingestion' retrieved from /opt/airflow/dags/dbt_model_dag.py
[2025-05-21T04:18:46.844+0000] {logging_mixin.py:188} INFO - [2025-05-21T04:18:46.844+0000] {dag.py:3036} INFO - Sync 1 DAGs
[2025-05-21T04:18:46.860+0000] {logging_mixin.py:188} INFO - [2025-05-21T04:18:46.860+0000] {dag.py:3823} INFO - Setting next_dagrun for run_dbt_models_after_ingestion to None, run_after=None
[2025-05-21T04:18:46.876+0000] {processor.py:183} INFO - Processing /opt/airflow/dags/dbt_model_dag.py took 0.126 seconds
[2025-05-21T04:19:17.331+0000] {processor.py:161} INFO - Started process (PID=19831) to work on /opt/airflow/dags/dbt_model_dag.py
[2025-05-21T04:19:17.335+0000] {processor.py:830} INFO - Processing file /opt/airflow/dags/dbt_model_dag.py for tasks to queue
[2025-05-21T04:19:17.337+0000] {logging_mixin.py:188} INFO - [2025-05-21T04:19:17.336+0000] {dagbag.py:538} INFO - Filling up the DagBag from /opt/airflow/dags/dbt_model_dag.py
[2025-05-21T04:19:17.362+0000] {processor.py:840} INFO - DAG(s) 'run_dbt_models_after_ingestion' retrieved from /opt/airflow/dags/dbt_model_dag.py
[2025-05-21T04:19:17.408+0000] {logging_mixin.py:188} INFO - [2025-05-21T04:19:17.408+0000] {dag.py:3036} INFO - Sync 1 DAGs
[2025-05-21T04:19:17.421+0000] {logging_mixin.py:188} INFO - [2025-05-21T04:19:17.421+0000] {dag.py:3823} INFO - Setting next_dagrun for run_dbt_models_after_ingestion to None, run_after=None
[2025-05-21T04:19:17.436+0000] {processor.py:183} INFO - Processing /opt/airflow/dags/dbt_model_dag.py took 0.118 seconds
[2025-05-21T04:19:47.883+0000] {processor.py:161} INFO - Started process (PID=19841) to work on /opt/airflow/dags/dbt_model_dag.py
[2025-05-21T04:19:47.888+0000] {processor.py:830} INFO - Processing file /opt/airflow/dags/dbt_model_dag.py for tasks to queue
[2025-05-21T04:19:47.889+0000] {logging_mixin.py:188} INFO - [2025-05-21T04:19:47.888+0000] {dagbag.py:538} INFO - Filling up the DagBag from /opt/airflow/dags/dbt_model_dag.py
[2025-05-21T04:19:47.920+0000] {processor.py:840} INFO - DAG(s) 'run_dbt_models_after_ingestion' retrieved from /opt/airflow/dags/dbt_model_dag.py
[2025-05-21T04:19:47.965+0000] {logging_mixin.py:188} INFO - [2025-05-21T04:19:47.965+0000] {dag.py:3036} INFO - Sync 1 DAGs
[2025-05-21T04:19:47.985+0000] {logging_mixin.py:188} INFO - [2025-05-21T04:19:47.985+0000] {dag.py:3823} INFO - Setting next_dagrun for run_dbt_models_after_ingestion to None, run_after=None
[2025-05-21T04:19:48.010+0000] {processor.py:183} INFO - Processing /opt/airflow/dags/dbt_model_dag.py took 0.146 seconds
[2025-05-21T04:20:18.436+0000] {processor.py:161} INFO - Started process (PID=19851) to work on /opt/airflow/dags/dbt_model_dag.py
[2025-05-21T04:20:18.439+0000] {processor.py:830} INFO - Processing file /opt/airflow/dags/dbt_model_dag.py for tasks to queue
[2025-05-21T04:20:18.440+0000] {logging_mixin.py:188} INFO - [2025-05-21T04:20:18.440+0000] {dagbag.py:538} INFO - Filling up the DagBag from /opt/airflow/dags/dbt_model_dag.py
[2025-05-21T04:20:18.473+0000] {processor.py:840} INFO - DAG(s) 'run_dbt_models_after_ingestion' retrieved from /opt/airflow/dags/dbt_model_dag.py
[2025-05-21T04:20:18.516+0000] {logging_mixin.py:188} INFO - [2025-05-21T04:20:18.516+0000] {dag.py:3036} INFO - Sync 1 DAGs
[2025-05-21T04:20:18.530+0000] {logging_mixin.py:188} INFO - [2025-05-21T04:20:18.530+0000] {dag.py:3823} INFO - Setting next_dagrun for run_dbt_models_after_ingestion to None, run_after=None
[2025-05-21T04:20:18.547+0000] {processor.py:183} INFO - Processing /opt/airflow/dags/dbt_model_dag.py took 0.126 seconds
[2025-05-21T04:20:49.018+0000] {processor.py:161} INFO - Started process (PID=19861) to work on /opt/airflow/dags/dbt_model_dag.py
[2025-05-21T04:20:49.023+0000] {processor.py:830} INFO - Processing file /opt/airflow/dags/dbt_model_dag.py for tasks to queue
[2025-05-21T04:20:49.026+0000] {logging_mixin.py:188} INFO - [2025-05-21T04:20:49.025+0000] {dagbag.py:538} INFO - Filling up the DagBag from /opt/airflow/dags/dbt_model_dag.py
[2025-05-21T04:20:49.048+0000] {processor.py:840} INFO - DAG(s) 'run_dbt_models_after_ingestion' retrieved from /opt/airflow/dags/dbt_model_dag.py
[2025-05-21T04:20:49.088+0000] {logging_mixin.py:188} INFO - [2025-05-21T04:20:49.088+0000] {dag.py:3036} INFO - Sync 1 DAGs
[2025-05-21T04:20:49.100+0000] {logging_mixin.py:188} INFO - [2025-05-21T04:20:49.100+0000] {dag.py:3823} INFO - Setting next_dagrun for run_dbt_models_after_ingestion to None, run_after=None
[2025-05-21T04:20:49.114+0000] {processor.py:183} INFO - Processing /opt/airflow/dags/dbt_model_dag.py took 0.108 seconds
[2025-05-21T04:21:19.534+0000] {processor.py:161} INFO - Started process (PID=19871) to work on /opt/airflow/dags/dbt_model_dag.py
[2025-05-21T04:21:19.537+0000] {processor.py:830} INFO - Processing file /opt/airflow/dags/dbt_model_dag.py for tasks to queue
[2025-05-21T04:21:19.539+0000] {logging_mixin.py:188} INFO - [2025-05-21T04:21:19.538+0000] {dagbag.py:538} INFO - Filling up the DagBag from /opt/airflow/dags/dbt_model_dag.py
[2025-05-21T04:21:19.565+0000] {processor.py:840} INFO - DAG(s) 'run_dbt_models_after_ingestion' retrieved from /opt/airflow/dags/dbt_model_dag.py
[2025-05-21T04:21:19.612+0000] {logging_mixin.py:188} INFO - [2025-05-21T04:21:19.612+0000] {dag.py:3036} INFO - Sync 1 DAGs
[2025-05-21T04:21:19.628+0000] {logging_mixin.py:188} INFO - [2025-05-21T04:21:19.627+0000] {dag.py:3823} INFO - Setting next_dagrun for run_dbt_models_after_ingestion to None, run_after=None
[2025-05-21T04:21:19.645+0000] {processor.py:183} INFO - Processing /opt/airflow/dags/dbt_model_dag.py took 0.124 seconds
[2025-05-21T04:21:50.055+0000] {processor.py:161} INFO - Started process (PID=19881) to work on /opt/airflow/dags/dbt_model_dag.py
[2025-05-21T04:21:50.058+0000] {processor.py:830} INFO - Processing file /opt/airflow/dags/dbt_model_dag.py for tasks to queue
[2025-05-21T04:21:50.059+0000] {logging_mixin.py:188} INFO - [2025-05-21T04:21:50.059+0000] {dagbag.py:538} INFO - Filling up the DagBag from /opt/airflow/dags/dbt_model_dag.py
[2025-05-21T04:21:50.082+0000] {processor.py:840} INFO - DAG(s) 'run_dbt_models_after_ingestion' retrieved from /opt/airflow/dags/dbt_model_dag.py
[2025-05-21T04:21:50.114+0000] {logging_mixin.py:188} INFO - [2025-05-21T04:21:50.114+0000] {dag.py:3036} INFO - Sync 1 DAGs
[2025-05-21T04:21:50.124+0000] {logging_mixin.py:188} INFO - [2025-05-21T04:21:50.124+0000] {dag.py:3823} INFO - Setting next_dagrun for run_dbt_models_after_ingestion to None, run_after=None
[2025-05-21T04:21:50.151+0000] {processor.py:183} INFO - Processing /opt/airflow/dags/dbt_model_dag.py took 0.103 seconds
[2025-05-21T04:22:20.551+0000] {processor.py:161} INFO - Started process (PID=19891) to work on /opt/airflow/dags/dbt_model_dag.py
[2025-05-21T04:22:20.553+0000] {processor.py:830} INFO - Processing file /opt/airflow/dags/dbt_model_dag.py for tasks to queue
[2025-05-21T04:22:20.554+0000] {logging_mixin.py:188} INFO - [2025-05-21T04:22:20.554+0000] {dagbag.py:538} INFO - Filling up the DagBag from /opt/airflow/dags/dbt_model_dag.py
[2025-05-21T04:22:20.567+0000] {processor.py:840} INFO - DAG(s) 'run_dbt_models_after_ingestion' retrieved from /opt/airflow/dags/dbt_model_dag.py
[2025-05-21T04:22:20.592+0000] {logging_mixin.py:188} INFO - [2025-05-21T04:22:20.592+0000] {dag.py:3036} INFO - Sync 1 DAGs
[2025-05-21T04:22:20.605+0000] {logging_mixin.py:188} INFO - [2025-05-21T04:22:20.605+0000] {dag.py:3823} INFO - Setting next_dagrun for run_dbt_models_after_ingestion to None, run_after=None
[2025-05-21T04:22:20.621+0000] {processor.py:183} INFO - Processing /opt/airflow/dags/dbt_model_dag.py took 0.076 seconds
[2025-05-21T04:22:51.016+0000] {processor.py:161} INFO - Started process (PID=19901) to work on /opt/airflow/dags/dbt_model_dag.py
[2025-05-21T04:22:51.018+0000] {processor.py:830} INFO - Processing file /opt/airflow/dags/dbt_model_dag.py for tasks to queue
[2025-05-21T04:22:51.019+0000] {logging_mixin.py:188} INFO - [2025-05-21T04:22:51.019+0000] {dagbag.py:538} INFO - Filling up the DagBag from /opt/airflow/dags/dbt_model_dag.py
[2025-05-21T04:22:51.043+0000] {processor.py:840} INFO - DAG(s) 'run_dbt_models_after_ingestion' retrieved from /opt/airflow/dags/dbt_model_dag.py
[2025-05-21T04:22:51.083+0000] {logging_mixin.py:188} INFO - [2025-05-21T04:22:51.082+0000] {dag.py:3036} INFO - Sync 1 DAGs
[2025-05-21T04:22:51.097+0000] {logging_mixin.py:188} INFO - [2025-05-21T04:22:51.097+0000] {dag.py:3823} INFO - Setting next_dagrun for run_dbt_models_after_ingestion to None, run_after=None
[2025-05-21T04:22:51.115+0000] {processor.py:183} INFO - Processing /opt/airflow/dags/dbt_model_dag.py took 0.110 seconds
[2025-05-21T04:23:21.463+0000] {processor.py:161} INFO - Started process (PID=19911) to work on /opt/airflow/dags/dbt_model_dag.py
[2025-05-21T04:23:21.464+0000] {processor.py:830} INFO - Processing file /opt/airflow/dags/dbt_model_dag.py for tasks to queue
[2025-05-21T04:23:21.465+0000] {logging_mixin.py:188} INFO - [2025-05-21T04:23:21.465+0000] {dagbag.py:538} INFO - Filling up the DagBag from /opt/airflow/dags/dbt_model_dag.py
[2025-05-21T04:23:21.478+0000] {processor.py:840} INFO - DAG(s) 'run_dbt_models_after_ingestion' retrieved from /opt/airflow/dags/dbt_model_dag.py
[2025-05-21T04:23:21.504+0000] {logging_mixin.py:188} INFO - [2025-05-21T04:23:21.504+0000] {dag.py:3036} INFO - Sync 1 DAGs
[2025-05-21T04:23:21.516+0000] {logging_mixin.py:188} INFO - [2025-05-21T04:23:21.515+0000] {dag.py:3823} INFO - Setting next_dagrun for run_dbt_models_after_ingestion to None, run_after=None
[2025-05-21T04:23:21.527+0000] {processor.py:183} INFO - Processing /opt/airflow/dags/dbt_model_dag.py took 0.070 seconds
[2025-05-21T04:23:51.878+0000] {processor.py:161} INFO - Started process (PID=19921) to work on /opt/airflow/dags/dbt_model_dag.py
[2025-05-21T04:23:51.883+0000] {processor.py:830} INFO - Processing file /opt/airflow/dags/dbt_model_dag.py for tasks to queue
[2025-05-21T04:23:51.885+0000] {logging_mixin.py:188} INFO - [2025-05-21T04:23:51.885+0000] {dagbag.py:538} INFO - Filling up the DagBag from /opt/airflow/dags/dbt_model_dag.py
[2025-05-21T04:23:51.910+0000] {processor.py:840} INFO - DAG(s) 'run_dbt_models_after_ingestion' retrieved from /opt/airflow/dags/dbt_model_dag.py
[2025-05-21T04:23:51.943+0000] {logging_mixin.py:188} INFO - [2025-05-21T04:23:51.942+0000] {dag.py:3036} INFO - Sync 1 DAGs
[2025-05-21T04:23:51.955+0000] {logging_mixin.py:188} INFO - [2025-05-21T04:23:51.955+0000] {dag.py:3823} INFO - Setting next_dagrun for run_dbt_models_after_ingestion to None, run_after=None
[2025-05-21T04:23:51.974+0000] {processor.py:183} INFO - Processing /opt/airflow/dags/dbt_model_dag.py took 0.099 seconds
[2025-05-21T04:24:22.463+0000] {processor.py:161} INFO - Started process (PID=19931) to work on /opt/airflow/dags/dbt_model_dag.py
[2025-05-21T04:24:22.468+0000] {processor.py:830} INFO - Processing file /opt/airflow/dags/dbt_model_dag.py for tasks to queue
[2025-05-21T04:24:22.470+0000] {logging_mixin.py:188} INFO - [2025-05-21T04:24:22.470+0000] {dagbag.py:538} INFO - Filling up the DagBag from /opt/airflow/dags/dbt_model_dag.py
[2025-05-21T04:24:22.496+0000] {processor.py:840} INFO - DAG(s) 'run_dbt_models_after_ingestion' retrieved from /opt/airflow/dags/dbt_model_dag.py
[2025-05-21T04:24:22.541+0000] {logging_mixin.py:188} INFO - [2025-05-21T04:24:22.541+0000] {dag.py:3036} INFO - Sync 1 DAGs
[2025-05-21T04:24:22.557+0000] {logging_mixin.py:188} INFO - [2025-05-21T04:24:22.557+0000] {dag.py:3823} INFO - Setting next_dagrun for run_dbt_models_after_ingestion to None, run_after=None
[2025-05-21T04:24:22.573+0000] {processor.py:183} INFO - Processing /opt/airflow/dags/dbt_model_dag.py took 0.124 seconds
[2025-05-21T04:24:53.046+0000] {processor.py:161} INFO - Started process (PID=19941) to work on /opt/airflow/dags/dbt_model_dag.py
[2025-05-21T04:24:53.051+0000] {processor.py:830} INFO - Processing file /opt/airflow/dags/dbt_model_dag.py for tasks to queue
[2025-05-21T04:24:53.053+0000] {logging_mixin.py:188} INFO - [2025-05-21T04:24:53.053+0000] {dagbag.py:538} INFO - Filling up the DagBag from /opt/airflow/dags/dbt_model_dag.py
[2025-05-21T04:24:53.081+0000] {processor.py:840} INFO - DAG(s) 'run_dbt_models_after_ingestion' retrieved from /opt/airflow/dags/dbt_model_dag.py
[2025-05-21T04:24:53.138+0000] {logging_mixin.py:188} INFO - [2025-05-21T04:24:53.137+0000] {dag.py:3036} INFO - Sync 1 DAGs
[2025-05-21T04:24:53.153+0000] {logging_mixin.py:188} INFO - [2025-05-21T04:24:53.152+0000] {dag.py:3823} INFO - Setting next_dagrun for run_dbt_models_after_ingestion to None, run_after=None
[2025-05-21T04:24:53.171+0000] {processor.py:183} INFO - Processing /opt/airflow/dags/dbt_model_dag.py took 0.140 seconds
[2025-05-21T04:25:57.445+0000] {processor.py:161} INFO - Started process (PID=19951) to work on /opt/airflow/dags/dbt_model_dag.py
[2025-05-21T04:25:57.449+0000] {processor.py:830} INFO - Processing file /opt/airflow/dags/dbt_model_dag.py for tasks to queue
[2025-05-21T04:25:57.450+0000] {logging_mixin.py:188} INFO - [2025-05-21T04:25:57.450+0000] {dagbag.py:538} INFO - Filling up the DagBag from /opt/airflow/dags/dbt_model_dag.py
[2025-05-21T04:25:57.471+0000] {processor.py:840} INFO - DAG(s) 'run_dbt_models_after_ingestion' retrieved from /opt/airflow/dags/dbt_model_dag.py
[2025-05-21T04:25:57.510+0000] {logging_mixin.py:188} INFO - [2025-05-21T04:25:57.510+0000] {dag.py:3036} INFO - Sync 1 DAGs
[2025-05-21T04:25:57.524+0000] {logging_mixin.py:188} INFO - [2025-05-21T04:25:57.524+0000] {dag.py:3823} INFO - Setting next_dagrun for run_dbt_models_after_ingestion to None, run_after=None
[2025-05-21T04:25:57.539+0000] {processor.py:183} INFO - Processing /opt/airflow/dags/dbt_model_dag.py took 0.101 seconds
[2025-05-21T04:26:27.928+0000] {processor.py:161} INFO - Started process (PID=19963) to work on /opt/airflow/dags/dbt_model_dag.py
[2025-05-21T04:26:27.930+0000] {processor.py:830} INFO - Processing file /opt/airflow/dags/dbt_model_dag.py for tasks to queue
[2025-05-21T04:26:27.931+0000] {logging_mixin.py:188} INFO - [2025-05-21T04:26:27.931+0000] {dagbag.py:538} INFO - Filling up the DagBag from /opt/airflow/dags/dbt_model_dag.py
[2025-05-21T04:26:27.941+0000] {processor.py:840} INFO - DAG(s) 'run_dbt_models_after_ingestion' retrieved from /opt/airflow/dags/dbt_model_dag.py
[2025-05-21T04:26:27.970+0000] {logging_mixin.py:188} INFO - [2025-05-21T04:26:27.970+0000] {dag.py:3036} INFO - Sync 1 DAGs
[2025-05-21T04:26:27.979+0000] {logging_mixin.py:188} INFO - [2025-05-21T04:26:27.979+0000] {dag.py:3823} INFO - Setting next_dagrun for run_dbt_models_after_ingestion to None, run_after=None
[2025-05-21T04:26:27.992+0000] {processor.py:183} INFO - Processing /opt/airflow/dags/dbt_model_dag.py took 0.070 seconds
[2025-05-21T04:26:58.433+0000] {processor.py:161} INFO - Started process (PID=19973) to work on /opt/airflow/dags/dbt_model_dag.py
[2025-05-21T04:26:58.435+0000] {processor.py:830} INFO - Processing file /opt/airflow/dags/dbt_model_dag.py for tasks to queue
[2025-05-21T04:26:58.437+0000] {logging_mixin.py:188} INFO - [2025-05-21T04:26:58.437+0000] {dagbag.py:538} INFO - Filling up the DagBag from /opt/airflow/dags/dbt_model_dag.py
[2025-05-21T04:26:58.464+0000] {processor.py:840} INFO - DAG(s) 'run_dbt_models_after_ingestion' retrieved from /opt/airflow/dags/dbt_model_dag.py
[2025-05-21T04:26:58.507+0000] {logging_mixin.py:188} INFO - [2025-05-21T04:26:58.507+0000] {dag.py:3036} INFO - Sync 1 DAGs
[2025-05-21T04:26:58.524+0000] {logging_mixin.py:188} INFO - [2025-05-21T04:26:58.524+0000] {dag.py:3823} INFO - Setting next_dagrun for run_dbt_models_after_ingestion to None, run_after=None
[2025-05-21T04:26:58.540+0000] {processor.py:183} INFO - Processing /opt/airflow/dags/dbt_model_dag.py took 0.118 seconds
[2025-05-21T04:27:28.969+0000] {processor.py:161} INFO - Started process (PID=19983) to work on /opt/airflow/dags/dbt_model_dag.py
[2025-05-21T04:27:28.970+0000] {processor.py:830} INFO - Processing file /opt/airflow/dags/dbt_model_dag.py for tasks to queue
[2025-05-21T04:27:28.971+0000] {logging_mixin.py:188} INFO - [2025-05-21T04:27:28.971+0000] {dagbag.py:538} INFO - Filling up the DagBag from /opt/airflow/dags/dbt_model_dag.py
[2025-05-21T04:27:28.984+0000] {processor.py:840} INFO - DAG(s) 'run_dbt_models_after_ingestion' retrieved from /opt/airflow/dags/dbt_model_dag.py
[2025-05-21T04:27:29.012+0000] {logging_mixin.py:188} INFO - [2025-05-21T04:27:29.012+0000] {dag.py:3036} INFO - Sync 1 DAGs
[2025-05-21T04:27:29.021+0000] {logging_mixin.py:188} INFO - [2025-05-21T04:27:29.021+0000] {dag.py:3823} INFO - Setting next_dagrun for run_dbt_models_after_ingestion to None, run_after=None
[2025-05-21T04:27:29.034+0000] {processor.py:183} INFO - Processing /opt/airflow/dags/dbt_model_dag.py took 0.082 seconds
[2025-05-21T04:27:59.422+0000] {processor.py:161} INFO - Started process (PID=19993) to work on /opt/airflow/dags/dbt_model_dag.py
[2025-05-21T04:27:59.423+0000] {processor.py:830} INFO - Processing file /opt/airflow/dags/dbt_model_dag.py for tasks to queue
[2025-05-21T04:27:59.424+0000] {logging_mixin.py:188} INFO - [2025-05-21T04:27:59.424+0000] {dagbag.py:538} INFO - Filling up the DagBag from /opt/airflow/dags/dbt_model_dag.py
[2025-05-21T04:27:59.446+0000] {processor.py:840} INFO - DAG(s) 'run_dbt_models_after_ingestion' retrieved from /opt/airflow/dags/dbt_model_dag.py
[2025-05-21T04:27:59.485+0000] {logging_mixin.py:188} INFO - [2025-05-21T04:27:59.485+0000] {dag.py:3036} INFO - Sync 1 DAGs
[2025-05-21T04:27:59.498+0000] {logging_mixin.py:188} INFO - [2025-05-21T04:27:59.498+0000] {dag.py:3823} INFO - Setting next_dagrun for run_dbt_models_after_ingestion to None, run_after=None
[2025-05-21T04:27:59.510+0000] {processor.py:183} INFO - Processing /opt/airflow/dags/dbt_model_dag.py took 0.099 seconds
[2025-05-21T04:28:29.827+0000] {processor.py:161} INFO - Started process (PID=20003) to work on /opt/airflow/dags/dbt_model_dag.py
[2025-05-21T04:28:29.828+0000] {processor.py:830} INFO - Processing file /opt/airflow/dags/dbt_model_dag.py for tasks to queue
[2025-05-21T04:28:29.830+0000] {logging_mixin.py:188} INFO - [2025-05-21T04:28:29.829+0000] {dagbag.py:538} INFO - Filling up the DagBag from /opt/airflow/dags/dbt_model_dag.py
[2025-05-21T04:28:29.840+0000] {processor.py:840} INFO - DAG(s) 'run_dbt_models_after_ingestion' retrieved from /opt/airflow/dags/dbt_model_dag.py
[2025-05-21T04:28:29.871+0000] {logging_mixin.py:188} INFO - [2025-05-21T04:28:29.870+0000] {dag.py:3036} INFO - Sync 1 DAGs
[2025-05-21T04:28:29.881+0000] {logging_mixin.py:188} INFO - [2025-05-21T04:28:29.881+0000] {dag.py:3823} INFO - Setting next_dagrun for run_dbt_models_after_ingestion to None, run_after=None
[2025-05-21T04:28:29.892+0000] {processor.py:183} INFO - Processing /opt/airflow/dags/dbt_model_dag.py took 0.072 seconds
[2025-05-21T04:29:00.282+0000] {processor.py:161} INFO - Started process (PID=20013) to work on /opt/airflow/dags/dbt_model_dag.py
[2025-05-21T04:29:00.283+0000] {processor.py:830} INFO - Processing file /opt/airflow/dags/dbt_model_dag.py for tasks to queue
[2025-05-21T04:29:00.284+0000] {logging_mixin.py:188} INFO - [2025-05-21T04:29:00.284+0000] {dagbag.py:538} INFO - Filling up the DagBag from /opt/airflow/dags/dbt_model_dag.py
[2025-05-21T04:29:00.304+0000] {processor.py:840} INFO - DAG(s) 'run_dbt_models_after_ingestion' retrieved from /opt/airflow/dags/dbt_model_dag.py
[2025-05-21T04:29:00.333+0000] {logging_mixin.py:188} INFO - [2025-05-21T04:29:00.333+0000] {dag.py:3036} INFO - Sync 1 DAGs
[2025-05-21T04:29:00.342+0000] {logging_mixin.py:188} INFO - [2025-05-21T04:29:00.342+0000] {dag.py:3823} INFO - Setting next_dagrun for run_dbt_models_after_ingestion to None, run_after=None
[2025-05-21T04:29:00.357+0000] {processor.py:183} INFO - Processing /opt/airflow/dags/dbt_model_dag.py took 0.090 seconds
[2025-05-21T04:29:34.220+0000] {processor.py:161} INFO - Started process (PID=20023) to work on /opt/airflow/dags/dbt_model_dag.py
[2025-05-21T04:29:34.224+0000] {processor.py:830} INFO - Processing file /opt/airflow/dags/dbt_model_dag.py for tasks to queue
[2025-05-21T04:29:34.227+0000] {logging_mixin.py:188} INFO - [2025-05-21T04:29:34.227+0000] {dagbag.py:538} INFO - Filling up the DagBag from /opt/airflow/dags/dbt_model_dag.py
[2025-05-21T04:29:34.256+0000] {processor.py:840} INFO - DAG(s) 'run_dbt_models_after_ingestion' retrieved from /opt/airflow/dags/dbt_model_dag.py
[2025-05-21T04:29:34.308+0000] {logging_mixin.py:188} INFO - [2025-05-21T04:29:34.308+0000] {dag.py:3036} INFO - Sync 1 DAGs
[2025-05-21T04:29:34.321+0000] {logging_mixin.py:188} INFO - [2025-05-21T04:29:34.321+0000] {dag.py:3823} INFO - Setting next_dagrun for run_dbt_models_after_ingestion to None, run_after=None
[2025-05-21T04:29:34.341+0000] {processor.py:183} INFO - Processing /opt/airflow/dags/dbt_model_dag.py took 0.132 seconds
[2025-05-21T04:32:02.281+0000] {processor.py:161} INFO - Started process (PID=20034) to work on /opt/airflow/dags/dbt_model_dag.py
[2025-05-21T04:32:02.282+0000] {processor.py:830} INFO - Processing file /opt/airflow/dags/dbt_model_dag.py for tasks to queue
[2025-05-21T04:32:02.284+0000] {logging_mixin.py:188} INFO - [2025-05-21T04:32:02.284+0000] {dagbag.py:538} INFO - Filling up the DagBag from /opt/airflow/dags/dbt_model_dag.py
[2025-05-21T04:32:02.310+0000] {processor.py:840} INFO - DAG(s) 'run_dbt_models_after_ingestion' retrieved from /opt/airflow/dags/dbt_model_dag.py
[2025-05-21T04:32:02.345+0000] {logging_mixin.py:188} INFO - [2025-05-21T04:32:02.345+0000] {dag.py:3036} INFO - Sync 1 DAGs
[2025-05-21T04:32:02.362+0000] {logging_mixin.py:188} INFO - [2025-05-21T04:32:02.362+0000] {dag.py:3823} INFO - Setting next_dagrun for run_dbt_models_after_ingestion to None, run_after=None
[2025-05-21T04:32:02.384+0000] {processor.py:183} INFO - Processing /opt/airflow/dags/dbt_model_dag.py took 0.115 seconds
[2025-05-21T04:32:32.768+0000] {processor.py:161} INFO - Started process (PID=20045) to work on /opt/airflow/dags/dbt_model_dag.py
[2025-05-21T04:32:32.770+0000] {processor.py:830} INFO - Processing file /opt/airflow/dags/dbt_model_dag.py for tasks to queue
[2025-05-21T04:32:32.770+0000] {logging_mixin.py:188} INFO - [2025-05-21T04:32:32.770+0000] {dagbag.py:538} INFO - Filling up the DagBag from /opt/airflow/dags/dbt_model_dag.py
[2025-05-21T04:32:32.800+0000] {processor.py:840} INFO - DAG(s) 'run_dbt_models_after_ingestion' retrieved from /opt/airflow/dags/dbt_model_dag.py
[2025-05-21T04:32:32.842+0000] {logging_mixin.py:188} INFO - [2025-05-21T04:32:32.842+0000] {dag.py:3036} INFO - Sync 1 DAGs
[2025-05-21T04:32:32.856+0000] {logging_mixin.py:188} INFO - [2025-05-21T04:32:32.856+0000] {dag.py:3823} INFO - Setting next_dagrun for run_dbt_models_after_ingestion to None, run_after=None
[2025-05-21T04:32:32.875+0000] {processor.py:183} INFO - Processing /opt/airflow/dags/dbt_model_dag.py took 0.120 seconds
[2025-05-21T04:33:03.333+0000] {processor.py:161} INFO - Started process (PID=20055) to work on /opt/airflow/dags/dbt_model_dag.py
[2025-05-21T04:33:03.335+0000] {processor.py:830} INFO - Processing file /opt/airflow/dags/dbt_model_dag.py for tasks to queue
[2025-05-21T04:33:03.336+0000] {logging_mixin.py:188} INFO - [2025-05-21T04:33:03.336+0000] {dagbag.py:538} INFO - Filling up the DagBag from /opt/airflow/dags/dbt_model_dag.py
[2025-05-21T04:33:03.362+0000] {processor.py:840} INFO - DAG(s) 'run_dbt_models_after_ingestion' retrieved from /opt/airflow/dags/dbt_model_dag.py
[2025-05-21T04:33:03.401+0000] {logging_mixin.py:188} INFO - [2025-05-21T04:33:03.401+0000] {dag.py:3036} INFO - Sync 1 DAGs
[2025-05-21T04:33:03.413+0000] {logging_mixin.py:188} INFO - [2025-05-21T04:33:03.413+0000] {dag.py:3823} INFO - Setting next_dagrun for run_dbt_models_after_ingestion to None, run_after=None
[2025-05-21T04:33:03.432+0000] {processor.py:183} INFO - Processing /opt/airflow/dags/dbt_model_dag.py took 0.109 seconds
[2025-05-21T04:33:33.880+0000] {processor.py:161} INFO - Started process (PID=20065) to work on /opt/airflow/dags/dbt_model_dag.py
[2025-05-21T04:33:33.882+0000] {processor.py:830} INFO - Processing file /opt/airflow/dags/dbt_model_dag.py for tasks to queue
[2025-05-21T04:33:33.883+0000] {logging_mixin.py:188} INFO - [2025-05-21T04:33:33.883+0000] {dagbag.py:538} INFO - Filling up the DagBag from /opt/airflow/dags/dbt_model_dag.py
[2025-05-21T04:33:33.917+0000] {processor.py:840} INFO - DAG(s) 'run_dbt_models_after_ingestion' retrieved from /opt/airflow/dags/dbt_model_dag.py
[2025-05-21T04:33:33.959+0000] {logging_mixin.py:188} INFO - [2025-05-21T04:33:33.959+0000] {dag.py:3036} INFO - Sync 1 DAGs
[2025-05-21T04:33:33.972+0000] {logging_mixin.py:188} INFO - [2025-05-21T04:33:33.972+0000] {dag.py:3823} INFO - Setting next_dagrun for run_dbt_models_after_ingestion to None, run_after=None
[2025-05-21T04:33:33.988+0000] {processor.py:183} INFO - Processing /opt/airflow/dags/dbt_model_dag.py took 0.126 seconds
[2025-05-21T04:34:04.443+0000] {processor.py:161} INFO - Started process (PID=20075) to work on /opt/airflow/dags/dbt_model_dag.py
[2025-05-21T04:34:04.446+0000] {processor.py:830} INFO - Processing file /opt/airflow/dags/dbt_model_dag.py for tasks to queue
[2025-05-21T04:34:04.448+0000] {logging_mixin.py:188} INFO - [2025-05-21T04:34:04.448+0000] {dagbag.py:538} INFO - Filling up the DagBag from /opt/airflow/dags/dbt_model_dag.py
[2025-05-21T04:34:04.478+0000] {processor.py:840} INFO - DAG(s) 'run_dbt_models_after_ingestion' retrieved from /opt/airflow/dags/dbt_model_dag.py
[2025-05-21T04:34:04.525+0000] {logging_mixin.py:188} INFO - [2025-05-21T04:34:04.525+0000] {dag.py:3036} INFO - Sync 1 DAGs
[2025-05-21T04:34:04.537+0000] {logging_mixin.py:188} INFO - [2025-05-21T04:34:04.537+0000] {dag.py:3823} INFO - Setting next_dagrun for run_dbt_models_after_ingestion to None, run_after=None
[2025-05-21T04:34:04.553+0000] {processor.py:183} INFO - Processing /opt/airflow/dags/dbt_model_dag.py took 0.118 seconds
[2025-05-21T04:34:34.961+0000] {processor.py:161} INFO - Started process (PID=20085) to work on /opt/airflow/dags/dbt_model_dag.py
[2025-05-21T04:34:34.963+0000] {processor.py:830} INFO - Processing file /opt/airflow/dags/dbt_model_dag.py for tasks to queue
[2025-05-21T04:34:34.965+0000] {logging_mixin.py:188} INFO - [2025-05-21T04:34:34.964+0000] {dagbag.py:538} INFO - Filling up the DagBag from /opt/airflow/dags/dbt_model_dag.py
[2025-05-21T04:34:34.993+0000] {processor.py:840} INFO - DAG(s) 'run_dbt_models_after_ingestion' retrieved from /opt/airflow/dags/dbt_model_dag.py
[2025-05-21T04:34:35.037+0000] {logging_mixin.py:188} INFO - [2025-05-21T04:34:35.037+0000] {dag.py:3036} INFO - Sync 1 DAGs
[2025-05-21T04:34:35.051+0000] {logging_mixin.py:188} INFO - [2025-05-21T04:34:35.051+0000] {dag.py:3823} INFO - Setting next_dagrun for run_dbt_models_after_ingestion to None, run_after=None
[2025-05-21T04:34:35.067+0000] {processor.py:183} INFO - Processing /opt/airflow/dags/dbt_model_dag.py took 0.118 seconds
[2025-05-21T04:35:05.515+0000] {processor.py:161} INFO - Started process (PID=20095) to work on /opt/airflow/dags/dbt_model_dag.py
[2025-05-21T04:35:05.519+0000] {processor.py:830} INFO - Processing file /opt/airflow/dags/dbt_model_dag.py for tasks to queue
[2025-05-21T04:35:05.520+0000] {logging_mixin.py:188} INFO - [2025-05-21T04:35:05.520+0000] {dagbag.py:538} INFO - Filling up the DagBag from /opt/airflow/dags/dbt_model_dag.py
[2025-05-21T04:35:05.546+0000] {processor.py:840} INFO - DAG(s) 'run_dbt_models_after_ingestion' retrieved from /opt/airflow/dags/dbt_model_dag.py
[2025-05-21T04:35:05.581+0000] {logging_mixin.py:188} INFO - [2025-05-21T04:35:05.580+0000] {dag.py:3036} INFO - Sync 1 DAGs
[2025-05-21T04:35:05.593+0000] {logging_mixin.py:188} INFO - [2025-05-21T04:35:05.593+0000] {dag.py:3823} INFO - Setting next_dagrun for run_dbt_models_after_ingestion to None, run_after=None
[2025-05-21T04:35:05.608+0000] {processor.py:183} INFO - Processing /opt/airflow/dags/dbt_model_dag.py took 0.106 seconds
[2025-05-21T04:35:36.026+0000] {processor.py:161} INFO - Started process (PID=20105) to work on /opt/airflow/dags/dbt_model_dag.py
[2025-05-21T04:35:36.027+0000] {processor.py:830} INFO - Processing file /opt/airflow/dags/dbt_model_dag.py for tasks to queue
[2025-05-21T04:35:36.029+0000] {logging_mixin.py:188} INFO - [2025-05-21T04:35:36.028+0000] {dagbag.py:538} INFO - Filling up the DagBag from /opt/airflow/dags/dbt_model_dag.py
[2025-05-21T04:35:36.049+0000] {processor.py:840} INFO - DAG(s) 'run_dbt_models_after_ingestion' retrieved from /opt/airflow/dags/dbt_model_dag.py
[2025-05-21T04:35:36.074+0000] {logging_mixin.py:188} INFO - [2025-05-21T04:35:36.074+0000] {dag.py:3036} INFO - Sync 1 DAGs
[2025-05-21T04:35:36.085+0000] {logging_mixin.py:188} INFO - [2025-05-21T04:35:36.085+0000] {dag.py:3823} INFO - Setting next_dagrun for run_dbt_models_after_ingestion to None, run_after=None
[2025-05-21T04:35:36.102+0000] {processor.py:183} INFO - Processing /opt/airflow/dags/dbt_model_dag.py took 0.084 seconds
[2025-05-21T04:36:06.481+0000] {processor.py:161} INFO - Started process (PID=20115) to work on /opt/airflow/dags/dbt_model_dag.py
[2025-05-21T04:36:06.483+0000] {processor.py:830} INFO - Processing file /opt/airflow/dags/dbt_model_dag.py for tasks to queue
[2025-05-21T04:36:06.484+0000] {logging_mixin.py:188} INFO - [2025-05-21T04:36:06.484+0000] {dagbag.py:538} INFO - Filling up the DagBag from /opt/airflow/dags/dbt_model_dag.py
[2025-05-21T04:36:06.498+0000] {processor.py:840} INFO - DAG(s) 'run_dbt_models_after_ingestion' retrieved from /opt/airflow/dags/dbt_model_dag.py
[2025-05-21T04:36:06.516+0000] {logging_mixin.py:188} INFO - [2025-05-21T04:36:06.516+0000] {dag.py:3036} INFO - Sync 1 DAGs
[2025-05-21T04:36:06.529+0000] {logging_mixin.py:188} INFO - [2025-05-21T04:36:06.529+0000] {dag.py:3823} INFO - Setting next_dagrun for run_dbt_models_after_ingestion to None, run_after=None
[2025-05-21T04:36:06.543+0000] {processor.py:183} INFO - Processing /opt/airflow/dags/dbt_model_dag.py took 0.066 seconds
[2025-05-21T04:36:36.938+0000] {processor.py:161} INFO - Started process (PID=20125) to work on /opt/airflow/dags/dbt_model_dag.py
[2025-05-21T04:36:36.939+0000] {processor.py:830} INFO - Processing file /opt/airflow/dags/dbt_model_dag.py for tasks to queue
[2025-05-21T04:36:36.940+0000] {logging_mixin.py:188} INFO - [2025-05-21T04:36:36.940+0000] {dagbag.py:538} INFO - Filling up the DagBag from /opt/airflow/dags/dbt_model_dag.py
[2025-05-21T04:36:36.964+0000] {processor.py:840} INFO - DAG(s) 'run_dbt_models_after_ingestion' retrieved from /opt/airflow/dags/dbt_model_dag.py
[2025-05-21T04:36:36.995+0000] {logging_mixin.py:188} INFO - [2025-05-21T04:36:36.995+0000] {dag.py:3036} INFO - Sync 1 DAGs
[2025-05-21T04:36:37.009+0000] {logging_mixin.py:188} INFO - [2025-05-21T04:36:37.009+0000] {dag.py:3823} INFO - Setting next_dagrun for run_dbt_models_after_ingestion to None, run_after=None
[2025-05-21T04:36:37.021+0000] {processor.py:183} INFO - Processing /opt/airflow/dags/dbt_model_dag.py took 0.097 seconds
[2025-05-21T04:37:07.398+0000] {processor.py:161} INFO - Started process (PID=20135) to work on /opt/airflow/dags/dbt_model_dag.py
[2025-05-21T04:37:07.400+0000] {processor.py:830} INFO - Processing file /opt/airflow/dags/dbt_model_dag.py for tasks to queue
[2025-05-21T04:37:07.401+0000] {logging_mixin.py:188} INFO - [2025-05-21T04:37:07.401+0000] {dagbag.py:538} INFO - Filling up the DagBag from /opt/airflow/dags/dbt_model_dag.py
[2025-05-21T04:37:07.414+0000] {processor.py:840} INFO - DAG(s) 'run_dbt_models_after_ingestion' retrieved from /opt/airflow/dags/dbt_model_dag.py
[2025-05-21T04:37:07.444+0000] {logging_mixin.py:188} INFO - [2025-05-21T04:37:07.444+0000] {dag.py:3036} INFO - Sync 1 DAGs
[2025-05-21T04:37:07.452+0000] {logging_mixin.py:188} INFO - [2025-05-21T04:37:07.452+0000] {dag.py:3823} INFO - Setting next_dagrun for run_dbt_models_after_ingestion to None, run_after=None
[2025-05-21T04:37:07.464+0000] {processor.py:183} INFO - Processing /opt/airflow/dags/dbt_model_dag.py took 0.076 seconds
[2025-05-21T04:37:37.947+0000] {processor.py:161} INFO - Started process (PID=20145) to work on /opt/airflow/dags/dbt_model_dag.py
[2025-05-21T04:37:37.951+0000] {processor.py:830} INFO - Processing file /opt/airflow/dags/dbt_model_dag.py for tasks to queue
[2025-05-21T04:37:37.952+0000] {logging_mixin.py:188} INFO - [2025-05-21T04:37:37.952+0000] {dagbag.py:538} INFO - Filling up the DagBag from /opt/airflow/dags/dbt_model_dag.py
[2025-05-21T04:37:37.974+0000] {processor.py:840} INFO - DAG(s) 'run_dbt_models_after_ingestion' retrieved from /opt/airflow/dags/dbt_model_dag.py
[2025-05-21T04:37:38.025+0000] {logging_mixin.py:188} INFO - [2025-05-21T04:37:38.025+0000] {dag.py:3036} INFO - Sync 1 DAGs
[2025-05-21T04:37:38.034+0000] {logging_mixin.py:188} INFO - [2025-05-21T04:37:38.034+0000] {dag.py:3823} INFO - Setting next_dagrun for run_dbt_models_after_ingestion to None, run_after=None
[2025-05-21T04:37:38.048+0000] {processor.py:183} INFO - Processing /opt/airflow/dags/dbt_model_dag.py took 0.115 seconds
[2025-05-21T04:38:08.500+0000] {processor.py:161} INFO - Started process (PID=20155) to work on /opt/airflow/dags/dbt_model_dag.py
[2025-05-21T04:38:08.503+0000] {processor.py:830} INFO - Processing file /opt/airflow/dags/dbt_model_dag.py for tasks to queue
[2025-05-21T04:38:08.507+0000] {logging_mixin.py:188} INFO - [2025-05-21T04:38:08.506+0000] {dagbag.py:538} INFO - Filling up the DagBag from /opt/airflow/dags/dbt_model_dag.py
[2025-05-21T04:38:08.533+0000] {processor.py:840} INFO - DAG(s) 'run_dbt_models_after_ingestion' retrieved from /opt/airflow/dags/dbt_model_dag.py
[2025-05-21T04:38:08.574+0000] {logging_mixin.py:188} INFO - [2025-05-21T04:38:08.573+0000] {dag.py:3036} INFO - Sync 1 DAGs
[2025-05-21T04:38:08.600+0000] {logging_mixin.py:188} INFO - [2025-05-21T04:38:08.599+0000] {dag.py:3823} INFO - Setting next_dagrun for run_dbt_models_after_ingestion to None, run_after=None
[2025-05-21T04:38:08.621+0000] {processor.py:183} INFO - Processing /opt/airflow/dags/dbt_model_dag.py took 0.134 seconds
[2025-05-21T04:38:39.046+0000] {processor.py:161} INFO - Started process (PID=20165) to work on /opt/airflow/dags/dbt_model_dag.py
[2025-05-21T04:38:39.047+0000] {processor.py:830} INFO - Processing file /opt/airflow/dags/dbt_model_dag.py for tasks to queue
[2025-05-21T04:38:39.048+0000] {logging_mixin.py:188} INFO - [2025-05-21T04:38:39.048+0000] {dagbag.py:538} INFO - Filling up the DagBag from /opt/airflow/dags/dbt_model_dag.py
[2025-05-21T04:38:39.066+0000] {processor.py:840} INFO - DAG(s) 'run_dbt_models_after_ingestion' retrieved from /opt/airflow/dags/dbt_model_dag.py
[2025-05-21T04:38:39.097+0000] {logging_mixin.py:188} INFO - [2025-05-21T04:38:39.097+0000] {dag.py:3036} INFO - Sync 1 DAGs
[2025-05-21T04:38:39.112+0000] {logging_mixin.py:188} INFO - [2025-05-21T04:38:39.111+0000] {dag.py:3823} INFO - Setting next_dagrun for run_dbt_models_after_ingestion to None, run_after=None
[2025-05-21T04:38:39.125+0000] {processor.py:183} INFO - Processing /opt/airflow/dags/dbt_model_dag.py took 0.090 seconds
[2025-05-21T04:39:09.535+0000] {processor.py:161} INFO - Started process (PID=20175) to work on /opt/airflow/dags/dbt_model_dag.py
[2025-05-21T04:39:09.537+0000] {processor.py:830} INFO - Processing file /opt/airflow/dags/dbt_model_dag.py for tasks to queue
[2025-05-21T04:39:09.538+0000] {logging_mixin.py:188} INFO - [2025-05-21T04:39:09.538+0000] {dagbag.py:538} INFO - Filling up the DagBag from /opt/airflow/dags/dbt_model_dag.py
[2025-05-21T04:39:09.557+0000] {processor.py:840} INFO - DAG(s) 'run_dbt_models_after_ingestion' retrieved from /opt/airflow/dags/dbt_model_dag.py
[2025-05-21T04:39:09.588+0000] {logging_mixin.py:188} INFO - [2025-05-21T04:39:09.587+0000] {dag.py:3036} INFO - Sync 1 DAGs
[2025-05-21T04:39:09.599+0000] {logging_mixin.py:188} INFO - [2025-05-21T04:39:09.599+0000] {dag.py:3823} INFO - Setting next_dagrun for run_dbt_models_after_ingestion to None, run_after=None
[2025-05-21T04:39:09.614+0000] {processor.py:183} INFO - Processing /opt/airflow/dags/dbt_model_dag.py took 0.087 seconds
[2025-05-21T04:39:40.032+0000] {processor.py:161} INFO - Started process (PID=20185) to work on /opt/airflow/dags/dbt_model_dag.py
[2025-05-21T04:39:40.036+0000] {processor.py:830} INFO - Processing file /opt/airflow/dags/dbt_model_dag.py for tasks to queue
[2025-05-21T04:39:40.037+0000] {logging_mixin.py:188} INFO - [2025-05-21T04:39:40.036+0000] {dagbag.py:538} INFO - Filling up the DagBag from /opt/airflow/dags/dbt_model_dag.py
[2025-05-21T04:39:40.069+0000] {processor.py:840} INFO - DAG(s) 'run_dbt_models_after_ingestion' retrieved from /opt/airflow/dags/dbt_model_dag.py
[2025-05-21T04:39:40.112+0000] {logging_mixin.py:188} INFO - [2025-05-21T04:39:40.112+0000] {dag.py:3036} INFO - Sync 1 DAGs
[2025-05-21T04:39:40.124+0000] {logging_mixin.py:188} INFO - [2025-05-21T04:39:40.123+0000] {dag.py:3823} INFO - Setting next_dagrun for run_dbt_models_after_ingestion to None, run_after=None
[2025-05-21T04:39:40.144+0000] {processor.py:183} INFO - Processing /opt/airflow/dags/dbt_model_dag.py took 0.127 seconds
[2025-05-21T04:40:10.589+0000] {processor.py:161} INFO - Started process (PID=20195) to work on /opt/airflow/dags/dbt_model_dag.py
[2025-05-21T04:40:10.591+0000] {processor.py:830} INFO - Processing file /opt/airflow/dags/dbt_model_dag.py for tasks to queue
[2025-05-21T04:40:10.592+0000] {logging_mixin.py:188} INFO - [2025-05-21T04:40:10.592+0000] {dagbag.py:538} INFO - Filling up the DagBag from /opt/airflow/dags/dbt_model_dag.py
[2025-05-21T04:40:10.619+0000] {processor.py:840} INFO - DAG(s) 'run_dbt_models_after_ingestion' retrieved from /opt/airflow/dags/dbt_model_dag.py
[2025-05-21T04:40:10.661+0000] {logging_mixin.py:188} INFO - [2025-05-21T04:40:10.661+0000] {dag.py:3036} INFO - Sync 1 DAGs
[2025-05-21T04:40:10.675+0000] {logging_mixin.py:188} INFO - [2025-05-21T04:40:10.675+0000] {dag.py:3823} INFO - Setting next_dagrun for run_dbt_models_after_ingestion to None, run_after=None
[2025-05-21T04:40:10.694+0000] {processor.py:183} INFO - Processing /opt/airflow/dags/dbt_model_dag.py took 0.124 seconds
[2025-05-21T04:40:41.103+0000] {processor.py:161} INFO - Started process (PID=20205) to work on /opt/airflow/dags/dbt_model_dag.py
[2025-05-21T04:40:41.106+0000] {processor.py:830} INFO - Processing file /opt/airflow/dags/dbt_model_dag.py for tasks to queue
[2025-05-21T04:40:41.107+0000] {logging_mixin.py:188} INFO - [2025-05-21T04:40:41.107+0000] {dagbag.py:538} INFO - Filling up the DagBag from /opt/airflow/dags/dbt_model_dag.py
[2025-05-21T04:40:41.135+0000] {processor.py:840} INFO - DAG(s) 'run_dbt_models_after_ingestion' retrieved from /opt/airflow/dags/dbt_model_dag.py
[2025-05-21T04:40:41.171+0000] {logging_mixin.py:188} INFO - [2025-05-21T04:40:41.171+0000] {dag.py:3036} INFO - Sync 1 DAGs
[2025-05-21T04:40:41.186+0000] {logging_mixin.py:188} INFO - [2025-05-21T04:40:41.186+0000] {dag.py:3823} INFO - Setting next_dagrun for run_dbt_models_after_ingestion to None, run_after=None
[2025-05-21T04:40:41.202+0000] {processor.py:183} INFO - Processing /opt/airflow/dags/dbt_model_dag.py took 0.116 seconds
[2025-05-21T04:41:11.523+0000] {processor.py:161} INFO - Started process (PID=20215) to work on /opt/airflow/dags/dbt_model_dag.py
[2025-05-21T04:41:11.525+0000] {processor.py:830} INFO - Processing file /opt/airflow/dags/dbt_model_dag.py for tasks to queue
[2025-05-21T04:41:11.526+0000] {logging_mixin.py:188} INFO - [2025-05-21T04:41:11.526+0000] {dagbag.py:538} INFO - Filling up the DagBag from /opt/airflow/dags/dbt_model_dag.py
[2025-05-21T04:41:11.551+0000] {processor.py:840} INFO - DAG(s) 'run_dbt_models_after_ingestion' retrieved from /opt/airflow/dags/dbt_model_dag.py
[2025-05-21T04:41:11.590+0000] {logging_mixin.py:188} INFO - [2025-05-21T04:41:11.590+0000] {dag.py:3036} INFO - Sync 1 DAGs
[2025-05-21T04:41:11.604+0000] {logging_mixin.py:188} INFO - [2025-05-21T04:41:11.604+0000] {dag.py:3823} INFO - Setting next_dagrun for run_dbt_models_after_ingestion to None, run_after=None
[2025-05-21T04:41:11.623+0000] {processor.py:183} INFO - Processing /opt/airflow/dags/dbt_model_dag.py took 0.108 seconds
[2025-05-21T04:41:42.047+0000] {processor.py:161} INFO - Started process (PID=20225) to work on /opt/airflow/dags/dbt_model_dag.py
[2025-05-21T04:41:42.050+0000] {processor.py:830} INFO - Processing file /opt/airflow/dags/dbt_model_dag.py for tasks to queue
[2025-05-21T04:41:42.051+0000] {logging_mixin.py:188} INFO - [2025-05-21T04:41:42.050+0000] {dagbag.py:538} INFO - Filling up the DagBag from /opt/airflow/dags/dbt_model_dag.py
[2025-05-21T04:41:42.077+0000] {processor.py:840} INFO - DAG(s) 'run_dbt_models_after_ingestion' retrieved from /opt/airflow/dags/dbt_model_dag.py
[2025-05-21T04:41:42.120+0000] {logging_mixin.py:188} INFO - [2025-05-21T04:41:42.120+0000] {dag.py:3036} INFO - Sync 1 DAGs
[2025-05-21T04:41:42.132+0000] {logging_mixin.py:188} INFO - [2025-05-21T04:41:42.132+0000] {dag.py:3823} INFO - Setting next_dagrun for run_dbt_models_after_ingestion to None, run_after=None
[2025-05-21T04:41:42.146+0000] {processor.py:183} INFO - Processing /opt/airflow/dags/dbt_model_dag.py took 0.109 seconds
[2025-05-21T04:42:12.648+0000] {processor.py:161} INFO - Started process (PID=20235) to work on /opt/airflow/dags/dbt_model_dag.py
[2025-05-21T04:42:12.650+0000] {processor.py:830} INFO - Processing file /opt/airflow/dags/dbt_model_dag.py for tasks to queue
[2025-05-21T04:42:12.652+0000] {logging_mixin.py:188} INFO - [2025-05-21T04:42:12.651+0000] {dagbag.py:538} INFO - Filling up the DagBag from /opt/airflow/dags/dbt_model_dag.py
[2025-05-21T04:42:12.679+0000] {processor.py:840} INFO - DAG(s) 'run_dbt_models_after_ingestion' retrieved from /opt/airflow/dags/dbt_model_dag.py
[2025-05-21T04:42:12.716+0000] {logging_mixin.py:188} INFO - [2025-05-21T04:42:12.716+0000] {dag.py:3036} INFO - Sync 1 DAGs
[2025-05-21T04:42:12.730+0000] {logging_mixin.py:188} INFO - [2025-05-21T04:42:12.730+0000] {dag.py:3823} INFO - Setting next_dagrun for run_dbt_models_after_ingestion to None, run_after=None
[2025-05-21T04:42:12.747+0000] {processor.py:183} INFO - Processing /opt/airflow/dags/dbt_model_dag.py took 0.119 seconds
[2025-05-21T04:42:43.175+0000] {processor.py:161} INFO - Started process (PID=20245) to work on /opt/airflow/dags/dbt_model_dag.py
[2025-05-21T04:42:43.179+0000] {processor.py:830} INFO - Processing file /opt/airflow/dags/dbt_model_dag.py for tasks to queue
[2025-05-21T04:42:43.181+0000] {logging_mixin.py:188} INFO - [2025-05-21T04:42:43.181+0000] {dagbag.py:538} INFO - Filling up the DagBag from /opt/airflow/dags/dbt_model_dag.py
[2025-05-21T04:42:43.207+0000] {processor.py:840} INFO - DAG(s) 'run_dbt_models_after_ingestion' retrieved from /opt/airflow/dags/dbt_model_dag.py
[2025-05-21T04:42:43.249+0000] {logging_mixin.py:188} INFO - [2025-05-21T04:42:43.249+0000] {dag.py:3036} INFO - Sync 1 DAGs
[2025-05-21T04:42:43.262+0000] {logging_mixin.py:188} INFO - [2025-05-21T04:42:43.262+0000] {dag.py:3823} INFO - Setting next_dagrun for run_dbt_models_after_ingestion to None, run_after=None
[2025-05-21T04:42:43.277+0000] {processor.py:183} INFO - Processing /opt/airflow/dags/dbt_model_dag.py took 0.117 seconds
[2025-05-21T04:43:13.730+0000] {processor.py:161} INFO - Started process (PID=20255) to work on /opt/airflow/dags/dbt_model_dag.py
[2025-05-21T04:43:13.732+0000] {processor.py:830} INFO - Processing file /opt/airflow/dags/dbt_model_dag.py for tasks to queue
[2025-05-21T04:43:13.734+0000] {logging_mixin.py:188} INFO - [2025-05-21T04:43:13.734+0000] {dagbag.py:538} INFO - Filling up the DagBag from /opt/airflow/dags/dbt_model_dag.py
[2025-05-21T04:43:13.758+0000] {processor.py:840} INFO - DAG(s) 'run_dbt_models_after_ingestion' retrieved from /opt/airflow/dags/dbt_model_dag.py
[2025-05-21T04:43:13.798+0000] {logging_mixin.py:188} INFO - [2025-05-21T04:43:13.798+0000] {dag.py:3036} INFO - Sync 1 DAGs
[2025-05-21T04:43:13.811+0000] {logging_mixin.py:188} INFO - [2025-05-21T04:43:13.811+0000] {dag.py:3823} INFO - Setting next_dagrun for run_dbt_models_after_ingestion to None, run_after=None
[2025-05-21T04:43:13.824+0000] {processor.py:183} INFO - Processing /opt/airflow/dags/dbt_model_dag.py took 0.105 seconds
[2025-05-21T04:43:44.251+0000] {processor.py:161} INFO - Started process (PID=20265) to work on /opt/airflow/dags/dbt_model_dag.py
[2025-05-21T04:43:44.252+0000] {processor.py:830} INFO - Processing file /opt/airflow/dags/dbt_model_dag.py for tasks to queue
[2025-05-21T04:43:44.253+0000] {logging_mixin.py:188} INFO - [2025-05-21T04:43:44.253+0000] {dagbag.py:538} INFO - Filling up the DagBag from /opt/airflow/dags/dbt_model_dag.py
[2025-05-21T04:43:44.273+0000] {processor.py:840} INFO - DAG(s) 'run_dbt_models_after_ingestion' retrieved from /opt/airflow/dags/dbt_model_dag.py
[2025-05-21T04:43:44.298+0000] {logging_mixin.py:188} INFO - [2025-05-21T04:43:44.298+0000] {dag.py:3036} INFO - Sync 1 DAGs
[2025-05-21T04:43:44.308+0000] {logging_mixin.py:188} INFO - [2025-05-21T04:43:44.307+0000] {dag.py:3823} INFO - Setting next_dagrun for run_dbt_models_after_ingestion to None, run_after=None
[2025-05-21T04:43:44.326+0000] {processor.py:183} INFO - Processing /opt/airflow/dags/dbt_model_dag.py took 0.083 seconds
[2025-05-21T04:44:14.764+0000] {processor.py:161} INFO - Started process (PID=20275) to work on /opt/airflow/dags/dbt_model_dag.py
[2025-05-21T04:44:14.766+0000] {processor.py:830} INFO - Processing file /opt/airflow/dags/dbt_model_dag.py for tasks to queue
[2025-05-21T04:44:14.767+0000] {logging_mixin.py:188} INFO - [2025-05-21T04:44:14.767+0000] {dagbag.py:538} INFO - Filling up the DagBag from /opt/airflow/dags/dbt_model_dag.py
[2025-05-21T04:44:14.787+0000] {processor.py:840} INFO - DAG(s) 'run_dbt_models_after_ingestion' retrieved from /opt/airflow/dags/dbt_model_dag.py
[2025-05-21T04:44:14.830+0000] {logging_mixin.py:188} INFO - [2025-05-21T04:44:14.830+0000] {dag.py:3036} INFO - Sync 1 DAGs
[2025-05-21T04:44:14.847+0000] {logging_mixin.py:188} INFO - [2025-05-21T04:44:14.847+0000] {dag.py:3823} INFO - Setting next_dagrun for run_dbt_models_after_ingestion to None, run_after=None
[2025-05-21T04:44:14.868+0000] {processor.py:183} INFO - Processing /opt/airflow/dags/dbt_model_dag.py took 0.117 seconds
[2025-05-21T04:44:45.237+0000] {processor.py:161} INFO - Started process (PID=20285) to work on /opt/airflow/dags/dbt_model_dag.py
[2025-05-21T04:44:45.239+0000] {processor.py:830} INFO - Processing file /opt/airflow/dags/dbt_model_dag.py for tasks to queue
[2025-05-21T04:44:45.241+0000] {logging_mixin.py:188} INFO - [2025-05-21T04:44:45.240+0000] {dagbag.py:538} INFO - Filling up the DagBag from /opt/airflow/dags/dbt_model_dag.py
[2025-05-21T04:44:45.259+0000] {processor.py:840} INFO - DAG(s) 'run_dbt_models_after_ingestion' retrieved from /opt/airflow/dags/dbt_model_dag.py
[2025-05-21T04:44:45.285+0000] {logging_mixin.py:188} INFO - [2025-05-21T04:44:45.285+0000] {dag.py:3036} INFO - Sync 1 DAGs
[2025-05-21T04:44:45.299+0000] {logging_mixin.py:188} INFO - [2025-05-21T04:44:45.299+0000] {dag.py:3823} INFO - Setting next_dagrun for run_dbt_models_after_ingestion to None, run_after=None
[2025-05-21T04:44:45.317+0000] {processor.py:183} INFO - Processing /opt/airflow/dags/dbt_model_dag.py took 0.088 seconds
[2025-05-21T04:45:15.763+0000] {processor.py:161} INFO - Started process (PID=20295) to work on /opt/airflow/dags/dbt_model_dag.py
[2025-05-21T04:45:15.766+0000] {processor.py:830} INFO - Processing file /opt/airflow/dags/dbt_model_dag.py for tasks to queue
[2025-05-21T04:45:15.767+0000] {logging_mixin.py:188} INFO - [2025-05-21T04:45:15.767+0000] {dagbag.py:538} INFO - Filling up the DagBag from /opt/airflow/dags/dbt_model_dag.py
[2025-05-21T04:45:15.796+0000] {processor.py:840} INFO - DAG(s) 'run_dbt_models_after_ingestion' retrieved from /opt/airflow/dags/dbt_model_dag.py
[2025-05-21T04:45:15.839+0000] {logging_mixin.py:188} INFO - [2025-05-21T04:45:15.839+0000] {dag.py:3036} INFO - Sync 1 DAGs
[2025-05-21T04:45:15.854+0000] {logging_mixin.py:188} INFO - [2025-05-21T04:45:15.854+0000] {dag.py:3823} INFO - Setting next_dagrun for run_dbt_models_after_ingestion to None, run_after=None
[2025-05-21T04:45:15.873+0000] {processor.py:183} INFO - Processing /opt/airflow/dags/dbt_model_dag.py took 0.124 seconds
[2025-05-21T04:45:46.339+0000] {processor.py:161} INFO - Started process (PID=20305) to work on /opt/airflow/dags/dbt_model_dag.py
[2025-05-21T04:45:46.342+0000] {processor.py:830} INFO - Processing file /opt/airflow/dags/dbt_model_dag.py for tasks to queue
[2025-05-21T04:45:46.343+0000] {logging_mixin.py:188} INFO - [2025-05-21T04:45:46.343+0000] {dagbag.py:538} INFO - Filling up the DagBag from /opt/airflow/dags/dbt_model_dag.py
[2025-05-21T04:45:46.367+0000] {processor.py:840} INFO - DAG(s) 'run_dbt_models_after_ingestion' retrieved from /opt/airflow/dags/dbt_model_dag.py
[2025-05-21T04:45:46.409+0000] {logging_mixin.py:188} INFO - [2025-05-21T04:45:46.409+0000] {dag.py:3036} INFO - Sync 1 DAGs
[2025-05-21T04:45:46.421+0000] {logging_mixin.py:188} INFO - [2025-05-21T04:45:46.421+0000] {dag.py:3823} INFO - Setting next_dagrun for run_dbt_models_after_ingestion to None, run_after=None
[2025-05-21T04:45:46.441+0000] {processor.py:183} INFO - Processing /opt/airflow/dags/dbt_model_dag.py took 0.114 seconds
[2025-05-21T04:46:16.867+0000] {processor.py:161} INFO - Started process (PID=20315) to work on /opt/airflow/dags/dbt_model_dag.py
[2025-05-21T04:46:16.872+0000] {processor.py:830} INFO - Processing file /opt/airflow/dags/dbt_model_dag.py for tasks to queue
[2025-05-21T04:46:16.875+0000] {logging_mixin.py:188} INFO - [2025-05-21T04:46:16.875+0000] {dagbag.py:538} INFO - Filling up the DagBag from /opt/airflow/dags/dbt_model_dag.py
[2025-05-21T04:46:16.901+0000] {processor.py:840} INFO - DAG(s) 'run_dbt_models_after_ingestion' retrieved from /opt/airflow/dags/dbt_model_dag.py
[2025-05-21T04:46:16.941+0000] {logging_mixin.py:188} INFO - [2025-05-21T04:46:16.941+0000] {dag.py:3036} INFO - Sync 1 DAGs
[2025-05-21T04:46:16.955+0000] {logging_mixin.py:188} INFO - [2025-05-21T04:46:16.955+0000] {dag.py:3823} INFO - Setting next_dagrun for run_dbt_models_after_ingestion to None, run_after=None
[2025-05-21T04:46:16.969+0000] {processor.py:183} INFO - Processing /opt/airflow/dags/dbt_model_dag.py took 0.116 seconds
[2025-05-21T04:46:47.443+0000] {processor.py:161} INFO - Started process (PID=20325) to work on /opt/airflow/dags/dbt_model_dag.py
[2025-05-21T04:46:47.445+0000] {processor.py:830} INFO - Processing file /opt/airflow/dags/dbt_model_dag.py for tasks to queue
[2025-05-21T04:46:47.447+0000] {logging_mixin.py:188} INFO - [2025-05-21T04:46:47.446+0000] {dagbag.py:538} INFO - Filling up the DagBag from /opt/airflow/dags/dbt_model_dag.py
[2025-05-21T04:46:47.473+0000] {processor.py:840} INFO - DAG(s) 'run_dbt_models_after_ingestion' retrieved from /opt/airflow/dags/dbt_model_dag.py
[2025-05-21T04:46:47.515+0000] {logging_mixin.py:188} INFO - [2025-05-21T04:46:47.515+0000] {dag.py:3036} INFO - Sync 1 DAGs
[2025-05-21T04:46:47.530+0000] {logging_mixin.py:188} INFO - [2025-05-21T04:46:47.530+0000] {dag.py:3823} INFO - Setting next_dagrun for run_dbt_models_after_ingestion to None, run_after=None
[2025-05-21T04:46:47.549+0000] {processor.py:183} INFO - Processing /opt/airflow/dags/dbt_model_dag.py took 0.122 seconds
[2025-05-21T04:47:18.030+0000] {processor.py:161} INFO - Started process (PID=20335) to work on /opt/airflow/dags/dbt_model_dag.py
[2025-05-21T04:47:18.033+0000] {processor.py:830} INFO - Processing file /opt/airflow/dags/dbt_model_dag.py for tasks to queue
[2025-05-21T04:47:18.036+0000] {logging_mixin.py:188} INFO - [2025-05-21T04:47:18.035+0000] {dagbag.py:538} INFO - Filling up the DagBag from /opt/airflow/dags/dbt_model_dag.py
[2025-05-21T04:47:18.061+0000] {processor.py:840} INFO - DAG(s) 'run_dbt_models_after_ingestion' retrieved from /opt/airflow/dags/dbt_model_dag.py
[2025-05-21T04:47:18.101+0000] {logging_mixin.py:188} INFO - [2025-05-21T04:47:18.101+0000] {dag.py:3036} INFO - Sync 1 DAGs
[2025-05-21T04:47:18.111+0000] {logging_mixin.py:188} INFO - [2025-05-21T04:47:18.111+0000] {dag.py:3823} INFO - Setting next_dagrun for run_dbt_models_after_ingestion to None, run_after=None
[2025-05-21T04:47:18.127+0000] {processor.py:183} INFO - Processing /opt/airflow/dags/dbt_model_dag.py took 0.108 seconds
[2025-05-21T04:47:48.596+0000] {processor.py:161} INFO - Started process (PID=20345) to work on /opt/airflow/dags/dbt_model_dag.py
[2025-05-21T04:47:48.601+0000] {processor.py:830} INFO - Processing file /opt/airflow/dags/dbt_model_dag.py for tasks to queue
[2025-05-21T04:47:48.602+0000] {logging_mixin.py:188} INFO - [2025-05-21T04:47:48.602+0000] {dagbag.py:538} INFO - Filling up the DagBag from /opt/airflow/dags/dbt_model_dag.py
[2025-05-21T04:47:48.624+0000] {processor.py:840} INFO - DAG(s) 'run_dbt_models_after_ingestion' retrieved from /opt/airflow/dags/dbt_model_dag.py
[2025-05-21T04:47:48.667+0000] {logging_mixin.py:188} INFO - [2025-05-21T04:47:48.667+0000] {dag.py:3036} INFO - Sync 1 DAGs
[2025-05-21T04:47:48.681+0000] {logging_mixin.py:188} INFO - [2025-05-21T04:47:48.681+0000] {dag.py:3823} INFO - Setting next_dagrun for run_dbt_models_after_ingestion to None, run_after=None
[2025-05-21T04:47:48.701+0000] {processor.py:183} INFO - Processing /opt/airflow/dags/dbt_model_dag.py took 0.117 seconds
[2025-05-21T04:48:19.162+0000] {processor.py:161} INFO - Started process (PID=20355) to work on /opt/airflow/dags/dbt_model_dag.py
[2025-05-21T04:48:19.164+0000] {processor.py:830} INFO - Processing file /opt/airflow/dags/dbt_model_dag.py for tasks to queue
[2025-05-21T04:48:19.165+0000] {logging_mixin.py:188} INFO - [2025-05-21T04:48:19.165+0000] {dagbag.py:538} INFO - Filling up the DagBag from /opt/airflow/dags/dbt_model_dag.py
[2025-05-21T04:48:19.196+0000] {processor.py:840} INFO - DAG(s) 'run_dbt_models_after_ingestion' retrieved from /opt/airflow/dags/dbt_model_dag.py
[2025-05-21T04:48:19.243+0000] {logging_mixin.py:188} INFO - [2025-05-21T04:48:19.243+0000] {dag.py:3036} INFO - Sync 1 DAGs
[2025-05-21T04:48:19.255+0000] {logging_mixin.py:188} INFO - [2025-05-21T04:48:19.255+0000] {dag.py:3823} INFO - Setting next_dagrun for run_dbt_models_after_ingestion to None, run_after=None
[2025-05-21T04:48:19.268+0000] {processor.py:183} INFO - Processing /opt/airflow/dags/dbt_model_dag.py took 0.117 seconds
[2025-05-21T04:48:49.763+0000] {processor.py:161} INFO - Started process (PID=20365) to work on /opt/airflow/dags/dbt_model_dag.py
[2025-05-21T04:48:49.764+0000] {processor.py:830} INFO - Processing file /opt/airflow/dags/dbt_model_dag.py for tasks to queue
[2025-05-21T04:48:49.765+0000] {logging_mixin.py:188} INFO - [2025-05-21T04:48:49.765+0000] {dagbag.py:538} INFO - Filling up the DagBag from /opt/airflow/dags/dbt_model_dag.py
[2025-05-21T04:48:49.786+0000] {processor.py:840} INFO - DAG(s) 'run_dbt_models_after_ingestion' retrieved from /opt/airflow/dags/dbt_model_dag.py
[2025-05-21T04:48:49.827+0000] {logging_mixin.py:188} INFO - [2025-05-21T04:48:49.827+0000] {dag.py:3036} INFO - Sync 1 DAGs
[2025-05-21T04:48:49.838+0000] {logging_mixin.py:188} INFO - [2025-05-21T04:48:49.838+0000] {dag.py:3823} INFO - Setting next_dagrun for run_dbt_models_after_ingestion to None, run_after=None
[2025-05-21T04:48:49.852+0000] {processor.py:183} INFO - Processing /opt/airflow/dags/dbt_model_dag.py took 0.097 seconds
[2025-05-21T04:49:20.295+0000] {processor.py:161} INFO - Started process (PID=20375) to work on /opt/airflow/dags/dbt_model_dag.py
[2025-05-21T04:49:20.297+0000] {processor.py:830} INFO - Processing file /opt/airflow/dags/dbt_model_dag.py for tasks to queue
[2025-05-21T04:49:20.298+0000] {logging_mixin.py:188} INFO - [2025-05-21T04:49:20.298+0000] {dagbag.py:538} INFO - Filling up the DagBag from /opt/airflow/dags/dbt_model_dag.py
[2025-05-21T04:49:20.325+0000] {processor.py:840} INFO - DAG(s) 'run_dbt_models_after_ingestion' retrieved from /opt/airflow/dags/dbt_model_dag.py
[2025-05-21T04:49:20.365+0000] {logging_mixin.py:188} INFO - [2025-05-21T04:49:20.365+0000] {dag.py:3036} INFO - Sync 1 DAGs
[2025-05-21T04:49:20.382+0000] {logging_mixin.py:188} INFO - [2025-05-21T04:49:20.382+0000] {dag.py:3823} INFO - Setting next_dagrun for run_dbt_models_after_ingestion to None, run_after=None
[2025-05-21T04:49:20.398+0000] {processor.py:183} INFO - Processing /opt/airflow/dags/dbt_model_dag.py took 0.111 seconds
[2025-05-21T04:49:50.839+0000] {processor.py:161} INFO - Started process (PID=20385) to work on /opt/airflow/dags/dbt_model_dag.py
[2025-05-21T04:49:50.840+0000] {processor.py:830} INFO - Processing file /opt/airflow/dags/dbt_model_dag.py for tasks to queue
[2025-05-21T04:49:50.843+0000] {logging_mixin.py:188} INFO - [2025-05-21T04:49:50.842+0000] {dagbag.py:538} INFO - Filling up the DagBag from /opt/airflow/dags/dbt_model_dag.py
[2025-05-21T04:49:50.869+0000] {processor.py:840} INFO - DAG(s) 'run_dbt_models_after_ingestion' retrieved from /opt/airflow/dags/dbt_model_dag.py
[2025-05-21T04:49:50.908+0000] {logging_mixin.py:188} INFO - [2025-05-21T04:49:50.908+0000] {dag.py:3036} INFO - Sync 1 DAGs
[2025-05-21T04:49:50.919+0000] {logging_mixin.py:188} INFO - [2025-05-21T04:49:50.919+0000] {dag.py:3823} INFO - Setting next_dagrun for run_dbt_models_after_ingestion to None, run_after=None
[2025-05-21T04:49:50.935+0000] {processor.py:183} INFO - Processing /opt/airflow/dags/dbt_model_dag.py took 0.108 seconds
[2025-05-21T04:50:21.335+0000] {processor.py:161} INFO - Started process (PID=20395) to work on /opt/airflow/dags/dbt_model_dag.py
[2025-05-21T04:50:21.338+0000] {processor.py:830} INFO - Processing file /opt/airflow/dags/dbt_model_dag.py for tasks to queue
[2025-05-21T04:50:21.340+0000] {logging_mixin.py:188} INFO - [2025-05-21T04:50:21.339+0000] {dagbag.py:538} INFO - Filling up the DagBag from /opt/airflow/dags/dbt_model_dag.py
[2025-05-21T04:50:21.362+0000] {processor.py:840} INFO - DAG(s) 'run_dbt_models_after_ingestion' retrieved from /opt/airflow/dags/dbt_model_dag.py
[2025-05-21T04:50:21.408+0000] {logging_mixin.py:188} INFO - [2025-05-21T04:50:21.407+0000] {dag.py:3036} INFO - Sync 1 DAGs
[2025-05-21T04:50:21.421+0000] {logging_mixin.py:188} INFO - [2025-05-21T04:50:21.421+0000] {dag.py:3823} INFO - Setting next_dagrun for run_dbt_models_after_ingestion to None, run_after=None
[2025-05-21T04:50:21.437+0000] {processor.py:183} INFO - Processing /opt/airflow/dags/dbt_model_dag.py took 0.112 seconds
[2025-05-21T04:50:51.951+0000] {processor.py:161} INFO - Started process (PID=20405) to work on /opt/airflow/dags/dbt_model_dag.py
[2025-05-21T04:50:51.953+0000] {processor.py:830} INFO - Processing file /opt/airflow/dags/dbt_model_dag.py for tasks to queue
[2025-05-21T04:50:51.955+0000] {logging_mixin.py:188} INFO - [2025-05-21T04:50:51.954+0000] {dagbag.py:538} INFO - Filling up the DagBag from /opt/airflow/dags/dbt_model_dag.py
[2025-05-21T04:50:51.984+0000] {processor.py:840} INFO - DAG(s) 'run_dbt_models_after_ingestion' retrieved from /opt/airflow/dags/dbt_model_dag.py
[2025-05-21T04:50:52.026+0000] {logging_mixin.py:188} INFO - [2025-05-21T04:50:52.026+0000] {dag.py:3036} INFO - Sync 1 DAGs
[2025-05-21T04:50:52.042+0000] {logging_mixin.py:188} INFO - [2025-05-21T04:50:52.042+0000] {dag.py:3823} INFO - Setting next_dagrun for run_dbt_models_after_ingestion to None, run_after=None
[2025-05-21T04:50:52.057+0000] {processor.py:183} INFO - Processing /opt/airflow/dags/dbt_model_dag.py took 0.117 seconds
[2025-05-21T04:51:22.609+0000] {processor.py:161} INFO - Started process (PID=20415) to work on /opt/airflow/dags/dbt_model_dag.py
[2025-05-21T04:51:22.611+0000] {processor.py:830} INFO - Processing file /opt/airflow/dags/dbt_model_dag.py for tasks to queue
[2025-05-21T04:51:22.613+0000] {logging_mixin.py:188} INFO - [2025-05-21T04:51:22.613+0000] {dagbag.py:538} INFO - Filling up the DagBag from /opt/airflow/dags/dbt_model_dag.py
[2025-05-21T04:51:22.641+0000] {processor.py:840} INFO - DAG(s) 'run_dbt_models_after_ingestion' retrieved from /opt/airflow/dags/dbt_model_dag.py
[2025-05-21T04:51:22.682+0000] {logging_mixin.py:188} INFO - [2025-05-21T04:51:22.681+0000] {dag.py:3036} INFO - Sync 1 DAGs
[2025-05-21T04:51:22.693+0000] {logging_mixin.py:188} INFO - [2025-05-21T04:51:22.693+0000] {dag.py:3823} INFO - Setting next_dagrun for run_dbt_models_after_ingestion to None, run_after=None
[2025-05-21T04:51:22.708+0000] {processor.py:183} INFO - Processing /opt/airflow/dags/dbt_model_dag.py took 0.112 seconds
[2025-05-21T04:51:53.179+0000] {processor.py:161} INFO - Started process (PID=20425) to work on /opt/airflow/dags/dbt_model_dag.py
[2025-05-21T04:51:53.184+0000] {processor.py:830} INFO - Processing file /opt/airflow/dags/dbt_model_dag.py for tasks to queue
[2025-05-21T04:51:53.185+0000] {logging_mixin.py:188} INFO - [2025-05-21T04:51:53.185+0000] {dagbag.py:538} INFO - Filling up the DagBag from /opt/airflow/dags/dbt_model_dag.py
[2025-05-21T04:51:53.213+0000] {processor.py:840} INFO - DAG(s) 'run_dbt_models_after_ingestion' retrieved from /opt/airflow/dags/dbt_model_dag.py
[2025-05-21T04:51:53.256+0000] {logging_mixin.py:188} INFO - [2025-05-21T04:51:53.256+0000] {dag.py:3036} INFO - Sync 1 DAGs
[2025-05-21T04:51:53.271+0000] {logging_mixin.py:188} INFO - [2025-05-21T04:51:53.271+0000] {dag.py:3823} INFO - Setting next_dagrun for run_dbt_models_after_ingestion to None, run_after=None
[2025-05-21T04:51:53.288+0000] {processor.py:183} INFO - Processing /opt/airflow/dags/dbt_model_dag.py took 0.121 seconds
[2025-05-21T04:52:23.857+0000] {processor.py:161} INFO - Started process (PID=20435) to work on /opt/airflow/dags/dbt_model_dag.py
[2025-05-21T04:52:23.863+0000] {processor.py:830} INFO - Processing file /opt/airflow/dags/dbt_model_dag.py for tasks to queue
[2025-05-21T04:52:23.864+0000] {logging_mixin.py:188} INFO - [2025-05-21T04:52:23.863+0000] {dagbag.py:538} INFO - Filling up the DagBag from /opt/airflow/dags/dbt_model_dag.py
[2025-05-21T04:52:23.896+0000] {processor.py:840} INFO - DAG(s) 'run_dbt_models_after_ingestion' retrieved from /opt/airflow/dags/dbt_model_dag.py
[2025-05-21T04:52:23.942+0000] {logging_mixin.py:188} INFO - [2025-05-21T04:52:23.942+0000] {dag.py:3036} INFO - Sync 1 DAGs
[2025-05-21T04:52:23.962+0000] {logging_mixin.py:188} INFO - [2025-05-21T04:52:23.962+0000] {dag.py:3823} INFO - Setting next_dagrun for run_dbt_models_after_ingestion to None, run_after=None
[2025-05-21T04:52:23.976+0000] {processor.py:183} INFO - Processing /opt/airflow/dags/dbt_model_dag.py took 0.139 seconds
[2025-05-21T04:52:54.452+0000] {processor.py:161} INFO - Started process (PID=20445) to work on /opt/airflow/dags/dbt_model_dag.py
[2025-05-21T04:52:54.454+0000] {processor.py:830} INFO - Processing file /opt/airflow/dags/dbt_model_dag.py for tasks to queue
[2025-05-21T04:52:54.456+0000] {logging_mixin.py:188} INFO - [2025-05-21T04:52:54.455+0000] {dagbag.py:538} INFO - Filling up the DagBag from /opt/airflow/dags/dbt_model_dag.py
[2025-05-21T04:52:54.483+0000] {processor.py:840} INFO - DAG(s) 'run_dbt_models_after_ingestion' retrieved from /opt/airflow/dags/dbt_model_dag.py
[2025-05-21T04:52:54.526+0000] {logging_mixin.py:188} INFO - [2025-05-21T04:52:54.526+0000] {dag.py:3036} INFO - Sync 1 DAGs
[2025-05-21T04:52:54.541+0000] {logging_mixin.py:188} INFO - [2025-05-21T04:52:54.540+0000] {dag.py:3823} INFO - Setting next_dagrun for run_dbt_models_after_ingestion to None, run_after=None
[2025-05-21T04:52:54.559+0000] {processor.py:183} INFO - Processing /opt/airflow/dags/dbt_model_dag.py took 0.116 seconds
[2025-05-21T04:53:25.031+0000] {processor.py:161} INFO - Started process (PID=20455) to work on /opt/airflow/dags/dbt_model_dag.py
[2025-05-21T04:53:25.033+0000] {processor.py:830} INFO - Processing file /opt/airflow/dags/dbt_model_dag.py for tasks to queue
[2025-05-21T04:53:25.036+0000] {logging_mixin.py:188} INFO - [2025-05-21T04:53:25.036+0000] {dagbag.py:538} INFO - Filling up the DagBag from /opt/airflow/dags/dbt_model_dag.py
[2025-05-21T04:53:25.063+0000] {processor.py:840} INFO - DAG(s) 'run_dbt_models_after_ingestion' retrieved from /opt/airflow/dags/dbt_model_dag.py
[2025-05-21T04:53:25.102+0000] {logging_mixin.py:188} INFO - [2025-05-21T04:53:25.102+0000] {dag.py:3036} INFO - Sync 1 DAGs
[2025-05-21T04:53:25.115+0000] {logging_mixin.py:188} INFO - [2025-05-21T04:53:25.115+0000] {dag.py:3823} INFO - Setting next_dagrun for run_dbt_models_after_ingestion to None, run_after=None
[2025-05-21T04:53:25.130+0000] {processor.py:183} INFO - Processing /opt/airflow/dags/dbt_model_dag.py took 0.107 seconds
[2025-05-21T04:53:55.555+0000] {processor.py:161} INFO - Started process (PID=20465) to work on /opt/airflow/dags/dbt_model_dag.py
[2025-05-21T04:53:55.556+0000] {processor.py:830} INFO - Processing file /opt/airflow/dags/dbt_model_dag.py for tasks to queue
[2025-05-21T04:53:55.559+0000] {logging_mixin.py:188} INFO - [2025-05-21T04:53:55.558+0000] {dagbag.py:538} INFO - Filling up the DagBag from /opt/airflow/dags/dbt_model_dag.py
[2025-05-21T04:53:55.587+0000] {processor.py:840} INFO - DAG(s) 'run_dbt_models_after_ingestion' retrieved from /opt/airflow/dags/dbt_model_dag.py
[2025-05-21T04:53:55.624+0000] {logging_mixin.py:188} INFO - [2025-05-21T04:53:55.624+0000] {dag.py:3036} INFO - Sync 1 DAGs
[2025-05-21T04:53:55.640+0000] {logging_mixin.py:188} INFO - [2025-05-21T04:53:55.640+0000] {dag.py:3823} INFO - Setting next_dagrun for run_dbt_models_after_ingestion to None, run_after=None
[2025-05-21T04:53:55.654+0000] {processor.py:183} INFO - Processing /opt/airflow/dags/dbt_model_dag.py took 0.109 seconds
[2025-05-21T04:54:26.194+0000] {processor.py:161} INFO - Started process (PID=20475) to work on /opt/airflow/dags/dbt_model_dag.py
[2025-05-21T04:54:26.197+0000] {processor.py:830} INFO - Processing file /opt/airflow/dags/dbt_model_dag.py for tasks to queue
[2025-05-21T04:54:26.200+0000] {logging_mixin.py:188} INFO - [2025-05-21T04:54:26.199+0000] {dagbag.py:538} INFO - Filling up the DagBag from /opt/airflow/dags/dbt_model_dag.py
[2025-05-21T04:54:26.227+0000] {processor.py:840} INFO - DAG(s) 'run_dbt_models_after_ingestion' retrieved from /opt/airflow/dags/dbt_model_dag.py
[2025-05-21T04:54:26.272+0000] {logging_mixin.py:188} INFO - [2025-05-21T04:54:26.272+0000] {dag.py:3036} INFO - Sync 1 DAGs
[2025-05-21T04:54:26.285+0000] {logging_mixin.py:188} INFO - [2025-05-21T04:54:26.285+0000] {dag.py:3823} INFO - Setting next_dagrun for run_dbt_models_after_ingestion to None, run_after=None
[2025-05-21T04:54:26.300+0000] {processor.py:183} INFO - Processing /opt/airflow/dags/dbt_model_dag.py took 0.119 seconds
[2025-05-21T04:54:56.709+0000] {processor.py:161} INFO - Started process (PID=20485) to work on /opt/airflow/dags/dbt_model_dag.py
[2025-05-21T04:54:56.712+0000] {processor.py:830} INFO - Processing file /opt/airflow/dags/dbt_model_dag.py for tasks to queue
[2025-05-21T04:54:56.713+0000] {logging_mixin.py:188} INFO - [2025-05-21T04:54:56.713+0000] {dagbag.py:538} INFO - Filling up the DagBag from /opt/airflow/dags/dbt_model_dag.py
[2025-05-21T04:54:56.745+0000] {processor.py:840} INFO - DAG(s) 'run_dbt_models_after_ingestion' retrieved from /opt/airflow/dags/dbt_model_dag.py
[2025-05-21T04:54:56.779+0000] {logging_mixin.py:188} INFO - [2025-05-21T04:54:56.779+0000] {dag.py:3036} INFO - Sync 1 DAGs
[2025-05-21T04:54:56.797+0000] {logging_mixin.py:188} INFO - [2025-05-21T04:54:56.797+0000] {dag.py:3823} INFO - Setting next_dagrun for run_dbt_models_after_ingestion to None, run_after=None
[2025-05-21T04:54:56.816+0000] {processor.py:183} INFO - Processing /opt/airflow/dags/dbt_model_dag.py took 0.121 seconds
[2025-05-21T04:55:27.258+0000] {processor.py:161} INFO - Started process (PID=20495) to work on /opt/airflow/dags/dbt_model_dag.py
[2025-05-21T04:55:27.260+0000] {processor.py:830} INFO - Processing file /opt/airflow/dags/dbt_model_dag.py for tasks to queue
[2025-05-21T04:55:27.261+0000] {logging_mixin.py:188} INFO - [2025-05-21T04:55:27.261+0000] {dagbag.py:538} INFO - Filling up the DagBag from /opt/airflow/dags/dbt_model_dag.py
[2025-05-21T04:55:27.290+0000] {processor.py:840} INFO - DAG(s) 'run_dbt_models_after_ingestion' retrieved from /opt/airflow/dags/dbt_model_dag.py
[2025-05-21T04:55:27.340+0000] {logging_mixin.py:188} INFO - [2025-05-21T04:55:27.340+0000] {dag.py:3036} INFO - Sync 1 DAGs
[2025-05-21T04:55:27.356+0000] {logging_mixin.py:188} INFO - [2025-05-21T04:55:27.356+0000] {dag.py:3823} INFO - Setting next_dagrun for run_dbt_models_after_ingestion to None, run_after=None
[2025-05-21T04:55:27.374+0000] {processor.py:183} INFO - Processing /opt/airflow/dags/dbt_model_dag.py took 0.132 seconds
[2025-05-21T04:55:57.846+0000] {processor.py:161} INFO - Started process (PID=20505) to work on /opt/airflow/dags/dbt_model_dag.py
[2025-05-21T04:55:57.850+0000] {processor.py:830} INFO - Processing file /opt/airflow/dags/dbt_model_dag.py for tasks to queue
[2025-05-21T04:55:57.851+0000] {logging_mixin.py:188} INFO - [2025-05-21T04:55:57.851+0000] {dagbag.py:538} INFO - Filling up the DagBag from /opt/airflow/dags/dbt_model_dag.py
[2025-05-21T04:55:57.878+0000] {processor.py:840} INFO - DAG(s) 'run_dbt_models_after_ingestion' retrieved from /opt/airflow/dags/dbt_model_dag.py
[2025-05-21T04:55:57.912+0000] {logging_mixin.py:188} INFO - [2025-05-21T04:55:57.912+0000] {dag.py:3036} INFO - Sync 1 DAGs
[2025-05-21T04:55:57.927+0000] {logging_mixin.py:188} INFO - [2025-05-21T04:55:57.927+0000] {dag.py:3823} INFO - Setting next_dagrun for run_dbt_models_after_ingestion to None, run_after=None
[2025-05-21T04:55:57.944+0000] {processor.py:183} INFO - Processing /opt/airflow/dags/dbt_model_dag.py took 0.104 seconds
[2025-05-21T04:56:28.532+0000] {processor.py:161} INFO - Started process (PID=20515) to work on /opt/airflow/dags/dbt_model_dag.py
[2025-05-21T04:56:28.537+0000] {processor.py:830} INFO - Processing file /opt/airflow/dags/dbt_model_dag.py for tasks to queue
[2025-05-21T04:56:28.538+0000] {logging_mixin.py:188} INFO - [2025-05-21T04:56:28.537+0000] {dagbag.py:538} INFO - Filling up the DagBag from /opt/airflow/dags/dbt_model_dag.py
[2025-05-21T04:56:28.565+0000] {processor.py:840} INFO - DAG(s) 'run_dbt_models_after_ingestion' retrieved from /opt/airflow/dags/dbt_model_dag.py
[2025-05-21T04:56:28.612+0000] {logging_mixin.py:188} INFO - [2025-05-21T04:56:28.611+0000] {dag.py:3036} INFO - Sync 1 DAGs
[2025-05-21T04:56:28.626+0000] {logging_mixin.py:188} INFO - [2025-05-21T04:56:28.626+0000] {dag.py:3823} INFO - Setting next_dagrun for run_dbt_models_after_ingestion to None, run_after=None
[2025-05-21T04:56:28.642+0000] {processor.py:183} INFO - Processing /opt/airflow/dags/dbt_model_dag.py took 0.122 seconds
[2025-05-21T04:56:59.142+0000] {processor.py:161} INFO - Started process (PID=20525) to work on /opt/airflow/dags/dbt_model_dag.py
[2025-05-21T04:56:59.144+0000] {processor.py:830} INFO - Processing file /opt/airflow/dags/dbt_model_dag.py for tasks to queue
[2025-05-21T04:56:59.145+0000] {logging_mixin.py:188} INFO - [2025-05-21T04:56:59.145+0000] {dagbag.py:538} INFO - Filling up the DagBag from /opt/airflow/dags/dbt_model_dag.py
[2025-05-21T04:56:59.169+0000] {processor.py:840} INFO - DAG(s) 'run_dbt_models_after_ingestion' retrieved from /opt/airflow/dags/dbt_model_dag.py
[2025-05-21T04:56:59.213+0000] {logging_mixin.py:188} INFO - [2025-05-21T04:56:59.213+0000] {dag.py:3036} INFO - Sync 1 DAGs
[2025-05-21T04:56:59.226+0000] {logging_mixin.py:188} INFO - [2025-05-21T04:56:59.226+0000] {dag.py:3823} INFO - Setting next_dagrun for run_dbt_models_after_ingestion to None, run_after=None
[2025-05-21T04:56:59.241+0000] {processor.py:183} INFO - Processing /opt/airflow/dags/dbt_model_dag.py took 0.109 seconds
[2025-05-21T04:57:29.768+0000] {processor.py:161} INFO - Started process (PID=20535) to work on /opt/airflow/dags/dbt_model_dag.py
[2025-05-21T04:57:29.771+0000] {processor.py:830} INFO - Processing file /opt/airflow/dags/dbt_model_dag.py for tasks to queue
[2025-05-21T04:57:29.772+0000] {logging_mixin.py:188} INFO - [2025-05-21T04:57:29.771+0000] {dagbag.py:538} INFO - Filling up the DagBag from /opt/airflow/dags/dbt_model_dag.py
[2025-05-21T04:57:29.804+0000] {processor.py:840} INFO - DAG(s) 'run_dbt_models_after_ingestion' retrieved from /opt/airflow/dags/dbt_model_dag.py
[2025-05-21T04:57:29.846+0000] {logging_mixin.py:188} INFO - [2025-05-21T04:57:29.846+0000] {dag.py:3036} INFO - Sync 1 DAGs
[2025-05-21T04:57:29.862+0000] {logging_mixin.py:188} INFO - [2025-05-21T04:57:29.862+0000] {dag.py:3823} INFO - Setting next_dagrun for run_dbt_models_after_ingestion to None, run_after=None
[2025-05-21T04:57:29.878+0000] {processor.py:183} INFO - Processing /opt/airflow/dags/dbt_model_dag.py took 0.131 seconds
[2025-05-21T04:58:00.513+0000] {processor.py:161} INFO - Started process (PID=20545) to work on /opt/airflow/dags/dbt_model_dag.py
[2025-05-21T04:58:00.517+0000] {processor.py:830} INFO - Processing file /opt/airflow/dags/dbt_model_dag.py for tasks to queue
[2025-05-21T04:58:00.518+0000] {logging_mixin.py:188} INFO - [2025-05-21T04:58:00.518+0000] {dagbag.py:538} INFO - Filling up the DagBag from /opt/airflow/dags/dbt_model_dag.py
[2025-05-21T04:58:00.548+0000] {processor.py:840} INFO - DAG(s) 'run_dbt_models_after_ingestion' retrieved from /opt/airflow/dags/dbt_model_dag.py
[2025-05-21T04:58:00.593+0000] {logging_mixin.py:188} INFO - [2025-05-21T04:58:00.593+0000] {dag.py:3036} INFO - Sync 1 DAGs
[2025-05-21T04:58:00.609+0000] {logging_mixin.py:188} INFO - [2025-05-21T04:58:00.608+0000] {dag.py:3823} INFO - Setting next_dagrun for run_dbt_models_after_ingestion to None, run_after=None
[2025-05-21T04:58:00.625+0000] {processor.py:183} INFO - Processing /opt/airflow/dags/dbt_model_dag.py took 0.125 seconds
[2025-05-21T04:58:31.206+0000] {processor.py:161} INFO - Started process (PID=20555) to work on /opt/airflow/dags/dbt_model_dag.py
[2025-05-21T04:58:31.208+0000] {processor.py:830} INFO - Processing file /opt/airflow/dags/dbt_model_dag.py for tasks to queue
[2025-05-21T04:58:31.210+0000] {logging_mixin.py:188} INFO - [2025-05-21T04:58:31.209+0000] {dagbag.py:538} INFO - Filling up the DagBag from /opt/airflow/dags/dbt_model_dag.py
[2025-05-21T04:58:31.237+0000] {processor.py:840} INFO - DAG(s) 'run_dbt_models_after_ingestion' retrieved from /opt/airflow/dags/dbt_model_dag.py
[2025-05-21T04:58:31.276+0000] {logging_mixin.py:188} INFO - [2025-05-21T04:58:31.275+0000] {dag.py:3036} INFO - Sync 1 DAGs
[2025-05-21T04:58:31.289+0000] {logging_mixin.py:188} INFO - [2025-05-21T04:58:31.289+0000] {dag.py:3823} INFO - Setting next_dagrun for run_dbt_models_after_ingestion to None, run_after=None
[2025-05-21T04:58:31.304+0000] {processor.py:183} INFO - Processing /opt/airflow/dags/dbt_model_dag.py took 0.108 seconds
[2025-05-21T04:59:01.894+0000] {processor.py:161} INFO - Started process (PID=20565) to work on /opt/airflow/dags/dbt_model_dag.py
[2025-05-21T04:59:01.898+0000] {processor.py:830} INFO - Processing file /opt/airflow/dags/dbt_model_dag.py for tasks to queue
[2025-05-21T04:59:01.900+0000] {logging_mixin.py:188} INFO - [2025-05-21T04:59:01.899+0000] {dagbag.py:538} INFO - Filling up the DagBag from /opt/airflow/dags/dbt_model_dag.py
[2025-05-21T04:59:01.926+0000] {processor.py:840} INFO - DAG(s) 'run_dbt_models_after_ingestion' retrieved from /opt/airflow/dags/dbt_model_dag.py
[2025-05-21T04:59:01.973+0000] {logging_mixin.py:188} INFO - [2025-05-21T04:59:01.973+0000] {dag.py:3036} INFO - Sync 1 DAGs
[2025-05-21T04:59:01.987+0000] {logging_mixin.py:188} INFO - [2025-05-21T04:59:01.987+0000] {dag.py:3823} INFO - Setting next_dagrun for run_dbt_models_after_ingestion to None, run_after=None
[2025-05-21T04:59:02.004+0000] {processor.py:183} INFO - Processing /opt/airflow/dags/dbt_model_dag.py took 0.122 seconds
[2025-05-21T04:59:32.597+0000] {processor.py:161} INFO - Started process (PID=20575) to work on /opt/airflow/dags/dbt_model_dag.py
[2025-05-21T04:59:32.601+0000] {processor.py:830} INFO - Processing file /opt/airflow/dags/dbt_model_dag.py for tasks to queue
[2025-05-21T04:59:32.606+0000] {logging_mixin.py:188} INFO - [2025-05-21T04:59:32.602+0000] {dagbag.py:538} INFO - Filling up the DagBag from /opt/airflow/dags/dbt_model_dag.py
[2025-05-21T04:59:32.643+0000] {processor.py:840} INFO - DAG(s) 'run_dbt_models_after_ingestion' retrieved from /opt/airflow/dags/dbt_model_dag.py
[2025-05-21T04:59:32.700+0000] {logging_mixin.py:188} INFO - [2025-05-21T04:59:32.700+0000] {dag.py:3036} INFO - Sync 1 DAGs
[2025-05-21T04:59:32.728+0000] {logging_mixin.py:188} INFO - [2025-05-21T04:59:32.728+0000] {dag.py:3823} INFO - Setting next_dagrun for run_dbt_models_after_ingestion to None, run_after=None
[2025-05-21T04:59:32.747+0000] {processor.py:183} INFO - Processing /opt/airflow/dags/dbt_model_dag.py took 0.166 seconds
[2025-05-21T05:00:03.222+0000] {processor.py:161} INFO - Started process (PID=20585) to work on /opt/airflow/dags/dbt_model_dag.py
[2025-05-21T05:00:03.224+0000] {processor.py:830} INFO - Processing file /opt/airflow/dags/dbt_model_dag.py for tasks to queue
[2025-05-21T05:00:03.225+0000] {logging_mixin.py:188} INFO - [2025-05-21T05:00:03.225+0000] {dagbag.py:538} INFO - Filling up the DagBag from /opt/airflow/dags/dbt_model_dag.py
[2025-05-21T05:00:03.251+0000] {processor.py:840} INFO - DAG(s) 'run_dbt_models_after_ingestion' retrieved from /opt/airflow/dags/dbt_model_dag.py
[2025-05-21T05:00:03.299+0000] {logging_mixin.py:188} INFO - [2025-05-21T05:00:03.299+0000] {dag.py:3036} INFO - Sync 1 DAGs
[2025-05-21T05:00:03.311+0000] {logging_mixin.py:188} INFO - [2025-05-21T05:00:03.311+0000] {dag.py:3823} INFO - Setting next_dagrun for run_dbt_models_after_ingestion to None, run_after=None
[2025-05-21T05:00:03.325+0000] {processor.py:183} INFO - Processing /opt/airflow/dags/dbt_model_dag.py took 0.113 seconds
[2025-05-21T05:00:33.768+0000] {processor.py:161} INFO - Started process (PID=20595) to work on /opt/airflow/dags/dbt_model_dag.py
[2025-05-21T05:00:33.770+0000] {processor.py:830} INFO - Processing file /opt/airflow/dags/dbt_model_dag.py for tasks to queue
[2025-05-21T05:00:33.771+0000] {logging_mixin.py:188} INFO - [2025-05-21T05:00:33.771+0000] {dagbag.py:538} INFO - Filling up the DagBag from /opt/airflow/dags/dbt_model_dag.py
[2025-05-21T05:00:33.793+0000] {processor.py:840} INFO - DAG(s) 'run_dbt_models_after_ingestion' retrieved from /opt/airflow/dags/dbt_model_dag.py
[2025-05-21T05:00:33.836+0000] {logging_mixin.py:188} INFO - [2025-05-21T05:00:33.835+0000] {dag.py:3036} INFO - Sync 1 DAGs
[2025-05-21T05:00:33.848+0000] {logging_mixin.py:188} INFO - [2025-05-21T05:00:33.848+0000] {dag.py:3823} INFO - Setting next_dagrun for run_dbt_models_after_ingestion to None, run_after=None
[2025-05-21T05:00:33.863+0000] {processor.py:183} INFO - Processing /opt/airflow/dags/dbt_model_dag.py took 0.107 seconds
[2025-05-21T05:01:04.281+0000] {processor.py:161} INFO - Started process (PID=20605) to work on /opt/airflow/dags/dbt_model_dag.py
[2025-05-21T05:01:04.285+0000] {processor.py:830} INFO - Processing file /opt/airflow/dags/dbt_model_dag.py for tasks to queue
[2025-05-21T05:01:04.287+0000] {logging_mixin.py:188} INFO - [2025-05-21T05:01:04.286+0000] {dagbag.py:538} INFO - Filling up the DagBag from /opt/airflow/dags/dbt_model_dag.py
[2025-05-21T05:01:04.321+0000] {processor.py:840} INFO - DAG(s) 'run_dbt_models_after_ingestion' retrieved from /opt/airflow/dags/dbt_model_dag.py
[2025-05-21T05:01:04.365+0000] {logging_mixin.py:188} INFO - [2025-05-21T05:01:04.365+0000] {dag.py:3036} INFO - Sync 1 DAGs
[2025-05-21T05:01:04.381+0000] {logging_mixin.py:188} INFO - [2025-05-21T05:01:04.380+0000] {dag.py:3823} INFO - Setting next_dagrun for run_dbt_models_after_ingestion to None, run_after=None
[2025-05-21T05:01:04.397+0000] {processor.py:183} INFO - Processing /opt/airflow/dags/dbt_model_dag.py took 0.129 seconds
[2025-05-21T05:01:34.857+0000] {processor.py:161} INFO - Started process (PID=20615) to work on /opt/airflow/dags/dbt_model_dag.py
[2025-05-21T05:01:34.861+0000] {processor.py:830} INFO - Processing file /opt/airflow/dags/dbt_model_dag.py for tasks to queue
[2025-05-21T05:01:34.862+0000] {logging_mixin.py:188} INFO - [2025-05-21T05:01:34.862+0000] {dagbag.py:538} INFO - Filling up the DagBag from /opt/airflow/dags/dbt_model_dag.py
[2025-05-21T05:01:34.890+0000] {processor.py:840} INFO - DAG(s) 'run_dbt_models_after_ingestion' retrieved from /opt/airflow/dags/dbt_model_dag.py
[2025-05-21T05:01:34.933+0000] {logging_mixin.py:188} INFO - [2025-05-21T05:01:34.933+0000] {dag.py:3036} INFO - Sync 1 DAGs
[2025-05-21T05:01:34.949+0000] {logging_mixin.py:188} INFO - [2025-05-21T05:01:34.948+0000] {dag.py:3823} INFO - Setting next_dagrun for run_dbt_models_after_ingestion to None, run_after=None
[2025-05-21T05:01:34.965+0000] {processor.py:183} INFO - Processing /opt/airflow/dags/dbt_model_dag.py took 0.115 seconds
[2025-05-21T05:02:05.496+0000] {processor.py:161} INFO - Started process (PID=20625) to work on /opt/airflow/dags/dbt_model_dag.py
[2025-05-21T05:02:05.499+0000] {processor.py:830} INFO - Processing file /opt/airflow/dags/dbt_model_dag.py for tasks to queue
[2025-05-21T05:02:05.501+0000] {logging_mixin.py:188} INFO - [2025-05-21T05:02:05.500+0000] {dagbag.py:538} INFO - Filling up the DagBag from /opt/airflow/dags/dbt_model_dag.py
[2025-05-21T05:02:05.529+0000] {processor.py:840} INFO - DAG(s) 'run_dbt_models_after_ingestion' retrieved from /opt/airflow/dags/dbt_model_dag.py
[2025-05-21T05:02:05.570+0000] {logging_mixin.py:188} INFO - [2025-05-21T05:02:05.570+0000] {dag.py:3036} INFO - Sync 1 DAGs
[2025-05-21T05:02:05.582+0000] {logging_mixin.py:188} INFO - [2025-05-21T05:02:05.582+0000] {dag.py:3823} INFO - Setting next_dagrun for run_dbt_models_after_ingestion to None, run_after=None
[2025-05-21T05:02:05.598+0000] {processor.py:183} INFO - Processing /opt/airflow/dags/dbt_model_dag.py took 0.114 seconds
[2025-05-21T05:02:36.092+0000] {processor.py:161} INFO - Started process (PID=20635) to work on /opt/airflow/dags/dbt_model_dag.py
[2025-05-21T05:02:36.094+0000] {processor.py:830} INFO - Processing file /opt/airflow/dags/dbt_model_dag.py for tasks to queue
[2025-05-21T05:02:36.095+0000] {logging_mixin.py:188} INFO - [2025-05-21T05:02:36.095+0000] {dagbag.py:538} INFO - Filling up the DagBag from /opt/airflow/dags/dbt_model_dag.py
[2025-05-21T05:02:36.117+0000] {processor.py:840} INFO - DAG(s) 'run_dbt_models_after_ingestion' retrieved from /opt/airflow/dags/dbt_model_dag.py
[2025-05-21T05:02:36.160+0000] {logging_mixin.py:188} INFO - [2025-05-21T05:02:36.159+0000] {dag.py:3036} INFO - Sync 1 DAGs
[2025-05-21T05:02:36.171+0000] {logging_mixin.py:188} INFO - [2025-05-21T05:02:36.171+0000] {dag.py:3823} INFO - Setting next_dagrun for run_dbt_models_after_ingestion to None, run_after=None
[2025-05-21T05:02:36.186+0000] {processor.py:183} INFO - Processing /opt/airflow/dags/dbt_model_dag.py took 0.106 seconds
[2025-05-21T05:03:06.583+0000] {processor.py:161} INFO - Started process (PID=20645) to work on /opt/airflow/dags/dbt_model_dag.py
[2025-05-21T05:03:06.585+0000] {processor.py:830} INFO - Processing file /opt/airflow/dags/dbt_model_dag.py for tasks to queue
[2025-05-21T05:03:06.587+0000] {logging_mixin.py:188} INFO - [2025-05-21T05:03:06.586+0000] {dagbag.py:538} INFO - Filling up the DagBag from /opt/airflow/dags/dbt_model_dag.py
[2025-05-21T05:03:06.612+0000] {processor.py:840} INFO - DAG(s) 'run_dbt_models_after_ingestion' retrieved from /opt/airflow/dags/dbt_model_dag.py
[2025-05-21T05:03:06.652+0000] {logging_mixin.py:188} INFO - [2025-05-21T05:03:06.651+0000] {dag.py:3036} INFO - Sync 1 DAGs
[2025-05-21T05:03:06.664+0000] {logging_mixin.py:188} INFO - [2025-05-21T05:03:06.664+0000] {dag.py:3823} INFO - Setting next_dagrun for run_dbt_models_after_ingestion to None, run_after=None
[2025-05-21T05:03:06.682+0000] {processor.py:183} INFO - Processing /opt/airflow/dags/dbt_model_dag.py took 0.112 seconds
[2025-05-21T05:03:37.155+0000] {processor.py:161} INFO - Started process (PID=20655) to work on /opt/airflow/dags/dbt_model_dag.py
[2025-05-21T05:03:37.159+0000] {processor.py:830} INFO - Processing file /opt/airflow/dags/dbt_model_dag.py for tasks to queue
[2025-05-21T05:03:37.160+0000] {logging_mixin.py:188} INFO - [2025-05-21T05:03:37.160+0000] {dagbag.py:538} INFO - Filling up the DagBag from /opt/airflow/dags/dbt_model_dag.py
[2025-05-21T05:03:37.185+0000] {processor.py:840} INFO - DAG(s) 'run_dbt_models_after_ingestion' retrieved from /opt/airflow/dags/dbt_model_dag.py
[2025-05-21T05:03:37.233+0000] {logging_mixin.py:188} INFO - [2025-05-21T05:03:37.233+0000] {dag.py:3036} INFO - Sync 1 DAGs
[2025-05-21T05:03:37.248+0000] {logging_mixin.py:188} INFO - [2025-05-21T05:03:37.247+0000] {dag.py:3823} INFO - Setting next_dagrun for run_dbt_models_after_ingestion to None, run_after=None
[2025-05-21T05:03:37.264+0000] {processor.py:183} INFO - Processing /opt/airflow/dags/dbt_model_dag.py took 0.121 seconds
[2025-05-21T05:04:07.730+0000] {processor.py:161} INFO - Started process (PID=20665) to work on /opt/airflow/dags/dbt_model_dag.py
[2025-05-21T05:04:07.733+0000] {processor.py:830} INFO - Processing file /opt/airflow/dags/dbt_model_dag.py for tasks to queue
[2025-05-21T05:04:07.735+0000] {logging_mixin.py:188} INFO - [2025-05-21T05:04:07.734+0000] {dagbag.py:538} INFO - Filling up the DagBag from /opt/airflow/dags/dbt_model_dag.py
[2025-05-21T05:04:07.762+0000] {processor.py:840} INFO - DAG(s) 'run_dbt_models_after_ingestion' retrieved from /opt/airflow/dags/dbt_model_dag.py
[2025-05-21T05:04:07.799+0000] {logging_mixin.py:188} INFO - [2025-05-21T05:04:07.799+0000] {dag.py:3036} INFO - Sync 1 DAGs
[2025-05-21T05:04:07.815+0000] {logging_mixin.py:188} INFO - [2025-05-21T05:04:07.815+0000] {dag.py:3823} INFO - Setting next_dagrun for run_dbt_models_after_ingestion to None, run_after=None
[2025-05-21T05:04:07.831+0000] {processor.py:183} INFO - Processing /opt/airflow/dags/dbt_model_dag.py took 0.116 seconds
[2025-05-21T05:04:38.263+0000] {processor.py:161} INFO - Started process (PID=20675) to work on /opt/airflow/dags/dbt_model_dag.py
[2025-05-21T05:04:38.268+0000] {processor.py:830} INFO - Processing file /opt/airflow/dags/dbt_model_dag.py for tasks to queue
[2025-05-21T05:04:38.270+0000] {logging_mixin.py:188} INFO - [2025-05-21T05:04:38.269+0000] {dagbag.py:538} INFO - Filling up the DagBag from /opt/airflow/dags/dbt_model_dag.py
[2025-05-21T05:04:38.299+0000] {processor.py:840} INFO - DAG(s) 'run_dbt_models_after_ingestion' retrieved from /opt/airflow/dags/dbt_model_dag.py
[2025-05-21T05:04:38.341+0000] {logging_mixin.py:188} INFO - [2025-05-21T05:04:38.341+0000] {dag.py:3036} INFO - Sync 1 DAGs
[2025-05-21T05:04:38.354+0000] {logging_mixin.py:188} INFO - [2025-05-21T05:04:38.354+0000] {dag.py:3823} INFO - Setting next_dagrun for run_dbt_models_after_ingestion to None, run_after=None
[2025-05-21T05:04:38.368+0000] {processor.py:183} INFO - Processing /opt/airflow/dags/dbt_model_dag.py took 0.120 seconds
[2025-05-21T05:05:08.763+0000] {processor.py:161} INFO - Started process (PID=20685) to work on /opt/airflow/dags/dbt_model_dag.py
[2025-05-21T05:05:08.765+0000] {processor.py:830} INFO - Processing file /opt/airflow/dags/dbt_model_dag.py for tasks to queue
[2025-05-21T05:05:08.767+0000] {logging_mixin.py:188} INFO - [2025-05-21T05:05:08.767+0000] {dagbag.py:538} INFO - Filling up the DagBag from /opt/airflow/dags/dbt_model_dag.py
[2025-05-21T05:05:08.792+0000] {processor.py:840} INFO - DAG(s) 'run_dbt_models_after_ingestion' retrieved from /opt/airflow/dags/dbt_model_dag.py
[2025-05-21T05:05:08.843+0000] {logging_mixin.py:188} INFO - [2025-05-21T05:05:08.843+0000] {dag.py:3036} INFO - Sync 1 DAGs
[2025-05-21T05:05:08.855+0000] {logging_mixin.py:188} INFO - [2025-05-21T05:05:08.855+0000] {dag.py:3823} INFO - Setting next_dagrun for run_dbt_models_after_ingestion to None, run_after=None
[2025-05-21T05:05:08.870+0000] {processor.py:183} INFO - Processing /opt/airflow/dags/dbt_model_dag.py took 0.119 seconds
[2025-05-21T05:05:39.307+0000] {processor.py:161} INFO - Started process (PID=20695) to work on /opt/airflow/dags/dbt_model_dag.py
[2025-05-21T05:05:39.311+0000] {processor.py:830} INFO - Processing file /opt/airflow/dags/dbt_model_dag.py for tasks to queue
[2025-05-21T05:05:39.312+0000] {logging_mixin.py:188} INFO - [2025-05-21T05:05:39.312+0000] {dagbag.py:538} INFO - Filling up the DagBag from /opt/airflow/dags/dbt_model_dag.py
[2025-05-21T05:05:39.338+0000] {processor.py:840} INFO - DAG(s) 'run_dbt_models_after_ingestion' retrieved from /opt/airflow/dags/dbt_model_dag.py
[2025-05-21T05:05:39.380+0000] {logging_mixin.py:188} INFO - [2025-05-21T05:05:39.380+0000] {dag.py:3036} INFO - Sync 1 DAGs
[2025-05-21T05:05:39.396+0000] {logging_mixin.py:188} INFO - [2025-05-21T05:05:39.396+0000] {dag.py:3823} INFO - Setting next_dagrun for run_dbt_models_after_ingestion to None, run_after=None
[2025-05-21T05:05:39.412+0000] {processor.py:183} INFO - Processing /opt/airflow/dags/dbt_model_dag.py took 0.118 seconds
[2025-05-21T05:06:09.932+0000] {processor.py:161} INFO - Started process (PID=20705) to work on /opt/airflow/dags/dbt_model_dag.py
[2025-05-21T05:06:09.935+0000] {processor.py:830} INFO - Processing file /opt/airflow/dags/dbt_model_dag.py for tasks to queue
[2025-05-21T05:06:09.938+0000] {logging_mixin.py:188} INFO - [2025-05-21T05:06:09.937+0000] {dagbag.py:538} INFO - Filling up the DagBag from /opt/airflow/dags/dbt_model_dag.py
[2025-05-21T05:06:09.964+0000] {processor.py:840} INFO - DAG(s) 'run_dbt_models_after_ingestion' retrieved from /opt/airflow/dags/dbt_model_dag.py
[2025-05-21T05:06:10.010+0000] {logging_mixin.py:188} INFO - [2025-05-21T05:06:10.010+0000] {dag.py:3036} INFO - Sync 1 DAGs
[2025-05-21T05:06:10.029+0000] {logging_mixin.py:188} INFO - [2025-05-21T05:06:10.028+0000] {dag.py:3823} INFO - Setting next_dagrun for run_dbt_models_after_ingestion to None, run_after=None
[2025-05-21T05:06:10.045+0000] {processor.py:183} INFO - Processing /opt/airflow/dags/dbt_model_dag.py took 0.125 seconds
[2025-05-21T05:06:40.491+0000] {processor.py:161} INFO - Started process (PID=20715) to work on /opt/airflow/dags/dbt_model_dag.py
[2025-05-21T05:06:40.495+0000] {processor.py:830} INFO - Processing file /opt/airflow/dags/dbt_model_dag.py for tasks to queue
[2025-05-21T05:06:40.497+0000] {logging_mixin.py:188} INFO - [2025-05-21T05:06:40.496+0000] {dagbag.py:538} INFO - Filling up the DagBag from /opt/airflow/dags/dbt_model_dag.py
[2025-05-21T05:06:40.530+0000] {processor.py:840} INFO - DAG(s) 'run_dbt_models_after_ingestion' retrieved from /opt/airflow/dags/dbt_model_dag.py
[2025-05-21T05:06:40.568+0000] {logging_mixin.py:188} INFO - [2025-05-21T05:06:40.568+0000] {dag.py:3036} INFO - Sync 1 DAGs
[2025-05-21T05:06:40.582+0000] {logging_mixin.py:188} INFO - [2025-05-21T05:06:40.582+0000] {dag.py:3823} INFO - Setting next_dagrun for run_dbt_models_after_ingestion to None, run_after=None
[2025-05-21T05:06:40.596+0000] {processor.py:183} INFO - Processing /opt/airflow/dags/dbt_model_dag.py took 0.115 seconds
[2025-05-21T05:07:11.076+0000] {processor.py:161} INFO - Started process (PID=20725) to work on /opt/airflow/dags/dbt_model_dag.py
[2025-05-21T05:07:11.080+0000] {processor.py:830} INFO - Processing file /opt/airflow/dags/dbt_model_dag.py for tasks to queue
[2025-05-21T05:07:11.082+0000] {logging_mixin.py:188} INFO - [2025-05-21T05:07:11.081+0000] {dagbag.py:538} INFO - Filling up the DagBag from /opt/airflow/dags/dbt_model_dag.py
[2025-05-21T05:07:11.110+0000] {processor.py:840} INFO - DAG(s) 'run_dbt_models_after_ingestion' retrieved from /opt/airflow/dags/dbt_model_dag.py
[2025-05-21T05:07:11.146+0000] {logging_mixin.py:188} INFO - [2025-05-21T05:07:11.146+0000] {dag.py:3036} INFO - Sync 1 DAGs
[2025-05-21T05:07:11.160+0000] {logging_mixin.py:188} INFO - [2025-05-21T05:07:11.160+0000] {dag.py:3823} INFO - Setting next_dagrun for run_dbt_models_after_ingestion to None, run_after=None
[2025-05-21T05:07:11.176+0000] {processor.py:183} INFO - Processing /opt/airflow/dags/dbt_model_dag.py took 0.112 seconds
[2025-05-21T05:07:41.722+0000] {processor.py:161} INFO - Started process (PID=20735) to work on /opt/airflow/dags/dbt_model_dag.py
[2025-05-21T05:07:41.725+0000] {processor.py:830} INFO - Processing file /opt/airflow/dags/dbt_model_dag.py for tasks to queue
[2025-05-21T05:07:41.726+0000] {logging_mixin.py:188} INFO - [2025-05-21T05:07:41.726+0000] {dagbag.py:538} INFO - Filling up the DagBag from /opt/airflow/dags/dbt_model_dag.py
[2025-05-21T05:07:41.750+0000] {processor.py:840} INFO - DAG(s) 'run_dbt_models_after_ingestion' retrieved from /opt/airflow/dags/dbt_model_dag.py
[2025-05-21T05:07:41.791+0000] {logging_mixin.py:188} INFO - [2025-05-21T05:07:41.790+0000] {dag.py:3036} INFO - Sync 1 DAGs
[2025-05-21T05:07:41.805+0000] {logging_mixin.py:188} INFO - [2025-05-21T05:07:41.805+0000] {dag.py:3823} INFO - Setting next_dagrun for run_dbt_models_after_ingestion to None, run_after=None
[2025-05-21T05:07:41.823+0000] {processor.py:183} INFO - Processing /opt/airflow/dags/dbt_model_dag.py took 0.109 seconds
[2025-05-21T05:08:12.218+0000] {processor.py:161} INFO - Started process (PID=20745) to work on /opt/airflow/dags/dbt_model_dag.py
[2025-05-21T05:08:12.220+0000] {processor.py:830} INFO - Processing file /opt/airflow/dags/dbt_model_dag.py for tasks to queue
[2025-05-21T05:08:12.221+0000] {logging_mixin.py:188} INFO - [2025-05-21T05:08:12.221+0000] {dagbag.py:538} INFO - Filling up the DagBag from /opt/airflow/dags/dbt_model_dag.py
[2025-05-21T05:08:12.241+0000] {processor.py:840} INFO - DAG(s) 'run_dbt_models_after_ingestion' retrieved from /opt/airflow/dags/dbt_model_dag.py
[2025-05-21T05:08:12.271+0000] {logging_mixin.py:188} INFO - [2025-05-21T05:08:12.271+0000] {dag.py:3036} INFO - Sync 1 DAGs
[2025-05-21T05:08:12.286+0000] {logging_mixin.py:188} INFO - [2025-05-21T05:08:12.286+0000] {dag.py:3823} INFO - Setting next_dagrun for run_dbt_models_after_ingestion to None, run_after=None
[2025-05-21T05:08:12.300+0000] {processor.py:183} INFO - Processing /opt/airflow/dags/dbt_model_dag.py took 0.089 seconds
[2025-05-21T05:08:42.701+0000] {processor.py:161} INFO - Started process (PID=20755) to work on /opt/airflow/dags/dbt_model_dag.py
[2025-05-21T05:08:42.703+0000] {processor.py:830} INFO - Processing file /opt/airflow/dags/dbt_model_dag.py for tasks to queue
[2025-05-21T05:08:42.707+0000] {logging_mixin.py:188} INFO - [2025-05-21T05:08:42.705+0000] {dagbag.py:538} INFO - Filling up the DagBag from /opt/airflow/dags/dbt_model_dag.py
[2025-05-21T05:08:42.738+0000] {processor.py:840} INFO - DAG(s) 'run_dbt_models_after_ingestion' retrieved from /opt/airflow/dags/dbt_model_dag.py
[2025-05-21T05:08:42.787+0000] {logging_mixin.py:188} INFO - [2025-05-21T05:08:42.787+0000] {dag.py:3036} INFO - Sync 1 DAGs
[2025-05-21T05:08:42.802+0000] {logging_mixin.py:188} INFO - [2025-05-21T05:08:42.802+0000] {dag.py:3823} INFO - Setting next_dagrun for run_dbt_models_after_ingestion to None, run_after=None
[2025-05-21T05:08:42.823+0000] {processor.py:183} INFO - Processing /opt/airflow/dags/dbt_model_dag.py took 0.142 seconds
[2025-05-21T05:09:13.305+0000] {processor.py:161} INFO - Started process (PID=20765) to work on /opt/airflow/dags/dbt_model_dag.py
[2025-05-21T05:09:13.307+0000] {processor.py:830} INFO - Processing file /opt/airflow/dags/dbt_model_dag.py for tasks to queue
[2025-05-21T05:09:13.309+0000] {logging_mixin.py:188} INFO - [2025-05-21T05:09:13.308+0000] {dagbag.py:538} INFO - Filling up the DagBag from /opt/airflow/dags/dbt_model_dag.py
[2025-05-21T05:09:13.336+0000] {processor.py:840} INFO - DAG(s) 'run_dbt_models_after_ingestion' retrieved from /opt/airflow/dags/dbt_model_dag.py
[2025-05-21T05:09:13.377+0000] {logging_mixin.py:188} INFO - [2025-05-21T05:09:13.377+0000] {dag.py:3036} INFO - Sync 1 DAGs
[2025-05-21T05:09:13.392+0000] {logging_mixin.py:188} INFO - [2025-05-21T05:09:13.392+0000] {dag.py:3823} INFO - Setting next_dagrun for run_dbt_models_after_ingestion to None, run_after=None
[2025-05-21T05:09:13.406+0000] {processor.py:183} INFO - Processing /opt/airflow/dags/dbt_model_dag.py took 0.113 seconds
[2025-05-21T05:09:43.826+0000] {processor.py:161} INFO - Started process (PID=20775) to work on /opt/airflow/dags/dbt_model_dag.py
[2025-05-21T05:09:43.827+0000] {processor.py:830} INFO - Processing file /opt/airflow/dags/dbt_model_dag.py for tasks to queue
[2025-05-21T05:09:43.828+0000] {logging_mixin.py:188} INFO - [2025-05-21T05:09:43.828+0000] {dagbag.py:538} INFO - Filling up the DagBag from /opt/airflow/dags/dbt_model_dag.py
[2025-05-21T05:09:43.854+0000] {processor.py:840} INFO - DAG(s) 'run_dbt_models_after_ingestion' retrieved from /opt/airflow/dags/dbt_model_dag.py
[2025-05-21T05:09:43.896+0000] {logging_mixin.py:188} INFO - [2025-05-21T05:09:43.895+0000] {dag.py:3036} INFO - Sync 1 DAGs
[2025-05-21T05:09:43.910+0000] {logging_mixin.py:188} INFO - [2025-05-21T05:09:43.910+0000] {dag.py:3823} INFO - Setting next_dagrun for run_dbt_models_after_ingestion to None, run_after=None
[2025-05-21T05:09:43.928+0000] {processor.py:183} INFO - Processing /opt/airflow/dags/dbt_model_dag.py took 0.108 seconds
[2025-05-21T05:10:14.420+0000] {processor.py:161} INFO - Started process (PID=20785) to work on /opt/airflow/dags/dbt_model_dag.py
[2025-05-21T05:10:14.423+0000] {processor.py:830} INFO - Processing file /opt/airflow/dags/dbt_model_dag.py for tasks to queue
[2025-05-21T05:10:14.424+0000] {logging_mixin.py:188} INFO - [2025-05-21T05:10:14.423+0000] {dagbag.py:538} INFO - Filling up the DagBag from /opt/airflow/dags/dbt_model_dag.py
[2025-05-21T05:10:14.453+0000] {processor.py:840} INFO - DAG(s) 'run_dbt_models_after_ingestion' retrieved from /opt/airflow/dags/dbt_model_dag.py
[2025-05-21T05:10:14.490+0000] {logging_mixin.py:188} INFO - [2025-05-21T05:10:14.490+0000] {dag.py:3036} INFO - Sync 1 DAGs
[2025-05-21T05:10:14.503+0000] {logging_mixin.py:188} INFO - [2025-05-21T05:10:14.503+0000] {dag.py:3823} INFO - Setting next_dagrun for run_dbt_models_after_ingestion to None, run_after=None
[2025-05-21T05:10:14.518+0000] {processor.py:183} INFO - Processing /opt/airflow/dags/dbt_model_dag.py took 0.110 seconds
[2025-05-21T05:10:44.926+0000] {processor.py:161} INFO - Started process (PID=20795) to work on /opt/airflow/dags/dbt_model_dag.py
[2025-05-21T05:10:44.930+0000] {processor.py:830} INFO - Processing file /opt/airflow/dags/dbt_model_dag.py for tasks to queue
[2025-05-21T05:10:44.932+0000] {logging_mixin.py:188} INFO - [2025-05-21T05:10:44.932+0000] {dagbag.py:538} INFO - Filling up the DagBag from /opt/airflow/dags/dbt_model_dag.py
[2025-05-21T05:10:44.962+0000] {processor.py:840} INFO - DAG(s) 'run_dbt_models_after_ingestion' retrieved from /opt/airflow/dags/dbt_model_dag.py
[2025-05-21T05:10:45.007+0000] {logging_mixin.py:188} INFO - [2025-05-21T05:10:45.006+0000] {dag.py:3036} INFO - Sync 1 DAGs
[2025-05-21T05:10:45.022+0000] {logging_mixin.py:188} INFO - [2025-05-21T05:10:45.021+0000] {dag.py:3823} INFO - Setting next_dagrun for run_dbt_models_after_ingestion to None, run_after=None
[2025-05-21T05:10:45.037+0000] {processor.py:183} INFO - Processing /opt/airflow/dags/dbt_model_dag.py took 0.120 seconds
[2025-05-21T05:11:15.480+0000] {processor.py:161} INFO - Started process (PID=20805) to work on /opt/airflow/dags/dbt_model_dag.py
[2025-05-21T05:11:15.483+0000] {processor.py:830} INFO - Processing file /opt/airflow/dags/dbt_model_dag.py for tasks to queue
[2025-05-21T05:11:15.487+0000] {logging_mixin.py:188} INFO - [2025-05-21T05:11:15.487+0000] {dagbag.py:538} INFO - Filling up the DagBag from /opt/airflow/dags/dbt_model_dag.py
[2025-05-21T05:11:15.516+0000] {processor.py:840} INFO - DAG(s) 'run_dbt_models_after_ingestion' retrieved from /opt/airflow/dags/dbt_model_dag.py
[2025-05-21T05:11:15.555+0000] {logging_mixin.py:188} INFO - [2025-05-21T05:11:15.555+0000] {dag.py:3036} INFO - Sync 1 DAGs
[2025-05-21T05:11:15.565+0000] {logging_mixin.py:188} INFO - [2025-05-21T05:11:15.565+0000] {dag.py:3823} INFO - Setting next_dagrun for run_dbt_models_after_ingestion to None, run_after=None
[2025-05-21T05:11:15.581+0000] {processor.py:183} INFO - Processing /opt/airflow/dags/dbt_model_dag.py took 0.109 seconds
[2025-05-21T05:11:46.298+0000] {processor.py:161} INFO - Started process (PID=20815) to work on /opt/airflow/dags/dbt_model_dag.py
[2025-05-21T05:11:46.302+0000] {processor.py:830} INFO - Processing file /opt/airflow/dags/dbt_model_dag.py for tasks to queue
[2025-05-21T05:11:46.307+0000] {logging_mixin.py:188} INFO - [2025-05-21T05:11:46.304+0000] {dagbag.py:538} INFO - Filling up the DagBag from /opt/airflow/dags/dbt_model_dag.py
[2025-05-21T05:11:46.350+0000] {processor.py:840} INFO - DAG(s) 'run_dbt_models_after_ingestion' retrieved from /opt/airflow/dags/dbt_model_dag.py
[2025-05-21T05:11:46.413+0000] {logging_mixin.py:188} INFO - [2025-05-21T05:11:46.413+0000] {dag.py:3036} INFO - Sync 1 DAGs
[2025-05-21T05:11:46.429+0000] {logging_mixin.py:188} INFO - [2025-05-21T05:11:46.428+0000] {dag.py:3823} INFO - Setting next_dagrun for run_dbt_models_after_ingestion to None, run_after=None
[2025-05-21T05:11:46.463+0000] {processor.py:183} INFO - Processing /opt/airflow/dags/dbt_model_dag.py took 0.188 seconds
[2025-05-21T05:14:38.349+0000] {processor.py:161} INFO - Started process (PID=20825) to work on /opt/airflow/dags/dbt_model_dag.py
[2025-05-21T05:14:38.353+0000] {processor.py:830} INFO - Processing file /opt/airflow/dags/dbt_model_dag.py for tasks to queue
[2025-05-21T05:14:38.355+0000] {logging_mixin.py:188} INFO - [2025-05-21T05:14:38.354+0000] {dagbag.py:538} INFO - Filling up the DagBag from /opt/airflow/dags/dbt_model_dag.py
[2025-05-21T05:14:38.379+0000] {processor.py:840} INFO - DAG(s) 'run_dbt_models_after_ingestion' retrieved from /opt/airflow/dags/dbt_model_dag.py
[2025-05-21T05:14:38.425+0000] {logging_mixin.py:188} INFO - [2025-05-21T05:14:38.425+0000] {dag.py:3036} INFO - Sync 1 DAGs
[2025-05-21T05:14:38.440+0000] {logging_mixin.py:188} INFO - [2025-05-21T05:14:38.440+0000] {dag.py:3823} INFO - Setting next_dagrun for run_dbt_models_after_ingestion to None, run_after=None
[2025-05-21T05:14:38.456+0000] {processor.py:183} INFO - Processing /opt/airflow/dags/dbt_model_dag.py took 0.119 seconds
[2025-05-21T05:15:08.932+0000] {processor.py:161} INFO - Started process (PID=20837) to work on /opt/airflow/dags/dbt_model_dag.py
[2025-05-21T05:15:08.935+0000] {processor.py:830} INFO - Processing file /opt/airflow/dags/dbt_model_dag.py for tasks to queue
[2025-05-21T05:15:08.937+0000] {logging_mixin.py:188} INFO - [2025-05-21T05:15:08.937+0000] {dagbag.py:538} INFO - Filling up the DagBag from /opt/airflow/dags/dbt_model_dag.py
[2025-05-21T05:15:08.968+0000] {processor.py:840} INFO - DAG(s) 'run_dbt_models_after_ingestion' retrieved from /opt/airflow/dags/dbt_model_dag.py
[2025-05-21T05:15:09.014+0000] {logging_mixin.py:188} INFO - [2025-05-21T05:15:09.014+0000] {dag.py:3036} INFO - Sync 1 DAGs
[2025-05-21T05:15:09.029+0000] {logging_mixin.py:188} INFO - [2025-05-21T05:15:09.029+0000] {dag.py:3823} INFO - Setting next_dagrun for run_dbt_models_after_ingestion to None, run_after=None
[2025-05-21T05:15:09.052+0000] {processor.py:183} INFO - Processing /opt/airflow/dags/dbt_model_dag.py took 0.131 seconds
[2025-05-21T05:15:39.487+0000] {processor.py:161} INFO - Started process (PID=20847) to work on /opt/airflow/dags/dbt_model_dag.py
[2025-05-21T05:15:39.489+0000] {processor.py:830} INFO - Processing file /opt/airflow/dags/dbt_model_dag.py for tasks to queue
[2025-05-21T05:15:39.490+0000] {logging_mixin.py:188} INFO - [2025-05-21T05:15:39.490+0000] {dagbag.py:538} INFO - Filling up the DagBag from /opt/airflow/dags/dbt_model_dag.py
[2025-05-21T05:15:39.509+0000] {processor.py:840} INFO - DAG(s) 'run_dbt_models_after_ingestion' retrieved from /opt/airflow/dags/dbt_model_dag.py
[2025-05-21T05:15:39.554+0000] {logging_mixin.py:188} INFO - [2025-05-21T05:15:39.554+0000] {dag.py:3036} INFO - Sync 1 DAGs
[2025-05-21T05:15:39.570+0000] {logging_mixin.py:188} INFO - [2025-05-21T05:15:39.570+0000] {dag.py:3823} INFO - Setting next_dagrun for run_dbt_models_after_ingestion to None, run_after=None
[2025-05-21T05:15:39.588+0000] {processor.py:183} INFO - Processing /opt/airflow/dags/dbt_model_dag.py took 0.109 seconds
[2025-05-21T05:16:09.948+0000] {processor.py:161} INFO - Started process (PID=20857) to work on /opt/airflow/dags/dbt_model_dag.py
[2025-05-21T05:16:09.951+0000] {processor.py:830} INFO - Processing file /opt/airflow/dags/dbt_model_dag.py for tasks to queue
[2025-05-21T05:16:09.953+0000] {logging_mixin.py:188} INFO - [2025-05-21T05:16:09.952+0000] {dagbag.py:538} INFO - Filling up the DagBag from /opt/airflow/dags/dbt_model_dag.py
[2025-05-21T05:16:09.978+0000] {processor.py:840} INFO - DAG(s) 'run_dbt_models_after_ingestion' retrieved from /opt/airflow/dags/dbt_model_dag.py
[2025-05-21T05:16:10.019+0000] {logging_mixin.py:188} INFO - [2025-05-21T05:16:10.019+0000] {dag.py:3036} INFO - Sync 1 DAGs
[2025-05-21T05:16:10.033+0000] {logging_mixin.py:188} INFO - [2025-05-21T05:16:10.033+0000] {dag.py:3823} INFO - Setting next_dagrun for run_dbt_models_after_ingestion to None, run_after=None
[2025-05-21T05:16:10.054+0000] {processor.py:183} INFO - Processing /opt/airflow/dags/dbt_model_dag.py took 0.120 seconds
[2025-05-21T05:16:40.671+0000] {processor.py:161} INFO - Started process (PID=20867) to work on /opt/airflow/dags/dbt_model_dag.py
[2025-05-21T05:16:40.674+0000] {processor.py:830} INFO - Processing file /opt/airflow/dags/dbt_model_dag.py for tasks to queue
[2025-05-21T05:16:40.676+0000] {logging_mixin.py:188} INFO - [2025-05-21T05:16:40.675+0000] {dagbag.py:538} INFO - Filling up the DagBag from /opt/airflow/dags/dbt_model_dag.py
[2025-05-21T05:16:40.701+0000] {processor.py:840} INFO - DAG(s) 'run_dbt_models_after_ingestion' retrieved from /opt/airflow/dags/dbt_model_dag.py
[2025-05-21T05:16:40.752+0000] {logging_mixin.py:188} INFO - [2025-05-21T05:16:40.752+0000] {dag.py:3036} INFO - Sync 1 DAGs
[2025-05-21T05:16:40.770+0000] {logging_mixin.py:188} INFO - [2025-05-21T05:16:40.769+0000] {dag.py:3823} INFO - Setting next_dagrun for run_dbt_models_after_ingestion to None, run_after=None
[2025-05-21T05:16:40.792+0000] {processor.py:183} INFO - Processing /opt/airflow/dags/dbt_model_dag.py took 0.134 seconds
[2025-05-21T05:17:11.186+0000] {processor.py:161} INFO - Started process (PID=20877) to work on /opt/airflow/dags/dbt_model_dag.py
[2025-05-21T05:17:11.188+0000] {processor.py:830} INFO - Processing file /opt/airflow/dags/dbt_model_dag.py for tasks to queue
[2025-05-21T05:17:11.189+0000] {logging_mixin.py:188} INFO - [2025-05-21T05:17:11.189+0000] {dagbag.py:538} INFO - Filling up the DagBag from /opt/airflow/dags/dbt_model_dag.py
[2025-05-21T05:17:11.211+0000] {processor.py:840} INFO - DAG(s) 'run_dbt_models_after_ingestion' retrieved from /opt/airflow/dags/dbt_model_dag.py
[2025-05-21T05:17:11.252+0000] {logging_mixin.py:188} INFO - [2025-05-21T05:17:11.252+0000] {dag.py:3036} INFO - Sync 1 DAGs
[2025-05-21T05:17:11.264+0000] {logging_mixin.py:188} INFO - [2025-05-21T05:17:11.264+0000] {dag.py:3823} INFO - Setting next_dagrun for run_dbt_models_after_ingestion to None, run_after=None
[2025-05-21T05:17:11.282+0000] {processor.py:183} INFO - Processing /opt/airflow/dags/dbt_model_dag.py took 0.106 seconds
[2025-05-21T05:17:41.670+0000] {processor.py:161} INFO - Started process (PID=20887) to work on /opt/airflow/dags/dbt_model_dag.py
[2025-05-21T05:17:41.671+0000] {processor.py:830} INFO - Processing file /opt/airflow/dags/dbt_model_dag.py for tasks to queue
[2025-05-21T05:17:41.672+0000] {logging_mixin.py:188} INFO - [2025-05-21T05:17:41.672+0000] {dagbag.py:538} INFO - Filling up the DagBag from /opt/airflow/dags/dbt_model_dag.py
[2025-05-21T05:17:41.684+0000] {processor.py:840} INFO - DAG(s) 'run_dbt_models_after_ingestion' retrieved from /opt/airflow/dags/dbt_model_dag.py
[2025-05-21T05:17:41.704+0000] {logging_mixin.py:188} INFO - [2025-05-21T05:17:41.704+0000] {dag.py:3036} INFO - Sync 1 DAGs
[2025-05-21T05:17:41.714+0000] {logging_mixin.py:188} INFO - [2025-05-21T05:17:41.714+0000] {dag.py:3823} INFO - Setting next_dagrun for run_dbt_models_after_ingestion to None, run_after=None
[2025-05-21T05:17:41.731+0000] {processor.py:183} INFO - Processing /opt/airflow/dags/dbt_model_dag.py took 0.069 seconds
[2025-05-21T05:18:12.036+0000] {processor.py:161} INFO - Started process (PID=20897) to work on /opt/airflow/dags/dbt_model_dag.py
[2025-05-21T05:18:12.040+0000] {processor.py:830} INFO - Processing file /opt/airflow/dags/dbt_model_dag.py for tasks to queue
[2025-05-21T05:18:12.043+0000] {logging_mixin.py:188} INFO - [2025-05-21T05:18:12.042+0000] {dagbag.py:538} INFO - Filling up the DagBag from /opt/airflow/dags/dbt_model_dag.py
[2025-05-21T05:18:12.064+0000] {processor.py:840} INFO - DAG(s) 'run_dbt_models_after_ingestion' retrieved from /opt/airflow/dags/dbt_model_dag.py
[2025-05-21T05:18:12.089+0000] {logging_mixin.py:188} INFO - [2025-05-21T05:18:12.089+0000] {dag.py:3036} INFO - Sync 1 DAGs
[2025-05-21T05:18:12.098+0000] {logging_mixin.py:188} INFO - [2025-05-21T05:18:12.098+0000] {dag.py:3823} INFO - Setting next_dagrun for run_dbt_models_after_ingestion to None, run_after=None
[2025-05-21T05:18:12.113+0000] {processor.py:183} INFO - Processing /opt/airflow/dags/dbt_model_dag.py took 0.084 seconds
[2025-05-21T05:18:42.600+0000] {processor.py:161} INFO - Started process (PID=20907) to work on /opt/airflow/dags/dbt_model_dag.py
[2025-05-21T05:18:42.606+0000] {processor.py:830} INFO - Processing file /opt/airflow/dags/dbt_model_dag.py for tasks to queue
[2025-05-21T05:18:42.607+0000] {logging_mixin.py:188} INFO - [2025-05-21T05:18:42.607+0000] {dagbag.py:538} INFO - Filling up the DagBag from /opt/airflow/dags/dbt_model_dag.py
[2025-05-21T05:18:42.634+0000] {processor.py:840} INFO - DAG(s) 'run_dbt_models_after_ingestion' retrieved from /opt/airflow/dags/dbt_model_dag.py
[2025-05-21T05:18:42.683+0000] {logging_mixin.py:188} INFO - [2025-05-21T05:18:42.683+0000] {dag.py:3036} INFO - Sync 1 DAGs
[2025-05-21T05:18:42.701+0000] {logging_mixin.py:188} INFO - [2025-05-21T05:18:42.701+0000] {dag.py:3823} INFO - Setting next_dagrun for run_dbt_models_after_ingestion to None, run_after=None
[2025-05-21T05:18:42.824+0000] {processor.py:183} INFO - Processing /opt/airflow/dags/dbt_model_dag.py took 0.239 seconds
[2025-05-21T05:19:13.385+0000] {processor.py:161} INFO - Started process (PID=20917) to work on /opt/airflow/dags/dbt_model_dag.py
[2025-05-21T05:19:13.389+0000] {processor.py:830} INFO - Processing file /opt/airflow/dags/dbt_model_dag.py for tasks to queue
[2025-05-21T05:19:13.390+0000] {logging_mixin.py:188} INFO - [2025-05-21T05:19:13.390+0000] {dagbag.py:538} INFO - Filling up the DagBag from /opt/airflow/dags/dbt_model_dag.py
[2025-05-21T05:19:13.413+0000] {processor.py:840} INFO - DAG(s) 'run_dbt_models_after_ingestion' retrieved from /opt/airflow/dags/dbt_model_dag.py
[2025-05-21T05:19:13.455+0000] {logging_mixin.py:188} INFO - [2025-05-21T05:19:13.454+0000] {dag.py:3036} INFO - Sync 1 DAGs
[2025-05-21T05:19:13.468+0000] {logging_mixin.py:188} INFO - [2025-05-21T05:19:13.467+0000] {dag.py:3823} INFO - Setting next_dagrun for run_dbt_models_after_ingestion to None, run_after=None
[2025-05-21T05:19:13.483+0000] {processor.py:183} INFO - Processing /opt/airflow/dags/dbt_model_dag.py took 0.111 seconds
[2025-05-21T05:19:43.994+0000] {processor.py:161} INFO - Started process (PID=20927) to work on /opt/airflow/dags/dbt_model_dag.py
[2025-05-21T05:19:44.000+0000] {processor.py:830} INFO - Processing file /opt/airflow/dags/dbt_model_dag.py for tasks to queue
[2025-05-21T05:19:44.002+0000] {logging_mixin.py:188} INFO - [2025-05-21T05:19:44.002+0000] {dagbag.py:538} INFO - Filling up the DagBag from /opt/airflow/dags/dbt_model_dag.py
[2025-05-21T05:19:44.044+0000] {processor.py:840} INFO - DAG(s) 'run_dbt_models_after_ingestion' retrieved from /opt/airflow/dags/dbt_model_dag.py
[2025-05-21T05:19:44.104+0000] {logging_mixin.py:188} INFO - [2025-05-21T05:19:44.104+0000] {dag.py:3036} INFO - Sync 1 DAGs
[2025-05-21T05:19:44.119+0000] {logging_mixin.py:188} INFO - [2025-05-21T05:19:44.119+0000] {dag.py:3823} INFO - Setting next_dagrun for run_dbt_models_after_ingestion to None, run_after=None
[2025-05-21T05:19:44.136+0000] {processor.py:183} INFO - Processing /opt/airflow/dags/dbt_model_dag.py took 0.155 seconds
[2025-05-21T05:20:14.580+0000] {processor.py:161} INFO - Started process (PID=20937) to work on /opt/airflow/dags/dbt_model_dag.py
[2025-05-21T05:20:14.583+0000] {processor.py:830} INFO - Processing file /opt/airflow/dags/dbt_model_dag.py for tasks to queue
[2025-05-21T05:20:14.587+0000] {logging_mixin.py:188} INFO - [2025-05-21T05:20:14.585+0000] {dagbag.py:538} INFO - Filling up the DagBag from /opt/airflow/dags/dbt_model_dag.py
[2025-05-21T05:20:14.621+0000] {processor.py:840} INFO - DAG(s) 'run_dbt_models_after_ingestion' retrieved from /opt/airflow/dags/dbt_model_dag.py
[2025-05-21T05:20:14.669+0000] {logging_mixin.py:188} INFO - [2025-05-21T05:20:14.669+0000] {dag.py:3036} INFO - Sync 1 DAGs
[2025-05-21T05:20:14.687+0000] {logging_mixin.py:188} INFO - [2025-05-21T05:20:14.687+0000] {dag.py:3823} INFO - Setting next_dagrun for run_dbt_models_after_ingestion to None, run_after=None
[2025-05-21T05:20:14.701+0000] {processor.py:183} INFO - Processing /opt/airflow/dags/dbt_model_dag.py took 0.130 seconds
[2025-05-21T05:20:45.206+0000] {processor.py:161} INFO - Started process (PID=20947) to work on /opt/airflow/dags/dbt_model_dag.py
[2025-05-21T05:20:45.210+0000] {processor.py:830} INFO - Processing file /opt/airflow/dags/dbt_model_dag.py for tasks to queue
[2025-05-21T05:20:45.212+0000] {logging_mixin.py:188} INFO - [2025-05-21T05:20:45.211+0000] {dagbag.py:538} INFO - Filling up the DagBag from /opt/airflow/dags/dbt_model_dag.py
[2025-05-21T05:20:45.246+0000] {processor.py:840} INFO - DAG(s) 'run_dbt_models_after_ingestion' retrieved from /opt/airflow/dags/dbt_model_dag.py
[2025-05-21T05:20:45.294+0000] {logging_mixin.py:188} INFO - [2025-05-21T05:20:45.294+0000] {dag.py:3036} INFO - Sync 1 DAGs
[2025-05-21T05:20:45.313+0000] {logging_mixin.py:188} INFO - [2025-05-21T05:20:45.313+0000] {dag.py:3823} INFO - Setting next_dagrun for run_dbt_models_after_ingestion to None, run_after=None
[2025-05-21T05:20:45.327+0000] {processor.py:183} INFO - Processing /opt/airflow/dags/dbt_model_dag.py took 0.139 seconds
[2025-05-21T05:21:15.777+0000] {processor.py:161} INFO - Started process (PID=20957) to work on /opt/airflow/dags/dbt_model_dag.py
[2025-05-21T05:21:15.779+0000] {processor.py:830} INFO - Processing file /opt/airflow/dags/dbt_model_dag.py for tasks to queue
[2025-05-21T05:21:15.780+0000] {logging_mixin.py:188} INFO - [2025-05-21T05:21:15.780+0000] {dagbag.py:538} INFO - Filling up the DagBag from /opt/airflow/dags/dbt_model_dag.py
[2025-05-21T05:21:15.810+0000] {processor.py:840} INFO - DAG(s) 'run_dbt_models_after_ingestion' retrieved from /opt/airflow/dags/dbt_model_dag.py
[2025-05-21T05:21:15.847+0000] {logging_mixin.py:188} INFO - [2025-05-21T05:21:15.847+0000] {dag.py:3036} INFO - Sync 1 DAGs
[2025-05-21T05:21:15.862+0000] {logging_mixin.py:188} INFO - [2025-05-21T05:21:15.862+0000] {dag.py:3823} INFO - Setting next_dagrun for run_dbt_models_after_ingestion to None, run_after=None
[2025-05-21T05:21:15.878+0000] {processor.py:183} INFO - Processing /opt/airflow/dags/dbt_model_dag.py took 0.113 seconds
[2025-05-21T05:21:46.309+0000] {processor.py:161} INFO - Started process (PID=20967) to work on /opt/airflow/dags/dbt_model_dag.py
[2025-05-21T05:21:46.312+0000] {processor.py:830} INFO - Processing file /opt/airflow/dags/dbt_model_dag.py for tasks to queue
[2025-05-21T05:21:46.314+0000] {logging_mixin.py:188} INFO - [2025-05-21T05:21:46.314+0000] {dagbag.py:538} INFO - Filling up the DagBag from /opt/airflow/dags/dbt_model_dag.py
[2025-05-21T05:21:46.347+0000] {processor.py:840} INFO - DAG(s) 'run_dbt_models_after_ingestion' retrieved from /opt/airflow/dags/dbt_model_dag.py
[2025-05-21T05:21:46.387+0000] {logging_mixin.py:188} INFO - [2025-05-21T05:21:46.387+0000] {dag.py:3036} INFO - Sync 1 DAGs
[2025-05-21T05:21:46.403+0000] {logging_mixin.py:188} INFO - [2025-05-21T05:21:46.403+0000] {dag.py:3823} INFO - Setting next_dagrun for run_dbt_models_after_ingestion to None, run_after=None
[2025-05-21T05:21:46.419+0000] {processor.py:183} INFO - Processing /opt/airflow/dags/dbt_model_dag.py took 0.126 seconds
[2025-05-21T05:22:16.827+0000] {processor.py:161} INFO - Started process (PID=20977) to work on /opt/airflow/dags/dbt_model_dag.py
[2025-05-21T05:22:16.831+0000] {processor.py:830} INFO - Processing file /opt/airflow/dags/dbt_model_dag.py for tasks to queue
[2025-05-21T05:22:16.834+0000] {logging_mixin.py:188} INFO - [2025-05-21T05:22:16.833+0000] {dagbag.py:538} INFO - Filling up the DagBag from /opt/airflow/dags/dbt_model_dag.py
[2025-05-21T05:22:16.871+0000] {processor.py:840} INFO - DAG(s) 'run_dbt_models_after_ingestion' retrieved from /opt/airflow/dags/dbt_model_dag.py
[2025-05-21T05:22:16.936+0000] {logging_mixin.py:188} INFO - [2025-05-21T05:22:16.936+0000] {dag.py:3036} INFO - Sync 1 DAGs
[2025-05-21T05:22:16.955+0000] {logging_mixin.py:188} INFO - [2025-05-21T05:22:16.955+0000] {dag.py:3823} INFO - Setting next_dagrun for run_dbt_models_after_ingestion to None, run_after=None
[2025-05-21T05:22:16.973+0000] {processor.py:183} INFO - Processing /opt/airflow/dags/dbt_model_dag.py took 0.164 seconds
[2025-05-21T05:22:47.467+0000] {processor.py:161} INFO - Started process (PID=20987) to work on /opt/airflow/dags/dbt_model_dag.py
[2025-05-21T05:22:47.470+0000] {processor.py:830} INFO - Processing file /opt/airflow/dags/dbt_model_dag.py for tasks to queue
[2025-05-21T05:22:47.472+0000] {logging_mixin.py:188} INFO - [2025-05-21T05:22:47.471+0000] {dagbag.py:538} INFO - Filling up the DagBag from /opt/airflow/dags/dbt_model_dag.py
[2025-05-21T05:22:47.500+0000] {processor.py:840} INFO - DAG(s) 'run_dbt_models_after_ingestion' retrieved from /opt/airflow/dags/dbt_model_dag.py
[2025-05-21T05:22:47.545+0000] {logging_mixin.py:188} INFO - [2025-05-21T05:22:47.545+0000] {dag.py:3036} INFO - Sync 1 DAGs
[2025-05-21T05:22:47.560+0000] {logging_mixin.py:188} INFO - [2025-05-21T05:22:47.560+0000] {dag.py:3823} INFO - Setting next_dagrun for run_dbt_models_after_ingestion to None, run_after=None
[2025-05-21T05:22:47.579+0000] {processor.py:183} INFO - Processing /opt/airflow/dags/dbt_model_dag.py took 0.126 seconds
[2025-05-21T05:23:17.958+0000] {processor.py:161} INFO - Started process (PID=20997) to work on /opt/airflow/dags/dbt_model_dag.py
[2025-05-21T05:23:17.961+0000] {processor.py:830} INFO - Processing file /opt/airflow/dags/dbt_model_dag.py for tasks to queue
[2025-05-21T05:23:17.964+0000] {logging_mixin.py:188} INFO - [2025-05-21T05:23:17.962+0000] {dagbag.py:538} INFO - Filling up the DagBag from /opt/airflow/dags/dbt_model_dag.py
[2025-05-21T05:23:17.987+0000] {processor.py:840} INFO - DAG(s) 'run_dbt_models_after_ingestion' retrieved from /opt/airflow/dags/dbt_model_dag.py
[2025-05-21T05:23:18.026+0000] {logging_mixin.py:188} INFO - [2025-05-21T05:23:18.026+0000] {dag.py:3036} INFO - Sync 1 DAGs
[2025-05-21T05:23:18.038+0000] {logging_mixin.py:188} INFO - [2025-05-21T05:23:18.037+0000] {dag.py:3823} INFO - Setting next_dagrun for run_dbt_models_after_ingestion to None, run_after=None
[2025-05-21T05:23:18.052+0000] {processor.py:183} INFO - Processing /opt/airflow/dags/dbt_model_dag.py took 0.108 seconds
[2025-05-21T05:23:48.470+0000] {processor.py:161} INFO - Started process (PID=21007) to work on /opt/airflow/dags/dbt_model_dag.py
[2025-05-21T05:23:48.477+0000] {processor.py:830} INFO - Processing file /opt/airflow/dags/dbt_model_dag.py for tasks to queue
[2025-05-21T05:23:48.479+0000] {logging_mixin.py:188} INFO - [2025-05-21T05:23:48.478+0000] {dagbag.py:538} INFO - Filling up the DagBag from /opt/airflow/dags/dbt_model_dag.py
[2025-05-21T05:23:48.509+0000] {processor.py:840} INFO - DAG(s) 'run_dbt_models_after_ingestion' retrieved from /opt/airflow/dags/dbt_model_dag.py
[2025-05-21T05:23:48.552+0000] {logging_mixin.py:188} INFO - [2025-05-21T05:23:48.552+0000] {dag.py:3036} INFO - Sync 1 DAGs
[2025-05-21T05:23:48.565+0000] {logging_mixin.py:188} INFO - [2025-05-21T05:23:48.565+0000] {dag.py:3823} INFO - Setting next_dagrun for run_dbt_models_after_ingestion to None, run_after=None
[2025-05-21T05:23:48.580+0000] {processor.py:183} INFO - Processing /opt/airflow/dags/dbt_model_dag.py took 0.120 seconds
[2025-05-21T05:24:19.123+0000] {processor.py:161} INFO - Started process (PID=21017) to work on /opt/airflow/dags/dbt_model_dag.py
[2025-05-21T05:24:19.128+0000] {processor.py:830} INFO - Processing file /opt/airflow/dags/dbt_model_dag.py for tasks to queue
[2025-05-21T05:24:19.131+0000] {logging_mixin.py:188} INFO - [2025-05-21T05:24:19.130+0000] {dagbag.py:538} INFO - Filling up the DagBag from /opt/airflow/dags/dbt_model_dag.py
[2025-05-21T05:24:19.159+0000] {processor.py:840} INFO - DAG(s) 'run_dbt_models_after_ingestion' retrieved from /opt/airflow/dags/dbt_model_dag.py
[2025-05-21T05:24:19.205+0000] {logging_mixin.py:188} INFO - [2025-05-21T05:24:19.205+0000] {dag.py:3036} INFO - Sync 1 DAGs
[2025-05-21T05:24:19.218+0000] {logging_mixin.py:188} INFO - [2025-05-21T05:24:19.218+0000] {dag.py:3823} INFO - Setting next_dagrun for run_dbt_models_after_ingestion to None, run_after=None
[2025-05-21T05:24:19.237+0000] {processor.py:183} INFO - Processing /opt/airflow/dags/dbt_model_dag.py took 0.130 seconds
[2025-05-21T05:24:49.734+0000] {processor.py:161} INFO - Started process (PID=21027) to work on /opt/airflow/dags/dbt_model_dag.py
[2025-05-21T05:24:49.737+0000] {processor.py:830} INFO - Processing file /opt/airflow/dags/dbt_model_dag.py for tasks to queue
[2025-05-21T05:24:49.739+0000] {logging_mixin.py:188} INFO - [2025-05-21T05:24:49.739+0000] {dagbag.py:538} INFO - Filling up the DagBag from /opt/airflow/dags/dbt_model_dag.py
[2025-05-21T05:24:49.763+0000] {processor.py:840} INFO - DAG(s) 'run_dbt_models_after_ingestion' retrieved from /opt/airflow/dags/dbt_model_dag.py
[2025-05-21T05:24:49.799+0000] {logging_mixin.py:188} INFO - [2025-05-21T05:24:49.799+0000] {dag.py:3036} INFO - Sync 1 DAGs
[2025-05-21T05:24:49.815+0000] {logging_mixin.py:188} INFO - [2025-05-21T05:24:49.815+0000] {dag.py:3823} INFO - Setting next_dagrun for run_dbt_models_after_ingestion to None, run_after=None
[2025-05-21T05:24:49.828+0000] {processor.py:183} INFO - Processing /opt/airflow/dags/dbt_model_dag.py took 0.107 seconds
[2025-05-21T05:25:20.274+0000] {processor.py:161} INFO - Started process (PID=21037) to work on /opt/airflow/dags/dbt_model_dag.py
[2025-05-21T05:25:20.277+0000] {processor.py:830} INFO - Processing file /opt/airflow/dags/dbt_model_dag.py for tasks to queue
[2025-05-21T05:25:20.278+0000] {logging_mixin.py:188} INFO - [2025-05-21T05:25:20.278+0000] {dagbag.py:538} INFO - Filling up the DagBag from /opt/airflow/dags/dbt_model_dag.py
[2025-05-21T05:25:20.306+0000] {processor.py:840} INFO - DAG(s) 'run_dbt_models_after_ingestion' retrieved from /opt/airflow/dags/dbt_model_dag.py
[2025-05-21T05:25:20.349+0000] {logging_mixin.py:188} INFO - [2025-05-21T05:25:20.348+0000] {dag.py:3036} INFO - Sync 1 DAGs
[2025-05-21T05:25:20.365+0000] {logging_mixin.py:188} INFO - [2025-05-21T05:25:20.365+0000] {dag.py:3823} INFO - Setting next_dagrun for run_dbt_models_after_ingestion to None, run_after=None
[2025-05-21T05:25:20.383+0000] {processor.py:183} INFO - Processing /opt/airflow/dags/dbt_model_dag.py took 0.118 seconds
[2025-05-21T05:25:50.867+0000] {processor.py:161} INFO - Started process (PID=21047) to work on /opt/airflow/dags/dbt_model_dag.py
[2025-05-21T05:25:50.872+0000] {processor.py:830} INFO - Processing file /opt/airflow/dags/dbt_model_dag.py for tasks to queue
[2025-05-21T05:25:50.874+0000] {logging_mixin.py:188} INFO - [2025-05-21T05:25:50.874+0000] {dagbag.py:538} INFO - Filling up the DagBag from /opt/airflow/dags/dbt_model_dag.py
[2025-05-21T05:25:50.944+0000] {processor.py:840} INFO - DAG(s) 'run_dbt_models_after_ingestion' retrieved from /opt/airflow/dags/dbt_model_dag.py
[2025-05-21T05:25:51.069+0000] {logging_mixin.py:188} INFO - [2025-05-21T05:25:51.068+0000] {dag.py:3036} INFO - Sync 1 DAGs
[2025-05-21T05:25:51.082+0000] {logging_mixin.py:188} INFO - [2025-05-21T05:25:51.082+0000] {dag.py:3823} INFO - Setting next_dagrun for run_dbt_models_after_ingestion to None, run_after=None
[2025-05-21T05:25:51.100+0000] {processor.py:183} INFO - Processing /opt/airflow/dags/dbt_model_dag.py took 0.246 seconds
[2025-05-21T05:26:21.606+0000] {processor.py:161} INFO - Started process (PID=21057) to work on /opt/airflow/dags/dbt_model_dag.py
[2025-05-21T05:26:21.610+0000] {processor.py:830} INFO - Processing file /opt/airflow/dags/dbt_model_dag.py for tasks to queue
[2025-05-21T05:26:21.613+0000] {logging_mixin.py:188} INFO - [2025-05-21T05:26:21.613+0000] {dagbag.py:538} INFO - Filling up the DagBag from /opt/airflow/dags/dbt_model_dag.py
[2025-05-21T05:26:21.639+0000] {processor.py:840} INFO - DAG(s) 'run_dbt_models_after_ingestion' retrieved from /opt/airflow/dags/dbt_model_dag.py
[2025-05-21T05:26:21.682+0000] {logging_mixin.py:188} INFO - [2025-05-21T05:26:21.681+0000] {dag.py:3036} INFO - Sync 1 DAGs
[2025-05-21T05:26:21.697+0000] {logging_mixin.py:188} INFO - [2025-05-21T05:26:21.696+0000] {dag.py:3823} INFO - Setting next_dagrun for run_dbt_models_after_ingestion to None, run_after=None
[2025-05-21T05:26:21.711+0000] {processor.py:183} INFO - Processing /opt/airflow/dags/dbt_model_dag.py took 0.117 seconds
[2025-05-21T05:26:52.140+0000] {processor.py:161} INFO - Started process (PID=21067) to work on /opt/airflow/dags/dbt_model_dag.py
[2025-05-21T05:26:52.143+0000] {processor.py:830} INFO - Processing file /opt/airflow/dags/dbt_model_dag.py for tasks to queue
[2025-05-21T05:26:52.144+0000] {logging_mixin.py:188} INFO - [2025-05-21T05:26:52.144+0000] {dagbag.py:538} INFO - Filling up the DagBag from /opt/airflow/dags/dbt_model_dag.py
[2025-05-21T05:26:52.173+0000] {processor.py:840} INFO - DAG(s) 'run_dbt_models_after_ingestion' retrieved from /opt/airflow/dags/dbt_model_dag.py
[2025-05-21T05:26:52.212+0000] {logging_mixin.py:188} INFO - [2025-05-21T05:26:52.211+0000] {dag.py:3036} INFO - Sync 1 DAGs
[2025-05-21T05:26:52.228+0000] {logging_mixin.py:188} INFO - [2025-05-21T05:26:52.228+0000] {dag.py:3823} INFO - Setting next_dagrun for run_dbt_models_after_ingestion to None, run_after=None
[2025-05-21T05:26:52.244+0000] {processor.py:183} INFO - Processing /opt/airflow/dags/dbt_model_dag.py took 0.117 seconds
[2025-05-21T05:27:22.826+0000] {processor.py:161} INFO - Started process (PID=21077) to work on /opt/airflow/dags/dbt_model_dag.py
[2025-05-21T05:27:22.829+0000] {processor.py:830} INFO - Processing file /opt/airflow/dags/dbt_model_dag.py for tasks to queue
[2025-05-21T05:27:22.830+0000] {logging_mixin.py:188} INFO - [2025-05-21T05:27:22.830+0000] {dagbag.py:538} INFO - Filling up the DagBag from /opt/airflow/dags/dbt_model_dag.py
[2025-05-21T05:27:22.856+0000] {processor.py:840} INFO - DAG(s) 'run_dbt_models_after_ingestion' retrieved from /opt/airflow/dags/dbt_model_dag.py
[2025-05-21T05:27:22.901+0000] {logging_mixin.py:188} INFO - [2025-05-21T05:27:22.901+0000] {dag.py:3036} INFO - Sync 1 DAGs
[2025-05-21T05:27:22.915+0000] {logging_mixin.py:188} INFO - [2025-05-21T05:27:22.915+0000] {dag.py:3823} INFO - Setting next_dagrun for run_dbt_models_after_ingestion to None, run_after=None
[2025-05-21T05:27:22.935+0000] {processor.py:183} INFO - Processing /opt/airflow/dags/dbt_model_dag.py took 0.125 seconds
[2025-05-21T05:27:53.387+0000] {processor.py:161} INFO - Started process (PID=21087) to work on /opt/airflow/dags/dbt_model_dag.py
[2025-05-21T05:27:53.390+0000] {processor.py:830} INFO - Processing file /opt/airflow/dags/dbt_model_dag.py for tasks to queue
[2025-05-21T05:27:53.393+0000] {logging_mixin.py:188} INFO - [2025-05-21T05:27:53.391+0000] {dagbag.py:538} INFO - Filling up the DagBag from /opt/airflow/dags/dbt_model_dag.py
[2025-05-21T05:27:53.422+0000] {processor.py:840} INFO - DAG(s) 'run_dbt_models_after_ingestion' retrieved from /opt/airflow/dags/dbt_model_dag.py
[2025-05-21T05:27:53.464+0000] {logging_mixin.py:188} INFO - [2025-05-21T05:27:53.464+0000] {dag.py:3036} INFO - Sync 1 DAGs
[2025-05-21T05:27:53.480+0000] {logging_mixin.py:188} INFO - [2025-05-21T05:27:53.480+0000] {dag.py:3823} INFO - Setting next_dagrun for run_dbt_models_after_ingestion to None, run_after=None
[2025-05-21T05:27:53.494+0000] {processor.py:183} INFO - Processing /opt/airflow/dags/dbt_model_dag.py took 0.120 seconds
[2025-05-21T05:28:23.987+0000] {processor.py:161} INFO - Started process (PID=21097) to work on /opt/airflow/dags/dbt_model_dag.py
[2025-05-21T05:28:23.994+0000] {processor.py:830} INFO - Processing file /opt/airflow/dags/dbt_model_dag.py for tasks to queue
[2025-05-21T05:28:23.995+0000] {logging_mixin.py:188} INFO - [2025-05-21T05:28:23.994+0000] {dagbag.py:538} INFO - Filling up the DagBag from /opt/airflow/dags/dbt_model_dag.py
[2025-05-21T05:28:24.063+0000] {processor.py:840} INFO - DAG(s) 'run_dbt_models_after_ingestion' retrieved from /opt/airflow/dags/dbt_model_dag.py
[2025-05-21T05:28:24.172+0000] {logging_mixin.py:188} INFO - [2025-05-21T05:28:24.172+0000] {dag.py:3036} INFO - Sync 1 DAGs
[2025-05-21T05:28:24.229+0000] {logging_mixin.py:188} INFO - [2025-05-21T05:28:24.229+0000] {dag.py:3823} INFO - Setting next_dagrun for run_dbt_models_after_ingestion to None, run_after=None
[2025-05-21T05:28:24.255+0000] {processor.py:183} INFO - Processing /opt/airflow/dags/dbt_model_dag.py took 0.285 seconds
[2025-05-21T05:28:54.724+0000] {processor.py:161} INFO - Started process (PID=21107) to work on /opt/airflow/dags/dbt_model_dag.py
[2025-05-21T05:28:54.727+0000] {processor.py:830} INFO - Processing file /opt/airflow/dags/dbt_model_dag.py for tasks to queue
[2025-05-21T05:28:54.729+0000] {logging_mixin.py:188} INFO - [2025-05-21T05:28:54.728+0000] {dagbag.py:538} INFO - Filling up the DagBag from /opt/airflow/dags/dbt_model_dag.py
[2025-05-21T05:28:54.756+0000] {processor.py:840} INFO - DAG(s) 'run_dbt_models_after_ingestion' retrieved from /opt/airflow/dags/dbt_model_dag.py
[2025-05-21T05:28:54.793+0000] {logging_mixin.py:188} INFO - [2025-05-21T05:28:54.793+0000] {dag.py:3036} INFO - Sync 1 DAGs
[2025-05-21T05:28:54.808+0000] {logging_mixin.py:188} INFO - [2025-05-21T05:28:54.808+0000] {dag.py:3823} INFO - Setting next_dagrun for run_dbt_models_after_ingestion to None, run_after=None
[2025-05-21T05:28:54.823+0000] {processor.py:183} INFO - Processing /opt/airflow/dags/dbt_model_dag.py took 0.115 seconds
[2025-05-21T05:29:25.252+0000] {processor.py:161} INFO - Started process (PID=21117) to work on /opt/airflow/dags/dbt_model_dag.py
[2025-05-21T05:29:25.255+0000] {processor.py:830} INFO - Processing file /opt/airflow/dags/dbt_model_dag.py for tasks to queue
[2025-05-21T05:29:25.256+0000] {logging_mixin.py:188} INFO - [2025-05-21T05:29:25.255+0000] {dagbag.py:538} INFO - Filling up the DagBag from /opt/airflow/dags/dbt_model_dag.py
[2025-05-21T05:29:25.284+0000] {processor.py:840} INFO - DAG(s) 'run_dbt_models_after_ingestion' retrieved from /opt/airflow/dags/dbt_model_dag.py
[2025-05-21T05:29:25.330+0000] {logging_mixin.py:188} INFO - [2025-05-21T05:29:25.330+0000] {dag.py:3036} INFO - Sync 1 DAGs
[2025-05-21T05:29:25.343+0000] {logging_mixin.py:188} INFO - [2025-05-21T05:29:25.343+0000] {dag.py:3823} INFO - Setting next_dagrun for run_dbt_models_after_ingestion to None, run_after=None
[2025-05-21T05:29:25.360+0000] {processor.py:183} INFO - Processing /opt/airflow/dags/dbt_model_dag.py took 0.124 seconds
[2025-05-21T05:29:55.782+0000] {processor.py:161} INFO - Started process (PID=21127) to work on /opt/airflow/dags/dbt_model_dag.py
[2025-05-21T05:29:55.785+0000] {processor.py:830} INFO - Processing file /opt/airflow/dags/dbt_model_dag.py for tasks to queue
[2025-05-21T05:29:55.786+0000] {logging_mixin.py:188} INFO - [2025-05-21T05:29:55.785+0000] {dagbag.py:538} INFO - Filling up the DagBag from /opt/airflow/dags/dbt_model_dag.py
[2025-05-21T05:29:55.808+0000] {processor.py:840} INFO - DAG(s) 'run_dbt_models_after_ingestion' retrieved from /opt/airflow/dags/dbt_model_dag.py
[2025-05-21T05:29:55.853+0000] {logging_mixin.py:188} INFO - [2025-05-21T05:29:55.853+0000] {dag.py:3036} INFO - Sync 1 DAGs
[2025-05-21T05:29:55.872+0000] {logging_mixin.py:188} INFO - [2025-05-21T05:29:55.872+0000] {dag.py:3823} INFO - Setting next_dagrun for run_dbt_models_after_ingestion to None, run_after=None
[2025-05-21T05:29:55.888+0000] {processor.py:183} INFO - Processing /opt/airflow/dags/dbt_model_dag.py took 0.115 seconds
[2025-05-21T05:30:26.375+0000] {processor.py:161} INFO - Started process (PID=21137) to work on /opt/airflow/dags/dbt_model_dag.py
[2025-05-21T05:30:26.381+0000] {processor.py:830} INFO - Processing file /opt/airflow/dags/dbt_model_dag.py for tasks to queue
[2025-05-21T05:30:26.382+0000] {logging_mixin.py:188} INFO - [2025-05-21T05:30:26.382+0000] {dagbag.py:538} INFO - Filling up the DagBag from /opt/airflow/dags/dbt_model_dag.py
[2025-05-21T05:30:26.411+0000] {processor.py:840} INFO - DAG(s) 'run_dbt_models_after_ingestion' retrieved from /opt/airflow/dags/dbt_model_dag.py
[2025-05-21T05:30:26.463+0000] {logging_mixin.py:188} INFO - [2025-05-21T05:30:26.463+0000] {dag.py:3036} INFO - Sync 1 DAGs
[2025-05-21T05:30:26.479+0000] {logging_mixin.py:188} INFO - [2025-05-21T05:30:26.479+0000] {dag.py:3823} INFO - Setting next_dagrun for run_dbt_models_after_ingestion to None, run_after=None
[2025-05-21T05:30:26.499+0000] {processor.py:183} INFO - Processing /opt/airflow/dags/dbt_model_dag.py took 0.138 seconds
[2025-05-21T05:30:57.056+0000] {processor.py:161} INFO - Started process (PID=21147) to work on /opt/airflow/dags/dbt_model_dag.py
[2025-05-21T05:30:57.060+0000] {processor.py:830} INFO - Processing file /opt/airflow/dags/dbt_model_dag.py for tasks to queue
[2025-05-21T05:30:57.062+0000] {logging_mixin.py:188} INFO - [2025-05-21T05:30:57.061+0000] {dagbag.py:538} INFO - Filling up the DagBag from /opt/airflow/dags/dbt_model_dag.py
[2025-05-21T05:30:57.082+0000] {processor.py:840} INFO - DAG(s) 'run_dbt_models_after_ingestion' retrieved from /opt/airflow/dags/dbt_model_dag.py
[2025-05-21T05:30:57.119+0000] {logging_mixin.py:188} INFO - [2025-05-21T05:30:57.119+0000] {dag.py:3036} INFO - Sync 1 DAGs
[2025-05-21T05:30:57.139+0000] {logging_mixin.py:188} INFO - [2025-05-21T05:30:57.139+0000] {dag.py:3823} INFO - Setting next_dagrun for run_dbt_models_after_ingestion to None, run_after=None
[2025-05-21T05:30:57.156+0000] {processor.py:183} INFO - Processing /opt/airflow/dags/dbt_model_dag.py took 0.113 seconds
[2025-05-21T05:31:27.562+0000] {processor.py:161} INFO - Started process (PID=21157) to work on /opt/airflow/dags/dbt_model_dag.py
[2025-05-21T05:31:27.564+0000] {processor.py:830} INFO - Processing file /opt/airflow/dags/dbt_model_dag.py for tasks to queue
[2025-05-21T05:31:27.566+0000] {logging_mixin.py:188} INFO - [2025-05-21T05:31:27.566+0000] {dagbag.py:538} INFO - Filling up the DagBag from /opt/airflow/dags/dbt_model_dag.py
[2025-05-21T05:31:27.589+0000] {processor.py:840} INFO - DAG(s) 'run_dbt_models_after_ingestion' retrieved from /opt/airflow/dags/dbt_model_dag.py
[2025-05-21T05:31:27.630+0000] {logging_mixin.py:188} INFO - [2025-05-21T05:31:27.630+0000] {dag.py:3036} INFO - Sync 1 DAGs
[2025-05-21T05:31:27.647+0000] {logging_mixin.py:188} INFO - [2025-05-21T05:31:27.647+0000] {dag.py:3823} INFO - Setting next_dagrun for run_dbt_models_after_ingestion to None, run_after=None
[2025-05-21T05:31:27.667+0000] {processor.py:183} INFO - Processing /opt/airflow/dags/dbt_model_dag.py took 0.114 seconds
[2025-05-21T05:31:58.177+0000] {processor.py:161} INFO - Started process (PID=21167) to work on /opt/airflow/dags/dbt_model_dag.py
[2025-05-21T05:31:58.184+0000] {processor.py:830} INFO - Processing file /opt/airflow/dags/dbt_model_dag.py for tasks to queue
[2025-05-21T05:31:58.185+0000] {logging_mixin.py:188} INFO - [2025-05-21T05:31:58.185+0000] {dagbag.py:538} INFO - Filling up the DagBag from /opt/airflow/dags/dbt_model_dag.py
[2025-05-21T05:31:58.222+0000] {processor.py:840} INFO - DAG(s) 'run_dbt_models_after_ingestion' retrieved from /opt/airflow/dags/dbt_model_dag.py
[2025-05-21T05:31:58.295+0000] {logging_mixin.py:188} INFO - [2025-05-21T05:31:58.294+0000] {dag.py:3036} INFO - Sync 1 DAGs
[2025-05-21T05:31:58.310+0000] {logging_mixin.py:188} INFO - [2025-05-21T05:31:58.310+0000] {dag.py:3823} INFO - Setting next_dagrun for run_dbt_models_after_ingestion to None, run_after=None
[2025-05-21T05:31:58.337+0000] {processor.py:183} INFO - Processing /opt/airflow/dags/dbt_model_dag.py took 0.176 seconds
[2025-05-21T05:32:28.897+0000] {processor.py:161} INFO - Started process (PID=21177) to work on /opt/airflow/dags/dbt_model_dag.py
[2025-05-21T05:32:28.904+0000] {processor.py:830} INFO - Processing file /opt/airflow/dags/dbt_model_dag.py for tasks to queue
[2025-05-21T05:32:28.905+0000] {logging_mixin.py:188} INFO - [2025-05-21T05:32:28.905+0000] {dagbag.py:538} INFO - Filling up the DagBag from /opt/airflow/dags/dbt_model_dag.py
[2025-05-21T05:32:28.942+0000] {processor.py:840} INFO - DAG(s) 'run_dbt_models_after_ingestion' retrieved from /opt/airflow/dags/dbt_model_dag.py
[2025-05-21T05:32:29.008+0000] {logging_mixin.py:188} INFO - [2025-05-21T05:32:29.008+0000] {dag.py:3036} INFO - Sync 1 DAGs
[2025-05-21T05:32:29.025+0000] {logging_mixin.py:188} INFO - [2025-05-21T05:32:29.025+0000] {dag.py:3823} INFO - Setting next_dagrun for run_dbt_models_after_ingestion to None, run_after=None
[2025-05-21T05:32:29.047+0000] {processor.py:183} INFO - Processing /opt/airflow/dags/dbt_model_dag.py took 0.167 seconds
[2025-05-21T05:32:59.512+0000] {processor.py:161} INFO - Started process (PID=21187) to work on /opt/airflow/dags/dbt_model_dag.py
[2025-05-21T05:32:59.515+0000] {processor.py:830} INFO - Processing file /opt/airflow/dags/dbt_model_dag.py for tasks to queue
[2025-05-21T05:32:59.516+0000] {logging_mixin.py:188} INFO - [2025-05-21T05:32:59.516+0000] {dagbag.py:538} INFO - Filling up the DagBag from /opt/airflow/dags/dbt_model_dag.py
[2025-05-21T05:32:59.540+0000] {processor.py:840} INFO - DAG(s) 'run_dbt_models_after_ingestion' retrieved from /opt/airflow/dags/dbt_model_dag.py
[2025-05-21T05:32:59.584+0000] {logging_mixin.py:188} INFO - [2025-05-21T05:32:59.584+0000] {dag.py:3036} INFO - Sync 1 DAGs
[2025-05-21T05:32:59.598+0000] {logging_mixin.py:188} INFO - [2025-05-21T05:32:59.598+0000] {dag.py:3823} INFO - Setting next_dagrun for run_dbt_models_after_ingestion to None, run_after=None
[2025-05-21T05:32:59.616+0000] {processor.py:183} INFO - Processing /opt/airflow/dags/dbt_model_dag.py took 0.114 seconds
[2025-05-21T05:33:30.050+0000] {processor.py:161} INFO - Started process (PID=21197) to work on /opt/airflow/dags/dbt_model_dag.py
[2025-05-21T05:33:30.054+0000] {processor.py:830} INFO - Processing file /opt/airflow/dags/dbt_model_dag.py for tasks to queue
[2025-05-21T05:33:30.055+0000] {logging_mixin.py:188} INFO - [2025-05-21T05:33:30.055+0000] {dagbag.py:538} INFO - Filling up the DagBag from /opt/airflow/dags/dbt_model_dag.py
[2025-05-21T05:33:30.084+0000] {processor.py:840} INFO - DAG(s) 'run_dbt_models_after_ingestion' retrieved from /opt/airflow/dags/dbt_model_dag.py
[2025-05-21T05:33:30.126+0000] {logging_mixin.py:188} INFO - [2025-05-21T05:33:30.126+0000] {dag.py:3036} INFO - Sync 1 DAGs
[2025-05-21T05:33:30.142+0000] {logging_mixin.py:188} INFO - [2025-05-21T05:33:30.142+0000] {dag.py:3823} INFO - Setting next_dagrun for run_dbt_models_after_ingestion to None, run_after=None
[2025-05-21T05:33:30.156+0000] {processor.py:183} INFO - Processing /opt/airflow/dags/dbt_model_dag.py took 0.122 seconds
[2025-05-21T05:34:00.588+0000] {processor.py:161} INFO - Started process (PID=21207) to work on /opt/airflow/dags/dbt_model_dag.py
[2025-05-21T05:34:00.592+0000] {processor.py:830} INFO - Processing file /opt/airflow/dags/dbt_model_dag.py for tasks to queue
[2025-05-21T05:34:00.596+0000] {logging_mixin.py:188} INFO - [2025-05-21T05:34:00.595+0000] {dagbag.py:538} INFO - Filling up the DagBag from /opt/airflow/dags/dbt_model_dag.py
[2025-05-21T05:34:00.624+0000] {processor.py:840} INFO - DAG(s) 'run_dbt_models_after_ingestion' retrieved from /opt/airflow/dags/dbt_model_dag.py
[2025-05-21T05:34:00.665+0000] {logging_mixin.py:188} INFO - [2025-05-21T05:34:00.665+0000] {dag.py:3036} INFO - Sync 1 DAGs
[2025-05-21T05:34:00.684+0000] {logging_mixin.py:188} INFO - [2025-05-21T05:34:00.684+0000] {dag.py:3823} INFO - Setting next_dagrun for run_dbt_models_after_ingestion to None, run_after=None
[2025-05-21T05:34:00.702+0000] {processor.py:183} INFO - Processing /opt/airflow/dags/dbt_model_dag.py took 0.126 seconds
[2025-05-21T05:34:31.202+0000] {processor.py:161} INFO - Started process (PID=21217) to work on /opt/airflow/dags/dbt_model_dag.py
[2025-05-21T05:34:31.208+0000] {processor.py:830} INFO - Processing file /opt/airflow/dags/dbt_model_dag.py for tasks to queue
[2025-05-21T05:34:31.210+0000] {logging_mixin.py:188} INFO - [2025-05-21T05:34:31.209+0000] {dagbag.py:538} INFO - Filling up the DagBag from /opt/airflow/dags/dbt_model_dag.py
[2025-05-21T05:34:31.241+0000] {processor.py:840} INFO - DAG(s) 'run_dbt_models_after_ingestion' retrieved from /opt/airflow/dags/dbt_model_dag.py
[2025-05-21T05:34:31.284+0000] {logging_mixin.py:188} INFO - [2025-05-21T05:34:31.284+0000] {dag.py:3036} INFO - Sync 1 DAGs
[2025-05-21T05:34:31.302+0000] {logging_mixin.py:188} INFO - [2025-05-21T05:34:31.301+0000] {dag.py:3823} INFO - Setting next_dagrun for run_dbt_models_after_ingestion to None, run_after=None
[2025-05-21T05:34:31.316+0000] {processor.py:183} INFO - Processing /opt/airflow/dags/dbt_model_dag.py took 0.122 seconds
[2025-05-21T05:35:01.948+0000] {processor.py:161} INFO - Started process (PID=21227) to work on /opt/airflow/dags/dbt_model_dag.py
[2025-05-21T05:35:01.951+0000] {processor.py:830} INFO - Processing file /opt/airflow/dags/dbt_model_dag.py for tasks to queue
[2025-05-21T05:35:01.954+0000] {logging_mixin.py:188} INFO - [2025-05-21T05:35:01.953+0000] {dagbag.py:538} INFO - Filling up the DagBag from /opt/airflow/dags/dbt_model_dag.py
[2025-05-21T05:35:01.984+0000] {processor.py:840} INFO - DAG(s) 'run_dbt_models_after_ingestion' retrieved from /opt/airflow/dags/dbt_model_dag.py
[2025-05-21T05:35:02.026+0000] {logging_mixin.py:188} INFO - [2025-05-21T05:35:02.026+0000] {dag.py:3036} INFO - Sync 1 DAGs
[2025-05-21T05:35:02.046+0000] {logging_mixin.py:188} INFO - [2025-05-21T05:35:02.046+0000] {dag.py:3823} INFO - Setting next_dagrun for run_dbt_models_after_ingestion to None, run_after=None
[2025-05-21T05:35:02.062+0000] {processor.py:183} INFO - Processing /opt/airflow/dags/dbt_model_dag.py took 0.130 seconds
[2025-05-21T05:35:32.506+0000] {processor.py:161} INFO - Started process (PID=21237) to work on /opt/airflow/dags/dbt_model_dag.py
[2025-05-21T05:35:32.509+0000] {processor.py:830} INFO - Processing file /opt/airflow/dags/dbt_model_dag.py for tasks to queue
[2025-05-21T05:35:32.510+0000] {logging_mixin.py:188} INFO - [2025-05-21T05:35:32.510+0000] {dagbag.py:538} INFO - Filling up the DagBag from /opt/airflow/dags/dbt_model_dag.py
[2025-05-21T05:35:32.536+0000] {processor.py:840} INFO - DAG(s) 'run_dbt_models_after_ingestion' retrieved from /opt/airflow/dags/dbt_model_dag.py
[2025-05-21T05:35:32.575+0000] {logging_mixin.py:188} INFO - [2025-05-21T05:35:32.575+0000] {dag.py:3036} INFO - Sync 1 DAGs
[2025-05-21T05:35:32.590+0000] {logging_mixin.py:188} INFO - [2025-05-21T05:35:32.590+0000] {dag.py:3823} INFO - Setting next_dagrun for run_dbt_models_after_ingestion to None, run_after=None
[2025-05-21T05:35:32.608+0000] {processor.py:183} INFO - Processing /opt/airflow/dags/dbt_model_dag.py took 0.115 seconds
[2025-05-21T05:36:03.065+0000] {processor.py:161} INFO - Started process (PID=21247) to work on /opt/airflow/dags/dbt_model_dag.py
[2025-05-21T05:36:03.069+0000] {processor.py:830} INFO - Processing file /opt/airflow/dags/dbt_model_dag.py for tasks to queue
[2025-05-21T05:36:03.072+0000] {logging_mixin.py:188} INFO - [2025-05-21T05:36:03.071+0000] {dagbag.py:538} INFO - Filling up the DagBag from /opt/airflow/dags/dbt_model_dag.py
[2025-05-21T05:36:03.099+0000] {processor.py:840} INFO - DAG(s) 'run_dbt_models_after_ingestion' retrieved from /opt/airflow/dags/dbt_model_dag.py
[2025-05-21T05:36:03.143+0000] {logging_mixin.py:188} INFO - [2025-05-21T05:36:03.143+0000] {dag.py:3036} INFO - Sync 1 DAGs
[2025-05-21T05:36:03.155+0000] {logging_mixin.py:188} INFO - [2025-05-21T05:36:03.155+0000] {dag.py:3823} INFO - Setting next_dagrun for run_dbt_models_after_ingestion to None, run_after=None
[2025-05-21T05:36:03.170+0000] {processor.py:183} INFO - Processing /opt/airflow/dags/dbt_model_dag.py took 0.117 seconds
[2025-05-21T05:36:33.552+0000] {processor.py:161} INFO - Started process (PID=21257) to work on /opt/airflow/dags/dbt_model_dag.py
[2025-05-21T05:36:33.555+0000] {processor.py:830} INFO - Processing file /opt/airflow/dags/dbt_model_dag.py for tasks to queue
[2025-05-21T05:36:33.560+0000] {logging_mixin.py:188} INFO - [2025-05-21T05:36:33.559+0000] {dagbag.py:538} INFO - Filling up the DagBag from /opt/airflow/dags/dbt_model_dag.py
[2025-05-21T05:36:33.596+0000] {processor.py:840} INFO - DAG(s) 'run_dbt_models_after_ingestion' retrieved from /opt/airflow/dags/dbt_model_dag.py
[2025-05-21T05:36:33.650+0000] {logging_mixin.py:188} INFO - [2025-05-21T05:36:33.650+0000] {dag.py:3036} INFO - Sync 1 DAGs
[2025-05-21T05:36:33.663+0000] {logging_mixin.py:188} INFO - [2025-05-21T05:36:33.663+0000] {dag.py:3823} INFO - Setting next_dagrun for run_dbt_models_after_ingestion to None, run_after=None
[2025-05-21T05:36:33.684+0000] {processor.py:183} INFO - Processing /opt/airflow/dags/dbt_model_dag.py took 0.144 seconds
[2025-05-21T05:37:04.143+0000] {processor.py:161} INFO - Started process (PID=21267) to work on /opt/airflow/dags/dbt_model_dag.py
[2025-05-21T05:37:04.148+0000] {processor.py:830} INFO - Processing file /opt/airflow/dags/dbt_model_dag.py for tasks to queue
[2025-05-21T05:37:04.149+0000] {logging_mixin.py:188} INFO - [2025-05-21T05:37:04.148+0000] {dagbag.py:538} INFO - Filling up the DagBag from /opt/airflow/dags/dbt_model_dag.py
[2025-05-21T05:37:04.175+0000] {processor.py:840} INFO - DAG(s) 'run_dbt_models_after_ingestion' retrieved from /opt/airflow/dags/dbt_model_dag.py
[2025-05-21T05:37:04.221+0000] {logging_mixin.py:188} INFO - [2025-05-21T05:37:04.220+0000] {dag.py:3036} INFO - Sync 1 DAGs
[2025-05-21T05:37:04.235+0000] {logging_mixin.py:188} INFO - [2025-05-21T05:37:04.235+0000] {dag.py:3823} INFO - Setting next_dagrun for run_dbt_models_after_ingestion to None, run_after=None
[2025-05-21T05:37:04.248+0000] {processor.py:183} INFO - Processing /opt/airflow/dags/dbt_model_dag.py took 0.119 seconds
[2025-05-21T05:37:34.668+0000] {processor.py:161} INFO - Started process (PID=21277) to work on /opt/airflow/dags/dbt_model_dag.py
[2025-05-21T05:37:34.671+0000] {processor.py:830} INFO - Processing file /opt/airflow/dags/dbt_model_dag.py for tasks to queue
[2025-05-21T05:37:34.674+0000] {logging_mixin.py:188} INFO - [2025-05-21T05:37:34.673+0000] {dagbag.py:538} INFO - Filling up the DagBag from /opt/airflow/dags/dbt_model_dag.py
[2025-05-21T05:37:34.701+0000] {processor.py:840} INFO - DAG(s) 'run_dbt_models_after_ingestion' retrieved from /opt/airflow/dags/dbt_model_dag.py
[2025-05-21T05:37:34.745+0000] {logging_mixin.py:188} INFO - [2025-05-21T05:37:34.745+0000] {dag.py:3036} INFO - Sync 1 DAGs
[2025-05-21T05:37:34.758+0000] {logging_mixin.py:188} INFO - [2025-05-21T05:37:34.758+0000] {dag.py:3823} INFO - Setting next_dagrun for run_dbt_models_after_ingestion to None, run_after=None
[2025-05-21T05:37:34.777+0000] {processor.py:183} INFO - Processing /opt/airflow/dags/dbt_model_dag.py took 0.124 seconds
[2025-05-21T05:38:05.202+0000] {processor.py:161} INFO - Started process (PID=21287) to work on /opt/airflow/dags/dbt_model_dag.py
[2025-05-21T05:38:05.209+0000] {processor.py:830} INFO - Processing file /opt/airflow/dags/dbt_model_dag.py for tasks to queue
[2025-05-21T05:38:05.210+0000] {logging_mixin.py:188} INFO - [2025-05-21T05:38:05.209+0000] {dagbag.py:538} INFO - Filling up the DagBag from /opt/airflow/dags/dbt_model_dag.py
[2025-05-21T05:38:05.239+0000] {processor.py:840} INFO - DAG(s) 'run_dbt_models_after_ingestion' retrieved from /opt/airflow/dags/dbt_model_dag.py
[2025-05-21T05:38:05.285+0000] {logging_mixin.py:188} INFO - [2025-05-21T05:38:05.285+0000] {dag.py:3036} INFO - Sync 1 DAGs
[2025-05-21T05:38:05.298+0000] {logging_mixin.py:188} INFO - [2025-05-21T05:38:05.298+0000] {dag.py:3823} INFO - Setting next_dagrun for run_dbt_models_after_ingestion to None, run_after=None
[2025-05-21T05:38:05.315+0000] {processor.py:183} INFO - Processing /opt/airflow/dags/dbt_model_dag.py took 0.125 seconds
[2025-05-21T05:38:35.684+0000] {processor.py:161} INFO - Started process (PID=21297) to work on /opt/airflow/dags/dbt_model_dag.py
[2025-05-21T05:38:35.687+0000] {processor.py:830} INFO - Processing file /opt/airflow/dags/dbt_model_dag.py for tasks to queue
[2025-05-21T05:38:35.689+0000] {logging_mixin.py:188} INFO - [2025-05-21T05:38:35.688+0000] {dagbag.py:538} INFO - Filling up the DagBag from /opt/airflow/dags/dbt_model_dag.py
[2025-05-21T05:38:35.718+0000] {processor.py:840} INFO - DAG(s) 'run_dbt_models_after_ingestion' retrieved from /opt/airflow/dags/dbt_model_dag.py
[2025-05-21T05:38:35.763+0000] {logging_mixin.py:188} INFO - [2025-05-21T05:38:35.763+0000] {dag.py:3036} INFO - Sync 1 DAGs
[2025-05-21T05:38:35.779+0000] {logging_mixin.py:188} INFO - [2025-05-21T05:38:35.779+0000] {dag.py:3823} INFO - Setting next_dagrun for run_dbt_models_after_ingestion to None, run_after=None
[2025-05-21T05:38:35.796+0000] {processor.py:183} INFO - Processing /opt/airflow/dags/dbt_model_dag.py took 0.127 seconds
[2025-05-21T05:39:06.364+0000] {processor.py:161} INFO - Started process (PID=21307) to work on /opt/airflow/dags/dbt_model_dag.py
[2025-05-21T05:39:06.370+0000] {processor.py:830} INFO - Processing file /opt/airflow/dags/dbt_model_dag.py for tasks to queue
[2025-05-21T05:39:06.371+0000] {logging_mixin.py:188} INFO - [2025-05-21T05:39:06.371+0000] {dagbag.py:538} INFO - Filling up the DagBag from /opt/airflow/dags/dbt_model_dag.py
[2025-05-21T05:39:06.404+0000] {processor.py:840} INFO - DAG(s) 'run_dbt_models_after_ingestion' retrieved from /opt/airflow/dags/dbt_model_dag.py
[2025-05-21T05:39:06.459+0000] {logging_mixin.py:188} INFO - [2025-05-21T05:39:06.458+0000] {dag.py:3036} INFO - Sync 1 DAGs
[2025-05-21T05:39:06.476+0000] {logging_mixin.py:188} INFO - [2025-05-21T05:39:06.476+0000] {dag.py:3823} INFO - Setting next_dagrun for run_dbt_models_after_ingestion to None, run_after=None
[2025-05-21T05:39:06.496+0000] {processor.py:183} INFO - Processing /opt/airflow/dags/dbt_model_dag.py took 0.143 seconds
[2025-05-21T05:39:36.934+0000] {processor.py:161} INFO - Started process (PID=21317) to work on /opt/airflow/dags/dbt_model_dag.py
[2025-05-21T05:39:36.936+0000] {processor.py:830} INFO - Processing file /opt/airflow/dags/dbt_model_dag.py for tasks to queue
[2025-05-21T05:39:36.937+0000] {logging_mixin.py:188} INFO - [2025-05-21T05:39:36.937+0000] {dagbag.py:538} INFO - Filling up the DagBag from /opt/airflow/dags/dbt_model_dag.py
[2025-05-21T05:39:36.972+0000] {processor.py:840} INFO - DAG(s) 'run_dbt_models_after_ingestion' retrieved from /opt/airflow/dags/dbt_model_dag.py
[2025-05-21T05:39:37.019+0000] {logging_mixin.py:188} INFO - [2025-05-21T05:39:37.019+0000] {dag.py:3036} INFO - Sync 1 DAGs
[2025-05-21T05:39:37.036+0000] {logging_mixin.py:188} INFO - [2025-05-21T05:39:37.036+0000] {dag.py:3823} INFO - Setting next_dagrun for run_dbt_models_after_ingestion to None, run_after=None
[2025-05-21T05:39:37.050+0000] {processor.py:183} INFO - Processing /opt/airflow/dags/dbt_model_dag.py took 0.131 seconds
[2025-05-21T05:40:07.501+0000] {processor.py:161} INFO - Started process (PID=21327) to work on /opt/airflow/dags/dbt_model_dag.py
[2025-05-21T05:40:07.504+0000] {processor.py:830} INFO - Processing file /opt/airflow/dags/dbt_model_dag.py for tasks to queue
[2025-05-21T05:40:07.508+0000] {logging_mixin.py:188} INFO - [2025-05-21T05:40:07.507+0000] {dagbag.py:538} INFO - Filling up the DagBag from /opt/airflow/dags/dbt_model_dag.py
[2025-05-21T05:40:07.539+0000] {processor.py:840} INFO - DAG(s) 'run_dbt_models_after_ingestion' retrieved from /opt/airflow/dags/dbt_model_dag.py
[2025-05-21T05:40:07.603+0000] {logging_mixin.py:188} INFO - [2025-05-21T05:40:07.603+0000] {dag.py:3036} INFO - Sync 1 DAGs
[2025-05-21T05:40:07.619+0000] {logging_mixin.py:188} INFO - [2025-05-21T05:40:07.619+0000] {dag.py:3823} INFO - Setting next_dagrun for run_dbt_models_after_ingestion to None, run_after=None
[2025-05-21T05:40:07.636+0000] {processor.py:183} INFO - Processing /opt/airflow/dags/dbt_model_dag.py took 0.150 seconds
[2025-05-21T05:40:38.059+0000] {processor.py:161} INFO - Started process (PID=21337) to work on /opt/airflow/dags/dbt_model_dag.py
[2025-05-21T05:40:38.062+0000] {processor.py:830} INFO - Processing file /opt/airflow/dags/dbt_model_dag.py for tasks to queue
[2025-05-21T05:40:38.064+0000] {logging_mixin.py:188} INFO - [2025-05-21T05:40:38.064+0000] {dagbag.py:538} INFO - Filling up the DagBag from /opt/airflow/dags/dbt_model_dag.py
[2025-05-21T05:40:38.091+0000] {processor.py:840} INFO - DAG(s) 'run_dbt_models_after_ingestion' retrieved from /opt/airflow/dags/dbt_model_dag.py
[2025-05-21T05:40:38.130+0000] {logging_mixin.py:188} INFO - [2025-05-21T05:40:38.130+0000] {dag.py:3036} INFO - Sync 1 DAGs
[2025-05-21T05:40:38.146+0000] {logging_mixin.py:188} INFO - [2025-05-21T05:40:38.145+0000] {dag.py:3823} INFO - Setting next_dagrun for run_dbt_models_after_ingestion to None, run_after=None
[2025-05-21T05:40:38.160+0000] {processor.py:183} INFO - Processing /opt/airflow/dags/dbt_model_dag.py took 0.113 seconds
[2025-05-21T05:41:08.551+0000] {processor.py:161} INFO - Started process (PID=21347) to work on /opt/airflow/dags/dbt_model_dag.py
[2025-05-21T05:41:08.554+0000] {processor.py:830} INFO - Processing file /opt/airflow/dags/dbt_model_dag.py for tasks to queue
[2025-05-21T05:41:08.556+0000] {logging_mixin.py:188} INFO - [2025-05-21T05:41:08.556+0000] {dagbag.py:538} INFO - Filling up the DagBag from /opt/airflow/dags/dbt_model_dag.py
[2025-05-21T05:41:08.581+0000] {processor.py:840} INFO - DAG(s) 'run_dbt_models_after_ingestion' retrieved from /opt/airflow/dags/dbt_model_dag.py
[2025-05-21T05:41:08.628+0000] {logging_mixin.py:188} INFO - [2025-05-21T05:41:08.628+0000] {dag.py:3036} INFO - Sync 1 DAGs
[2025-05-21T05:41:08.642+0000] {logging_mixin.py:188} INFO - [2025-05-21T05:41:08.642+0000] {dag.py:3823} INFO - Setting next_dagrun for run_dbt_models_after_ingestion to None, run_after=None
[2025-05-21T05:41:08.654+0000] {processor.py:183} INFO - Processing /opt/airflow/dags/dbt_model_dag.py took 0.116 seconds
[2025-05-21T05:41:39.109+0000] {processor.py:161} INFO - Started process (PID=21357) to work on /opt/airflow/dags/dbt_model_dag.py
[2025-05-21T05:41:39.114+0000] {processor.py:830} INFO - Processing file /opt/airflow/dags/dbt_model_dag.py for tasks to queue
[2025-05-21T05:41:39.117+0000] {logging_mixin.py:188} INFO - [2025-05-21T05:41:39.116+0000] {dagbag.py:538} INFO - Filling up the DagBag from /opt/airflow/dags/dbt_model_dag.py
[2025-05-21T05:41:39.147+0000] {processor.py:840} INFO - DAG(s) 'run_dbt_models_after_ingestion' retrieved from /opt/airflow/dags/dbt_model_dag.py
[2025-05-21T05:41:39.194+0000] {logging_mixin.py:188} INFO - [2025-05-21T05:41:39.194+0000] {dag.py:3036} INFO - Sync 1 DAGs
[2025-05-21T05:41:39.207+0000] {logging_mixin.py:188} INFO - [2025-05-21T05:41:39.207+0000] {dag.py:3823} INFO - Setting next_dagrun for run_dbt_models_after_ingestion to None, run_after=None
[2025-05-21T05:41:39.222+0000] {processor.py:183} INFO - Processing /opt/airflow/dags/dbt_model_dag.py took 0.126 seconds
[2025-05-21T05:42:09.742+0000] {processor.py:161} INFO - Started process (PID=21367) to work on /opt/airflow/dags/dbt_model_dag.py
[2025-05-21T05:42:09.746+0000] {processor.py:830} INFO - Processing file /opt/airflow/dags/dbt_model_dag.py for tasks to queue
[2025-05-21T05:42:09.747+0000] {logging_mixin.py:188} INFO - [2025-05-21T05:42:09.746+0000] {dagbag.py:538} INFO - Filling up the DagBag from /opt/airflow/dags/dbt_model_dag.py
[2025-05-21T05:42:09.778+0000] {processor.py:840} INFO - DAG(s) 'run_dbt_models_after_ingestion' retrieved from /opt/airflow/dags/dbt_model_dag.py
[2025-05-21T05:42:09.823+0000] {logging_mixin.py:188} INFO - [2025-05-21T05:42:09.822+0000] {dag.py:3036} INFO - Sync 1 DAGs
[2025-05-21T05:42:09.835+0000] {logging_mixin.py:188} INFO - [2025-05-21T05:42:09.835+0000] {dag.py:3823} INFO - Setting next_dagrun for run_dbt_models_after_ingestion to None, run_after=None
[2025-05-21T05:42:09.850+0000] {processor.py:183} INFO - Processing /opt/airflow/dags/dbt_model_dag.py took 0.121 seconds
[2025-05-21T05:42:40.357+0000] {processor.py:161} INFO - Started process (PID=21377) to work on /opt/airflow/dags/dbt_model_dag.py
[2025-05-21T05:42:40.359+0000] {processor.py:830} INFO - Processing file /opt/airflow/dags/dbt_model_dag.py for tasks to queue
[2025-05-21T05:42:40.360+0000] {logging_mixin.py:188} INFO - [2025-05-21T05:42:40.359+0000] {dagbag.py:538} INFO - Filling up the DagBag from /opt/airflow/dags/dbt_model_dag.py
[2025-05-21T05:42:40.376+0000] {processor.py:840} INFO - DAG(s) 'run_dbt_models_after_ingestion' retrieved from /opt/airflow/dags/dbt_model_dag.py
[2025-05-21T05:42:40.425+0000] {logging_mixin.py:188} INFO - [2025-05-21T05:42:40.425+0000] {dag.py:3036} INFO - Sync 1 DAGs
[2025-05-21T05:42:40.438+0000] {logging_mixin.py:188} INFO - [2025-05-21T05:42:40.438+0000] {dag.py:3823} INFO - Setting next_dagrun for run_dbt_models_after_ingestion to None, run_after=None
[2025-05-21T05:42:40.457+0000] {processor.py:183} INFO - Processing /opt/airflow/dags/dbt_model_dag.py took 0.106 seconds
[2025-05-21T05:43:10.916+0000] {processor.py:161} INFO - Started process (PID=21387) to work on /opt/airflow/dags/dbt_model_dag.py
[2025-05-21T05:43:10.919+0000] {processor.py:830} INFO - Processing file /opt/airflow/dags/dbt_model_dag.py for tasks to queue
[2025-05-21T05:43:10.920+0000] {logging_mixin.py:188} INFO - [2025-05-21T05:43:10.920+0000] {dagbag.py:538} INFO - Filling up the DagBag from /opt/airflow/dags/dbt_model_dag.py
[2025-05-21T05:43:10.948+0000] {processor.py:840} INFO - DAG(s) 'run_dbt_models_after_ingestion' retrieved from /opt/airflow/dags/dbt_model_dag.py
[2025-05-21T05:43:10.995+0000] {logging_mixin.py:188} INFO - [2025-05-21T05:43:10.995+0000] {dag.py:3036} INFO - Sync 1 DAGs
[2025-05-21T05:43:11.011+0000] {logging_mixin.py:188} INFO - [2025-05-21T05:43:11.011+0000] {dag.py:3823} INFO - Setting next_dagrun for run_dbt_models_after_ingestion to None, run_after=None
[2025-05-21T05:43:11.031+0000] {processor.py:183} INFO - Processing /opt/airflow/dags/dbt_model_dag.py took 0.132 seconds
[2025-05-21T05:43:41.434+0000] {processor.py:161} INFO - Started process (PID=21397) to work on /opt/airflow/dags/dbt_model_dag.py
[2025-05-21T05:43:41.437+0000] {processor.py:830} INFO - Processing file /opt/airflow/dags/dbt_model_dag.py for tasks to queue
[2025-05-21T05:43:41.438+0000] {logging_mixin.py:188} INFO - [2025-05-21T05:43:41.437+0000] {dagbag.py:538} INFO - Filling up the DagBag from /opt/airflow/dags/dbt_model_dag.py
[2025-05-21T05:43:41.451+0000] {processor.py:840} INFO - DAG(s) 'run_dbt_models_after_ingestion' retrieved from /opt/airflow/dags/dbt_model_dag.py
[2025-05-21T05:43:41.469+0000] {logging_mixin.py:188} INFO - [2025-05-21T05:43:41.469+0000] {dag.py:3036} INFO - Sync 1 DAGs
[2025-05-21T05:43:41.479+0000] {logging_mixin.py:188} INFO - [2025-05-21T05:43:41.479+0000] {dag.py:3823} INFO - Setting next_dagrun for run_dbt_models_after_ingestion to None, run_after=None
[2025-05-21T05:43:41.496+0000] {processor.py:183} INFO - Processing /opt/airflow/dags/dbt_model_dag.py took 0.066 seconds
[2025-05-21T05:44:11.871+0000] {processor.py:161} INFO - Started process (PID=21407) to work on /opt/airflow/dags/dbt_model_dag.py
[2025-05-21T05:44:11.874+0000] {processor.py:830} INFO - Processing file /opt/airflow/dags/dbt_model_dag.py for tasks to queue
[2025-05-21T05:44:11.876+0000] {logging_mixin.py:188} INFO - [2025-05-21T05:44:11.875+0000] {dagbag.py:538} INFO - Filling up the DagBag from /opt/airflow/dags/dbt_model_dag.py
[2025-05-21T05:44:11.909+0000] {processor.py:840} INFO - DAG(s) 'run_dbt_models_after_ingestion' retrieved from /opt/airflow/dags/dbt_model_dag.py
[2025-05-21T05:44:11.953+0000] {logging_mixin.py:188} INFO - [2025-05-21T05:44:11.953+0000] {dag.py:3036} INFO - Sync 1 DAGs
[2025-05-21T05:44:11.967+0000] {logging_mixin.py:188} INFO - [2025-05-21T05:44:11.966+0000] {dag.py:3823} INFO - Setting next_dagrun for run_dbt_models_after_ingestion to None, run_after=None
[2025-05-21T05:44:11.982+0000] {processor.py:183} INFO - Processing /opt/airflow/dags/dbt_model_dag.py took 0.118 seconds
[2025-05-21T05:44:42.413+0000] {processor.py:161} INFO - Started process (PID=21417) to work on /opt/airflow/dags/dbt_model_dag.py
[2025-05-21T05:44:42.415+0000] {processor.py:830} INFO - Processing file /opt/airflow/dags/dbt_model_dag.py for tasks to queue
[2025-05-21T05:44:42.416+0000] {logging_mixin.py:188} INFO - [2025-05-21T05:44:42.416+0000] {dagbag.py:538} INFO - Filling up the DagBag from /opt/airflow/dags/dbt_model_dag.py
[2025-05-21T05:44:42.445+0000] {processor.py:840} INFO - DAG(s) 'run_dbt_models_after_ingestion' retrieved from /opt/airflow/dags/dbt_model_dag.py
[2025-05-21T05:44:42.485+0000] {logging_mixin.py:188} INFO - [2025-05-21T05:44:42.485+0000] {dag.py:3036} INFO - Sync 1 DAGs
[2025-05-21T05:44:42.498+0000] {logging_mixin.py:188} INFO - [2025-05-21T05:44:42.498+0000] {dag.py:3823} INFO - Setting next_dagrun for run_dbt_models_after_ingestion to None, run_after=None
[2025-05-21T05:44:42.515+0000] {processor.py:183} INFO - Processing /opt/airflow/dags/dbt_model_dag.py took 0.111 seconds
[2025-05-21T05:45:13.047+0000] {processor.py:161} INFO - Started process (PID=21427) to work on /opt/airflow/dags/dbt_model_dag.py
[2025-05-21T05:45:13.049+0000] {processor.py:830} INFO - Processing file /opt/airflow/dags/dbt_model_dag.py for tasks to queue
[2025-05-21T05:45:13.050+0000] {logging_mixin.py:188} INFO - [2025-05-21T05:45:13.050+0000] {dagbag.py:538} INFO - Filling up the DagBag from /opt/airflow/dags/dbt_model_dag.py
[2025-05-21T05:45:13.075+0000] {processor.py:840} INFO - DAG(s) 'run_dbt_models_after_ingestion' retrieved from /opt/airflow/dags/dbt_model_dag.py
[2025-05-21T05:45:13.124+0000] {logging_mixin.py:188} INFO - [2025-05-21T05:45:13.124+0000] {dag.py:3036} INFO - Sync 1 DAGs
[2025-05-21T05:45:13.138+0000] {logging_mixin.py:188} INFO - [2025-05-21T05:45:13.138+0000] {dag.py:3823} INFO - Setting next_dagrun for run_dbt_models_after_ingestion to None, run_after=None
[2025-05-21T05:45:13.155+0000] {processor.py:183} INFO - Processing /opt/airflow/dags/dbt_model_dag.py took 0.123 seconds
[2025-05-21T05:45:43.654+0000] {processor.py:161} INFO - Started process (PID=21437) to work on /opt/airflow/dags/dbt_model_dag.py
[2025-05-21T05:45:43.658+0000] {processor.py:830} INFO - Processing file /opt/airflow/dags/dbt_model_dag.py for tasks to queue
[2025-05-21T05:45:43.660+0000] {logging_mixin.py:188} INFO - [2025-05-21T05:45:43.660+0000] {dagbag.py:538} INFO - Filling up the DagBag from /opt/airflow/dags/dbt_model_dag.py
[2025-05-21T05:45:43.685+0000] {processor.py:840} INFO - DAG(s) 'run_dbt_models_after_ingestion' retrieved from /opt/airflow/dags/dbt_model_dag.py
[2025-05-21T05:45:43.721+0000] {logging_mixin.py:188} INFO - [2025-05-21T05:45:43.721+0000] {dag.py:3036} INFO - Sync 1 DAGs
[2025-05-21T05:45:43.735+0000] {logging_mixin.py:188} INFO - [2025-05-21T05:45:43.735+0000] {dag.py:3823} INFO - Setting next_dagrun for run_dbt_models_after_ingestion to None, run_after=None
[2025-05-21T05:45:43.748+0000] {processor.py:183} INFO - Processing /opt/airflow/dags/dbt_model_dag.py took 0.107 seconds
[2025-05-21T05:46:14.196+0000] {processor.py:161} INFO - Started process (PID=21447) to work on /opt/airflow/dags/dbt_model_dag.py
[2025-05-21T05:46:14.199+0000] {processor.py:830} INFO - Processing file /opt/airflow/dags/dbt_model_dag.py for tasks to queue
[2025-05-21T05:46:14.200+0000] {logging_mixin.py:188} INFO - [2025-05-21T05:46:14.200+0000] {dagbag.py:538} INFO - Filling up the DagBag from /opt/airflow/dags/dbt_model_dag.py
[2025-05-21T05:46:14.227+0000] {processor.py:840} INFO - DAG(s) 'run_dbt_models_after_ingestion' retrieved from /opt/airflow/dags/dbt_model_dag.py
[2025-05-21T05:46:14.272+0000] {logging_mixin.py:188} INFO - [2025-05-21T05:46:14.272+0000] {dag.py:3036} INFO - Sync 1 DAGs
[2025-05-21T05:46:14.284+0000] {logging_mixin.py:188} INFO - [2025-05-21T05:46:14.284+0000] {dag.py:3823} INFO - Setting next_dagrun for run_dbt_models_after_ingestion to None, run_after=None
[2025-05-21T05:46:14.304+0000] {processor.py:183} INFO - Processing /opt/airflow/dags/dbt_model_dag.py took 0.122 seconds
[2025-05-21T05:46:44.777+0000] {processor.py:161} INFO - Started process (PID=21457) to work on /opt/airflow/dags/dbt_model_dag.py
[2025-05-21T05:46:44.780+0000] {processor.py:830} INFO - Processing file /opt/airflow/dags/dbt_model_dag.py for tasks to queue
[2025-05-21T05:46:44.781+0000] {logging_mixin.py:188} INFO - [2025-05-21T05:46:44.781+0000] {dagbag.py:538} INFO - Filling up the DagBag from /opt/airflow/dags/dbt_model_dag.py
[2025-05-21T05:46:44.810+0000] {processor.py:840} INFO - DAG(s) 'run_dbt_models_after_ingestion' retrieved from /opt/airflow/dags/dbt_model_dag.py
[2025-05-21T05:46:44.843+0000] {logging_mixin.py:188} INFO - [2025-05-21T05:46:44.843+0000] {dag.py:3036} INFO - Sync 1 DAGs
[2025-05-21T05:46:44.861+0000] {logging_mixin.py:188} INFO - [2025-05-21T05:46:44.861+0000] {dag.py:3823} INFO - Setting next_dagrun for run_dbt_models_after_ingestion to None, run_after=None
[2025-05-21T05:46:44.875+0000] {processor.py:183} INFO - Processing /opt/airflow/dags/dbt_model_dag.py took 0.107 seconds
[2025-05-21T05:47:15.333+0000] {processor.py:161} INFO - Started process (PID=21467) to work on /opt/airflow/dags/dbt_model_dag.py
[2025-05-21T05:47:15.336+0000] {processor.py:830} INFO - Processing file /opt/airflow/dags/dbt_model_dag.py for tasks to queue
[2025-05-21T05:47:15.338+0000] {logging_mixin.py:188} INFO - [2025-05-21T05:47:15.337+0000] {dagbag.py:538} INFO - Filling up the DagBag from /opt/airflow/dags/dbt_model_dag.py
[2025-05-21T05:47:15.362+0000] {processor.py:840} INFO - DAG(s) 'run_dbt_models_after_ingestion' retrieved from /opt/airflow/dags/dbt_model_dag.py
[2025-05-21T05:47:15.406+0000] {logging_mixin.py:188} INFO - [2025-05-21T05:47:15.406+0000] {dag.py:3036} INFO - Sync 1 DAGs
[2025-05-21T05:47:15.421+0000] {logging_mixin.py:188} INFO - [2025-05-21T05:47:15.421+0000] {dag.py:3823} INFO - Setting next_dagrun for run_dbt_models_after_ingestion to None, run_after=None
[2025-05-21T05:47:15.447+0000] {processor.py:183} INFO - Processing /opt/airflow/dags/dbt_model_dag.py took 0.129 seconds
[2025-05-21T05:47:45.864+0000] {processor.py:161} INFO - Started process (PID=21477) to work on /opt/airflow/dags/dbt_model_dag.py
[2025-05-21T05:47:45.867+0000] {processor.py:830} INFO - Processing file /opt/airflow/dags/dbt_model_dag.py for tasks to queue
[2025-05-21T05:47:45.867+0000] {logging_mixin.py:188} INFO - [2025-05-21T05:47:45.867+0000] {dagbag.py:538} INFO - Filling up the DagBag from /opt/airflow/dags/dbt_model_dag.py
[2025-05-21T05:47:45.886+0000] {processor.py:840} INFO - DAG(s) 'run_dbt_models_after_ingestion' retrieved from /opt/airflow/dags/dbt_model_dag.py
[2025-05-21T05:47:45.921+0000] {logging_mixin.py:188} INFO - [2025-05-21T05:47:45.920+0000] {dag.py:3036} INFO - Sync 1 DAGs
[2025-05-21T05:47:45.934+0000] {logging_mixin.py:188} INFO - [2025-05-21T05:47:45.934+0000] {dag.py:3823} INFO - Setting next_dagrun for run_dbt_models_after_ingestion to None, run_after=None
[2025-05-21T05:47:45.947+0000] {processor.py:183} INFO - Processing /opt/airflow/dags/dbt_model_dag.py took 0.090 seconds
[2025-05-21T05:48:16.307+0000] {processor.py:161} INFO - Started process (PID=21487) to work on /opt/airflow/dags/dbt_model_dag.py
[2025-05-21T05:48:16.310+0000] {processor.py:830} INFO - Processing file /opt/airflow/dags/dbt_model_dag.py for tasks to queue
[2025-05-21T05:48:16.311+0000] {logging_mixin.py:188} INFO - [2025-05-21T05:48:16.311+0000] {dagbag.py:538} INFO - Filling up the DagBag from /opt/airflow/dags/dbt_model_dag.py
[2025-05-21T05:48:16.341+0000] {processor.py:840} INFO - DAG(s) 'run_dbt_models_after_ingestion' retrieved from /opt/airflow/dags/dbt_model_dag.py
[2025-05-21T05:48:16.384+0000] {logging_mixin.py:188} INFO - [2025-05-21T05:48:16.384+0000] {dag.py:3036} INFO - Sync 1 DAGs
[2025-05-21T05:48:16.400+0000] {logging_mixin.py:188} INFO - [2025-05-21T05:48:16.400+0000] {dag.py:3823} INFO - Setting next_dagrun for run_dbt_models_after_ingestion to None, run_after=None
[2025-05-21T05:48:16.416+0000] {processor.py:183} INFO - Processing /opt/airflow/dags/dbt_model_dag.py took 0.123 seconds
[2025-05-21T05:48:46.869+0000] {processor.py:161} INFO - Started process (PID=21497) to work on /opt/airflow/dags/dbt_model_dag.py
[2025-05-21T05:48:46.872+0000] {processor.py:830} INFO - Processing file /opt/airflow/dags/dbt_model_dag.py for tasks to queue
[2025-05-21T05:48:46.873+0000] {logging_mixin.py:188} INFO - [2025-05-21T05:48:46.873+0000] {dagbag.py:538} INFO - Filling up the DagBag from /opt/airflow/dags/dbt_model_dag.py
[2025-05-21T05:48:46.900+0000] {processor.py:840} INFO - DAG(s) 'run_dbt_models_after_ingestion' retrieved from /opt/airflow/dags/dbt_model_dag.py
[2025-05-21T05:48:46.945+0000] {logging_mixin.py:188} INFO - [2025-05-21T05:48:46.945+0000] {dag.py:3036} INFO - Sync 1 DAGs
[2025-05-21T05:48:46.958+0000] {logging_mixin.py:188} INFO - [2025-05-21T05:48:46.958+0000] {dag.py:3823} INFO - Setting next_dagrun for run_dbt_models_after_ingestion to None, run_after=None
[2025-05-21T05:48:46.977+0000] {processor.py:183} INFO - Processing /opt/airflow/dags/dbt_model_dag.py took 0.121 seconds
[2025-05-21T05:49:17.420+0000] {processor.py:161} INFO - Started process (PID=21507) to work on /opt/airflow/dags/dbt_model_dag.py
[2025-05-21T05:49:17.423+0000] {processor.py:830} INFO - Processing file /opt/airflow/dags/dbt_model_dag.py for tasks to queue
[2025-05-21T05:49:17.425+0000] {logging_mixin.py:188} INFO - [2025-05-21T05:49:17.424+0000] {dagbag.py:538} INFO - Filling up the DagBag from /opt/airflow/dags/dbt_model_dag.py
[2025-05-21T05:49:17.449+0000] {processor.py:840} INFO - DAG(s) 'run_dbt_models_after_ingestion' retrieved from /opt/airflow/dags/dbt_model_dag.py
[2025-05-21T05:49:17.492+0000] {logging_mixin.py:188} INFO - [2025-05-21T05:49:17.492+0000] {dag.py:3036} INFO - Sync 1 DAGs
[2025-05-21T05:49:17.506+0000] {logging_mixin.py:188} INFO - [2025-05-21T05:49:17.506+0000] {dag.py:3823} INFO - Setting next_dagrun for run_dbt_models_after_ingestion to None, run_after=None
[2025-05-21T05:49:17.525+0000] {processor.py:183} INFO - Processing /opt/airflow/dags/dbt_model_dag.py took 0.119 seconds
[2025-05-21T05:49:47.981+0000] {processor.py:161} INFO - Started process (PID=21517) to work on /opt/airflow/dags/dbt_model_dag.py
[2025-05-21T05:49:47.983+0000] {processor.py:830} INFO - Processing file /opt/airflow/dags/dbt_model_dag.py for tasks to queue
[2025-05-21T05:49:47.984+0000] {logging_mixin.py:188} INFO - [2025-05-21T05:49:47.984+0000] {dagbag.py:538} INFO - Filling up the DagBag from /opt/airflow/dags/dbt_model_dag.py
[2025-05-21T05:49:48.008+0000] {processor.py:840} INFO - DAG(s) 'run_dbt_models_after_ingestion' retrieved from /opt/airflow/dags/dbt_model_dag.py
[2025-05-21T05:49:48.052+0000] {logging_mixin.py:188} INFO - [2025-05-21T05:49:48.052+0000] {dag.py:3036} INFO - Sync 1 DAGs
[2025-05-21T05:49:48.066+0000] {logging_mixin.py:188} INFO - [2025-05-21T05:49:48.065+0000] {dag.py:3823} INFO - Setting next_dagrun for run_dbt_models_after_ingestion to None, run_after=None
[2025-05-21T05:49:48.082+0000] {processor.py:183} INFO - Processing /opt/airflow/dags/dbt_model_dag.py took 0.112 seconds
[2025-05-21T05:50:18.879+0000] {processor.py:161} INFO - Started process (PID=21527) to work on /opt/airflow/dags/dbt_model_dag.py
[2025-05-21T05:50:18.896+0000] {processor.py:830} INFO - Processing file /opt/airflow/dags/dbt_model_dag.py for tasks to queue
[2025-05-21T05:50:18.906+0000] {logging_mixin.py:188} INFO - [2025-05-21T05:50:18.897+0000] {dagbag.py:538} INFO - Filling up the DagBag from /opt/airflow/dags/dbt_model_dag.py
[2025-05-21T05:50:18.968+0000] {processor.py:840} INFO - DAG(s) 'run_dbt_models_after_ingestion' retrieved from /opt/airflow/dags/dbt_model_dag.py
[2025-05-21T05:50:19.055+0000] {logging_mixin.py:188} INFO - [2025-05-21T05:50:19.055+0000] {dag.py:3036} INFO - Sync 1 DAGs
[2025-05-21T05:50:19.091+0000] {logging_mixin.py:188} INFO - [2025-05-21T05:50:19.091+0000] {dag.py:3823} INFO - Setting next_dagrun for run_dbt_models_after_ingestion to None, run_after=None
[2025-05-21T05:50:19.131+0000] {processor.py:183} INFO - Processing /opt/airflow/dags/dbt_model_dag.py took 0.284 seconds
[2025-05-21T05:50:49.717+0000] {processor.py:161} INFO - Started process (PID=21537) to work on /opt/airflow/dags/dbt_model_dag.py
[2025-05-21T05:50:49.720+0000] {processor.py:830} INFO - Processing file /opt/airflow/dags/dbt_model_dag.py for tasks to queue
[2025-05-21T05:50:49.722+0000] {logging_mixin.py:188} INFO - [2025-05-21T05:50:49.722+0000] {dagbag.py:538} INFO - Filling up the DagBag from /opt/airflow/dags/dbt_model_dag.py
[2025-05-21T05:50:49.756+0000] {processor.py:840} INFO - DAG(s) 'run_dbt_models_after_ingestion' retrieved from /opt/airflow/dags/dbt_model_dag.py
[2025-05-21T05:50:49.823+0000] {logging_mixin.py:188} INFO - [2025-05-21T05:50:49.823+0000] {dag.py:3036} INFO - Sync 1 DAGs
[2025-05-21T05:50:49.836+0000] {logging_mixin.py:188} INFO - [2025-05-21T05:50:49.836+0000] {dag.py:3823} INFO - Setting next_dagrun for run_dbt_models_after_ingestion to None, run_after=None
[2025-05-21T05:50:49.854+0000] {processor.py:183} INFO - Processing /opt/airflow/dags/dbt_model_dag.py took 0.149 seconds
[2025-05-21T05:51:20.504+0000] {processor.py:161} INFO - Started process (PID=21547) to work on /opt/airflow/dags/dbt_model_dag.py
[2025-05-21T05:51:20.512+0000] {processor.py:830} INFO - Processing file /opt/airflow/dags/dbt_model_dag.py for tasks to queue
[2025-05-21T05:51:20.517+0000] {logging_mixin.py:188} INFO - [2025-05-21T05:51:20.514+0000] {dagbag.py:538} INFO - Filling up the DagBag from /opt/airflow/dags/dbt_model_dag.py
[2025-05-21T05:51:20.592+0000] {processor.py:840} INFO - DAG(s) 'run_dbt_models_after_ingestion' retrieved from /opt/airflow/dags/dbt_model_dag.py
[2025-05-21T05:51:20.748+0000] {logging_mixin.py:188} INFO - [2025-05-21T05:51:20.747+0000] {dag.py:3036} INFO - Sync 1 DAGs
[2025-05-21T05:51:20.803+0000] {logging_mixin.py:188} INFO - [2025-05-21T05:51:20.802+0000] {dag.py:3823} INFO - Setting next_dagrun for run_dbt_models_after_ingestion to None, run_after=None
[2025-05-21T05:51:20.826+0000] {processor.py:183} INFO - Processing /opt/airflow/dags/dbt_model_dag.py took 0.348 seconds
[2025-05-21T05:51:51.289+0000] {processor.py:161} INFO - Started process (PID=21557) to work on /opt/airflow/dags/dbt_model_dag.py
[2025-05-21T05:51:51.293+0000] {processor.py:830} INFO - Processing file /opt/airflow/dags/dbt_model_dag.py for tasks to queue
[2025-05-21T05:51:51.295+0000] {logging_mixin.py:188} INFO - [2025-05-21T05:51:51.294+0000] {dagbag.py:538} INFO - Filling up the DagBag from /opt/airflow/dags/dbt_model_dag.py
[2025-05-21T05:51:51.325+0000] {processor.py:840} INFO - DAG(s) 'run_dbt_models_after_ingestion' retrieved from /opt/airflow/dags/dbt_model_dag.py
[2025-05-21T05:51:51.362+0000] {logging_mixin.py:188} INFO - [2025-05-21T05:51:51.362+0000] {dag.py:3036} INFO - Sync 1 DAGs
[2025-05-21T05:51:51.375+0000] {logging_mixin.py:188} INFO - [2025-05-21T05:51:51.375+0000] {dag.py:3823} INFO - Setting next_dagrun for run_dbt_models_after_ingestion to None, run_after=None
[2025-05-21T05:51:51.391+0000] {processor.py:183} INFO - Processing /opt/airflow/dags/dbt_model_dag.py took 0.115 seconds
[2025-05-21T05:52:21.849+0000] {processor.py:161} INFO - Started process (PID=21567) to work on /opt/airflow/dags/dbt_model_dag.py
[2025-05-21T05:52:21.852+0000] {processor.py:830} INFO - Processing file /opt/airflow/dags/dbt_model_dag.py for tasks to queue
[2025-05-21T05:52:21.854+0000] {logging_mixin.py:188} INFO - [2025-05-21T05:52:21.854+0000] {dagbag.py:538} INFO - Filling up the DagBag from /opt/airflow/dags/dbt_model_dag.py
[2025-05-21T05:52:21.882+0000] {processor.py:840} INFO - DAG(s) 'run_dbt_models_after_ingestion' retrieved from /opt/airflow/dags/dbt_model_dag.py
[2025-05-21T05:52:21.920+0000] {logging_mixin.py:188} INFO - [2025-05-21T05:52:21.919+0000] {dag.py:3036} INFO - Sync 1 DAGs
[2025-05-21T05:52:21.933+0000] {logging_mixin.py:188} INFO - [2025-05-21T05:52:21.933+0000] {dag.py:3823} INFO - Setting next_dagrun for run_dbt_models_after_ingestion to None, run_after=None
[2025-05-21T05:52:21.952+0000] {processor.py:183} INFO - Processing /opt/airflow/dags/dbt_model_dag.py took 0.120 seconds
[2025-05-21T05:52:52.437+0000] {processor.py:161} INFO - Started process (PID=21577) to work on /opt/airflow/dags/dbt_model_dag.py
[2025-05-21T05:52:52.443+0000] {processor.py:830} INFO - Processing file /opt/airflow/dags/dbt_model_dag.py for tasks to queue
[2025-05-21T05:52:52.445+0000] {logging_mixin.py:188} INFO - [2025-05-21T05:52:52.445+0000] {dagbag.py:538} INFO - Filling up the DagBag from /opt/airflow/dags/dbt_model_dag.py
[2025-05-21T05:52:52.476+0000] {processor.py:840} INFO - DAG(s) 'run_dbt_models_after_ingestion' retrieved from /opt/airflow/dags/dbt_model_dag.py
[2025-05-21T05:52:52.516+0000] {logging_mixin.py:188} INFO - [2025-05-21T05:52:52.515+0000] {dag.py:3036} INFO - Sync 1 DAGs
[2025-05-21T05:52:52.528+0000] {logging_mixin.py:188} INFO - [2025-05-21T05:52:52.528+0000] {dag.py:3823} INFO - Setting next_dagrun for run_dbt_models_after_ingestion to None, run_after=None
[2025-05-21T05:52:52.541+0000] {processor.py:183} INFO - Processing /opt/airflow/dags/dbt_model_dag.py took 0.117 seconds
[2025-05-21T05:53:22.976+0000] {processor.py:161} INFO - Started process (PID=21587) to work on /opt/airflow/dags/dbt_model_dag.py
[2025-05-21T05:53:22.979+0000] {processor.py:830} INFO - Processing file /opt/airflow/dags/dbt_model_dag.py for tasks to queue
[2025-05-21T05:53:22.980+0000] {logging_mixin.py:188} INFO - [2025-05-21T05:53:22.979+0000] {dagbag.py:538} INFO - Filling up the DagBag from /opt/airflow/dags/dbt_model_dag.py
[2025-05-21T05:53:23.010+0000] {processor.py:840} INFO - DAG(s) 'run_dbt_models_after_ingestion' retrieved from /opt/airflow/dags/dbt_model_dag.py
[2025-05-21T05:53:23.051+0000] {logging_mixin.py:188} INFO - [2025-05-21T05:53:23.051+0000] {dag.py:3036} INFO - Sync 1 DAGs
[2025-05-21T05:53:23.065+0000] {logging_mixin.py:188} INFO - [2025-05-21T05:53:23.065+0000] {dag.py:3823} INFO - Setting next_dagrun for run_dbt_models_after_ingestion to None, run_after=None
[2025-05-21T05:53:23.079+0000] {processor.py:183} INFO - Processing /opt/airflow/dags/dbt_model_dag.py took 0.119 seconds
[2025-05-21T05:53:53.498+0000] {processor.py:161} INFO - Started process (PID=21597) to work on /opt/airflow/dags/dbt_model_dag.py
[2025-05-21T05:53:53.501+0000] {processor.py:830} INFO - Processing file /opt/airflow/dags/dbt_model_dag.py for tasks to queue
[2025-05-21T05:53:53.502+0000] {logging_mixin.py:188} INFO - [2025-05-21T05:53:53.502+0000] {dagbag.py:538} INFO - Filling up the DagBag from /opt/airflow/dags/dbt_model_dag.py
[2025-05-21T05:53:53.533+0000] {processor.py:840} INFO - DAG(s) 'run_dbt_models_after_ingestion' retrieved from /opt/airflow/dags/dbt_model_dag.py
[2025-05-21T05:53:53.579+0000] {logging_mixin.py:188} INFO - [2025-05-21T05:53:53.579+0000] {dag.py:3036} INFO - Sync 1 DAGs
[2025-05-21T05:53:53.597+0000] {logging_mixin.py:188} INFO - [2025-05-21T05:53:53.597+0000] {dag.py:3823} INFO - Setting next_dagrun for run_dbt_models_after_ingestion to None, run_after=None
[2025-05-21T05:53:53.616+0000] {processor.py:183} INFO - Processing /opt/airflow/dags/dbt_model_dag.py took 0.127 seconds
[2025-05-21T05:54:24.051+0000] {processor.py:161} INFO - Started process (PID=21607) to work on /opt/airflow/dags/dbt_model_dag.py
[2025-05-21T05:54:24.053+0000] {processor.py:830} INFO - Processing file /opt/airflow/dags/dbt_model_dag.py for tasks to queue
[2025-05-21T05:54:24.054+0000] {logging_mixin.py:188} INFO - [2025-05-21T05:54:24.054+0000] {dagbag.py:538} INFO - Filling up the DagBag from /opt/airflow/dags/dbt_model_dag.py
[2025-05-21T05:54:24.080+0000] {processor.py:840} INFO - DAG(s) 'run_dbt_models_after_ingestion' retrieved from /opt/airflow/dags/dbt_model_dag.py
[2025-05-21T05:54:24.120+0000] {logging_mixin.py:188} INFO - [2025-05-21T05:54:24.120+0000] {dag.py:3036} INFO - Sync 1 DAGs
[2025-05-21T05:54:24.135+0000] {logging_mixin.py:188} INFO - [2025-05-21T05:54:24.135+0000] {dag.py:3823} INFO - Setting next_dagrun for run_dbt_models_after_ingestion to None, run_after=None
[2025-05-21T05:54:24.150+0000] {processor.py:183} INFO - Processing /opt/airflow/dags/dbt_model_dag.py took 0.109 seconds
[2025-05-21T05:54:54.610+0000] {processor.py:161} INFO - Started process (PID=21617) to work on /opt/airflow/dags/dbt_model_dag.py
[2025-05-21T05:54:54.612+0000] {processor.py:830} INFO - Processing file /opt/airflow/dags/dbt_model_dag.py for tasks to queue
[2025-05-21T05:54:54.613+0000] {logging_mixin.py:188} INFO - [2025-05-21T05:54:54.613+0000] {dagbag.py:538} INFO - Filling up the DagBag from /opt/airflow/dags/dbt_model_dag.py
[2025-05-21T05:54:54.641+0000] {processor.py:840} INFO - DAG(s) 'run_dbt_models_after_ingestion' retrieved from /opt/airflow/dags/dbt_model_dag.py
[2025-05-21T05:54:54.690+0000] {logging_mixin.py:188} INFO - [2025-05-21T05:54:54.690+0000] {dag.py:3036} INFO - Sync 1 DAGs
[2025-05-21T05:54:54.705+0000] {logging_mixin.py:188} INFO - [2025-05-21T05:54:54.704+0000] {dag.py:3823} INFO - Setting next_dagrun for run_dbt_models_after_ingestion to None, run_after=None
[2025-05-21T05:54:54.722+0000] {processor.py:183} INFO - Processing /opt/airflow/dags/dbt_model_dag.py took 0.125 seconds
[2025-05-21T05:55:25.166+0000] {processor.py:161} INFO - Started process (PID=21627) to work on /opt/airflow/dags/dbt_model_dag.py
[2025-05-21T05:55:25.169+0000] {processor.py:830} INFO - Processing file /opt/airflow/dags/dbt_model_dag.py for tasks to queue
[2025-05-21T05:55:25.170+0000] {logging_mixin.py:188} INFO - [2025-05-21T05:55:25.169+0000] {dagbag.py:538} INFO - Filling up the DagBag from /opt/airflow/dags/dbt_model_dag.py
[2025-05-21T05:55:25.197+0000] {processor.py:840} INFO - DAG(s) 'run_dbt_models_after_ingestion' retrieved from /opt/airflow/dags/dbt_model_dag.py
[2025-05-21T05:55:25.249+0000] {logging_mixin.py:188} INFO - [2025-05-21T05:55:25.249+0000] {dag.py:3036} INFO - Sync 1 DAGs
[2025-05-21T05:55:25.266+0000] {logging_mixin.py:188} INFO - [2025-05-21T05:55:25.266+0000] {dag.py:3823} INFO - Setting next_dagrun for run_dbt_models_after_ingestion to None, run_after=None
[2025-05-21T05:55:25.283+0000] {processor.py:183} INFO - Processing /opt/airflow/dags/dbt_model_dag.py took 0.124 seconds
[2025-05-21T05:55:55.699+0000] {processor.py:161} INFO - Started process (PID=21637) to work on /opt/airflow/dags/dbt_model_dag.py
[2025-05-21T05:55:55.702+0000] {processor.py:830} INFO - Processing file /opt/airflow/dags/dbt_model_dag.py for tasks to queue
[2025-05-21T05:55:55.705+0000] {logging_mixin.py:188} INFO - [2025-05-21T05:55:55.704+0000] {dagbag.py:538} INFO - Filling up the DagBag from /opt/airflow/dags/dbt_model_dag.py
[2025-05-21T05:55:55.732+0000] {processor.py:840} INFO - DAG(s) 'run_dbt_models_after_ingestion' retrieved from /opt/airflow/dags/dbt_model_dag.py
[2025-05-21T05:55:55.772+0000] {logging_mixin.py:188} INFO - [2025-05-21T05:55:55.772+0000] {dag.py:3036} INFO - Sync 1 DAGs
[2025-05-21T05:55:55.789+0000] {logging_mixin.py:188} INFO - [2025-05-21T05:55:55.789+0000] {dag.py:3823} INFO - Setting next_dagrun for run_dbt_models_after_ingestion to None, run_after=None
[2025-05-21T05:55:55.807+0000] {processor.py:183} INFO - Processing /opt/airflow/dags/dbt_model_dag.py took 0.122 seconds
[2025-05-21T05:56:26.255+0000] {processor.py:161} INFO - Started process (PID=21647) to work on /opt/airflow/dags/dbt_model_dag.py
[2025-05-21T05:56:26.263+0000] {processor.py:830} INFO - Processing file /opt/airflow/dags/dbt_model_dag.py for tasks to queue
[2025-05-21T05:56:26.265+0000] {logging_mixin.py:188} INFO - [2025-05-21T05:56:26.264+0000] {dagbag.py:538} INFO - Filling up the DagBag from /opt/airflow/dags/dbt_model_dag.py
[2025-05-21T05:56:26.294+0000] {processor.py:840} INFO - DAG(s) 'run_dbt_models_after_ingestion' retrieved from /opt/airflow/dags/dbt_model_dag.py
[2025-05-21T05:56:26.348+0000] {logging_mixin.py:188} INFO - [2025-05-21T05:56:26.347+0000] {dag.py:3036} INFO - Sync 1 DAGs
[2025-05-21T05:56:26.362+0000] {logging_mixin.py:188} INFO - [2025-05-21T05:56:26.362+0000] {dag.py:3823} INFO - Setting next_dagrun for run_dbt_models_after_ingestion to None, run_after=None
[2025-05-21T05:56:26.375+0000] {processor.py:183} INFO - Processing /opt/airflow/dags/dbt_model_dag.py took 0.126 seconds
[2025-05-21T05:56:56.843+0000] {processor.py:161} INFO - Started process (PID=21657) to work on /opt/airflow/dags/dbt_model_dag.py
[2025-05-21T05:56:56.846+0000] {processor.py:830} INFO - Processing file /opt/airflow/dags/dbt_model_dag.py for tasks to queue
[2025-05-21T05:56:56.851+0000] {logging_mixin.py:188} INFO - [2025-05-21T05:56:56.851+0000] {dagbag.py:538} INFO - Filling up the DagBag from /opt/airflow/dags/dbt_model_dag.py
[2025-05-21T05:56:56.876+0000] {processor.py:840} INFO - DAG(s) 'run_dbt_models_after_ingestion' retrieved from /opt/airflow/dags/dbt_model_dag.py
[2025-05-21T05:56:56.919+0000] {logging_mixin.py:188} INFO - [2025-05-21T05:56:56.919+0000] {dag.py:3036} INFO - Sync 1 DAGs
[2025-05-21T05:56:56.935+0000] {logging_mixin.py:188} INFO - [2025-05-21T05:56:56.935+0000] {dag.py:3823} INFO - Setting next_dagrun for run_dbt_models_after_ingestion to None, run_after=None
[2025-05-21T05:56:56.948+0000] {processor.py:183} INFO - Processing /opt/airflow/dags/dbt_model_dag.py took 0.118 seconds
[2025-05-21T05:57:27.374+0000] {processor.py:161} INFO - Started process (PID=21667) to work on /opt/airflow/dags/dbt_model_dag.py
[2025-05-21T05:57:27.375+0000] {processor.py:830} INFO - Processing file /opt/airflow/dags/dbt_model_dag.py for tasks to queue
[2025-05-21T05:57:27.378+0000] {logging_mixin.py:188} INFO - [2025-05-21T05:57:27.378+0000] {dagbag.py:538} INFO - Filling up the DagBag from /opt/airflow/dags/dbt_model_dag.py
[2025-05-21T05:57:27.396+0000] {processor.py:840} INFO - DAG(s) 'run_dbt_models_after_ingestion' retrieved from /opt/airflow/dags/dbt_model_dag.py
[2025-05-21T05:57:27.423+0000] {logging_mixin.py:188} INFO - [2025-05-21T05:57:27.423+0000] {dag.py:3036} INFO - Sync 1 DAGs
[2025-05-21T05:57:27.433+0000] {logging_mixin.py:188} INFO - [2025-05-21T05:57:27.433+0000] {dag.py:3823} INFO - Setting next_dagrun for run_dbt_models_after_ingestion to None, run_after=None
[2025-05-21T05:57:27.447+0000] {processor.py:183} INFO - Processing /opt/airflow/dags/dbt_model_dag.py took 0.081 seconds
[2025-05-21T05:57:57.801+0000] {processor.py:161} INFO - Started process (PID=21677) to work on /opt/airflow/dags/dbt_model_dag.py
[2025-05-21T05:57:57.802+0000] {processor.py:830} INFO - Processing file /opt/airflow/dags/dbt_model_dag.py for tasks to queue
[2025-05-21T05:57:57.804+0000] {logging_mixin.py:188} INFO - [2025-05-21T05:57:57.804+0000] {dagbag.py:538} INFO - Filling up the DagBag from /opt/airflow/dags/dbt_model_dag.py
[2025-05-21T05:57:57.815+0000] {processor.py:840} INFO - DAG(s) 'run_dbt_models_after_ingestion' retrieved from /opt/airflow/dags/dbt_model_dag.py
[2025-05-21T05:57:57.836+0000] {logging_mixin.py:188} INFO - [2025-05-21T05:57:57.836+0000] {dag.py:3036} INFO - Sync 1 DAGs
[2025-05-21T05:57:57.843+0000] {logging_mixin.py:188} INFO - [2025-05-21T05:57:57.843+0000] {dag.py:3823} INFO - Setting next_dagrun for run_dbt_models_after_ingestion to None, run_after=None
[2025-05-21T05:57:57.853+0000] {processor.py:183} INFO - Processing /opt/airflow/dags/dbt_model_dag.py took 0.057 seconds
[2025-05-21T05:58:28.149+0000] {processor.py:161} INFO - Started process (PID=21687) to work on /opt/airflow/dags/dbt_model_dag.py
[2025-05-21T05:58:28.150+0000] {processor.py:830} INFO - Processing file /opt/airflow/dags/dbt_model_dag.py for tasks to queue
[2025-05-21T05:58:28.151+0000] {logging_mixin.py:188} INFO - [2025-05-21T05:58:28.151+0000] {dagbag.py:538} INFO - Filling up the DagBag from /opt/airflow/dags/dbt_model_dag.py
[2025-05-21T05:58:28.160+0000] {processor.py:840} INFO - DAG(s) 'run_dbt_models_after_ingestion' retrieved from /opt/airflow/dags/dbt_model_dag.py
[2025-05-21T05:58:28.178+0000] {logging_mixin.py:188} INFO - [2025-05-21T05:58:28.178+0000] {dag.py:3036} INFO - Sync 1 DAGs
[2025-05-21T05:58:28.186+0000] {logging_mixin.py:188} INFO - [2025-05-21T05:58:28.186+0000] {dag.py:3823} INFO - Setting next_dagrun for run_dbt_models_after_ingestion to None, run_after=None
[2025-05-21T05:58:28.196+0000] {processor.py:183} INFO - Processing /opt/airflow/dags/dbt_model_dag.py took 0.052 seconds
[2025-05-21T05:58:58.605+0000] {processor.py:161} INFO - Started process (PID=21697) to work on /opt/airflow/dags/dbt_model_dag.py
[2025-05-21T05:58:58.609+0000] {processor.py:830} INFO - Processing file /opt/airflow/dags/dbt_model_dag.py for tasks to queue
[2025-05-21T05:58:58.610+0000] {logging_mixin.py:188} INFO - [2025-05-21T05:58:58.609+0000] {dagbag.py:538} INFO - Filling up the DagBag from /opt/airflow/dags/dbt_model_dag.py
[2025-05-21T05:58:58.636+0000] {processor.py:840} INFO - DAG(s) 'run_dbt_models_after_ingestion' retrieved from /opt/airflow/dags/dbt_model_dag.py
[2025-05-21T05:58:58.678+0000] {logging_mixin.py:188} INFO - [2025-05-21T05:58:58.678+0000] {dag.py:3036} INFO - Sync 1 DAGs
[2025-05-21T05:58:58.689+0000] {logging_mixin.py:188} INFO - [2025-05-21T05:58:58.689+0000] {dag.py:3823} INFO - Setting next_dagrun for run_dbt_models_after_ingestion to None, run_after=None
[2025-05-21T05:58:58.706+0000] {processor.py:183} INFO - Processing /opt/airflow/dags/dbt_model_dag.py took 0.108 seconds
[2025-05-21T05:59:29.141+0000] {processor.py:161} INFO - Started process (PID=21707) to work on /opt/airflow/dags/dbt_model_dag.py
[2025-05-21T05:59:29.146+0000] {processor.py:830} INFO - Processing file /opt/airflow/dags/dbt_model_dag.py for tasks to queue
[2025-05-21T05:59:29.147+0000] {logging_mixin.py:188} INFO - [2025-05-21T05:59:29.147+0000] {dagbag.py:538} INFO - Filling up the DagBag from /opt/airflow/dags/dbt_model_dag.py
[2025-05-21T05:59:29.171+0000] {processor.py:840} INFO - DAG(s) 'run_dbt_models_after_ingestion' retrieved from /opt/airflow/dags/dbt_model_dag.py
[2025-05-21T05:59:29.215+0000] {logging_mixin.py:188} INFO - [2025-05-21T05:59:29.215+0000] {dag.py:3036} INFO - Sync 1 DAGs
[2025-05-21T05:59:29.233+0000] {logging_mixin.py:188} INFO - [2025-05-21T05:59:29.233+0000] {dag.py:3823} INFO - Setting next_dagrun for run_dbt_models_after_ingestion to None, run_after=None
[2025-05-21T05:59:29.251+0000] {processor.py:183} INFO - Processing /opt/airflow/dags/dbt_model_dag.py took 0.119 seconds
[2025-05-21T05:59:59.666+0000] {processor.py:161} INFO - Started process (PID=21717) to work on /opt/airflow/dags/dbt_model_dag.py
[2025-05-21T05:59:59.669+0000] {processor.py:830} INFO - Processing file /opt/airflow/dags/dbt_model_dag.py for tasks to queue
[2025-05-21T05:59:59.670+0000] {logging_mixin.py:188} INFO - [2025-05-21T05:59:59.670+0000] {dagbag.py:538} INFO - Filling up the DagBag from /opt/airflow/dags/dbt_model_dag.py
[2025-05-21T05:59:59.695+0000] {processor.py:840} INFO - DAG(s) 'run_dbt_models_after_ingestion' retrieved from /opt/airflow/dags/dbt_model_dag.py
[2025-05-21T05:59:59.740+0000] {logging_mixin.py:188} INFO - [2025-05-21T05:59:59.740+0000] {dag.py:3036} INFO - Sync 1 DAGs
[2025-05-21T05:59:59.754+0000] {logging_mixin.py:188} INFO - [2025-05-21T05:59:59.754+0000] {dag.py:3823} INFO - Setting next_dagrun for run_dbt_models_after_ingestion to None, run_after=None
[2025-05-21T05:59:59.771+0000] {processor.py:183} INFO - Processing /opt/airflow/dags/dbt_model_dag.py took 0.118 seconds
[2025-05-21T06:00:30.203+0000] {processor.py:161} INFO - Started process (PID=21727) to work on /opt/airflow/dags/dbt_model_dag.py
[2025-05-21T06:00:30.206+0000] {processor.py:830} INFO - Processing file /opt/airflow/dags/dbt_model_dag.py for tasks to queue
[2025-05-21T06:00:30.208+0000] {logging_mixin.py:188} INFO - [2025-05-21T06:00:30.207+0000] {dagbag.py:538} INFO - Filling up the DagBag from /opt/airflow/dags/dbt_model_dag.py
[2025-05-21T06:00:30.235+0000] {processor.py:840} INFO - DAG(s) 'run_dbt_models_after_ingestion' retrieved from /opt/airflow/dags/dbt_model_dag.py
[2025-05-21T06:00:30.277+0000] {logging_mixin.py:188} INFO - [2025-05-21T06:00:30.277+0000] {dag.py:3036} INFO - Sync 1 DAGs
[2025-05-21T06:00:30.290+0000] {logging_mixin.py:188} INFO - [2025-05-21T06:00:30.290+0000] {dag.py:3823} INFO - Setting next_dagrun for run_dbt_models_after_ingestion to None, run_after=None
[2025-05-21T06:00:30.307+0000] {processor.py:183} INFO - Processing /opt/airflow/dags/dbt_model_dag.py took 0.114 seconds
[2025-05-21T06:01:00.731+0000] {processor.py:161} INFO - Started process (PID=21737) to work on /opt/airflow/dags/dbt_model_dag.py
[2025-05-21T06:01:00.734+0000] {processor.py:830} INFO - Processing file /opt/airflow/dags/dbt_model_dag.py for tasks to queue
[2025-05-21T06:01:00.736+0000] {logging_mixin.py:188} INFO - [2025-05-21T06:01:00.735+0000] {dagbag.py:538} INFO - Filling up the DagBag from /opt/airflow/dags/dbt_model_dag.py
[2025-05-21T06:01:00.763+0000] {processor.py:840} INFO - DAG(s) 'run_dbt_models_after_ingestion' retrieved from /opt/airflow/dags/dbt_model_dag.py
[2025-05-21T06:01:00.807+0000] {logging_mixin.py:188} INFO - [2025-05-21T06:01:00.806+0000] {dag.py:3036} INFO - Sync 1 DAGs
[2025-05-21T06:01:00.823+0000] {logging_mixin.py:188} INFO - [2025-05-21T06:01:00.823+0000] {dag.py:3823} INFO - Setting next_dagrun for run_dbt_models_after_ingestion to None, run_after=None
[2025-05-21T06:01:00.840+0000] {processor.py:183} INFO - Processing /opt/airflow/dags/dbt_model_dag.py took 0.121 seconds
[2025-05-21T06:01:31.278+0000] {processor.py:161} INFO - Started process (PID=21747) to work on /opt/airflow/dags/dbt_model_dag.py
[2025-05-21T06:01:31.283+0000] {processor.py:830} INFO - Processing file /opt/airflow/dags/dbt_model_dag.py for tasks to queue
[2025-05-21T06:01:31.284+0000] {logging_mixin.py:188} INFO - [2025-05-21T06:01:31.283+0000] {dagbag.py:538} INFO - Filling up the DagBag from /opt/airflow/dags/dbt_model_dag.py
[2025-05-21T06:01:31.306+0000] {processor.py:840} INFO - DAG(s) 'run_dbt_models_after_ingestion' retrieved from /opt/airflow/dags/dbt_model_dag.py
[2025-05-21T06:01:31.345+0000] {logging_mixin.py:188} INFO - [2025-05-21T06:01:31.345+0000] {dag.py:3036} INFO - Sync 1 DAGs
[2025-05-21T06:01:31.360+0000] {logging_mixin.py:188} INFO - [2025-05-21T06:01:31.360+0000] {dag.py:3823} INFO - Setting next_dagrun for run_dbt_models_after_ingestion to None, run_after=None
[2025-05-21T06:01:31.377+0000] {processor.py:183} INFO - Processing /opt/airflow/dags/dbt_model_dag.py took 0.110 seconds
[2025-05-21T06:02:01.802+0000] {processor.py:161} INFO - Started process (PID=21757) to work on /opt/airflow/dags/dbt_model_dag.py
[2025-05-21T06:02:01.805+0000] {processor.py:830} INFO - Processing file /opt/airflow/dags/dbt_model_dag.py for tasks to queue
[2025-05-21T06:02:01.806+0000] {logging_mixin.py:188} INFO - [2025-05-21T06:02:01.806+0000] {dagbag.py:538} INFO - Filling up the DagBag from /opt/airflow/dags/dbt_model_dag.py
[2025-05-21T06:02:01.835+0000] {processor.py:840} INFO - DAG(s) 'run_dbt_models_after_ingestion' retrieved from /opt/airflow/dags/dbt_model_dag.py
[2025-05-21T06:02:01.874+0000] {logging_mixin.py:188} INFO - [2025-05-21T06:02:01.874+0000] {dag.py:3036} INFO - Sync 1 DAGs
[2025-05-21T06:02:01.892+0000] {logging_mixin.py:188} INFO - [2025-05-21T06:02:01.892+0000] {dag.py:3823} INFO - Setting next_dagrun for run_dbt_models_after_ingestion to None, run_after=None
[2025-05-21T06:02:01.910+0000] {processor.py:183} INFO - Processing /opt/airflow/dags/dbt_model_dag.py took 0.117 seconds
[2025-05-21T06:02:32.284+0000] {processor.py:161} INFO - Started process (PID=21767) to work on /opt/airflow/dags/dbt_model_dag.py
[2025-05-21T06:02:32.288+0000] {processor.py:830} INFO - Processing file /opt/airflow/dags/dbt_model_dag.py for tasks to queue
[2025-05-21T06:02:32.290+0000] {logging_mixin.py:188} INFO - [2025-05-21T06:02:32.289+0000] {dagbag.py:538} INFO - Filling up the DagBag from /opt/airflow/dags/dbt_model_dag.py
[2025-05-21T06:02:32.319+0000] {processor.py:840} INFO - DAG(s) 'run_dbt_models_after_ingestion' retrieved from /opt/airflow/dags/dbt_model_dag.py
[2025-05-21T06:02:32.364+0000] {logging_mixin.py:188} INFO - [2025-05-21T06:02:32.364+0000] {dag.py:3036} INFO - Sync 1 DAGs
[2025-05-21T06:02:32.377+0000] {logging_mixin.py:188} INFO - [2025-05-21T06:02:32.377+0000] {dag.py:3823} INFO - Setting next_dagrun for run_dbt_models_after_ingestion to None, run_after=None
[2025-05-21T06:02:32.391+0000] {processor.py:183} INFO - Processing /opt/airflow/dags/dbt_model_dag.py took 0.123 seconds
[2025-05-21T06:03:02.798+0000] {processor.py:161} INFO - Started process (PID=21777) to work on /opt/airflow/dags/dbt_model_dag.py
[2025-05-21T06:03:02.801+0000] {processor.py:830} INFO - Processing file /opt/airflow/dags/dbt_model_dag.py for tasks to queue
[2025-05-21T06:03:02.802+0000] {logging_mixin.py:188} INFO - [2025-05-21T06:03:02.802+0000] {dagbag.py:538} INFO - Filling up the DagBag from /opt/airflow/dags/dbt_model_dag.py
[2025-05-21T06:03:02.822+0000] {processor.py:840} INFO - DAG(s) 'run_dbt_models_after_ingestion' retrieved from /opt/airflow/dags/dbt_model_dag.py
[2025-05-21T06:03:02.856+0000] {logging_mixin.py:188} INFO - [2025-05-21T06:03:02.856+0000] {dag.py:3036} INFO - Sync 1 DAGs
[2025-05-21T06:03:02.870+0000] {logging_mixin.py:188} INFO - [2025-05-21T06:03:02.869+0000] {dag.py:3823} INFO - Setting next_dagrun for run_dbt_models_after_ingestion to None, run_after=None
[2025-05-21T06:03:02.883+0000] {processor.py:183} INFO - Processing /opt/airflow/dags/dbt_model_dag.py took 0.094 seconds
[2025-05-21T06:03:33.197+0000] {processor.py:161} INFO - Started process (PID=21787) to work on /opt/airflow/dags/dbt_model_dag.py
[2025-05-21T06:03:33.200+0000] {processor.py:830} INFO - Processing file /opt/airflow/dags/dbt_model_dag.py for tasks to queue
[2025-05-21T06:03:33.201+0000] {logging_mixin.py:188} INFO - [2025-05-21T06:03:33.201+0000] {dagbag.py:538} INFO - Filling up the DagBag from /opt/airflow/dags/dbt_model_dag.py
[2025-05-21T06:03:33.213+0000] {processor.py:840} INFO - DAG(s) 'run_dbt_models_after_ingestion' retrieved from /opt/airflow/dags/dbt_model_dag.py
[2025-05-21T06:03:33.240+0000] {logging_mixin.py:188} INFO - [2025-05-21T06:03:33.240+0000] {dag.py:3036} INFO - Sync 1 DAGs
[2025-05-21T06:03:33.256+0000] {logging_mixin.py:188} INFO - [2025-05-21T06:03:33.256+0000] {dag.py:3823} INFO - Setting next_dagrun for run_dbt_models_after_ingestion to None, run_after=None
[2025-05-21T06:03:33.268+0000] {processor.py:183} INFO - Processing /opt/airflow/dags/dbt_model_dag.py took 0.076 seconds
[2025-05-21T06:04:03.694+0000] {processor.py:161} INFO - Started process (PID=21797) to work on /opt/airflow/dags/dbt_model_dag.py
[2025-05-21T06:04:03.698+0000] {processor.py:830} INFO - Processing file /opt/airflow/dags/dbt_model_dag.py for tasks to queue
[2025-05-21T06:04:03.699+0000] {logging_mixin.py:188} INFO - [2025-05-21T06:04:03.699+0000] {dagbag.py:538} INFO - Filling up the DagBag from /opt/airflow/dags/dbt_model_dag.py
[2025-05-21T06:04:03.727+0000] {processor.py:840} INFO - DAG(s) 'run_dbt_models_after_ingestion' retrieved from /opt/airflow/dags/dbt_model_dag.py
[2025-05-21T06:04:03.770+0000] {logging_mixin.py:188} INFO - [2025-05-21T06:04:03.770+0000] {dag.py:3036} INFO - Sync 1 DAGs
[2025-05-21T06:04:03.786+0000] {logging_mixin.py:188} INFO - [2025-05-21T06:04:03.786+0000] {dag.py:3823} INFO - Setting next_dagrun for run_dbt_models_after_ingestion to None, run_after=None
[2025-05-21T06:04:03.805+0000] {processor.py:183} INFO - Processing /opt/airflow/dags/dbt_model_dag.py took 0.119 seconds
[2025-05-21T06:04:34.293+0000] {processor.py:161} INFO - Started process (PID=21807) to work on /opt/airflow/dags/dbt_model_dag.py
[2025-05-21T06:04:34.295+0000] {processor.py:830} INFO - Processing file /opt/airflow/dags/dbt_model_dag.py for tasks to queue
[2025-05-21T06:04:34.296+0000] {logging_mixin.py:188} INFO - [2025-05-21T06:04:34.296+0000] {dagbag.py:538} INFO - Filling up the DagBag from /opt/airflow/dags/dbt_model_dag.py
[2025-05-21T06:04:34.321+0000] {processor.py:840} INFO - DAG(s) 'run_dbt_models_after_ingestion' retrieved from /opt/airflow/dags/dbt_model_dag.py
[2025-05-21T06:04:34.365+0000] {logging_mixin.py:188} INFO - [2025-05-21T06:04:34.365+0000] {dag.py:3036} INFO - Sync 1 DAGs
[2025-05-21T06:04:34.378+0000] {logging_mixin.py:188} INFO - [2025-05-21T06:04:34.378+0000] {dag.py:3823} INFO - Setting next_dagrun for run_dbt_models_after_ingestion to None, run_after=None
[2025-05-21T06:04:34.397+0000] {processor.py:183} INFO - Processing /opt/airflow/dags/dbt_model_dag.py took 0.114 seconds
[2025-05-21T06:05:04.808+0000] {processor.py:161} INFO - Started process (PID=21817) to work on /opt/airflow/dags/dbt_model_dag.py
[2025-05-21T06:05:04.811+0000] {processor.py:830} INFO - Processing file /opt/airflow/dags/dbt_model_dag.py for tasks to queue
[2025-05-21T06:05:04.813+0000] {logging_mixin.py:188} INFO - [2025-05-21T06:05:04.812+0000] {dagbag.py:538} INFO - Filling up the DagBag from /opt/airflow/dags/dbt_model_dag.py
[2025-05-21T06:05:04.840+0000] {processor.py:840} INFO - DAG(s) 'run_dbt_models_after_ingestion' retrieved from /opt/airflow/dags/dbt_model_dag.py
[2025-05-21T06:05:04.886+0000] {logging_mixin.py:188} INFO - [2025-05-21T06:05:04.886+0000] {dag.py:3036} INFO - Sync 1 DAGs
[2025-05-21T06:05:04.901+0000] {logging_mixin.py:188} INFO - [2025-05-21T06:05:04.901+0000] {dag.py:3823} INFO - Setting next_dagrun for run_dbt_models_after_ingestion to None, run_after=None
[2025-05-21T06:05:04.917+0000] {processor.py:183} INFO - Processing /opt/airflow/dags/dbt_model_dag.py took 0.116 seconds
[2025-05-21T06:05:35.349+0000] {processor.py:161} INFO - Started process (PID=21827) to work on /opt/airflow/dags/dbt_model_dag.py
[2025-05-21T06:05:35.351+0000] {processor.py:830} INFO - Processing file /opt/airflow/dags/dbt_model_dag.py for tasks to queue
[2025-05-21T06:05:35.354+0000] {logging_mixin.py:188} INFO - [2025-05-21T06:05:35.352+0000] {dagbag.py:538} INFO - Filling up the DagBag from /opt/airflow/dags/dbt_model_dag.py
[2025-05-21T06:05:35.384+0000] {processor.py:840} INFO - DAG(s) 'run_dbt_models_after_ingestion' retrieved from /opt/airflow/dags/dbt_model_dag.py
[2025-05-21T06:05:35.426+0000] {logging_mixin.py:188} INFO - [2025-05-21T06:05:35.425+0000] {dag.py:3036} INFO - Sync 1 DAGs
[2025-05-21T06:05:35.439+0000] {logging_mixin.py:188} INFO - [2025-05-21T06:05:35.439+0000] {dag.py:3823} INFO - Setting next_dagrun for run_dbt_models_after_ingestion to None, run_after=None
[2025-05-21T06:05:35.453+0000] {processor.py:183} INFO - Processing /opt/airflow/dags/dbt_model_dag.py took 0.118 seconds
[2025-05-21T06:06:05.937+0000] {processor.py:161} INFO - Started process (PID=21837) to work on /opt/airflow/dags/dbt_model_dag.py
[2025-05-21T06:06:05.940+0000] {processor.py:830} INFO - Processing file /opt/airflow/dags/dbt_model_dag.py for tasks to queue
[2025-05-21T06:06:05.944+0000] {logging_mixin.py:188} INFO - [2025-05-21T06:06:05.942+0000] {dagbag.py:538} INFO - Filling up the DagBag from /opt/airflow/dags/dbt_model_dag.py
[2025-05-21T06:06:05.971+0000] {processor.py:840} INFO - DAG(s) 'run_dbt_models_after_ingestion' retrieved from /opt/airflow/dags/dbt_model_dag.py
[2025-05-21T06:06:06.059+0000] {logging_mixin.py:188} INFO - [2025-05-21T06:06:06.058+0000] {dag.py:3036} INFO - Sync 1 DAGs
[2025-05-21T06:06:06.080+0000] {logging_mixin.py:188} INFO - [2025-05-21T06:06:06.080+0000] {dag.py:3823} INFO - Setting next_dagrun for run_dbt_models_after_ingestion to None, run_after=None
[2025-05-21T06:06:06.097+0000] {processor.py:183} INFO - Processing /opt/airflow/dags/dbt_model_dag.py took 0.176 seconds
[2025-05-21T06:06:36.550+0000] {processor.py:161} INFO - Started process (PID=21847) to work on /opt/airflow/dags/dbt_model_dag.py
[2025-05-21T06:06:36.553+0000] {processor.py:830} INFO - Processing file /opt/airflow/dags/dbt_model_dag.py for tasks to queue
[2025-05-21T06:06:36.554+0000] {logging_mixin.py:188} INFO - [2025-05-21T06:06:36.553+0000] {dagbag.py:538} INFO - Filling up the DagBag from /opt/airflow/dags/dbt_model_dag.py
[2025-05-21T06:06:36.582+0000] {processor.py:840} INFO - DAG(s) 'run_dbt_models_after_ingestion' retrieved from /opt/airflow/dags/dbt_model_dag.py
[2025-05-21T06:06:36.638+0000] {logging_mixin.py:188} INFO - [2025-05-21T06:06:36.638+0000] {dag.py:3036} INFO - Sync 1 DAGs
[2025-05-21T06:06:36.655+0000] {logging_mixin.py:188} INFO - [2025-05-21T06:06:36.655+0000] {dag.py:3823} INFO - Setting next_dagrun for run_dbt_models_after_ingestion to None, run_after=None
[2025-05-21T06:06:36.675+0000] {processor.py:183} INFO - Processing /opt/airflow/dags/dbt_model_dag.py took 0.135 seconds
[2025-05-21T06:07:07.156+0000] {processor.py:161} INFO - Started process (PID=21857) to work on /opt/airflow/dags/dbt_model_dag.py
[2025-05-21T06:07:07.159+0000] {processor.py:830} INFO - Processing file /opt/airflow/dags/dbt_model_dag.py for tasks to queue
[2025-05-21T06:07:07.161+0000] {logging_mixin.py:188} INFO - [2025-05-21T06:07:07.160+0000] {dagbag.py:538} INFO - Filling up the DagBag from /opt/airflow/dags/dbt_model_dag.py
[2025-05-21T06:07:07.187+0000] {processor.py:840} INFO - DAG(s) 'run_dbt_models_after_ingestion' retrieved from /opt/airflow/dags/dbt_model_dag.py
[2025-05-21T06:07:07.229+0000] {logging_mixin.py:188} INFO - [2025-05-21T06:07:07.229+0000] {dag.py:3036} INFO - Sync 1 DAGs
[2025-05-21T06:07:07.243+0000] {logging_mixin.py:188} INFO - [2025-05-21T06:07:07.243+0000] {dag.py:3823} INFO - Setting next_dagrun for run_dbt_models_after_ingestion to None, run_after=None
[2025-05-21T06:07:07.260+0000] {processor.py:183} INFO - Processing /opt/airflow/dags/dbt_model_dag.py took 0.118 seconds
[2025-05-21T06:07:37.802+0000] {processor.py:161} INFO - Started process (PID=21867) to work on /opt/airflow/dags/dbt_model_dag.py
[2025-05-21T06:07:37.806+0000] {processor.py:830} INFO - Processing file /opt/airflow/dags/dbt_model_dag.py for tasks to queue
[2025-05-21T06:07:37.808+0000] {logging_mixin.py:188} INFO - [2025-05-21T06:07:37.807+0000] {dagbag.py:538} INFO - Filling up the DagBag from /opt/airflow/dags/dbt_model_dag.py
[2025-05-21T06:07:37.838+0000] {processor.py:840} INFO - DAG(s) 'run_dbt_models_after_ingestion' retrieved from /opt/airflow/dags/dbt_model_dag.py
[2025-05-21T06:07:37.887+0000] {logging_mixin.py:188} INFO - [2025-05-21T06:07:37.887+0000] {dag.py:3036} INFO - Sync 1 DAGs
[2025-05-21T06:07:37.914+0000] {logging_mixin.py:188} INFO - [2025-05-21T06:07:37.914+0000] {dag.py:3823} INFO - Setting next_dagrun for run_dbt_models_after_ingestion to None, run_after=None
[2025-05-21T06:07:37.936+0000] {processor.py:183} INFO - Processing /opt/airflow/dags/dbt_model_dag.py took 0.179 seconds
[2025-05-21T06:08:08.395+0000] {processor.py:161} INFO - Started process (PID=21877) to work on /opt/airflow/dags/dbt_model_dag.py
[2025-05-21T06:08:08.397+0000] {processor.py:830} INFO - Processing file /opt/airflow/dags/dbt_model_dag.py for tasks to queue
[2025-05-21T06:08:08.398+0000] {logging_mixin.py:188} INFO - [2025-05-21T06:08:08.398+0000] {dagbag.py:538} INFO - Filling up the DagBag from /opt/airflow/dags/dbt_model_dag.py
[2025-05-21T06:08:08.423+0000] {processor.py:840} INFO - DAG(s) 'run_dbt_models_after_ingestion' retrieved from /opt/airflow/dags/dbt_model_dag.py
[2025-05-21T06:08:08.470+0000] {logging_mixin.py:188} INFO - [2025-05-21T06:08:08.470+0000] {dag.py:3036} INFO - Sync 1 DAGs
[2025-05-21T06:08:08.484+0000] {logging_mixin.py:188} INFO - [2025-05-21T06:08:08.484+0000] {dag.py:3823} INFO - Setting next_dagrun for run_dbt_models_after_ingestion to None, run_after=None
[2025-05-21T06:08:08.503+0000] {processor.py:183} INFO - Processing /opt/airflow/dags/dbt_model_dag.py took 0.123 seconds
[2025-05-21T06:08:38.992+0000] {processor.py:161} INFO - Started process (PID=21887) to work on /opt/airflow/dags/dbt_model_dag.py
[2025-05-21T06:08:38.995+0000] {processor.py:830} INFO - Processing file /opt/airflow/dags/dbt_model_dag.py for tasks to queue
[2025-05-21T06:08:38.998+0000] {logging_mixin.py:188} INFO - [2025-05-21T06:08:38.997+0000] {dagbag.py:538} INFO - Filling up the DagBag from /opt/airflow/dags/dbt_model_dag.py
[2025-05-21T06:08:39.030+0000] {processor.py:840} INFO - DAG(s) 'run_dbt_models_after_ingestion' retrieved from /opt/airflow/dags/dbt_model_dag.py
[2025-05-21T06:08:39.083+0000] {logging_mixin.py:188} INFO - [2025-05-21T06:08:39.082+0000] {dag.py:3036} INFO - Sync 1 DAGs
[2025-05-21T06:08:39.097+0000] {logging_mixin.py:188} INFO - [2025-05-21T06:08:39.097+0000] {dag.py:3823} INFO - Setting next_dagrun for run_dbt_models_after_ingestion to None, run_after=None
[2025-05-21T06:08:39.115+0000] {processor.py:183} INFO - Processing /opt/airflow/dags/dbt_model_dag.py took 0.135 seconds
[2025-05-21T06:09:09.651+0000] {processor.py:161} INFO - Started process (PID=21897) to work on /opt/airflow/dags/dbt_model_dag.py
[2025-05-21T06:09:09.657+0000] {processor.py:830} INFO - Processing file /opt/airflow/dags/dbt_model_dag.py for tasks to queue
[2025-05-21T06:09:09.658+0000] {logging_mixin.py:188} INFO - [2025-05-21T06:09:09.657+0000] {dagbag.py:538} INFO - Filling up the DagBag from /opt/airflow/dags/dbt_model_dag.py
[2025-05-21T06:09:09.687+0000] {processor.py:840} INFO - DAG(s) 'run_dbt_models_after_ingestion' retrieved from /opt/airflow/dags/dbt_model_dag.py
[2025-05-21T06:09:09.733+0000] {logging_mixin.py:188} INFO - [2025-05-21T06:09:09.733+0000] {dag.py:3036} INFO - Sync 1 DAGs
[2025-05-21T06:09:09.750+0000] {logging_mixin.py:188} INFO - [2025-05-21T06:09:09.750+0000] {dag.py:3823} INFO - Setting next_dagrun for run_dbt_models_after_ingestion to None, run_after=None
[2025-05-21T06:09:09.769+0000] {processor.py:183} INFO - Processing /opt/airflow/dags/dbt_model_dag.py took 0.134 seconds
[2025-05-21T06:09:40.164+0000] {processor.py:161} INFO - Started process (PID=21907) to work on /opt/airflow/dags/dbt_model_dag.py
[2025-05-21T06:09:40.167+0000] {processor.py:830} INFO - Processing file /opt/airflow/dags/dbt_model_dag.py for tasks to queue
[2025-05-21T06:09:40.168+0000] {logging_mixin.py:188} INFO - [2025-05-21T06:09:40.167+0000] {dagbag.py:538} INFO - Filling up the DagBag from /opt/airflow/dags/dbt_model_dag.py
[2025-05-21T06:09:40.191+0000] {processor.py:840} INFO - DAG(s) 'run_dbt_models_after_ingestion' retrieved from /opt/airflow/dags/dbt_model_dag.py
[2025-05-21T06:09:40.231+0000] {logging_mixin.py:188} INFO - [2025-05-21T06:09:40.231+0000] {dag.py:3036} INFO - Sync 1 DAGs
[2025-05-21T06:09:40.243+0000] {logging_mixin.py:188} INFO - [2025-05-21T06:09:40.243+0000] {dag.py:3823} INFO - Setting next_dagrun for run_dbt_models_after_ingestion to None, run_after=None
[2025-05-21T06:09:40.256+0000] {processor.py:183} INFO - Processing /opt/airflow/dags/dbt_model_dag.py took 0.102 seconds
[2025-05-21T06:10:10.679+0000] {processor.py:161} INFO - Started process (PID=21917) to work on /opt/airflow/dags/dbt_model_dag.py
[2025-05-21T06:10:10.681+0000] {processor.py:830} INFO - Processing file /opt/airflow/dags/dbt_model_dag.py for tasks to queue
[2025-05-21T06:10:10.682+0000] {logging_mixin.py:188} INFO - [2025-05-21T06:10:10.681+0000] {dagbag.py:538} INFO - Filling up the DagBag from /opt/airflow/dags/dbt_model_dag.py
[2025-05-21T06:10:10.701+0000] {processor.py:840} INFO - DAG(s) 'run_dbt_models_after_ingestion' retrieved from /opt/airflow/dags/dbt_model_dag.py
[2025-05-21T06:10:10.733+0000] {logging_mixin.py:188} INFO - [2025-05-21T06:10:10.732+0000] {dag.py:3036} INFO - Sync 1 DAGs
[2025-05-21T06:10:10.745+0000] {logging_mixin.py:188} INFO - [2025-05-21T06:10:10.745+0000] {dag.py:3823} INFO - Setting next_dagrun for run_dbt_models_after_ingestion to None, run_after=None
[2025-05-21T06:10:10.761+0000] {processor.py:183} INFO - Processing /opt/airflow/dags/dbt_model_dag.py took 0.090 seconds
[2025-05-21T06:10:41.123+0000] {processor.py:161} INFO - Started process (PID=21927) to work on /opt/airflow/dags/dbt_model_dag.py
[2025-05-21T06:10:41.125+0000] {processor.py:830} INFO - Processing file /opt/airflow/dags/dbt_model_dag.py for tasks to queue
[2025-05-21T06:10:41.125+0000] {logging_mixin.py:188} INFO - [2025-05-21T06:10:41.125+0000] {dagbag.py:538} INFO - Filling up the DagBag from /opt/airflow/dags/dbt_model_dag.py
[2025-05-21T06:10:41.134+0000] {processor.py:840} INFO - DAG(s) 'run_dbt_models_after_ingestion' retrieved from /opt/airflow/dags/dbt_model_dag.py
[2025-05-21T06:10:41.154+0000] {logging_mixin.py:188} INFO - [2025-05-21T06:10:41.154+0000] {dag.py:3036} INFO - Sync 1 DAGs
[2025-05-21T06:10:41.162+0000] {logging_mixin.py:188} INFO - [2025-05-21T06:10:41.162+0000] {dag.py:3823} INFO - Setting next_dagrun for run_dbt_models_after_ingestion to None, run_after=None
[2025-05-21T06:10:41.178+0000] {processor.py:183} INFO - Processing /opt/airflow/dags/dbt_model_dag.py took 0.060 seconds
[2025-05-21T06:11:11.633+0000] {processor.py:161} INFO - Started process (PID=21937) to work on /opt/airflow/dags/dbt_model_dag.py
[2025-05-21T06:11:11.635+0000] {processor.py:830} INFO - Processing file /opt/airflow/dags/dbt_model_dag.py for tasks to queue
[2025-05-21T06:11:11.636+0000] {logging_mixin.py:188} INFO - [2025-05-21T06:11:11.636+0000] {dagbag.py:538} INFO - Filling up the DagBag from /opt/airflow/dags/dbt_model_dag.py
[2025-05-21T06:11:11.671+0000] {processor.py:840} INFO - DAG(s) 'run_dbt_models_after_ingestion' retrieved from /opt/airflow/dags/dbt_model_dag.py
[2025-05-21T06:11:11.713+0000] {logging_mixin.py:188} INFO - [2025-05-21T06:11:11.713+0000] {dag.py:3036} INFO - Sync 1 DAGs
[2025-05-21T06:11:11.729+0000] {logging_mixin.py:188} INFO - [2025-05-21T06:11:11.729+0000] {dag.py:3823} INFO - Setting next_dagrun for run_dbt_models_after_ingestion to None, run_after=None
[2025-05-21T06:11:11.746+0000] {processor.py:183} INFO - Processing /opt/airflow/dags/dbt_model_dag.py took 0.134 seconds
[2025-05-21T06:11:42.166+0000] {processor.py:161} INFO - Started process (PID=21947) to work on /opt/airflow/dags/dbt_model_dag.py
[2025-05-21T06:11:42.171+0000] {processor.py:830} INFO - Processing file /opt/airflow/dags/dbt_model_dag.py for tasks to queue
[2025-05-21T06:11:42.174+0000] {logging_mixin.py:188} INFO - [2025-05-21T06:11:42.173+0000] {dagbag.py:538} INFO - Filling up the DagBag from /opt/airflow/dags/dbt_model_dag.py
[2025-05-21T06:11:42.199+0000] {processor.py:840} INFO - DAG(s) 'run_dbt_models_after_ingestion' retrieved from /opt/airflow/dags/dbt_model_dag.py
[2025-05-21T06:11:42.246+0000] {logging_mixin.py:188} INFO - [2025-05-21T06:11:42.246+0000] {dag.py:3036} INFO - Sync 1 DAGs
[2025-05-21T06:11:42.261+0000] {logging_mixin.py:188} INFO - [2025-05-21T06:11:42.261+0000] {dag.py:3823} INFO - Setting next_dagrun for run_dbt_models_after_ingestion to None, run_after=None
[2025-05-21T06:11:42.277+0000] {processor.py:183} INFO - Processing /opt/airflow/dags/dbt_model_dag.py took 0.124 seconds
[2025-05-21T06:12:12.589+0000] {processor.py:161} INFO - Started process (PID=21957) to work on /opt/airflow/dags/dbt_model_dag.py
[2025-05-21T06:12:12.592+0000] {processor.py:830} INFO - Processing file /opt/airflow/dags/dbt_model_dag.py for tasks to queue
[2025-05-21T06:12:12.596+0000] {logging_mixin.py:188} INFO - [2025-05-21T06:12:12.595+0000] {dagbag.py:538} INFO - Filling up the DagBag from /opt/airflow/dags/dbt_model_dag.py
[2025-05-21T06:12:12.622+0000] {processor.py:840} INFO - DAG(s) 'run_dbt_models_after_ingestion' retrieved from /opt/airflow/dags/dbt_model_dag.py
[2025-05-21T06:12:12.662+0000] {logging_mixin.py:188} INFO - [2025-05-21T06:12:12.662+0000] {dag.py:3036} INFO - Sync 1 DAGs
[2025-05-21T06:12:12.675+0000] {logging_mixin.py:188} INFO - [2025-05-21T06:12:12.675+0000] {dag.py:3823} INFO - Setting next_dagrun for run_dbt_models_after_ingestion to None, run_after=None
[2025-05-21T06:12:12.689+0000] {processor.py:183} INFO - Processing /opt/airflow/dags/dbt_model_dag.py took 0.116 seconds
[2025-05-21T06:12:43.072+0000] {processor.py:161} INFO - Started process (PID=21967) to work on /opt/airflow/dags/dbt_model_dag.py
[2025-05-21T06:12:43.074+0000] {processor.py:830} INFO - Processing file /opt/airflow/dags/dbt_model_dag.py for tasks to queue
[2025-05-21T06:12:43.075+0000] {logging_mixin.py:188} INFO - [2025-05-21T06:12:43.075+0000] {dagbag.py:538} INFO - Filling up the DagBag from /opt/airflow/dags/dbt_model_dag.py
[2025-05-21T06:12:43.092+0000] {processor.py:840} INFO - DAG(s) 'run_dbt_models_after_ingestion' retrieved from /opt/airflow/dags/dbt_model_dag.py
[2025-05-21T06:12:43.116+0000] {logging_mixin.py:188} INFO - [2025-05-21T06:12:43.116+0000] {dag.py:3036} INFO - Sync 1 DAGs
[2025-05-21T06:12:43.134+0000] {logging_mixin.py:188} INFO - [2025-05-21T06:12:43.134+0000] {dag.py:3823} INFO - Setting next_dagrun for run_dbt_models_after_ingestion to None, run_after=None
[2025-05-21T06:12:43.149+0000] {processor.py:183} INFO - Processing /opt/airflow/dags/dbt_model_dag.py took 0.084 seconds
[2025-05-21T06:13:13.501+0000] {processor.py:161} INFO - Started process (PID=21977) to work on /opt/airflow/dags/dbt_model_dag.py
[2025-05-21T06:13:13.502+0000] {processor.py:830} INFO - Processing file /opt/airflow/dags/dbt_model_dag.py for tasks to queue
[2025-05-21T06:13:13.502+0000] {logging_mixin.py:188} INFO - [2025-05-21T06:13:13.502+0000] {dagbag.py:538} INFO - Filling up the DagBag from /opt/airflow/dags/dbt_model_dag.py
[2025-05-21T06:13:13.512+0000] {processor.py:840} INFO - DAG(s) 'run_dbt_models_after_ingestion' retrieved from /opt/airflow/dags/dbt_model_dag.py
[2025-05-21T06:13:13.531+0000] {logging_mixin.py:188} INFO - [2025-05-21T06:13:13.531+0000] {dag.py:3036} INFO - Sync 1 DAGs
[2025-05-21T06:13:13.542+0000] {logging_mixin.py:188} INFO - [2025-05-21T06:13:13.542+0000] {dag.py:3823} INFO - Setting next_dagrun for run_dbt_models_after_ingestion to None, run_after=None
[2025-05-21T06:13:13.552+0000] {processor.py:183} INFO - Processing /opt/airflow/dags/dbt_model_dag.py took 0.058 seconds
[2025-05-21T06:13:43.933+0000] {processor.py:161} INFO - Started process (PID=21987) to work on /opt/airflow/dags/dbt_model_dag.py
[2025-05-21T06:13:43.936+0000] {processor.py:830} INFO - Processing file /opt/airflow/dags/dbt_model_dag.py for tasks to queue
[2025-05-21T06:13:43.938+0000] {logging_mixin.py:188} INFO - [2025-05-21T06:13:43.938+0000] {dagbag.py:538} INFO - Filling up the DagBag from /opt/airflow/dags/dbt_model_dag.py
[2025-05-21T06:13:43.959+0000] {processor.py:840} INFO - DAG(s) 'run_dbt_models_after_ingestion' retrieved from /opt/airflow/dags/dbt_model_dag.py
[2025-05-21T06:13:43.999+0000] {logging_mixin.py:188} INFO - [2025-05-21T06:13:43.999+0000] {dag.py:3036} INFO - Sync 1 DAGs
[2025-05-21T06:13:44.013+0000] {logging_mixin.py:188} INFO - [2025-05-21T06:13:44.012+0000] {dag.py:3823} INFO - Setting next_dagrun for run_dbt_models_after_ingestion to None, run_after=None
[2025-05-21T06:13:44.028+0000] {processor.py:183} INFO - Processing /opt/airflow/dags/dbt_model_dag.py took 0.112 seconds
[2025-05-21T06:14:14.431+0000] {processor.py:161} INFO - Started process (PID=21997) to work on /opt/airflow/dags/dbt_model_dag.py
[2025-05-21T06:14:14.435+0000] {processor.py:830} INFO - Processing file /opt/airflow/dags/dbt_model_dag.py for tasks to queue
[2025-05-21T06:14:14.436+0000] {logging_mixin.py:188} INFO - [2025-05-21T06:14:14.435+0000] {dagbag.py:538} INFO - Filling up the DagBag from /opt/airflow/dags/dbt_model_dag.py
[2025-05-21T06:14:14.463+0000] {processor.py:840} INFO - DAG(s) 'run_dbt_models_after_ingestion' retrieved from /opt/airflow/dags/dbt_model_dag.py
[2025-05-21T06:14:14.502+0000] {logging_mixin.py:188} INFO - [2025-05-21T06:14:14.501+0000] {dag.py:3036} INFO - Sync 1 DAGs
[2025-05-21T06:14:14.515+0000] {logging_mixin.py:188} INFO - [2025-05-21T06:14:14.515+0000] {dag.py:3823} INFO - Setting next_dagrun for run_dbt_models_after_ingestion to None, run_after=None
[2025-05-21T06:14:14.533+0000] {processor.py:183} INFO - Processing /opt/airflow/dags/dbt_model_dag.py took 0.111 seconds
[2025-05-21T06:14:44.978+0000] {processor.py:161} INFO - Started process (PID=22007) to work on /opt/airflow/dags/dbt_model_dag.py
[2025-05-21T06:14:44.980+0000] {processor.py:830} INFO - Processing file /opt/airflow/dags/dbt_model_dag.py for tasks to queue
[2025-05-21T06:14:44.982+0000] {logging_mixin.py:188} INFO - [2025-05-21T06:14:44.981+0000] {dagbag.py:538} INFO - Filling up the DagBag from /opt/airflow/dags/dbt_model_dag.py
[2025-05-21T06:14:45.005+0000] {processor.py:840} INFO - DAG(s) 'run_dbt_models_after_ingestion' retrieved from /opt/airflow/dags/dbt_model_dag.py
[2025-05-21T06:14:45.044+0000] {logging_mixin.py:188} INFO - [2025-05-21T06:14:45.044+0000] {dag.py:3036} INFO - Sync 1 DAGs
[2025-05-21T06:14:45.056+0000] {logging_mixin.py:188} INFO - [2025-05-21T06:14:45.056+0000] {dag.py:3823} INFO - Setting next_dagrun for run_dbt_models_after_ingestion to None, run_after=None
[2025-05-21T06:14:45.068+0000] {processor.py:183} INFO - Processing /opt/airflow/dags/dbt_model_dag.py took 0.099 seconds
[2025-05-21T06:15:15.542+0000] {processor.py:161} INFO - Started process (PID=22017) to work on /opt/airflow/dags/dbt_model_dag.py
[2025-05-21T06:15:15.548+0000] {processor.py:830} INFO - Processing file /opt/airflow/dags/dbt_model_dag.py for tasks to queue
[2025-05-21T06:15:15.549+0000] {logging_mixin.py:188} INFO - [2025-05-21T06:15:15.549+0000] {dagbag.py:538} INFO - Filling up the DagBag from /opt/airflow/dags/dbt_model_dag.py
[2025-05-21T06:15:15.580+0000] {processor.py:840} INFO - DAG(s) 'run_dbt_models_after_ingestion' retrieved from /opt/airflow/dags/dbt_model_dag.py
[2025-05-21T06:15:15.631+0000] {logging_mixin.py:188} INFO - [2025-05-21T06:15:15.631+0000] {dag.py:3036} INFO - Sync 1 DAGs
[2025-05-21T06:15:15.649+0000] {logging_mixin.py:188} INFO - [2025-05-21T06:15:15.649+0000] {dag.py:3823} INFO - Setting next_dagrun for run_dbt_models_after_ingestion to None, run_after=None
[2025-05-21T06:15:15.664+0000] {processor.py:183} INFO - Processing /opt/airflow/dags/dbt_model_dag.py took 0.137 seconds
[2025-05-21T06:15:46.112+0000] {processor.py:161} INFO - Started process (PID=22027) to work on /opt/airflow/dags/dbt_model_dag.py
[2025-05-21T06:15:46.115+0000] {processor.py:830} INFO - Processing file /opt/airflow/dags/dbt_model_dag.py for tasks to queue
[2025-05-21T06:15:46.117+0000] {logging_mixin.py:188} INFO - [2025-05-21T06:15:46.116+0000] {dagbag.py:538} INFO - Filling up the DagBag from /opt/airflow/dags/dbt_model_dag.py
[2025-05-21T06:15:46.139+0000] {processor.py:840} INFO - DAG(s) 'run_dbt_models_after_ingestion' retrieved from /opt/airflow/dags/dbt_model_dag.py
[2025-05-21T06:15:46.174+0000] {logging_mixin.py:188} INFO - [2025-05-21T06:15:46.174+0000] {dag.py:3036} INFO - Sync 1 DAGs
[2025-05-21T06:15:46.187+0000] {logging_mixin.py:188} INFO - [2025-05-21T06:15:46.186+0000] {dag.py:3823} INFO - Setting next_dagrun for run_dbt_models_after_ingestion to None, run_after=None
[2025-05-21T06:15:46.199+0000] {processor.py:183} INFO - Processing /opt/airflow/dags/dbt_model_dag.py took 0.096 seconds
[2025-05-21T06:16:16.584+0000] {processor.py:161} INFO - Started process (PID=22037) to work on /opt/airflow/dags/dbt_model_dag.py
[2025-05-21T06:16:16.588+0000] {processor.py:830} INFO - Processing file /opt/airflow/dags/dbt_model_dag.py for tasks to queue
[2025-05-21T06:16:16.589+0000] {logging_mixin.py:188} INFO - [2025-05-21T06:16:16.589+0000] {dagbag.py:538} INFO - Filling up the DagBag from /opt/airflow/dags/dbt_model_dag.py
[2025-05-21T06:16:16.615+0000] {processor.py:840} INFO - DAG(s) 'run_dbt_models_after_ingestion' retrieved from /opt/airflow/dags/dbt_model_dag.py
[2025-05-21T06:16:16.658+0000] {logging_mixin.py:188} INFO - [2025-05-21T06:16:16.658+0000] {dag.py:3036} INFO - Sync 1 DAGs
[2025-05-21T06:16:16.674+0000] {logging_mixin.py:188} INFO - [2025-05-21T06:16:16.674+0000] {dag.py:3823} INFO - Setting next_dagrun for run_dbt_models_after_ingestion to None, run_after=None
[2025-05-21T06:16:16.686+0000] {processor.py:183} INFO - Processing /opt/airflow/dags/dbt_model_dag.py took 0.110 seconds
[2025-05-21T06:16:47.093+0000] {processor.py:161} INFO - Started process (PID=22047) to work on /opt/airflow/dags/dbt_model_dag.py
[2025-05-21T06:16:47.096+0000] {processor.py:830} INFO - Processing file /opt/airflow/dags/dbt_model_dag.py for tasks to queue
[2025-05-21T06:16:47.099+0000] {logging_mixin.py:188} INFO - [2025-05-21T06:16:47.098+0000] {dagbag.py:538} INFO - Filling up the DagBag from /opt/airflow/dags/dbt_model_dag.py
[2025-05-21T06:16:47.129+0000] {processor.py:840} INFO - DAG(s) 'run_dbt_models_after_ingestion' retrieved from /opt/airflow/dags/dbt_model_dag.py
[2025-05-21T06:16:47.171+0000] {logging_mixin.py:188} INFO - [2025-05-21T06:16:47.170+0000] {dag.py:3036} INFO - Sync 1 DAGs
[2025-05-21T06:16:47.187+0000] {logging_mixin.py:188} INFO - [2025-05-21T06:16:47.187+0000] {dag.py:3823} INFO - Setting next_dagrun for run_dbt_models_after_ingestion to None, run_after=None
[2025-05-21T06:16:47.203+0000] {processor.py:183} INFO - Processing /opt/airflow/dags/dbt_model_dag.py took 0.132 seconds
[2025-05-21T06:17:17.621+0000] {processor.py:161} INFO - Started process (PID=22057) to work on /opt/airflow/dags/dbt_model_dag.py
[2025-05-21T06:17:17.626+0000] {processor.py:830} INFO - Processing file /opt/airflow/dags/dbt_model_dag.py for tasks to queue
[2025-05-21T06:17:17.628+0000] {logging_mixin.py:188} INFO - [2025-05-21T06:17:17.627+0000] {dagbag.py:538} INFO - Filling up the DagBag from /opt/airflow/dags/dbt_model_dag.py
[2025-05-21T06:17:17.654+0000] {processor.py:840} INFO - DAG(s) 'run_dbt_models_after_ingestion' retrieved from /opt/airflow/dags/dbt_model_dag.py
[2025-05-21T06:17:17.706+0000] {logging_mixin.py:188} INFO - [2025-05-21T06:17:17.705+0000] {dag.py:3036} INFO - Sync 1 DAGs
[2025-05-21T06:17:17.722+0000] {logging_mixin.py:188} INFO - [2025-05-21T06:17:17.721+0000] {dag.py:3823} INFO - Setting next_dagrun for run_dbt_models_after_ingestion to None, run_after=None
[2025-05-21T06:17:17.736+0000] {processor.py:183} INFO - Processing /opt/airflow/dags/dbt_model_dag.py took 0.130 seconds
[2025-05-21T06:17:48.075+0000] {processor.py:161} INFO - Started process (PID=22067) to work on /opt/airflow/dags/dbt_model_dag.py
[2025-05-21T06:17:48.076+0000] {processor.py:830} INFO - Processing file /opt/airflow/dags/dbt_model_dag.py for tasks to queue
[2025-05-21T06:17:48.077+0000] {logging_mixin.py:188} INFO - [2025-05-21T06:17:48.077+0000] {dagbag.py:538} INFO - Filling up the DagBag from /opt/airflow/dags/dbt_model_dag.py
[2025-05-21T06:17:48.087+0000] {processor.py:840} INFO - DAG(s) 'run_dbt_models_after_ingestion' retrieved from /opt/airflow/dags/dbt_model_dag.py
[2025-05-21T06:17:48.108+0000] {logging_mixin.py:188} INFO - [2025-05-21T06:17:48.108+0000] {dag.py:3036} INFO - Sync 1 DAGs
[2025-05-21T06:17:48.118+0000] {logging_mixin.py:188} INFO - [2025-05-21T06:17:48.118+0000] {dag.py:3823} INFO - Setting next_dagrun for run_dbt_models_after_ingestion to None, run_after=None
[2025-05-21T06:17:48.127+0000] {processor.py:183} INFO - Processing /opt/airflow/dags/dbt_model_dag.py took 0.056 seconds
[2025-05-21T06:18:18.544+0000] {processor.py:161} INFO - Started process (PID=22077) to work on /opt/airflow/dags/dbt_model_dag.py
[2025-05-21T06:18:18.547+0000] {processor.py:830} INFO - Processing file /opt/airflow/dags/dbt_model_dag.py for tasks to queue
[2025-05-21T06:18:18.548+0000] {logging_mixin.py:188} INFO - [2025-05-21T06:18:18.548+0000] {dagbag.py:538} INFO - Filling up the DagBag from /opt/airflow/dags/dbt_model_dag.py
[2025-05-21T06:18:18.571+0000] {processor.py:840} INFO - DAG(s) 'run_dbt_models_after_ingestion' retrieved from /opt/airflow/dags/dbt_model_dag.py
[2025-05-21T06:18:18.609+0000] {logging_mixin.py:188} INFO - [2025-05-21T06:18:18.609+0000] {dag.py:3036} INFO - Sync 1 DAGs
[2025-05-21T06:18:18.622+0000] {logging_mixin.py:188} INFO - [2025-05-21T06:18:18.622+0000] {dag.py:3823} INFO - Setting next_dagrun for run_dbt_models_after_ingestion to None, run_after=None
[2025-05-21T06:18:18.638+0000] {processor.py:183} INFO - Processing /opt/airflow/dags/dbt_model_dag.py took 0.106 seconds
[2025-05-21T06:18:49.042+0000] {processor.py:161} INFO - Started process (PID=22087) to work on /opt/airflow/dags/dbt_model_dag.py
[2025-05-21T06:18:49.043+0000] {processor.py:830} INFO - Processing file /opt/airflow/dags/dbt_model_dag.py for tasks to queue
[2025-05-21T06:18:49.045+0000] {logging_mixin.py:188} INFO - [2025-05-21T06:18:49.044+0000] {dagbag.py:538} INFO - Filling up the DagBag from /opt/airflow/dags/dbt_model_dag.py
[2025-05-21T06:18:49.057+0000] {processor.py:840} INFO - DAG(s) 'run_dbt_models_after_ingestion' retrieved from /opt/airflow/dags/dbt_model_dag.py
[2025-05-21T06:18:49.082+0000] {logging_mixin.py:188} INFO - [2025-05-21T06:18:49.082+0000] {dag.py:3036} INFO - Sync 1 DAGs
[2025-05-21T06:18:49.094+0000] {logging_mixin.py:188} INFO - [2025-05-21T06:18:49.094+0000] {dag.py:3823} INFO - Setting next_dagrun for run_dbt_models_after_ingestion to None, run_after=None
[2025-05-21T06:18:49.107+0000] {processor.py:183} INFO - Processing /opt/airflow/dags/dbt_model_dag.py took 0.070 seconds
[2025-05-21T06:19:19.473+0000] {processor.py:161} INFO - Started process (PID=22097) to work on /opt/airflow/dags/dbt_model_dag.py
[2025-05-21T06:19:19.477+0000] {processor.py:830} INFO - Processing file /opt/airflow/dags/dbt_model_dag.py for tasks to queue
[2025-05-21T06:19:19.480+0000] {logging_mixin.py:188} INFO - [2025-05-21T06:19:19.479+0000] {dagbag.py:538} INFO - Filling up the DagBag from /opt/airflow/dags/dbt_model_dag.py
[2025-05-21T06:19:19.525+0000] {processor.py:840} INFO - DAG(s) 'run_dbt_models_after_ingestion' retrieved from /opt/airflow/dags/dbt_model_dag.py
[2025-05-21T06:19:19.586+0000] {logging_mixin.py:188} INFO - [2025-05-21T06:19:19.583+0000] {dag.py:3036} INFO - Sync 1 DAGs
[2025-05-21T06:19:19.609+0000] {logging_mixin.py:188} INFO - [2025-05-21T06:19:19.609+0000] {dag.py:3823} INFO - Setting next_dagrun for run_dbt_models_after_ingestion to None, run_after=None
[2025-05-21T06:19:19.626+0000] {processor.py:183} INFO - Processing /opt/airflow/dags/dbt_model_dag.py took 0.162 seconds
[2025-05-21T06:19:50.054+0000] {processor.py:161} INFO - Started process (PID=22107) to work on /opt/airflow/dags/dbt_model_dag.py
[2025-05-21T06:19:50.057+0000] {processor.py:830} INFO - Processing file /opt/airflow/dags/dbt_model_dag.py for tasks to queue
[2025-05-21T06:19:50.058+0000] {logging_mixin.py:188} INFO - [2025-05-21T06:19:50.058+0000] {dagbag.py:538} INFO - Filling up the DagBag from /opt/airflow/dags/dbt_model_dag.py
[2025-05-21T06:19:50.080+0000] {processor.py:840} INFO - DAG(s) 'run_dbt_models_after_ingestion' retrieved from /opt/airflow/dags/dbt_model_dag.py
[2025-05-21T06:19:50.117+0000] {logging_mixin.py:188} INFO - [2025-05-21T06:19:50.117+0000] {dag.py:3036} INFO - Sync 1 DAGs
[2025-05-21T06:19:50.129+0000] {logging_mixin.py:188} INFO - [2025-05-21T06:19:50.129+0000] {dag.py:3823} INFO - Setting next_dagrun for run_dbt_models_after_ingestion to None, run_after=None
[2025-05-21T06:19:50.143+0000] {processor.py:183} INFO - Processing /opt/airflow/dags/dbt_model_dag.py took 0.098 seconds
[2025-05-21T06:20:20.666+0000] {processor.py:161} INFO - Started process (PID=22117) to work on /opt/airflow/dags/dbt_model_dag.py
[2025-05-21T06:20:20.670+0000] {processor.py:830} INFO - Processing file /opt/airflow/dags/dbt_model_dag.py for tasks to queue
[2025-05-21T06:20:20.674+0000] {logging_mixin.py:188} INFO - [2025-05-21T06:20:20.673+0000] {dagbag.py:538} INFO - Filling up the DagBag from /opt/airflow/dags/dbt_model_dag.py
[2025-05-21T06:20:20.711+0000] {processor.py:840} INFO - DAG(s) 'run_dbt_models_after_ingestion' retrieved from /opt/airflow/dags/dbt_model_dag.py
[2025-05-21T06:20:20.811+0000] {logging_mixin.py:188} INFO - [2025-05-21T06:20:20.811+0000] {dag.py:3036} INFO - Sync 1 DAGs
[2025-05-21T06:20:20.837+0000] {logging_mixin.py:188} INFO - [2025-05-21T06:20:20.837+0000] {dag.py:3823} INFO - Setting next_dagrun for run_dbt_models_after_ingestion to None, run_after=None
[2025-05-21T06:20:20.884+0000] {processor.py:183} INFO - Processing /opt/airflow/dags/dbt_model_dag.py took 0.235 seconds
[2025-05-21T06:20:51.393+0000] {processor.py:161} INFO - Started process (PID=22127) to work on /opt/airflow/dags/dbt_model_dag.py
[2025-05-21T06:20:51.399+0000] {processor.py:830} INFO - Processing file /opt/airflow/dags/dbt_model_dag.py for tasks to queue
[2025-05-21T06:20:51.401+0000] {logging_mixin.py:188} INFO - [2025-05-21T06:20:51.401+0000] {dagbag.py:538} INFO - Filling up the DagBag from /opt/airflow/dags/dbt_model_dag.py
[2025-05-21T06:20:51.423+0000] {processor.py:840} INFO - DAG(s) 'run_dbt_models_after_ingestion' retrieved from /opt/airflow/dags/dbt_model_dag.py
[2025-05-21T06:20:51.470+0000] {logging_mixin.py:188} INFO - [2025-05-21T06:20:51.470+0000] {dag.py:3036} INFO - Sync 1 DAGs
[2025-05-21T06:20:51.487+0000] {logging_mixin.py:188} INFO - [2025-05-21T06:20:51.487+0000] {dag.py:3823} INFO - Setting next_dagrun for run_dbt_models_after_ingestion to None, run_after=None
[2025-05-21T06:20:51.501+0000] {processor.py:183} INFO - Processing /opt/airflow/dags/dbt_model_dag.py took 0.122 seconds
[2025-05-21T06:21:21.892+0000] {processor.py:161} INFO - Started process (PID=22137) to work on /opt/airflow/dags/dbt_model_dag.py
[2025-05-21T06:21:21.894+0000] {processor.py:830} INFO - Processing file /opt/airflow/dags/dbt_model_dag.py for tasks to queue
[2025-05-21T06:21:21.895+0000] {logging_mixin.py:188} INFO - [2025-05-21T06:21:21.895+0000] {dagbag.py:538} INFO - Filling up the DagBag from /opt/airflow/dags/dbt_model_dag.py
[2025-05-21T06:21:21.918+0000] {processor.py:840} INFO - DAG(s) 'run_dbt_models_after_ingestion' retrieved from /opt/airflow/dags/dbt_model_dag.py
[2025-05-21T06:21:21.962+0000] {logging_mixin.py:188} INFO - [2025-05-21T06:21:21.962+0000] {dag.py:3036} INFO - Sync 1 DAGs
[2025-05-21T06:21:21.974+0000] {logging_mixin.py:188} INFO - [2025-05-21T06:21:21.974+0000] {dag.py:3823} INFO - Setting next_dagrun for run_dbt_models_after_ingestion to None, run_after=None
[2025-05-21T06:21:21.993+0000] {processor.py:183} INFO - Processing /opt/airflow/dags/dbt_model_dag.py took 0.112 seconds
[2025-05-21T06:21:52.455+0000] {processor.py:161} INFO - Started process (PID=22147) to work on /opt/airflow/dags/dbt_model_dag.py
[2025-05-21T06:21:52.457+0000] {processor.py:830} INFO - Processing file /opt/airflow/dags/dbt_model_dag.py for tasks to queue
[2025-05-21T06:21:52.458+0000] {logging_mixin.py:188} INFO - [2025-05-21T06:21:52.457+0000] {dagbag.py:538} INFO - Filling up the DagBag from /opt/airflow/dags/dbt_model_dag.py
[2025-05-21T06:21:52.465+0000] {processor.py:840} INFO - DAG(s) 'run_dbt_models_after_ingestion' retrieved from /opt/airflow/dags/dbt_model_dag.py
[2025-05-21T06:21:52.483+0000] {logging_mixin.py:188} INFO - [2025-05-21T06:21:52.483+0000] {dag.py:3036} INFO - Sync 1 DAGs
[2025-05-21T06:21:52.489+0000] {logging_mixin.py:188} INFO - [2025-05-21T06:21:52.489+0000] {dag.py:3823} INFO - Setting next_dagrun for run_dbt_models_after_ingestion to None, run_after=None
[2025-05-21T06:21:52.506+0000] {processor.py:183} INFO - Processing /opt/airflow/dags/dbt_model_dag.py took 0.055 seconds
[2025-05-21T06:22:22.929+0000] {processor.py:161} INFO - Started process (PID=22157) to work on /opt/airflow/dags/dbt_model_dag.py
[2025-05-21T06:22:22.932+0000] {processor.py:830} INFO - Processing file /opt/airflow/dags/dbt_model_dag.py for tasks to queue
[2025-05-21T06:22:22.934+0000] {logging_mixin.py:188} INFO - [2025-05-21T06:22:22.933+0000] {dagbag.py:538} INFO - Filling up the DagBag from /opt/airflow/dags/dbt_model_dag.py
[2025-05-21T06:22:22.960+0000] {processor.py:840} INFO - DAG(s) 'run_dbt_models_after_ingestion' retrieved from /opt/airflow/dags/dbt_model_dag.py
[2025-05-21T06:22:22.997+0000] {logging_mixin.py:188} INFO - [2025-05-21T06:22:22.996+0000] {dag.py:3036} INFO - Sync 1 DAGs
[2025-05-21T06:22:23.012+0000] {logging_mixin.py:188} INFO - [2025-05-21T06:22:23.012+0000] {dag.py:3823} INFO - Setting next_dagrun for run_dbt_models_after_ingestion to None, run_after=None
[2025-05-21T06:22:23.031+0000] {processor.py:183} INFO - Processing /opt/airflow/dags/dbt_model_dag.py took 0.115 seconds
[2025-05-21T06:22:53.354+0000] {processor.py:161} INFO - Started process (PID=22167) to work on /opt/airflow/dags/dbt_model_dag.py
[2025-05-21T06:22:53.357+0000] {processor.py:830} INFO - Processing file /opt/airflow/dags/dbt_model_dag.py for tasks to queue
[2025-05-21T06:22:53.358+0000] {logging_mixin.py:188} INFO - [2025-05-21T06:22:53.357+0000] {dagbag.py:538} INFO - Filling up the DagBag from /opt/airflow/dags/dbt_model_dag.py
[2025-05-21T06:22:53.375+0000] {processor.py:840} INFO - DAG(s) 'run_dbt_models_after_ingestion' retrieved from /opt/airflow/dags/dbt_model_dag.py
[2025-05-21T06:22:53.402+0000] {logging_mixin.py:188} INFO - [2025-05-21T06:22:53.401+0000] {dag.py:3036} INFO - Sync 1 DAGs
[2025-05-21T06:22:53.414+0000] {logging_mixin.py:188} INFO - [2025-05-21T06:22:53.414+0000] {dag.py:3823} INFO - Setting next_dagrun for run_dbt_models_after_ingestion to None, run_after=None
[2025-05-21T06:22:53.431+0000] {processor.py:183} INFO - Processing /opt/airflow/dags/dbt_model_dag.py took 0.083 seconds
[2025-05-21T06:23:23.845+0000] {processor.py:161} INFO - Started process (PID=22177) to work on /opt/airflow/dags/dbt_model_dag.py
[2025-05-21T06:23:23.850+0000] {processor.py:830} INFO - Processing file /opt/airflow/dags/dbt_model_dag.py for tasks to queue
[2025-05-21T06:23:23.852+0000] {logging_mixin.py:188} INFO - [2025-05-21T06:23:23.851+0000] {dagbag.py:538} INFO - Filling up the DagBag from /opt/airflow/dags/dbt_model_dag.py
[2025-05-21T06:23:23.885+0000] {processor.py:840} INFO - DAG(s) 'run_dbt_models_after_ingestion' retrieved from /opt/airflow/dags/dbt_model_dag.py
[2025-05-21T06:23:23.939+0000] {logging_mixin.py:188} INFO - [2025-05-21T06:23:23.939+0000] {dag.py:3036} INFO - Sync 1 DAGs
[2025-05-21T06:23:23.956+0000] {logging_mixin.py:188} INFO - [2025-05-21T06:23:23.956+0000] {dag.py:3823} INFO - Setting next_dagrun for run_dbt_models_after_ingestion to None, run_after=None
[2025-05-21T06:23:23.972+0000] {processor.py:183} INFO - Processing /opt/airflow/dags/dbt_model_dag.py took 0.143 seconds
[2025-05-21T06:23:54.389+0000] {processor.py:161} INFO - Started process (PID=22187) to work on /opt/airflow/dags/dbt_model_dag.py
[2025-05-21T06:23:54.393+0000] {processor.py:830} INFO - Processing file /opt/airflow/dags/dbt_model_dag.py for tasks to queue
[2025-05-21T06:23:54.394+0000] {logging_mixin.py:188} INFO - [2025-05-21T06:23:54.394+0000] {dagbag.py:538} INFO - Filling up the DagBag from /opt/airflow/dags/dbt_model_dag.py
[2025-05-21T06:23:54.418+0000] {processor.py:840} INFO - DAG(s) 'run_dbt_models_after_ingestion' retrieved from /opt/airflow/dags/dbt_model_dag.py
[2025-05-21T06:23:54.451+0000] {logging_mixin.py:188} INFO - [2025-05-21T06:23:54.451+0000] {dag.py:3036} INFO - Sync 1 DAGs
[2025-05-21T06:23:54.466+0000] {logging_mixin.py:188} INFO - [2025-05-21T06:23:54.466+0000] {dag.py:3823} INFO - Setting next_dagrun for run_dbt_models_after_ingestion to None, run_after=None
[2025-05-21T06:23:54.478+0000] {processor.py:183} INFO - Processing /opt/airflow/dags/dbt_model_dag.py took 0.102 seconds
[2025-05-21T06:24:24.908+0000] {processor.py:161} INFO - Started process (PID=22197) to work on /opt/airflow/dags/dbt_model_dag.py
[2025-05-21T06:24:24.910+0000] {processor.py:830} INFO - Processing file /opt/airflow/dags/dbt_model_dag.py for tasks to queue
[2025-05-21T06:24:24.911+0000] {logging_mixin.py:188} INFO - [2025-05-21T06:24:24.911+0000] {dagbag.py:538} INFO - Filling up the DagBag from /opt/airflow/dags/dbt_model_dag.py
[2025-05-21T06:24:24.939+0000] {processor.py:840} INFO - DAG(s) 'run_dbt_models_after_ingestion' retrieved from /opt/airflow/dags/dbt_model_dag.py
[2025-05-21T06:24:24.979+0000] {logging_mixin.py:188} INFO - [2025-05-21T06:24:24.979+0000] {dag.py:3036} INFO - Sync 1 DAGs
[2025-05-21T06:24:24.994+0000] {logging_mixin.py:188} INFO - [2025-05-21T06:24:24.994+0000] {dag.py:3823} INFO - Setting next_dagrun for run_dbt_models_after_ingestion to None, run_after=None
[2025-05-21T06:24:25.008+0000] {processor.py:183} INFO - Processing /opt/airflow/dags/dbt_model_dag.py took 0.112 seconds
[2025-05-21T06:24:55.447+0000] {processor.py:161} INFO - Started process (PID=22207) to work on /opt/airflow/dags/dbt_model_dag.py
[2025-05-21T06:24:55.451+0000] {processor.py:830} INFO - Processing file /opt/airflow/dags/dbt_model_dag.py for tasks to queue
[2025-05-21T06:24:55.452+0000] {logging_mixin.py:188} INFO - [2025-05-21T06:24:55.451+0000] {dagbag.py:538} INFO - Filling up the DagBag from /opt/airflow/dags/dbt_model_dag.py
[2025-05-21T06:24:55.476+0000] {processor.py:840} INFO - DAG(s) 'run_dbt_models_after_ingestion' retrieved from /opt/airflow/dags/dbt_model_dag.py
[2025-05-21T06:24:55.522+0000] {logging_mixin.py:188} INFO - [2025-05-21T06:24:55.522+0000] {dag.py:3036} INFO - Sync 1 DAGs
[2025-05-21T06:24:55.539+0000] {logging_mixin.py:188} INFO - [2025-05-21T06:24:55.539+0000] {dag.py:3823} INFO - Setting next_dagrun for run_dbt_models_after_ingestion to None, run_after=None
[2025-05-21T06:24:55.552+0000] {processor.py:183} INFO - Processing /opt/airflow/dags/dbt_model_dag.py took 0.118 seconds
[2025-05-21T06:25:26.060+0000] {processor.py:161} INFO - Started process (PID=22217) to work on /opt/airflow/dags/dbt_model_dag.py
[2025-05-21T06:25:26.062+0000] {processor.py:830} INFO - Processing file /opt/airflow/dags/dbt_model_dag.py for tasks to queue
[2025-05-21T06:25:26.063+0000] {logging_mixin.py:188} INFO - [2025-05-21T06:25:26.063+0000] {dagbag.py:538} INFO - Filling up the DagBag from /opt/airflow/dags/dbt_model_dag.py
[2025-05-21T06:25:26.087+0000] {processor.py:840} INFO - DAG(s) 'run_dbt_models_after_ingestion' retrieved from /opt/airflow/dags/dbt_model_dag.py
[2025-05-21T06:25:26.133+0000] {logging_mixin.py:188} INFO - [2025-05-21T06:25:26.133+0000] {dag.py:3036} INFO - Sync 1 DAGs
[2025-05-21T06:25:26.148+0000] {logging_mixin.py:188} INFO - [2025-05-21T06:25:26.148+0000] {dag.py:3823} INFO - Setting next_dagrun for run_dbt_models_after_ingestion to None, run_after=None
[2025-05-21T06:25:26.163+0000] {processor.py:183} INFO - Processing /opt/airflow/dags/dbt_model_dag.py took 0.117 seconds
[2025-05-21T06:25:56.564+0000] {processor.py:161} INFO - Started process (PID=22227) to work on /opt/airflow/dags/dbt_model_dag.py
[2025-05-21T06:25:56.567+0000] {processor.py:830} INFO - Processing file /opt/airflow/dags/dbt_model_dag.py for tasks to queue
[2025-05-21T06:25:56.569+0000] {logging_mixin.py:188} INFO - [2025-05-21T06:25:56.569+0000] {dagbag.py:538} INFO - Filling up the DagBag from /opt/airflow/dags/dbt_model_dag.py
[2025-05-21T06:25:56.594+0000] {processor.py:840} INFO - DAG(s) 'run_dbt_models_after_ingestion' retrieved from /opt/airflow/dags/dbt_model_dag.py
[2025-05-21T06:25:56.636+0000] {logging_mixin.py:188} INFO - [2025-05-21T06:25:56.636+0000] {dag.py:3036} INFO - Sync 1 DAGs
[2025-05-21T06:25:56.648+0000] {logging_mixin.py:188} INFO - [2025-05-21T06:25:56.647+0000] {dag.py:3823} INFO - Setting next_dagrun for run_dbt_models_after_ingestion to None, run_after=None
[2025-05-21T06:25:56.658+0000] {processor.py:183} INFO - Processing /opt/airflow/dags/dbt_model_dag.py took 0.106 seconds
[2025-05-21T06:26:27.069+0000] {processor.py:161} INFO - Started process (PID=22237) to work on /opt/airflow/dags/dbt_model_dag.py
[2025-05-21T06:26:27.071+0000] {processor.py:830} INFO - Processing file /opt/airflow/dags/dbt_model_dag.py for tasks to queue
[2025-05-21T06:26:27.073+0000] {logging_mixin.py:188} INFO - [2025-05-21T06:26:27.073+0000] {dagbag.py:538} INFO - Filling up the DagBag from /opt/airflow/dags/dbt_model_dag.py
[2025-05-21T06:26:27.095+0000] {processor.py:840} INFO - DAG(s) 'run_dbt_models_after_ingestion' retrieved from /opt/airflow/dags/dbt_model_dag.py
[2025-05-21T06:26:27.138+0000] {logging_mixin.py:188} INFO - [2025-05-21T06:26:27.138+0000] {dag.py:3036} INFO - Sync 1 DAGs
[2025-05-21T06:26:27.152+0000] {logging_mixin.py:188} INFO - [2025-05-21T06:26:27.152+0000] {dag.py:3823} INFO - Setting next_dagrun for run_dbt_models_after_ingestion to None, run_after=None
[2025-05-21T06:26:27.164+0000] {processor.py:183} INFO - Processing /opt/airflow/dags/dbt_model_dag.py took 0.110 seconds
[2025-05-21T06:26:57.559+0000] {processor.py:161} INFO - Started process (PID=22247) to work on /opt/airflow/dags/dbt_model_dag.py
[2025-05-21T06:26:57.561+0000] {processor.py:830} INFO - Processing file /opt/airflow/dags/dbt_model_dag.py for tasks to queue
[2025-05-21T06:26:57.563+0000] {logging_mixin.py:188} INFO - [2025-05-21T06:26:57.562+0000] {dagbag.py:538} INFO - Filling up the DagBag from /opt/airflow/dags/dbt_model_dag.py
[2025-05-21T06:26:57.592+0000] {processor.py:840} INFO - DAG(s) 'run_dbt_models_after_ingestion' retrieved from /opt/airflow/dags/dbt_model_dag.py
[2025-05-21T06:26:57.638+0000] {logging_mixin.py:188} INFO - [2025-05-21T06:26:57.638+0000] {dag.py:3036} INFO - Sync 1 DAGs
[2025-05-21T06:26:57.654+0000] {logging_mixin.py:188} INFO - [2025-05-21T06:26:57.654+0000] {dag.py:3823} INFO - Setting next_dagrun for run_dbt_models_after_ingestion to None, run_after=None
[2025-05-21T06:26:57.673+0000] {processor.py:183} INFO - Processing /opt/airflow/dags/dbt_model_dag.py took 0.124 seconds
[2025-05-21T06:27:28.200+0000] {processor.py:161} INFO - Started process (PID=22257) to work on /opt/airflow/dags/dbt_model_dag.py
[2025-05-21T06:27:28.203+0000] {processor.py:830} INFO - Processing file /opt/airflow/dags/dbt_model_dag.py for tasks to queue
[2025-05-21T06:27:28.204+0000] {logging_mixin.py:188} INFO - [2025-05-21T06:27:28.204+0000] {dagbag.py:538} INFO - Filling up the DagBag from /opt/airflow/dags/dbt_model_dag.py
[2025-05-21T06:27:28.232+0000] {processor.py:840} INFO - DAG(s) 'run_dbt_models_after_ingestion' retrieved from /opt/airflow/dags/dbt_model_dag.py
[2025-05-21T06:27:28.279+0000] {logging_mixin.py:188} INFO - [2025-05-21T06:27:28.279+0000] {dag.py:3036} INFO - Sync 1 DAGs
[2025-05-21T06:27:28.294+0000] {logging_mixin.py:188} INFO - [2025-05-21T06:27:28.294+0000] {dag.py:3823} INFO - Setting next_dagrun for run_dbt_models_after_ingestion to None, run_after=None
[2025-05-21T06:27:28.312+0000] {processor.py:183} INFO - Processing /opt/airflow/dags/dbt_model_dag.py took 0.125 seconds
[2025-05-21T06:27:58.808+0000] {processor.py:161} INFO - Started process (PID=22267) to work on /opt/airflow/dags/dbt_model_dag.py
[2025-05-21T06:27:58.812+0000] {processor.py:830} INFO - Processing file /opt/airflow/dags/dbt_model_dag.py for tasks to queue
[2025-05-21T06:27:58.814+0000] {logging_mixin.py:188} INFO - [2025-05-21T06:27:58.814+0000] {dagbag.py:538} INFO - Filling up the DagBag from /opt/airflow/dags/dbt_model_dag.py
[2025-05-21T06:27:58.843+0000] {processor.py:840} INFO - DAG(s) 'run_dbt_models_after_ingestion' retrieved from /opt/airflow/dags/dbt_model_dag.py
[2025-05-21T06:27:58.889+0000] {logging_mixin.py:188} INFO - [2025-05-21T06:27:58.889+0000] {dag.py:3036} INFO - Sync 1 DAGs
[2025-05-21T06:27:58.900+0000] {logging_mixin.py:188} INFO - [2025-05-21T06:27:58.900+0000] {dag.py:3823} INFO - Setting next_dagrun for run_dbt_models_after_ingestion to None, run_after=None
[2025-05-21T06:27:58.914+0000] {processor.py:183} INFO - Processing /opt/airflow/dags/dbt_model_dag.py took 0.119 seconds
[2025-05-21T06:28:29.415+0000] {processor.py:161} INFO - Started process (PID=22277) to work on /opt/airflow/dags/dbt_model_dag.py
[2025-05-21T06:28:29.419+0000] {processor.py:830} INFO - Processing file /opt/airflow/dags/dbt_model_dag.py for tasks to queue
[2025-05-21T06:28:29.425+0000] {logging_mixin.py:188} INFO - [2025-05-21T06:28:29.424+0000] {dagbag.py:538} INFO - Filling up the DagBag from /opt/airflow/dags/dbt_model_dag.py
[2025-05-21T06:28:29.466+0000] {processor.py:840} INFO - DAG(s) 'run_dbt_models_after_ingestion' retrieved from /opt/airflow/dags/dbt_model_dag.py
[2025-05-21T06:28:29.561+0000] {logging_mixin.py:188} INFO - [2025-05-21T06:28:29.561+0000] {dag.py:3036} INFO - Sync 1 DAGs
[2025-05-21T06:28:29.586+0000] {logging_mixin.py:188} INFO - [2025-05-21T06:28:29.586+0000] {dag.py:3823} INFO - Setting next_dagrun for run_dbt_models_after_ingestion to None, run_after=None
[2025-05-21T06:28:29.609+0000] {processor.py:183} INFO - Processing /opt/airflow/dags/dbt_model_dag.py took 0.209 seconds
[2025-05-21T06:29:00.031+0000] {processor.py:161} INFO - Started process (PID=22287) to work on /opt/airflow/dags/dbt_model_dag.py
[2025-05-21T06:29:00.033+0000] {processor.py:830} INFO - Processing file /opt/airflow/dags/dbt_model_dag.py for tasks to queue
[2025-05-21T06:29:00.034+0000] {logging_mixin.py:188} INFO - [2025-05-21T06:29:00.033+0000] {dagbag.py:538} INFO - Filling up the DagBag from /opt/airflow/dags/dbt_model_dag.py
[2025-05-21T06:29:00.058+0000] {processor.py:840} INFO - DAG(s) 'run_dbt_models_after_ingestion' retrieved from /opt/airflow/dags/dbt_model_dag.py
[2025-05-21T06:29:00.105+0000] {logging_mixin.py:188} INFO - [2025-05-21T06:29:00.104+0000] {dag.py:3036} INFO - Sync 1 DAGs
[2025-05-21T06:29:00.121+0000] {logging_mixin.py:188} INFO - [2025-05-21T06:29:00.119+0000] {dag.py:3823} INFO - Setting next_dagrun for run_dbt_models_after_ingestion to None, run_after=None
[2025-05-21T06:29:00.136+0000] {processor.py:183} INFO - Processing /opt/airflow/dags/dbt_model_dag.py took 0.113 seconds
[2025-05-21T06:29:30.572+0000] {processor.py:161} INFO - Started process (PID=22297) to work on /opt/airflow/dags/dbt_model_dag.py
[2025-05-21T06:29:30.576+0000] {processor.py:830} INFO - Processing file /opt/airflow/dags/dbt_model_dag.py for tasks to queue
[2025-05-21T06:29:30.578+0000] {logging_mixin.py:188} INFO - [2025-05-21T06:29:30.577+0000] {dagbag.py:538} INFO - Filling up the DagBag from /opt/airflow/dags/dbt_model_dag.py
[2025-05-21T06:29:30.603+0000] {processor.py:840} INFO - DAG(s) 'run_dbt_models_after_ingestion' retrieved from /opt/airflow/dags/dbt_model_dag.py
[2025-05-21T06:29:30.646+0000] {logging_mixin.py:188} INFO - [2025-05-21T06:29:30.646+0000] {dag.py:3036} INFO - Sync 1 DAGs
[2025-05-21T06:29:30.659+0000] {logging_mixin.py:188} INFO - [2025-05-21T06:29:30.659+0000] {dag.py:3823} INFO - Setting next_dagrun for run_dbt_models_after_ingestion to None, run_after=None
[2025-05-21T06:29:30.680+0000] {processor.py:183} INFO - Processing /opt/airflow/dags/dbt_model_dag.py took 0.119 seconds
[2025-05-21T06:30:01.145+0000] {processor.py:161} INFO - Started process (PID=22307) to work on /opt/airflow/dags/dbt_model_dag.py
[2025-05-21T06:30:01.149+0000] {processor.py:830} INFO - Processing file /opt/airflow/dags/dbt_model_dag.py for tasks to queue
[2025-05-21T06:30:01.151+0000] {logging_mixin.py:188} INFO - [2025-05-21T06:30:01.150+0000] {dagbag.py:538} INFO - Filling up the DagBag from /opt/airflow/dags/dbt_model_dag.py
[2025-05-21T06:30:01.178+0000] {processor.py:840} INFO - DAG(s) 'run_dbt_models_after_ingestion' retrieved from /opt/airflow/dags/dbt_model_dag.py
[2025-05-21T06:30:01.218+0000] {logging_mixin.py:188} INFO - [2025-05-21T06:30:01.218+0000] {dag.py:3036} INFO - Sync 1 DAGs
[2025-05-21T06:30:01.229+0000] {logging_mixin.py:188} INFO - [2025-05-21T06:30:01.229+0000] {dag.py:3823} INFO - Setting next_dagrun for run_dbt_models_after_ingestion to None, run_after=None
[2025-05-21T06:30:01.250+0000] {processor.py:183} INFO - Processing /opt/airflow/dags/dbt_model_dag.py took 0.118 seconds
[2025-05-21T06:30:31.624+0000] {processor.py:161} INFO - Started process (PID=22317) to work on /opt/airflow/dags/dbt_model_dag.py
[2025-05-21T06:30:31.627+0000] {processor.py:830} INFO - Processing file /opt/airflow/dags/dbt_model_dag.py for tasks to queue
[2025-05-21T06:30:31.631+0000] {logging_mixin.py:188} INFO - [2025-05-21T06:30:31.631+0000] {dagbag.py:538} INFO - Filling up the DagBag from /opt/airflow/dags/dbt_model_dag.py
[2025-05-21T06:30:31.663+0000] {processor.py:840} INFO - DAG(s) 'run_dbt_models_after_ingestion' retrieved from /opt/airflow/dags/dbt_model_dag.py
[2025-05-21T06:30:31.703+0000] {logging_mixin.py:188} INFO - [2025-05-21T06:30:31.703+0000] {dag.py:3036} INFO - Sync 1 DAGs
[2025-05-21T06:30:31.721+0000] {logging_mixin.py:188} INFO - [2025-05-21T06:30:31.721+0000] {dag.py:3823} INFO - Setting next_dagrun for run_dbt_models_after_ingestion to None, run_after=None
[2025-05-21T06:30:31.745+0000] {processor.py:183} INFO - Processing /opt/airflow/dags/dbt_model_dag.py took 0.136 seconds
[2025-05-21T06:31:02.194+0000] {processor.py:161} INFO - Started process (PID=22327) to work on /opt/airflow/dags/dbt_model_dag.py
[2025-05-21T06:31:02.197+0000] {processor.py:830} INFO - Processing file /opt/airflow/dags/dbt_model_dag.py for tasks to queue
[2025-05-21T06:31:02.199+0000] {logging_mixin.py:188} INFO - [2025-05-21T06:31:02.198+0000] {dagbag.py:538} INFO - Filling up the DagBag from /opt/airflow/dags/dbt_model_dag.py
[2025-05-21T06:31:02.229+0000] {processor.py:840} INFO - DAG(s) 'run_dbt_models_after_ingestion' retrieved from /opt/airflow/dags/dbt_model_dag.py
[2025-05-21T06:31:02.284+0000] {logging_mixin.py:188} INFO - [2025-05-21T06:31:02.284+0000] {dag.py:3036} INFO - Sync 1 DAGs
[2025-05-21T06:31:02.295+0000] {logging_mixin.py:188} INFO - [2025-05-21T06:31:02.295+0000] {dag.py:3823} INFO - Setting next_dagrun for run_dbt_models_after_ingestion to None, run_after=None
[2025-05-21T06:31:02.316+0000] {processor.py:183} INFO - Processing /opt/airflow/dags/dbt_model_dag.py took 0.132 seconds
[2025-05-21T06:31:32.756+0000] {processor.py:161} INFO - Started process (PID=22337) to work on /opt/airflow/dags/dbt_model_dag.py
[2025-05-21T06:31:32.758+0000] {processor.py:830} INFO - Processing file /opt/airflow/dags/dbt_model_dag.py for tasks to queue
[2025-05-21T06:31:32.759+0000] {logging_mixin.py:188} INFO - [2025-05-21T06:31:32.759+0000] {dagbag.py:538} INFO - Filling up the DagBag from /opt/airflow/dags/dbt_model_dag.py
[2025-05-21T06:31:32.784+0000] {processor.py:840} INFO - DAG(s) 'run_dbt_models_after_ingestion' retrieved from /opt/airflow/dags/dbt_model_dag.py
[2025-05-21T06:31:32.830+0000] {logging_mixin.py:188} INFO - [2025-05-21T06:31:32.830+0000] {dag.py:3036} INFO - Sync 1 DAGs
[2025-05-21T06:31:32.842+0000] {logging_mixin.py:188} INFO - [2025-05-21T06:31:32.842+0000] {dag.py:3823} INFO - Setting next_dagrun for run_dbt_models_after_ingestion to None, run_after=None
[2025-05-21T06:31:32.856+0000] {processor.py:183} INFO - Processing /opt/airflow/dags/dbt_model_dag.py took 0.119 seconds
[2025-05-21T06:32:03.270+0000] {processor.py:161} INFO - Started process (PID=22347) to work on /opt/airflow/dags/dbt_model_dag.py
[2025-05-21T06:32:03.275+0000] {processor.py:830} INFO - Processing file /opt/airflow/dags/dbt_model_dag.py for tasks to queue
[2025-05-21T06:32:03.277+0000] {logging_mixin.py:188} INFO - [2025-05-21T06:32:03.276+0000] {dagbag.py:538} INFO - Filling up the DagBag from /opt/airflow/dags/dbt_model_dag.py
[2025-05-21T06:32:03.302+0000] {processor.py:840} INFO - DAG(s) 'run_dbt_models_after_ingestion' retrieved from /opt/airflow/dags/dbt_model_dag.py
[2025-05-21T06:32:03.346+0000] {logging_mixin.py:188} INFO - [2025-05-21T06:32:03.346+0000] {dag.py:3036} INFO - Sync 1 DAGs
[2025-05-21T06:32:03.359+0000] {logging_mixin.py:188} INFO - [2025-05-21T06:32:03.359+0000] {dag.py:3823} INFO - Setting next_dagrun for run_dbt_models_after_ingestion to None, run_after=None
[2025-05-21T06:32:03.379+0000] {processor.py:183} INFO - Processing /opt/airflow/dags/dbt_model_dag.py took 0.119 seconds
[2025-05-21T06:32:33.724+0000] {processor.py:161} INFO - Started process (PID=22357) to work on /opt/airflow/dags/dbt_model_dag.py
[2025-05-21T06:32:33.729+0000] {processor.py:830} INFO - Processing file /opt/airflow/dags/dbt_model_dag.py for tasks to queue
[2025-05-21T06:32:33.733+0000] {logging_mixin.py:188} INFO - [2025-05-21T06:32:33.732+0000] {dagbag.py:538} INFO - Filling up the DagBag from /opt/airflow/dags/dbt_model_dag.py
[2025-05-21T06:32:33.757+0000] {processor.py:840} INFO - DAG(s) 'run_dbt_models_after_ingestion' retrieved from /opt/airflow/dags/dbt_model_dag.py
[2025-05-21T06:32:33.792+0000] {logging_mixin.py:188} INFO - [2025-05-21T06:32:33.792+0000] {dag.py:3036} INFO - Sync 1 DAGs
[2025-05-21T06:32:33.804+0000] {logging_mixin.py:188} INFO - [2025-05-21T06:32:33.804+0000] {dag.py:3823} INFO - Setting next_dagrun for run_dbt_models_after_ingestion to None, run_after=None
[2025-05-21T06:32:33.823+0000] {processor.py:183} INFO - Processing /opt/airflow/dags/dbt_model_dag.py took 0.117 seconds
[2025-05-21T06:33:04.355+0000] {processor.py:161} INFO - Started process (PID=22367) to work on /opt/airflow/dags/dbt_model_dag.py
[2025-05-21T06:33:04.359+0000] {processor.py:830} INFO - Processing file /opt/airflow/dags/dbt_model_dag.py for tasks to queue
[2025-05-21T06:33:04.362+0000] {logging_mixin.py:188} INFO - [2025-05-21T06:33:04.361+0000] {dagbag.py:538} INFO - Filling up the DagBag from /opt/airflow/dags/dbt_model_dag.py
[2025-05-21T06:33:04.395+0000] {processor.py:840} INFO - DAG(s) 'run_dbt_models_after_ingestion' retrieved from /opt/airflow/dags/dbt_model_dag.py
[2025-05-21T06:33:04.443+0000] {logging_mixin.py:188} INFO - [2025-05-21T06:33:04.443+0000] {dag.py:3036} INFO - Sync 1 DAGs
[2025-05-21T06:33:04.457+0000] {logging_mixin.py:188} INFO - [2025-05-21T06:33:04.457+0000] {dag.py:3823} INFO - Setting next_dagrun for run_dbt_models_after_ingestion to None, run_after=None
[2025-05-21T06:33:04.474+0000] {processor.py:183} INFO - Processing /opt/airflow/dags/dbt_model_dag.py took 0.127 seconds
[2025-05-21T06:33:34.932+0000] {processor.py:161} INFO - Started process (PID=22379) to work on /opt/airflow/dags/dbt_model_dag.py
[2025-05-21T06:33:34.933+0000] {processor.py:830} INFO - Processing file /opt/airflow/dags/dbt_model_dag.py for tasks to queue
[2025-05-21T06:33:34.935+0000] {logging_mixin.py:188} INFO - [2025-05-21T06:33:34.934+0000] {dagbag.py:538} INFO - Filling up the DagBag from /opt/airflow/dags/dbt_model_dag.py
[2025-05-21T06:33:34.944+0000] {processor.py:840} INFO - DAG(s) 'run_dbt_models_after_ingestion' retrieved from /opt/airflow/dags/dbt_model_dag.py
[2025-05-21T06:33:34.962+0000] {logging_mixin.py:188} INFO - [2025-05-21T06:33:34.962+0000] {dag.py:3036} INFO - Sync 1 DAGs
[2025-05-21T06:33:34.969+0000] {logging_mixin.py:188} INFO - [2025-05-21T06:33:34.969+0000] {dag.py:3823} INFO - Setting next_dagrun for run_dbt_models_after_ingestion to None, run_after=None
[2025-05-21T06:33:34.984+0000] {processor.py:183} INFO - Processing /opt/airflow/dags/dbt_model_dag.py took 0.057 seconds
[2025-05-21T06:34:05.374+0000] {processor.py:161} INFO - Started process (PID=22389) to work on /opt/airflow/dags/dbt_model_dag.py
[2025-05-21T06:34:05.375+0000] {processor.py:830} INFO - Processing file /opt/airflow/dags/dbt_model_dag.py for tasks to queue
[2025-05-21T06:34:05.377+0000] {logging_mixin.py:188} INFO - [2025-05-21T06:34:05.377+0000] {dagbag.py:538} INFO - Filling up the DagBag from /opt/airflow/dags/dbt_model_dag.py
[2025-05-21T06:34:05.397+0000] {processor.py:840} INFO - DAG(s) 'run_dbt_models_after_ingestion' retrieved from /opt/airflow/dags/dbt_model_dag.py
[2025-05-21T06:34:05.437+0000] {logging_mixin.py:188} INFO - [2025-05-21T06:34:05.437+0000] {dag.py:3036} INFO - Sync 1 DAGs
[2025-05-21T06:34:05.450+0000] {logging_mixin.py:188} INFO - [2025-05-21T06:34:05.450+0000] {dag.py:3823} INFO - Setting next_dagrun for run_dbt_models_after_ingestion to None, run_after=None
[2025-05-21T06:34:05.469+0000] {processor.py:183} INFO - Processing /opt/airflow/dags/dbt_model_dag.py took 0.103 seconds
[2025-05-21T06:34:35.874+0000] {processor.py:161} INFO - Started process (PID=22399) to work on /opt/airflow/dags/dbt_model_dag.py
[2025-05-21T06:34:35.876+0000] {processor.py:830} INFO - Processing file /opt/airflow/dags/dbt_model_dag.py for tasks to queue
[2025-05-21T06:34:35.877+0000] {logging_mixin.py:188} INFO - [2025-05-21T06:34:35.877+0000] {dagbag.py:538} INFO - Filling up the DagBag from /opt/airflow/dags/dbt_model_dag.py
[2025-05-21T06:34:35.894+0000] {processor.py:840} INFO - DAG(s) 'run_dbt_models_after_ingestion' retrieved from /opt/airflow/dags/dbt_model_dag.py
[2025-05-21T06:34:35.928+0000] {logging_mixin.py:188} INFO - [2025-05-21T06:34:35.928+0000] {dag.py:3036} INFO - Sync 1 DAGs
[2025-05-21T06:34:35.941+0000] {logging_mixin.py:188} INFO - [2025-05-21T06:34:35.941+0000] {dag.py:3823} INFO - Setting next_dagrun for run_dbt_models_after_ingestion to None, run_after=None
[2025-05-21T06:34:35.953+0000] {processor.py:183} INFO - Processing /opt/airflow/dags/dbt_model_dag.py took 0.088 seconds
[2025-05-21T06:35:06.388+0000] {processor.py:161} INFO - Started process (PID=22409) to work on /opt/airflow/dags/dbt_model_dag.py
[2025-05-21T06:35:06.392+0000] {processor.py:830} INFO - Processing file /opt/airflow/dags/dbt_model_dag.py for tasks to queue
[2025-05-21T06:35:06.393+0000] {logging_mixin.py:188} INFO - [2025-05-21T06:35:06.392+0000] {dagbag.py:538} INFO - Filling up the DagBag from /opt/airflow/dags/dbt_model_dag.py
[2025-05-21T06:35:06.414+0000] {processor.py:840} INFO - DAG(s) 'run_dbt_models_after_ingestion' retrieved from /opt/airflow/dags/dbt_model_dag.py
[2025-05-21T06:35:06.455+0000] {logging_mixin.py:188} INFO - [2025-05-21T06:35:06.454+0000] {dag.py:3036} INFO - Sync 1 DAGs
[2025-05-21T06:35:06.471+0000] {logging_mixin.py:188} INFO - [2025-05-21T06:35:06.471+0000] {dag.py:3823} INFO - Setting next_dagrun for run_dbt_models_after_ingestion to None, run_after=None
[2025-05-21T06:35:06.488+0000] {processor.py:183} INFO - Processing /opt/airflow/dags/dbt_model_dag.py took 0.111 seconds
[2025-05-21T06:35:36.989+0000] {processor.py:161} INFO - Started process (PID=22419) to work on /opt/airflow/dags/dbt_model_dag.py
[2025-05-21T06:35:36.993+0000] {processor.py:830} INFO - Processing file /opt/airflow/dags/dbt_model_dag.py for tasks to queue
[2025-05-21T06:35:36.993+0000] {logging_mixin.py:188} INFO - [2025-05-21T06:35:36.993+0000] {dagbag.py:538} INFO - Filling up the DagBag from /opt/airflow/dags/dbt_model_dag.py
[2025-05-21T06:35:37.013+0000] {processor.py:840} INFO - DAG(s) 'run_dbt_models_after_ingestion' retrieved from /opt/airflow/dags/dbt_model_dag.py
[2025-05-21T06:35:37.079+0000] {logging_mixin.py:188} INFO - [2025-05-21T06:35:37.079+0000] {dag.py:3036} INFO - Sync 1 DAGs
[2025-05-21T06:35:37.094+0000] {logging_mixin.py:188} INFO - [2025-05-21T06:35:37.094+0000] {dag.py:3823} INFO - Setting next_dagrun for run_dbt_models_after_ingestion to None, run_after=None
[2025-05-21T06:35:37.112+0000] {processor.py:183} INFO - Processing /opt/airflow/dags/dbt_model_dag.py took 0.135 seconds
[2025-05-21T06:36:07.632+0000] {processor.py:161} INFO - Started process (PID=22429) to work on /opt/airflow/dags/dbt_model_dag.py
[2025-05-21T06:36:07.636+0000] {processor.py:830} INFO - Processing file /opt/airflow/dags/dbt_model_dag.py for tasks to queue
[2025-05-21T06:36:07.637+0000] {logging_mixin.py:188} INFO - [2025-05-21T06:36:07.637+0000] {dagbag.py:538} INFO - Filling up the DagBag from /opt/airflow/dags/dbt_model_dag.py
[2025-05-21T06:36:07.660+0000] {processor.py:840} INFO - DAG(s) 'run_dbt_models_after_ingestion' retrieved from /opt/airflow/dags/dbt_model_dag.py
[2025-05-21T06:36:07.702+0000] {logging_mixin.py:188} INFO - [2025-05-21T06:36:07.702+0000] {dag.py:3036} INFO - Sync 1 DAGs
[2025-05-21T06:36:07.715+0000] {logging_mixin.py:188} INFO - [2025-05-21T06:36:07.715+0000] {dag.py:3823} INFO - Setting next_dagrun for run_dbt_models_after_ingestion to None, run_after=None
[2025-05-21T06:36:07.730+0000] {processor.py:183} INFO - Processing /opt/airflow/dags/dbt_model_dag.py took 0.112 seconds
[2025-05-21T06:36:38.076+0000] {processor.py:161} INFO - Started process (PID=22439) to work on /opt/airflow/dags/dbt_model_dag.py
[2025-05-21T06:36:38.077+0000] {processor.py:830} INFO - Processing file /opt/airflow/dags/dbt_model_dag.py for tasks to queue
[2025-05-21T06:36:38.079+0000] {logging_mixin.py:188} INFO - [2025-05-21T06:36:38.078+0000] {dagbag.py:538} INFO - Filling up the DagBag from /opt/airflow/dags/dbt_model_dag.py
[2025-05-21T06:36:38.101+0000] {processor.py:840} INFO - DAG(s) 'run_dbt_models_after_ingestion' retrieved from /opt/airflow/dags/dbt_model_dag.py
[2025-05-21T06:36:38.142+0000] {logging_mixin.py:188} INFO - [2025-05-21T06:36:38.142+0000] {dag.py:3036} INFO - Sync 1 DAGs
[2025-05-21T06:36:38.158+0000] {logging_mixin.py:188} INFO - [2025-05-21T06:36:38.158+0000] {dag.py:3823} INFO - Setting next_dagrun for run_dbt_models_after_ingestion to None, run_after=None
[2025-05-21T06:36:38.177+0000] {processor.py:183} INFO - Processing /opt/airflow/dags/dbt_model_dag.py took 0.111 seconds
[2025-05-21T06:37:08.634+0000] {processor.py:161} INFO - Started process (PID=22449) to work on /opt/airflow/dags/dbt_model_dag.py
[2025-05-21T06:37:08.637+0000] {processor.py:830} INFO - Processing file /opt/airflow/dags/dbt_model_dag.py for tasks to queue
[2025-05-21T06:37:08.640+0000] {logging_mixin.py:188} INFO - [2025-05-21T06:37:08.639+0000] {dagbag.py:538} INFO - Filling up the DagBag from /opt/airflow/dags/dbt_model_dag.py
[2025-05-21T06:37:08.688+0000] {processor.py:840} INFO - DAG(s) 'run_dbt_models_after_ingestion' retrieved from /opt/airflow/dags/dbt_model_dag.py
[2025-05-21T06:37:08.744+0000] {logging_mixin.py:188} INFO - [2025-05-21T06:37:08.743+0000] {dag.py:3036} INFO - Sync 1 DAGs
[2025-05-21T06:37:08.763+0000] {logging_mixin.py:188} INFO - [2025-05-21T06:37:08.763+0000] {dag.py:3823} INFO - Setting next_dagrun for run_dbt_models_after_ingestion to None, run_after=None
[2025-05-21T06:37:08.782+0000] {processor.py:183} INFO - Processing /opt/airflow/dags/dbt_model_dag.py took 0.162 seconds
[2025-05-21T06:37:39.258+0000] {processor.py:161} INFO - Started process (PID=22459) to work on /opt/airflow/dags/dbt_model_dag.py
[2025-05-21T06:37:39.260+0000] {processor.py:830} INFO - Processing file /opt/airflow/dags/dbt_model_dag.py for tasks to queue
[2025-05-21T06:37:39.261+0000] {logging_mixin.py:188} INFO - [2025-05-21T06:37:39.260+0000] {dagbag.py:538} INFO - Filling up the DagBag from /opt/airflow/dags/dbt_model_dag.py
[2025-05-21T06:37:39.287+0000] {processor.py:840} INFO - DAG(s) 'run_dbt_models_after_ingestion' retrieved from /opt/airflow/dags/dbt_model_dag.py
[2025-05-21T06:37:39.331+0000] {logging_mixin.py:188} INFO - [2025-05-21T06:37:39.331+0000] {dag.py:3036} INFO - Sync 1 DAGs
[2025-05-21T06:37:39.344+0000] {logging_mixin.py:188} INFO - [2025-05-21T06:37:39.344+0000] {dag.py:3823} INFO - Setting next_dagrun for run_dbt_models_after_ingestion to None, run_after=None
[2025-05-21T06:37:39.361+0000] {processor.py:183} INFO - Processing /opt/airflow/dags/dbt_model_dag.py took 0.115 seconds
[2025-05-21T06:38:09.819+0000] {processor.py:161} INFO - Started process (PID=22469) to work on /opt/airflow/dags/dbt_model_dag.py
[2025-05-21T06:38:09.822+0000] {processor.py:830} INFO - Processing file /opt/airflow/dags/dbt_model_dag.py for tasks to queue
[2025-05-21T06:38:09.824+0000] {logging_mixin.py:188} INFO - [2025-05-21T06:38:09.824+0000] {dagbag.py:538} INFO - Filling up the DagBag from /opt/airflow/dags/dbt_model_dag.py
[2025-05-21T06:38:09.856+0000] {processor.py:840} INFO - DAG(s) 'run_dbt_models_after_ingestion' retrieved from /opt/airflow/dags/dbt_model_dag.py
[2025-05-21T06:38:09.903+0000] {logging_mixin.py:188} INFO - [2025-05-21T06:38:09.903+0000] {dag.py:3036} INFO - Sync 1 DAGs
[2025-05-21T06:38:09.919+0000] {logging_mixin.py:188} INFO - [2025-05-21T06:38:09.919+0000] {dag.py:3823} INFO - Setting next_dagrun for run_dbt_models_after_ingestion to None, run_after=None
[2025-05-21T06:38:09.935+0000] {processor.py:183} INFO - Processing /opt/airflow/dags/dbt_model_dag.py took 0.127 seconds
[2025-05-21T06:38:40.360+0000] {processor.py:161} INFO - Started process (PID=22479) to work on /opt/airflow/dags/dbt_model_dag.py
[2025-05-21T06:38:40.363+0000] {processor.py:830} INFO - Processing file /opt/airflow/dags/dbt_model_dag.py for tasks to queue
[2025-05-21T06:38:40.365+0000] {logging_mixin.py:188} INFO - [2025-05-21T06:38:40.365+0000] {dagbag.py:538} INFO - Filling up the DagBag from /opt/airflow/dags/dbt_model_dag.py
[2025-05-21T06:38:40.398+0000] {processor.py:840} INFO - DAG(s) 'run_dbt_models_after_ingestion' retrieved from /opt/airflow/dags/dbt_model_dag.py
[2025-05-21T06:38:40.443+0000] {logging_mixin.py:188} INFO - [2025-05-21T06:38:40.442+0000] {dag.py:3036} INFO - Sync 1 DAGs
[2025-05-21T06:38:40.457+0000] {logging_mixin.py:188} INFO - [2025-05-21T06:38:40.457+0000] {dag.py:3823} INFO - Setting next_dagrun for run_dbt_models_after_ingestion to None, run_after=None
[2025-05-21T06:38:40.475+0000] {processor.py:183} INFO - Processing /opt/airflow/dags/dbt_model_dag.py took 0.129 seconds
[2025-05-21T06:39:10.894+0000] {processor.py:161} INFO - Started process (PID=22489) to work on /opt/airflow/dags/dbt_model_dag.py
[2025-05-21T06:39:10.898+0000] {processor.py:830} INFO - Processing file /opt/airflow/dags/dbt_model_dag.py for tasks to queue
[2025-05-21T06:39:10.900+0000] {logging_mixin.py:188} INFO - [2025-05-21T06:39:10.899+0000] {dagbag.py:538} INFO - Filling up the DagBag from /opt/airflow/dags/dbt_model_dag.py
[2025-05-21T06:39:10.926+0000] {processor.py:840} INFO - DAG(s) 'run_dbt_models_after_ingestion' retrieved from /opt/airflow/dags/dbt_model_dag.py
[2025-05-21T06:39:10.975+0000] {logging_mixin.py:188} INFO - [2025-05-21T06:39:10.975+0000] {dag.py:3036} INFO - Sync 1 DAGs
[2025-05-21T06:39:10.986+0000] {logging_mixin.py:188} INFO - [2025-05-21T06:39:10.986+0000] {dag.py:3823} INFO - Setting next_dagrun for run_dbt_models_after_ingestion to None, run_after=None
[2025-05-21T06:39:11.000+0000] {processor.py:183} INFO - Processing /opt/airflow/dags/dbt_model_dag.py took 0.121 seconds
[2025-05-21T06:39:41.501+0000] {processor.py:161} INFO - Started process (PID=22499) to work on /opt/airflow/dags/dbt_model_dag.py
[2025-05-21T06:39:41.503+0000] {processor.py:830} INFO - Processing file /opt/airflow/dags/dbt_model_dag.py for tasks to queue
[2025-05-21T06:39:41.507+0000] {logging_mixin.py:188} INFO - [2025-05-21T06:39:41.506+0000] {dagbag.py:538} INFO - Filling up the DagBag from /opt/airflow/dags/dbt_model_dag.py
[2025-05-21T06:39:41.530+0000] {processor.py:840} INFO - DAG(s) 'run_dbt_models_after_ingestion' retrieved from /opt/airflow/dags/dbt_model_dag.py
[2025-05-21T06:39:41.580+0000] {logging_mixin.py:188} INFO - [2025-05-21T06:39:41.580+0000] {dag.py:3036} INFO - Sync 1 DAGs
[2025-05-21T06:39:41.603+0000] {logging_mixin.py:188} INFO - [2025-05-21T06:39:41.603+0000] {dag.py:3823} INFO - Setting next_dagrun for run_dbt_models_after_ingestion to None, run_after=None
[2025-05-21T06:39:41.617+0000] {processor.py:183} INFO - Processing /opt/airflow/dags/dbt_model_dag.py took 0.128 seconds
[2025-05-21T06:40:12.073+0000] {processor.py:161} INFO - Started process (PID=22509) to work on /opt/airflow/dags/dbt_model_dag.py
[2025-05-21T06:40:12.076+0000] {processor.py:830} INFO - Processing file /opt/airflow/dags/dbt_model_dag.py for tasks to queue
[2025-05-21T06:40:12.079+0000] {logging_mixin.py:188} INFO - [2025-05-21T06:40:12.077+0000] {dagbag.py:538} INFO - Filling up the DagBag from /opt/airflow/dags/dbt_model_dag.py
[2025-05-21T06:40:12.104+0000] {processor.py:840} INFO - DAG(s) 'run_dbt_models_after_ingestion' retrieved from /opt/airflow/dags/dbt_model_dag.py
[2025-05-21T06:40:12.150+0000] {logging_mixin.py:188} INFO - [2025-05-21T06:40:12.150+0000] {dag.py:3036} INFO - Sync 1 DAGs
[2025-05-21T06:40:12.165+0000] {logging_mixin.py:188} INFO - [2025-05-21T06:40:12.165+0000] {dag.py:3823} INFO - Setting next_dagrun for run_dbt_models_after_ingestion to None, run_after=None
[2025-05-21T06:40:12.179+0000] {processor.py:183} INFO - Processing /opt/airflow/dags/dbt_model_dag.py took 0.119 seconds
[2025-05-21T06:40:42.658+0000] {processor.py:161} INFO - Started process (PID=22519) to work on /opt/airflow/dags/dbt_model_dag.py
[2025-05-21T06:40:42.662+0000] {processor.py:830} INFO - Processing file /opt/airflow/dags/dbt_model_dag.py for tasks to queue
[2025-05-21T06:40:42.664+0000] {logging_mixin.py:188} INFO - [2025-05-21T06:40:42.664+0000] {dagbag.py:538} INFO - Filling up the DagBag from /opt/airflow/dags/dbt_model_dag.py
[2025-05-21T06:40:42.698+0000] {processor.py:840} INFO - DAG(s) 'run_dbt_models_after_ingestion' retrieved from /opt/airflow/dags/dbt_model_dag.py
[2025-05-21T06:40:42.739+0000] {logging_mixin.py:188} INFO - [2025-05-21T06:40:42.738+0000] {dag.py:3036} INFO - Sync 1 DAGs
[2025-05-21T06:40:42.753+0000] {logging_mixin.py:188} INFO - [2025-05-21T06:40:42.753+0000] {dag.py:3823} INFO - Setting next_dagrun for run_dbt_models_after_ingestion to None, run_after=None
[2025-05-21T06:40:42.769+0000] {processor.py:183} INFO - Processing /opt/airflow/dags/dbt_model_dag.py took 0.131 seconds
[2025-05-21T06:41:13.210+0000] {processor.py:161} INFO - Started process (PID=22529) to work on /opt/airflow/dags/dbt_model_dag.py
[2025-05-21T06:41:13.212+0000] {processor.py:830} INFO - Processing file /opt/airflow/dags/dbt_model_dag.py for tasks to queue
[2025-05-21T06:41:13.213+0000] {logging_mixin.py:188} INFO - [2025-05-21T06:41:13.213+0000] {dagbag.py:538} INFO - Filling up the DagBag from /opt/airflow/dags/dbt_model_dag.py
[2025-05-21T06:41:13.240+0000] {processor.py:840} INFO - DAG(s) 'run_dbt_models_after_ingestion' retrieved from /opt/airflow/dags/dbt_model_dag.py
[2025-05-21T06:41:13.282+0000] {logging_mixin.py:188} INFO - [2025-05-21T06:41:13.281+0000] {dag.py:3036} INFO - Sync 1 DAGs
[2025-05-21T06:41:13.296+0000] {logging_mixin.py:188} INFO - [2025-05-21T06:41:13.296+0000] {dag.py:3823} INFO - Setting next_dagrun for run_dbt_models_after_ingestion to None, run_after=None
[2025-05-21T06:41:13.311+0000] {processor.py:183} INFO - Processing /opt/airflow/dags/dbt_model_dag.py took 0.115 seconds
[2025-05-21T06:41:43.748+0000] {processor.py:161} INFO - Started process (PID=22539) to work on /opt/airflow/dags/dbt_model_dag.py
[2025-05-21T06:41:43.750+0000] {processor.py:830} INFO - Processing file /opt/airflow/dags/dbt_model_dag.py for tasks to queue
[2025-05-21T06:41:43.751+0000] {logging_mixin.py:188} INFO - [2025-05-21T06:41:43.751+0000] {dagbag.py:538} INFO - Filling up the DagBag from /opt/airflow/dags/dbt_model_dag.py
[2025-05-21T06:41:43.781+0000] {processor.py:840} INFO - DAG(s) 'run_dbt_models_after_ingestion' retrieved from /opt/airflow/dags/dbt_model_dag.py
[2025-05-21T06:41:43.829+0000] {logging_mixin.py:188} INFO - [2025-05-21T06:41:43.829+0000] {dag.py:3036} INFO - Sync 1 DAGs
[2025-05-21T06:41:43.849+0000] {logging_mixin.py:188} INFO - [2025-05-21T06:41:43.849+0000] {dag.py:3823} INFO - Setting next_dagrun for run_dbt_models_after_ingestion to None, run_after=None
[2025-05-21T06:41:43.863+0000] {processor.py:183} INFO - Processing /opt/airflow/dags/dbt_model_dag.py took 0.130 seconds
[2025-05-21T06:42:14.255+0000] {processor.py:161} INFO - Started process (PID=22549) to work on /opt/airflow/dags/dbt_model_dag.py
[2025-05-21T06:42:14.260+0000] {processor.py:830} INFO - Processing file /opt/airflow/dags/dbt_model_dag.py for tasks to queue
[2025-05-21T06:42:14.262+0000] {logging_mixin.py:188} INFO - [2025-05-21T06:42:14.262+0000] {dagbag.py:538} INFO - Filling up the DagBag from /opt/airflow/dags/dbt_model_dag.py
[2025-05-21T06:42:14.280+0000] {processor.py:840} INFO - DAG(s) 'run_dbt_models_after_ingestion' retrieved from /opt/airflow/dags/dbt_model_dag.py
[2025-05-21T06:42:14.325+0000] {logging_mixin.py:188} INFO - [2025-05-21T06:42:14.324+0000] {dag.py:3036} INFO - Sync 1 DAGs
[2025-05-21T06:42:14.338+0000] {logging_mixin.py:188} INFO - [2025-05-21T06:42:14.338+0000] {dag.py:3823} INFO - Setting next_dagrun for run_dbt_models_after_ingestion to None, run_after=None
[2025-05-21T06:42:14.358+0000] {processor.py:183} INFO - Processing /opt/airflow/dags/dbt_model_dag.py took 0.115 seconds
[2025-05-21T06:42:44.874+0000] {processor.py:161} INFO - Started process (PID=22559) to work on /opt/airflow/dags/dbt_model_dag.py
[2025-05-21T06:42:44.876+0000] {processor.py:830} INFO - Processing file /opt/airflow/dags/dbt_model_dag.py for tasks to queue
[2025-05-21T06:42:44.877+0000] {logging_mixin.py:188} INFO - [2025-05-21T06:42:44.876+0000] {dagbag.py:538} INFO - Filling up the DagBag from /opt/airflow/dags/dbt_model_dag.py
[2025-05-21T06:42:44.904+0000] {processor.py:840} INFO - DAG(s) 'run_dbt_models_after_ingestion' retrieved from /opt/airflow/dags/dbt_model_dag.py
[2025-05-21T06:42:44.946+0000] {logging_mixin.py:188} INFO - [2025-05-21T06:42:44.946+0000] {dag.py:3036} INFO - Sync 1 DAGs
[2025-05-21T06:42:44.962+0000] {logging_mixin.py:188} INFO - [2025-05-21T06:42:44.961+0000] {dag.py:3823} INFO - Setting next_dagrun for run_dbt_models_after_ingestion to None, run_after=None
[2025-05-21T06:42:44.982+0000] {processor.py:183} INFO - Processing /opt/airflow/dags/dbt_model_dag.py took 0.127 seconds
[2025-05-21T06:43:15.455+0000] {processor.py:161} INFO - Started process (PID=22569) to work on /opt/airflow/dags/dbt_model_dag.py
[2025-05-21T06:43:15.457+0000] {processor.py:830} INFO - Processing file /opt/airflow/dags/dbt_model_dag.py for tasks to queue
[2025-05-21T06:43:15.458+0000] {logging_mixin.py:188} INFO - [2025-05-21T06:43:15.458+0000] {dagbag.py:538} INFO - Filling up the DagBag from /opt/airflow/dags/dbt_model_dag.py
[2025-05-21T06:43:15.479+0000] {processor.py:840} INFO - DAG(s) 'run_dbt_models_after_ingestion' retrieved from /opt/airflow/dags/dbt_model_dag.py
[2025-05-21T06:43:15.511+0000] {logging_mixin.py:188} INFO - [2025-05-21T06:43:15.511+0000] {dag.py:3036} INFO - Sync 1 DAGs
[2025-05-21T06:43:15.522+0000] {logging_mixin.py:188} INFO - [2025-05-21T06:43:15.522+0000] {dag.py:3823} INFO - Setting next_dagrun for run_dbt_models_after_ingestion to None, run_after=None
[2025-05-21T06:43:15.535+0000] {processor.py:183} INFO - Processing /opt/airflow/dags/dbt_model_dag.py took 0.088 seconds
[2025-05-21T06:43:45.953+0000] {processor.py:161} INFO - Started process (PID=22579) to work on /opt/airflow/dags/dbt_model_dag.py
[2025-05-21T06:43:45.958+0000] {processor.py:830} INFO - Processing file /opt/airflow/dags/dbt_model_dag.py for tasks to queue
[2025-05-21T06:43:45.959+0000] {logging_mixin.py:188} INFO - [2025-05-21T06:43:45.959+0000] {dagbag.py:538} INFO - Filling up the DagBag from /opt/airflow/dags/dbt_model_dag.py
[2025-05-21T06:43:45.993+0000] {processor.py:840} INFO - DAG(s) 'run_dbt_models_after_ingestion' retrieved from /opt/airflow/dags/dbt_model_dag.py
[2025-05-21T06:43:46.040+0000] {logging_mixin.py:188} INFO - [2025-05-21T06:43:46.040+0000] {dag.py:3036} INFO - Sync 1 DAGs
[2025-05-21T06:43:46.056+0000] {logging_mixin.py:188} INFO - [2025-05-21T06:43:46.055+0000] {dag.py:3823} INFO - Setting next_dagrun for run_dbt_models_after_ingestion to None, run_after=None
[2025-05-21T06:43:46.073+0000] {processor.py:183} INFO - Processing /opt/airflow/dags/dbt_model_dag.py took 0.134 seconds
[2025-05-21T06:44:16.487+0000] {processor.py:161} INFO - Started process (PID=22589) to work on /opt/airflow/dags/dbt_model_dag.py
[2025-05-21T06:44:16.489+0000] {processor.py:830} INFO - Processing file /opt/airflow/dags/dbt_model_dag.py for tasks to queue
[2025-05-21T06:44:16.490+0000] {logging_mixin.py:188} INFO - [2025-05-21T06:44:16.490+0000] {dagbag.py:538} INFO - Filling up the DagBag from /opt/airflow/dags/dbt_model_dag.py
[2025-05-21T06:44:16.514+0000] {processor.py:840} INFO - DAG(s) 'run_dbt_models_after_ingestion' retrieved from /opt/airflow/dags/dbt_model_dag.py
[2025-05-21T06:44:16.557+0000] {logging_mixin.py:188} INFO - [2025-05-21T06:44:16.557+0000] {dag.py:3036} INFO - Sync 1 DAGs
[2025-05-21T06:44:16.572+0000] {logging_mixin.py:188} INFO - [2025-05-21T06:44:16.572+0000] {dag.py:3823} INFO - Setting next_dagrun for run_dbt_models_after_ingestion to None, run_after=None
[2025-05-21T06:44:16.588+0000] {processor.py:183} INFO - Processing /opt/airflow/dags/dbt_model_dag.py took 0.114 seconds
[2025-05-21T06:44:47.023+0000] {processor.py:161} INFO - Started process (PID=22599) to work on /opt/airflow/dags/dbt_model_dag.py
[2025-05-21T06:44:47.025+0000] {processor.py:830} INFO - Processing file /opt/airflow/dags/dbt_model_dag.py for tasks to queue
[2025-05-21T06:44:47.028+0000] {logging_mixin.py:188} INFO - [2025-05-21T06:44:47.027+0000] {dagbag.py:538} INFO - Filling up the DagBag from /opt/airflow/dags/dbt_model_dag.py
[2025-05-21T06:44:47.050+0000] {processor.py:840} INFO - DAG(s) 'run_dbt_models_after_ingestion' retrieved from /opt/airflow/dags/dbt_model_dag.py
[2025-05-21T06:44:47.088+0000] {logging_mixin.py:188} INFO - [2025-05-21T06:44:47.088+0000] {dag.py:3036} INFO - Sync 1 DAGs
[2025-05-21T06:44:47.104+0000] {logging_mixin.py:188} INFO - [2025-05-21T06:44:47.103+0000] {dag.py:3823} INFO - Setting next_dagrun for run_dbt_models_after_ingestion to None, run_after=None
[2025-05-21T06:44:47.119+0000] {processor.py:183} INFO - Processing /opt/airflow/dags/dbt_model_dag.py took 0.109 seconds
[2025-05-21T06:45:17.459+0000] {processor.py:161} INFO - Started process (PID=22609) to work on /opt/airflow/dags/dbt_model_dag.py
[2025-05-21T06:45:17.459+0000] {processor.py:830} INFO - Processing file /opt/airflow/dags/dbt_model_dag.py for tasks to queue
[2025-05-21T06:45:17.461+0000] {logging_mixin.py:188} INFO - [2025-05-21T06:45:17.460+0000] {dagbag.py:538} INFO - Filling up the DagBag from /opt/airflow/dags/dbt_model_dag.py
[2025-05-21T06:45:17.472+0000] {processor.py:840} INFO - DAG(s) 'run_dbt_models_after_ingestion' retrieved from /opt/airflow/dags/dbt_model_dag.py
[2025-05-21T06:45:17.492+0000] {logging_mixin.py:188} INFO - [2025-05-21T06:45:17.492+0000] {dag.py:3036} INFO - Sync 1 DAGs
[2025-05-21T06:45:17.498+0000] {logging_mixin.py:188} INFO - [2025-05-21T06:45:17.498+0000] {dag.py:3823} INFO - Setting next_dagrun for run_dbt_models_after_ingestion to None, run_after=None
[2025-05-21T06:45:17.507+0000] {processor.py:183} INFO - Processing /opt/airflow/dags/dbt_model_dag.py took 0.053 seconds
[2025-05-21T06:45:47.940+0000] {processor.py:161} INFO - Started process (PID=22619) to work on /opt/airflow/dags/dbt_model_dag.py
[2025-05-21T06:45:47.941+0000] {processor.py:830} INFO - Processing file /opt/airflow/dags/dbt_model_dag.py for tasks to queue
[2025-05-21T06:45:47.943+0000] {logging_mixin.py:188} INFO - [2025-05-21T06:45:47.942+0000] {dagbag.py:538} INFO - Filling up the DagBag from /opt/airflow/dags/dbt_model_dag.py
[2025-05-21T06:45:47.970+0000] {processor.py:840} INFO - DAG(s) 'run_dbt_models_after_ingestion' retrieved from /opt/airflow/dags/dbt_model_dag.py
[2025-05-21T06:45:48.007+0000] {logging_mixin.py:188} INFO - [2025-05-21T06:45:48.007+0000] {dag.py:3036} INFO - Sync 1 DAGs
[2025-05-21T06:45:48.022+0000] {logging_mixin.py:188} INFO - [2025-05-21T06:45:48.022+0000] {dag.py:3823} INFO - Setting next_dagrun for run_dbt_models_after_ingestion to None, run_after=None
[2025-05-21T06:45:48.038+0000] {processor.py:183} INFO - Processing /opt/airflow/dags/dbt_model_dag.py took 0.113 seconds
[2025-05-21T06:46:18.377+0000] {processor.py:161} INFO - Started process (PID=22629) to work on /opt/airflow/dags/dbt_model_dag.py
[2025-05-21T06:46:18.379+0000] {processor.py:830} INFO - Processing file /opt/airflow/dags/dbt_model_dag.py for tasks to queue
[2025-05-21T06:46:18.380+0000] {logging_mixin.py:188} INFO - [2025-05-21T06:46:18.379+0000] {dagbag.py:538} INFO - Filling up the DagBag from /opt/airflow/dags/dbt_model_dag.py
[2025-05-21T06:46:18.388+0000] {processor.py:840} INFO - DAG(s) 'run_dbt_models_after_ingestion' retrieved from /opt/airflow/dags/dbt_model_dag.py
[2025-05-21T06:46:18.418+0000] {logging_mixin.py:188} INFO - [2025-05-21T06:46:18.417+0000] {dag.py:3036} INFO - Sync 1 DAGs
[2025-05-21T06:46:18.425+0000] {logging_mixin.py:188} INFO - [2025-05-21T06:46:18.425+0000] {dag.py:3823} INFO - Setting next_dagrun for run_dbt_models_after_ingestion to None, run_after=None
[2025-05-21T06:46:18.437+0000] {processor.py:183} INFO - Processing /opt/airflow/dags/dbt_model_dag.py took 0.066 seconds
[2025-05-21T06:46:48.817+0000] {processor.py:161} INFO - Started process (PID=22639) to work on /opt/airflow/dags/dbt_model_dag.py
[2025-05-21T06:46:48.822+0000] {processor.py:830} INFO - Processing file /opt/airflow/dags/dbt_model_dag.py for tasks to queue
[2025-05-21T06:46:48.824+0000] {logging_mixin.py:188} INFO - [2025-05-21T06:46:48.823+0000] {dagbag.py:538} INFO - Filling up the DagBag from /opt/airflow/dags/dbt_model_dag.py
[2025-05-21T06:46:48.866+0000] {processor.py:840} INFO - DAG(s) 'run_dbt_models_after_ingestion' retrieved from /opt/airflow/dags/dbt_model_dag.py
[2025-05-21T06:46:48.916+0000] {logging_mixin.py:188} INFO - [2025-05-21T06:46:48.916+0000] {dag.py:3036} INFO - Sync 1 DAGs
[2025-05-21T06:46:48.932+0000] {logging_mixin.py:188} INFO - [2025-05-21T06:46:48.932+0000] {dag.py:3823} INFO - Setting next_dagrun for run_dbt_models_after_ingestion to None, run_after=None
[2025-05-21T06:46:48.955+0000] {processor.py:183} INFO - Processing /opt/airflow/dags/dbt_model_dag.py took 0.152 seconds
[2025-05-21T06:47:19.375+0000] {processor.py:161} INFO - Started process (PID=22649) to work on /opt/airflow/dags/dbt_model_dag.py
[2025-05-21T06:47:19.377+0000] {processor.py:830} INFO - Processing file /opt/airflow/dags/dbt_model_dag.py for tasks to queue
[2025-05-21T06:47:19.378+0000] {logging_mixin.py:188} INFO - [2025-05-21T06:47:19.377+0000] {dagbag.py:538} INFO - Filling up the DagBag from /opt/airflow/dags/dbt_model_dag.py
[2025-05-21T06:47:19.410+0000] {processor.py:840} INFO - DAG(s) 'run_dbt_models_after_ingestion' retrieved from /opt/airflow/dags/dbt_model_dag.py
[2025-05-21T06:47:19.458+0000] {logging_mixin.py:188} INFO - [2025-05-21T06:47:19.458+0000] {dag.py:3036} INFO - Sync 1 DAGs
[2025-05-21T06:47:19.475+0000] {logging_mixin.py:188} INFO - [2025-05-21T06:47:19.475+0000] {dag.py:3823} INFO - Setting next_dagrun for run_dbt_models_after_ingestion to None, run_after=None
[2025-05-21T06:47:19.493+0000] {processor.py:183} INFO - Processing /opt/airflow/dags/dbt_model_dag.py took 0.134 seconds
[2025-05-21T06:47:49.956+0000] {processor.py:161} INFO - Started process (PID=22659) to work on /opt/airflow/dags/dbt_model_dag.py
[2025-05-21T06:47:49.959+0000] {processor.py:830} INFO - Processing file /opt/airflow/dags/dbt_model_dag.py for tasks to queue
[2025-05-21T06:47:49.961+0000] {logging_mixin.py:188} INFO - [2025-05-21T06:47:49.961+0000] {dagbag.py:538} INFO - Filling up the DagBag from /opt/airflow/dags/dbt_model_dag.py
[2025-05-21T06:47:49.986+0000] {processor.py:840} INFO - DAG(s) 'run_dbt_models_after_ingestion' retrieved from /opt/airflow/dags/dbt_model_dag.py
[2025-05-21T06:47:50.031+0000] {logging_mixin.py:188} INFO - [2025-05-21T06:47:50.031+0000] {dag.py:3036} INFO - Sync 1 DAGs
[2025-05-21T06:47:50.047+0000] {logging_mixin.py:188} INFO - [2025-05-21T06:47:50.047+0000] {dag.py:3823} INFO - Setting next_dagrun for run_dbt_models_after_ingestion to None, run_after=None
[2025-05-21T06:47:50.061+0000] {processor.py:183} INFO - Processing /opt/airflow/dags/dbt_model_dag.py took 0.120 seconds
[2025-05-21T06:48:20.511+0000] {processor.py:161} INFO - Started process (PID=22669) to work on /opt/airflow/dags/dbt_model_dag.py
[2025-05-21T06:48:20.515+0000] {processor.py:830} INFO - Processing file /opt/airflow/dags/dbt_model_dag.py for tasks to queue
[2025-05-21T06:48:20.519+0000] {logging_mixin.py:188} INFO - [2025-05-21T06:48:20.518+0000] {dagbag.py:538} INFO - Filling up the DagBag from /opt/airflow/dags/dbt_model_dag.py
[2025-05-21T06:48:20.543+0000] {processor.py:840} INFO - DAG(s) 'run_dbt_models_after_ingestion' retrieved from /opt/airflow/dags/dbt_model_dag.py
[2025-05-21T06:48:20.587+0000] {logging_mixin.py:188} INFO - [2025-05-21T06:48:20.587+0000] {dag.py:3036} INFO - Sync 1 DAGs
[2025-05-21T06:48:20.603+0000] {logging_mixin.py:188} INFO - [2025-05-21T06:48:20.603+0000] {dag.py:3823} INFO - Setting next_dagrun for run_dbt_models_after_ingestion to None, run_after=None
[2025-05-21T06:48:20.621+0000] {processor.py:183} INFO - Processing /opt/airflow/dags/dbt_model_dag.py took 0.130 seconds
[2025-05-21T06:48:51.035+0000] {processor.py:161} INFO - Started process (PID=22679) to work on /opt/airflow/dags/dbt_model_dag.py
[2025-05-21T06:48:51.038+0000] {processor.py:830} INFO - Processing file /opt/airflow/dags/dbt_model_dag.py for tasks to queue
[2025-05-21T06:48:51.040+0000] {logging_mixin.py:188} INFO - [2025-05-21T06:48:51.039+0000] {dagbag.py:538} INFO - Filling up the DagBag from /opt/airflow/dags/dbt_model_dag.py
[2025-05-21T06:48:51.057+0000] {processor.py:840} INFO - DAG(s) 'run_dbt_models_after_ingestion' retrieved from /opt/airflow/dags/dbt_model_dag.py
[2025-05-21T06:48:51.098+0000] {logging_mixin.py:188} INFO - [2025-05-21T06:48:51.097+0000] {dag.py:3036} INFO - Sync 1 DAGs
[2025-05-21T06:48:51.112+0000] {logging_mixin.py:188} INFO - [2025-05-21T06:48:51.112+0000] {dag.py:3823} INFO - Setting next_dagrun for run_dbt_models_after_ingestion to None, run_after=None
[2025-05-21T06:48:51.126+0000] {processor.py:183} INFO - Processing /opt/airflow/dags/dbt_model_dag.py took 0.099 seconds
[2025-05-21T06:49:21.592+0000] {processor.py:161} INFO - Started process (PID=22689) to work on /opt/airflow/dags/dbt_model_dag.py
[2025-05-21T06:49:21.594+0000] {processor.py:830} INFO - Processing file /opt/airflow/dags/dbt_model_dag.py for tasks to queue
[2025-05-21T06:49:21.596+0000] {logging_mixin.py:188} INFO - [2025-05-21T06:49:21.595+0000] {dagbag.py:538} INFO - Filling up the DagBag from /opt/airflow/dags/dbt_model_dag.py
[2025-05-21T06:49:21.622+0000] {processor.py:840} INFO - DAG(s) 'run_dbt_models_after_ingestion' retrieved from /opt/airflow/dags/dbt_model_dag.py
[2025-05-21T06:49:21.668+0000] {logging_mixin.py:188} INFO - [2025-05-21T06:49:21.668+0000] {dag.py:3036} INFO - Sync 1 DAGs
[2025-05-21T06:49:21.689+0000] {logging_mixin.py:188} INFO - [2025-05-21T06:49:21.688+0000] {dag.py:3823} INFO - Setting next_dagrun for run_dbt_models_after_ingestion to None, run_after=None
[2025-05-21T06:49:21.706+0000] {processor.py:183} INFO - Processing /opt/airflow/dags/dbt_model_dag.py took 0.128 seconds
[2025-05-21T06:49:52.021+0000] {processor.py:161} INFO - Started process (PID=22699) to work on /opt/airflow/dags/dbt_model_dag.py
[2025-05-21T06:49:52.023+0000] {processor.py:830} INFO - Processing file /opt/airflow/dags/dbt_model_dag.py for tasks to queue
[2025-05-21T06:49:52.025+0000] {logging_mixin.py:188} INFO - [2025-05-21T06:49:52.024+0000] {dagbag.py:538} INFO - Filling up the DagBag from /opt/airflow/dags/dbt_model_dag.py
[2025-05-21T06:49:52.054+0000] {processor.py:840} INFO - DAG(s) 'run_dbt_models_after_ingestion' retrieved from /opt/airflow/dags/dbt_model_dag.py
[2025-05-21T06:49:52.092+0000] {logging_mixin.py:188} INFO - [2025-05-21T06:49:52.092+0000] {dag.py:3036} INFO - Sync 1 DAGs
[2025-05-21T06:49:52.107+0000] {logging_mixin.py:188} INFO - [2025-05-21T06:49:52.106+0000] {dag.py:3823} INFO - Setting next_dagrun for run_dbt_models_after_ingestion to None, run_after=None
[2025-05-21T06:49:52.122+0000] {processor.py:183} INFO - Processing /opt/airflow/dags/dbt_model_dag.py took 0.113 seconds
[2025-05-21T06:50:22.560+0000] {processor.py:161} INFO - Started process (PID=22709) to work on /opt/airflow/dags/dbt_model_dag.py
[2025-05-21T06:50:22.562+0000] {processor.py:830} INFO - Processing file /opt/airflow/dags/dbt_model_dag.py for tasks to queue
[2025-05-21T06:50:22.564+0000] {logging_mixin.py:188} INFO - [2025-05-21T06:50:22.564+0000] {dagbag.py:538} INFO - Filling up the DagBag from /opt/airflow/dags/dbt_model_dag.py
[2025-05-21T06:50:22.593+0000] {processor.py:840} INFO - DAG(s) 'run_dbt_models_after_ingestion' retrieved from /opt/airflow/dags/dbt_model_dag.py
[2025-05-21T06:50:22.632+0000] {logging_mixin.py:188} INFO - [2025-05-21T06:50:22.632+0000] {dag.py:3036} INFO - Sync 1 DAGs
[2025-05-21T06:50:22.647+0000] {logging_mixin.py:188} INFO - [2025-05-21T06:50:22.647+0000] {dag.py:3823} INFO - Setting next_dagrun for run_dbt_models_after_ingestion to None, run_after=None
[2025-05-21T06:50:22.662+0000] {processor.py:183} INFO - Processing /opt/airflow/dags/dbt_model_dag.py took 0.115 seconds
[2025-05-21T06:50:53.140+0000] {processor.py:161} INFO - Started process (PID=22719) to work on /opt/airflow/dags/dbt_model_dag.py
[2025-05-21T06:50:53.144+0000] {processor.py:830} INFO - Processing file /opt/airflow/dags/dbt_model_dag.py for tasks to queue
[2025-05-21T06:50:53.145+0000] {logging_mixin.py:188} INFO - [2025-05-21T06:50:53.145+0000] {dagbag.py:538} INFO - Filling up the DagBag from /opt/airflow/dags/dbt_model_dag.py
[2025-05-21T06:50:53.166+0000] {processor.py:840} INFO - DAG(s) 'run_dbt_models_after_ingestion' retrieved from /opt/airflow/dags/dbt_model_dag.py
[2025-05-21T06:50:53.209+0000] {logging_mixin.py:188} INFO - [2025-05-21T06:50:53.209+0000] {dag.py:3036} INFO - Sync 1 DAGs
[2025-05-21T06:50:53.221+0000] {logging_mixin.py:188} INFO - [2025-05-21T06:50:53.221+0000] {dag.py:3823} INFO - Setting next_dagrun for run_dbt_models_after_ingestion to None, run_after=None
[2025-05-21T06:50:53.235+0000] {processor.py:183} INFO - Processing /opt/airflow/dags/dbt_model_dag.py took 0.104 seconds
[2025-05-21T06:51:23.651+0000] {processor.py:161} INFO - Started process (PID=22729) to work on /opt/airflow/dags/dbt_model_dag.py
[2025-05-21T06:51:23.653+0000] {processor.py:830} INFO - Processing file /opt/airflow/dags/dbt_model_dag.py for tasks to queue
[2025-05-21T06:51:23.654+0000] {logging_mixin.py:188} INFO - [2025-05-21T06:51:23.654+0000] {dagbag.py:538} INFO - Filling up the DagBag from /opt/airflow/dags/dbt_model_dag.py
[2025-05-21T06:51:23.682+0000] {processor.py:840} INFO - DAG(s) 'run_dbt_models_after_ingestion' retrieved from /opt/airflow/dags/dbt_model_dag.py
[2025-05-21T06:51:23.722+0000] {logging_mixin.py:188} INFO - [2025-05-21T06:51:23.722+0000] {dag.py:3036} INFO - Sync 1 DAGs
[2025-05-21T06:51:23.737+0000] {logging_mixin.py:188} INFO - [2025-05-21T06:51:23.736+0000] {dag.py:3823} INFO - Setting next_dagrun for run_dbt_models_after_ingestion to None, run_after=None
[2025-05-21T06:51:23.751+0000] {processor.py:183} INFO - Processing /opt/airflow/dags/dbt_model_dag.py took 0.109 seconds
[2025-05-21T06:51:54.181+0000] {processor.py:161} INFO - Started process (PID=22739) to work on /opt/airflow/dags/dbt_model_dag.py
[2025-05-21T06:51:54.182+0000] {processor.py:830} INFO - Processing file /opt/airflow/dags/dbt_model_dag.py for tasks to queue
[2025-05-21T06:51:54.184+0000] {logging_mixin.py:188} INFO - [2025-05-21T06:51:54.183+0000] {dagbag.py:538} INFO - Filling up the DagBag from /opt/airflow/dags/dbt_model_dag.py
[2025-05-21T06:51:54.209+0000] {processor.py:840} INFO - DAG(s) 'run_dbt_models_after_ingestion' retrieved from /opt/airflow/dags/dbt_model_dag.py
[2025-05-21T06:51:54.243+0000] {logging_mixin.py:188} INFO - [2025-05-21T06:51:54.243+0000] {dag.py:3036} INFO - Sync 1 DAGs
[2025-05-21T06:51:54.258+0000] {logging_mixin.py:188} INFO - [2025-05-21T06:51:54.258+0000] {dag.py:3823} INFO - Setting next_dagrun for run_dbt_models_after_ingestion to None, run_after=None
[2025-05-21T06:51:54.272+0000] {processor.py:183} INFO - Processing /opt/airflow/dags/dbt_model_dag.py took 0.100 seconds
[2025-05-21T06:52:24.729+0000] {processor.py:161} INFO - Started process (PID=22749) to work on /opt/airflow/dags/dbt_model_dag.py
[2025-05-21T06:52:24.732+0000] {processor.py:830} INFO - Processing file /opt/airflow/dags/dbt_model_dag.py for tasks to queue
[2025-05-21T06:52:24.733+0000] {logging_mixin.py:188} INFO - [2025-05-21T06:52:24.732+0000] {dagbag.py:538} INFO - Filling up the DagBag from /opt/airflow/dags/dbt_model_dag.py
[2025-05-21T06:52:24.762+0000] {processor.py:840} INFO - DAG(s) 'run_dbt_models_after_ingestion' retrieved from /opt/airflow/dags/dbt_model_dag.py
[2025-05-21T06:52:24.805+0000] {logging_mixin.py:188} INFO - [2025-05-21T06:52:24.805+0000] {dag.py:3036} INFO - Sync 1 DAGs
[2025-05-21T06:52:24.820+0000] {logging_mixin.py:188} INFO - [2025-05-21T06:52:24.820+0000] {dag.py:3823} INFO - Setting next_dagrun for run_dbt_models_after_ingestion to None, run_after=None
[2025-05-21T06:52:24.837+0000] {processor.py:183} INFO - Processing /opt/airflow/dags/dbt_model_dag.py took 0.122 seconds
[2025-05-21T06:52:55.233+0000] {processor.py:161} INFO - Started process (PID=22759) to work on /opt/airflow/dags/dbt_model_dag.py
[2025-05-21T06:52:55.236+0000] {processor.py:830} INFO - Processing file /opt/airflow/dags/dbt_model_dag.py for tasks to queue
[2025-05-21T06:52:55.236+0000] {logging_mixin.py:188} INFO - [2025-05-21T06:52:55.236+0000] {dagbag.py:538} INFO - Filling up the DagBag from /opt/airflow/dags/dbt_model_dag.py
[2025-05-21T06:52:55.259+0000] {processor.py:840} INFO - DAG(s) 'run_dbt_models_after_ingestion' retrieved from /opt/airflow/dags/dbt_model_dag.py
[2025-05-21T06:52:55.299+0000] {logging_mixin.py:188} INFO - [2025-05-21T06:52:55.298+0000] {dag.py:3036} INFO - Sync 1 DAGs
[2025-05-21T06:52:55.311+0000] {logging_mixin.py:188} INFO - [2025-05-21T06:52:55.311+0000] {dag.py:3823} INFO - Setting next_dagrun for run_dbt_models_after_ingestion to None, run_after=None
[2025-05-21T06:52:55.328+0000] {processor.py:183} INFO - Processing /opt/airflow/dags/dbt_model_dag.py took 0.110 seconds
[2025-05-21T06:53:25.775+0000] {processor.py:161} INFO - Started process (PID=22769) to work on /opt/airflow/dags/dbt_model_dag.py
[2025-05-21T06:53:25.780+0000] {processor.py:830} INFO - Processing file /opt/airflow/dags/dbt_model_dag.py for tasks to queue
[2025-05-21T06:53:25.781+0000] {logging_mixin.py:188} INFO - [2025-05-21T06:53:25.781+0000] {dagbag.py:538} INFO - Filling up the DagBag from /opt/airflow/dags/dbt_model_dag.py
[2025-05-21T06:53:25.810+0000] {processor.py:840} INFO - DAG(s) 'run_dbt_models_after_ingestion' retrieved from /opt/airflow/dags/dbt_model_dag.py
[2025-05-21T06:53:25.858+0000] {logging_mixin.py:188} INFO - [2025-05-21T06:53:25.857+0000] {dag.py:3036} INFO - Sync 1 DAGs
[2025-05-21T06:53:25.873+0000] {logging_mixin.py:188} INFO - [2025-05-21T06:53:25.873+0000] {dag.py:3823} INFO - Setting next_dagrun for run_dbt_models_after_ingestion to None, run_after=None
[2025-05-21T06:53:25.890+0000] {processor.py:183} INFO - Processing /opt/airflow/dags/dbt_model_dag.py took 0.130 seconds
[2025-05-21T06:53:56.286+0000] {processor.py:161} INFO - Started process (PID=22779) to work on /opt/airflow/dags/dbt_model_dag.py
[2025-05-21T06:53:56.287+0000] {processor.py:830} INFO - Processing file /opt/airflow/dags/dbt_model_dag.py for tasks to queue
[2025-05-21T06:53:56.288+0000] {logging_mixin.py:188} INFO - [2025-05-21T06:53:56.288+0000] {dagbag.py:538} INFO - Filling up the DagBag from /opt/airflow/dags/dbt_model_dag.py
[2025-05-21T06:53:56.312+0000] {processor.py:840} INFO - DAG(s) 'run_dbt_models_after_ingestion' retrieved from /opt/airflow/dags/dbt_model_dag.py
[2025-05-21T06:53:56.358+0000] {logging_mixin.py:188} INFO - [2025-05-21T06:53:56.358+0000] {dag.py:3036} INFO - Sync 1 DAGs
[2025-05-21T06:53:56.372+0000] {logging_mixin.py:188} INFO - [2025-05-21T06:53:56.372+0000] {dag.py:3823} INFO - Setting next_dagrun for run_dbt_models_after_ingestion to None, run_after=None
[2025-05-21T06:53:56.388+0000] {processor.py:183} INFO - Processing /opt/airflow/dags/dbt_model_dag.py took 0.112 seconds
[2025-05-21T06:54:26.900+0000] {processor.py:161} INFO - Started process (PID=22789) to work on /opt/airflow/dags/dbt_model_dag.py
[2025-05-21T06:54:26.903+0000] {processor.py:830} INFO - Processing file /opt/airflow/dags/dbt_model_dag.py for tasks to queue
[2025-05-21T06:54:26.906+0000] {logging_mixin.py:188} INFO - [2025-05-21T06:54:26.906+0000] {dagbag.py:538} INFO - Filling up the DagBag from /opt/airflow/dags/dbt_model_dag.py
[2025-05-21T06:54:26.930+0000] {processor.py:840} INFO - DAG(s) 'run_dbt_models_after_ingestion' retrieved from /opt/airflow/dags/dbt_model_dag.py
[2025-05-21T06:54:26.976+0000] {logging_mixin.py:188} INFO - [2025-05-21T06:54:26.976+0000] {dag.py:3036} INFO - Sync 1 DAGs
[2025-05-21T06:54:26.989+0000] {logging_mixin.py:188} INFO - [2025-05-21T06:54:26.989+0000] {dag.py:3823} INFO - Setting next_dagrun for run_dbt_models_after_ingestion to None, run_after=None
[2025-05-21T06:54:27.004+0000] {processor.py:183} INFO - Processing /opt/airflow/dags/dbt_model_dag.py took 0.116 seconds
[2025-05-21T06:54:57.230+0000] {processor.py:161} INFO - Started process (PID=22801) to work on /opt/airflow/dags/dbt_model_dag.py
[2025-05-21T06:54:57.232+0000] {processor.py:830} INFO - Processing file /opt/airflow/dags/dbt_model_dag.py for tasks to queue
[2025-05-21T06:54:57.234+0000] {logging_mixin.py:188} INFO - [2025-05-21T06:54:57.233+0000] {dagbag.py:538} INFO - Filling up the DagBag from /opt/airflow/dags/dbt_model_dag.py
[2025-05-21T06:54:57.263+0000] {processor.py:840} INFO - DAG(s) 'run_dbt_models_after_ingestion' retrieved from /opt/airflow/dags/dbt_model_dag.py
[2025-05-21T06:54:57.311+0000] {logging_mixin.py:188} INFO - [2025-05-21T06:54:57.311+0000] {dag.py:3036} INFO - Sync 1 DAGs
[2025-05-21T06:54:57.328+0000] {logging_mixin.py:188} INFO - [2025-05-21T06:54:57.328+0000] {dag.py:3823} INFO - Setting next_dagrun for run_dbt_models_after_ingestion to None, run_after=None
[2025-05-21T06:54:57.345+0000] {processor.py:183} INFO - Processing /opt/airflow/dags/dbt_model_dag.py took 0.124 seconds
[2025-05-21T06:55:27.809+0000] {processor.py:161} INFO - Started process (PID=22811) to work on /opt/airflow/dags/dbt_model_dag.py
[2025-05-21T06:55:27.814+0000] {processor.py:830} INFO - Processing file /opt/airflow/dags/dbt_model_dag.py for tasks to queue
[2025-05-21T06:55:27.815+0000] {logging_mixin.py:188} INFO - [2025-05-21T06:55:27.814+0000] {dagbag.py:538} INFO - Filling up the DagBag from /opt/airflow/dags/dbt_model_dag.py
[2025-05-21T06:55:27.842+0000] {processor.py:840} INFO - DAG(s) 'run_dbt_models_after_ingestion' retrieved from /opt/airflow/dags/dbt_model_dag.py
[2025-05-21T06:55:27.882+0000] {logging_mixin.py:188} INFO - [2025-05-21T06:55:27.882+0000] {dag.py:3036} INFO - Sync 1 DAGs
[2025-05-21T06:55:27.895+0000] {logging_mixin.py:188} INFO - [2025-05-21T06:55:27.894+0000] {dag.py:3823} INFO - Setting next_dagrun for run_dbt_models_after_ingestion to None, run_after=None
[2025-05-21T06:55:27.913+0000] {processor.py:183} INFO - Processing /opt/airflow/dags/dbt_model_dag.py took 0.113 seconds
[2025-05-21T06:55:58.377+0000] {processor.py:161} INFO - Started process (PID=22821) to work on /opt/airflow/dags/dbt_model_dag.py
[2025-05-21T06:55:58.380+0000] {processor.py:830} INFO - Processing file /opt/airflow/dags/dbt_model_dag.py for tasks to queue
[2025-05-21T06:55:58.381+0000] {logging_mixin.py:188} INFO - [2025-05-21T06:55:58.381+0000] {dagbag.py:538} INFO - Filling up the DagBag from /opt/airflow/dags/dbt_model_dag.py
[2025-05-21T06:55:58.407+0000] {processor.py:840} INFO - DAG(s) 'run_dbt_models_after_ingestion' retrieved from /opt/airflow/dags/dbt_model_dag.py
[2025-05-21T06:55:58.451+0000] {logging_mixin.py:188} INFO - [2025-05-21T06:55:58.451+0000] {dag.py:3036} INFO - Sync 1 DAGs
[2025-05-21T06:55:58.464+0000] {logging_mixin.py:188} INFO - [2025-05-21T06:55:58.464+0000] {dag.py:3823} INFO - Setting next_dagrun for run_dbt_models_after_ingestion to None, run_after=None
[2025-05-21T06:55:58.481+0000] {processor.py:183} INFO - Processing /opt/airflow/dags/dbt_model_dag.py took 0.122 seconds
[2025-05-21T06:56:28.834+0000] {processor.py:161} INFO - Started process (PID=22831) to work on /opt/airflow/dags/dbt_model_dag.py
[2025-05-21T06:56:28.836+0000] {processor.py:830} INFO - Processing file /opt/airflow/dags/dbt_model_dag.py for tasks to queue
[2025-05-21T06:56:28.838+0000] {logging_mixin.py:188} INFO - [2025-05-21T06:56:28.838+0000] {dagbag.py:538} INFO - Filling up the DagBag from /opt/airflow/dags/dbt_model_dag.py
[2025-05-21T06:56:28.867+0000] {processor.py:840} INFO - DAG(s) 'run_dbt_models_after_ingestion' retrieved from /opt/airflow/dags/dbt_model_dag.py
[2025-05-21T06:56:28.907+0000] {logging_mixin.py:188} INFO - [2025-05-21T06:56:28.907+0000] {dag.py:3036} INFO - Sync 1 DAGs
[2025-05-21T06:56:28.923+0000] {logging_mixin.py:188} INFO - [2025-05-21T06:56:28.923+0000] {dag.py:3823} INFO - Setting next_dagrun for run_dbt_models_after_ingestion to None, run_after=None
[2025-05-21T06:56:28.937+0000] {processor.py:183} INFO - Processing /opt/airflow/dags/dbt_model_dag.py took 0.114 seconds
[2025-05-21T06:56:59.420+0000] {processor.py:161} INFO - Started process (PID=22841) to work on /opt/airflow/dags/dbt_model_dag.py
[2025-05-21T06:56:59.422+0000] {processor.py:830} INFO - Processing file /opt/airflow/dags/dbt_model_dag.py for tasks to queue
[2025-05-21T06:56:59.423+0000] {logging_mixin.py:188} INFO - [2025-05-21T06:56:59.423+0000] {dagbag.py:538} INFO - Filling up the DagBag from /opt/airflow/dags/dbt_model_dag.py
[2025-05-21T06:56:59.446+0000] {processor.py:840} INFO - DAG(s) 'run_dbt_models_after_ingestion' retrieved from /opt/airflow/dags/dbt_model_dag.py
[2025-05-21T06:56:59.482+0000] {logging_mixin.py:188} INFO - [2025-05-21T06:56:59.482+0000] {dag.py:3036} INFO - Sync 1 DAGs
[2025-05-21T06:56:59.497+0000] {logging_mixin.py:188} INFO - [2025-05-21T06:56:59.497+0000] {dag.py:3823} INFO - Setting next_dagrun for run_dbt_models_after_ingestion to None, run_after=None
[2025-05-21T06:56:59.512+0000] {processor.py:183} INFO - Processing /opt/airflow/dags/dbt_model_dag.py took 0.105 seconds
[2025-05-21T06:57:29.937+0000] {processor.py:161} INFO - Started process (PID=22851) to work on /opt/airflow/dags/dbt_model_dag.py
[2025-05-21T06:57:29.940+0000] {processor.py:830} INFO - Processing file /opt/airflow/dags/dbt_model_dag.py for tasks to queue
[2025-05-21T06:57:29.942+0000] {logging_mixin.py:188} INFO - [2025-05-21T06:57:29.942+0000] {dagbag.py:538} INFO - Filling up the DagBag from /opt/airflow/dags/dbt_model_dag.py
[2025-05-21T06:57:29.969+0000] {processor.py:840} INFO - DAG(s) 'run_dbt_models_after_ingestion' retrieved from /opt/airflow/dags/dbt_model_dag.py
[2025-05-21T06:57:30.009+0000] {logging_mixin.py:188} INFO - [2025-05-21T06:57:30.009+0000] {dag.py:3036} INFO - Sync 1 DAGs
[2025-05-21T06:57:30.024+0000] {logging_mixin.py:188} INFO - [2025-05-21T06:57:30.024+0000] {dag.py:3823} INFO - Setting next_dagrun for run_dbt_models_after_ingestion to None, run_after=None
[2025-05-21T06:57:30.037+0000] {processor.py:183} INFO - Processing /opt/airflow/dags/dbt_model_dag.py took 0.110 seconds
[2025-05-21T06:58:00.506+0000] {processor.py:161} INFO - Started process (PID=22861) to work on /opt/airflow/dags/dbt_model_dag.py
[2025-05-21T06:58:00.509+0000] {processor.py:830} INFO - Processing file /opt/airflow/dags/dbt_model_dag.py for tasks to queue
[2025-05-21T06:58:00.511+0000] {logging_mixin.py:188} INFO - [2025-05-21T06:58:00.510+0000] {dagbag.py:538} INFO - Filling up the DagBag from /opt/airflow/dags/dbt_model_dag.py
[2025-05-21T06:58:00.532+0000] {processor.py:840} INFO - DAG(s) 'run_dbt_models_after_ingestion' retrieved from /opt/airflow/dags/dbt_model_dag.py
[2025-05-21T06:58:00.572+0000] {logging_mixin.py:188} INFO - [2025-05-21T06:58:00.572+0000] {dag.py:3036} INFO - Sync 1 DAGs
[2025-05-21T06:58:00.588+0000] {logging_mixin.py:188} INFO - [2025-05-21T06:58:00.588+0000] {dag.py:3823} INFO - Setting next_dagrun for run_dbt_models_after_ingestion to None, run_after=None
[2025-05-21T06:58:00.603+0000] {processor.py:183} INFO - Processing /opt/airflow/dags/dbt_model_dag.py took 0.106 seconds
[2025-05-21T06:58:31.067+0000] {processor.py:161} INFO - Started process (PID=22871) to work on /opt/airflow/dags/dbt_model_dag.py
[2025-05-21T06:58:31.069+0000] {processor.py:830} INFO - Processing file /opt/airflow/dags/dbt_model_dag.py for tasks to queue
[2025-05-21T06:58:31.070+0000] {logging_mixin.py:188} INFO - [2025-05-21T06:58:31.070+0000] {dagbag.py:538} INFO - Filling up the DagBag from /opt/airflow/dags/dbt_model_dag.py
[2025-05-21T06:58:31.096+0000] {processor.py:840} INFO - DAG(s) 'run_dbt_models_after_ingestion' retrieved from /opt/airflow/dags/dbt_model_dag.py
[2025-05-21T06:58:31.138+0000] {logging_mixin.py:188} INFO - [2025-05-21T06:58:31.138+0000] {dag.py:3036} INFO - Sync 1 DAGs
[2025-05-21T06:58:31.155+0000] {logging_mixin.py:188} INFO - [2025-05-21T06:58:31.155+0000] {dag.py:3823} INFO - Setting next_dagrun for run_dbt_models_after_ingestion to None, run_after=None
[2025-05-21T06:58:31.173+0000] {processor.py:183} INFO - Processing /opt/airflow/dags/dbt_model_dag.py took 0.122 seconds
[2025-05-21T06:59:01.657+0000] {processor.py:161} INFO - Started process (PID=22881) to work on /opt/airflow/dags/dbt_model_dag.py
[2025-05-21T06:59:01.661+0000] {processor.py:830} INFO - Processing file /opt/airflow/dags/dbt_model_dag.py for tasks to queue
[2025-05-21T06:59:01.663+0000] {logging_mixin.py:188} INFO - [2025-05-21T06:59:01.663+0000] {dagbag.py:538} INFO - Filling up the DagBag from /opt/airflow/dags/dbt_model_dag.py
[2025-05-21T06:59:01.690+0000] {processor.py:840} INFO - DAG(s) 'run_dbt_models_after_ingestion' retrieved from /opt/airflow/dags/dbt_model_dag.py
[2025-05-21T06:59:01.733+0000] {logging_mixin.py:188} INFO - [2025-05-21T06:59:01.732+0000] {dag.py:3036} INFO - Sync 1 DAGs
[2025-05-21T06:59:01.744+0000] {logging_mixin.py:188} INFO - [2025-05-21T06:59:01.744+0000] {dag.py:3823} INFO - Setting next_dagrun for run_dbt_models_after_ingestion to None, run_after=None
[2025-05-21T06:59:01.761+0000] {processor.py:183} INFO - Processing /opt/airflow/dags/dbt_model_dag.py took 0.119 seconds
[2025-05-21T06:59:32.233+0000] {processor.py:161} INFO - Started process (PID=22891) to work on /opt/airflow/dags/dbt_model_dag.py
[2025-05-21T06:59:32.235+0000] {processor.py:830} INFO - Processing file /opt/airflow/dags/dbt_model_dag.py for tasks to queue
[2025-05-21T06:59:32.237+0000] {logging_mixin.py:188} INFO - [2025-05-21T06:59:32.236+0000] {dagbag.py:538} INFO - Filling up the DagBag from /opt/airflow/dags/dbt_model_dag.py
[2025-05-21T06:59:32.258+0000] {processor.py:840} INFO - DAG(s) 'run_dbt_models_after_ingestion' retrieved from /opt/airflow/dags/dbt_model_dag.py
[2025-05-21T06:59:32.295+0000] {logging_mixin.py:188} INFO - [2025-05-21T06:59:32.295+0000] {dag.py:3036} INFO - Sync 1 DAGs
[2025-05-21T06:59:32.308+0000] {logging_mixin.py:188} INFO - [2025-05-21T06:59:32.308+0000] {dag.py:3823} INFO - Setting next_dagrun for run_dbt_models_after_ingestion to None, run_after=None
[2025-05-21T06:59:32.322+0000] {processor.py:183} INFO - Processing /opt/airflow/dags/dbt_model_dag.py took 0.097 seconds
[2025-05-21T07:00:02.764+0000] {processor.py:161} INFO - Started process (PID=22901) to work on /opt/airflow/dags/dbt_model_dag.py
[2025-05-21T07:00:02.767+0000] {processor.py:830} INFO - Processing file /opt/airflow/dags/dbt_model_dag.py for tasks to queue
[2025-05-21T07:00:02.769+0000] {logging_mixin.py:188} INFO - [2025-05-21T07:00:02.768+0000] {dagbag.py:538} INFO - Filling up the DagBag from /opt/airflow/dags/dbt_model_dag.py
[2025-05-21T07:00:02.800+0000] {processor.py:840} INFO - DAG(s) 'run_dbt_models_after_ingestion' retrieved from /opt/airflow/dags/dbt_model_dag.py
[2025-05-21T07:00:02.853+0000] {logging_mixin.py:188} INFO - [2025-05-21T07:00:02.853+0000] {dag.py:3036} INFO - Sync 1 DAGs
[2025-05-21T07:00:02.866+0000] {logging_mixin.py:188} INFO - [2025-05-21T07:00:02.866+0000] {dag.py:3823} INFO - Setting next_dagrun for run_dbt_models_after_ingestion to None, run_after=None
[2025-05-21T07:00:02.881+0000] {processor.py:183} INFO - Processing /opt/airflow/dags/dbt_model_dag.py took 0.127 seconds
[2025-05-21T07:00:33.387+0000] {processor.py:161} INFO - Started process (PID=22911) to work on /opt/airflow/dags/dbt_model_dag.py
[2025-05-21T07:00:33.390+0000] {processor.py:830} INFO - Processing file /opt/airflow/dags/dbt_model_dag.py for tasks to queue
[2025-05-21T07:00:33.392+0000] {logging_mixin.py:188} INFO - [2025-05-21T07:00:33.392+0000] {dagbag.py:538} INFO - Filling up the DagBag from /opt/airflow/dags/dbt_model_dag.py
[2025-05-21T07:00:33.418+0000] {processor.py:840} INFO - DAG(s) 'run_dbt_models_after_ingestion' retrieved from /opt/airflow/dags/dbt_model_dag.py
[2025-05-21T07:00:33.465+0000] {logging_mixin.py:188} INFO - [2025-05-21T07:00:33.465+0000] {dag.py:3036} INFO - Sync 1 DAGs
[2025-05-21T07:00:33.479+0000] {logging_mixin.py:188} INFO - [2025-05-21T07:00:33.479+0000] {dag.py:3823} INFO - Setting next_dagrun for run_dbt_models_after_ingestion to None, run_after=None
[2025-05-21T07:00:33.495+0000] {processor.py:183} INFO - Processing /opt/airflow/dags/dbt_model_dag.py took 0.122 seconds
[2025-05-21T07:01:03.983+0000] {processor.py:161} INFO - Started process (PID=22921) to work on /opt/airflow/dags/dbt_model_dag.py
[2025-05-21T07:01:03.986+0000] {processor.py:830} INFO - Processing file /opt/airflow/dags/dbt_model_dag.py for tasks to queue
[2025-05-21T07:01:03.988+0000] {logging_mixin.py:188} INFO - [2025-05-21T07:01:03.988+0000] {dagbag.py:538} INFO - Filling up the DagBag from /opt/airflow/dags/dbt_model_dag.py
[2025-05-21T07:01:04.015+0000] {processor.py:840} INFO - DAG(s) 'run_dbt_models_after_ingestion' retrieved from /opt/airflow/dags/dbt_model_dag.py
[2025-05-21T07:01:04.054+0000] {logging_mixin.py:188} INFO - [2025-05-21T07:01:04.053+0000] {dag.py:3036} INFO - Sync 1 DAGs
[2025-05-21T07:01:04.069+0000] {logging_mixin.py:188} INFO - [2025-05-21T07:01:04.069+0000] {dag.py:3823} INFO - Setting next_dagrun for run_dbt_models_after_ingestion to None, run_after=None
[2025-05-21T07:01:04.083+0000] {processor.py:183} INFO - Processing /opt/airflow/dags/dbt_model_dag.py took 0.114 seconds
[2025-05-21T07:01:34.516+0000] {processor.py:161} INFO - Started process (PID=22931) to work on /opt/airflow/dags/dbt_model_dag.py
[2025-05-21T07:01:34.521+0000] {processor.py:830} INFO - Processing file /opt/airflow/dags/dbt_model_dag.py for tasks to queue
[2025-05-21T07:01:34.522+0000] {logging_mixin.py:188} INFO - [2025-05-21T07:01:34.522+0000] {dagbag.py:538} INFO - Filling up the DagBag from /opt/airflow/dags/dbt_model_dag.py
[2025-05-21T07:01:34.541+0000] {processor.py:840} INFO - DAG(s) 'run_dbt_models_after_ingestion' retrieved from /opt/airflow/dags/dbt_model_dag.py
[2025-05-21T07:01:34.580+0000] {logging_mixin.py:188} INFO - [2025-05-21T07:01:34.580+0000] {dag.py:3036} INFO - Sync 1 DAGs
[2025-05-21T07:01:34.593+0000] {logging_mixin.py:188} INFO - [2025-05-21T07:01:34.593+0000] {dag.py:3823} INFO - Setting next_dagrun for run_dbt_models_after_ingestion to None, run_after=None
[2025-05-21T07:01:34.607+0000] {processor.py:183} INFO - Processing /opt/airflow/dags/dbt_model_dag.py took 0.107 seconds
[2025-05-21T07:02:04.978+0000] {processor.py:161} INFO - Started process (PID=22941) to work on /opt/airflow/dags/dbt_model_dag.py
[2025-05-21T07:02:04.981+0000] {processor.py:830} INFO - Processing file /opt/airflow/dags/dbt_model_dag.py for tasks to queue
[2025-05-21T07:02:04.982+0000] {logging_mixin.py:188} INFO - [2025-05-21T07:02:04.982+0000] {dagbag.py:538} INFO - Filling up the DagBag from /opt/airflow/dags/dbt_model_dag.py
[2025-05-21T07:02:05.007+0000] {processor.py:840} INFO - DAG(s) 'run_dbt_models_after_ingestion' retrieved from /opt/airflow/dags/dbt_model_dag.py
[2025-05-21T07:02:05.054+0000] {logging_mixin.py:188} INFO - [2025-05-21T07:02:05.054+0000] {dag.py:3036} INFO - Sync 1 DAGs
[2025-05-21T07:02:05.067+0000] {logging_mixin.py:188} INFO - [2025-05-21T07:02:05.067+0000] {dag.py:3823} INFO - Setting next_dagrun for run_dbt_models_after_ingestion to None, run_after=None
[2025-05-21T07:02:05.080+0000] {processor.py:183} INFO - Processing /opt/airflow/dags/dbt_model_dag.py took 0.117 seconds
[2025-05-21T07:02:35.487+0000] {processor.py:161} INFO - Started process (PID=22951) to work on /opt/airflow/dags/dbt_model_dag.py
[2025-05-21T07:02:35.490+0000] {processor.py:830} INFO - Processing file /opt/airflow/dags/dbt_model_dag.py for tasks to queue
[2025-05-21T07:02:35.491+0000] {logging_mixin.py:188} INFO - [2025-05-21T07:02:35.490+0000] {dagbag.py:538} INFO - Filling up the DagBag from /opt/airflow/dags/dbt_model_dag.py
[2025-05-21T07:02:35.515+0000] {processor.py:840} INFO - DAG(s) 'run_dbt_models_after_ingestion' retrieved from /opt/airflow/dags/dbt_model_dag.py
[2025-05-21T07:02:35.554+0000] {logging_mixin.py:188} INFO - [2025-05-21T07:02:35.554+0000] {dag.py:3036} INFO - Sync 1 DAGs
[2025-05-21T07:02:35.570+0000] {logging_mixin.py:188} INFO - [2025-05-21T07:02:35.570+0000] {dag.py:3823} INFO - Setting next_dagrun for run_dbt_models_after_ingestion to None, run_after=None
[2025-05-21T07:02:35.585+0000] {processor.py:183} INFO - Processing /opt/airflow/dags/dbt_model_dag.py took 0.110 seconds
[2025-05-21T07:03:06.076+0000] {processor.py:161} INFO - Started process (PID=22961) to work on /opt/airflow/dags/dbt_model_dag.py
[2025-05-21T07:03:06.078+0000] {processor.py:830} INFO - Processing file /opt/airflow/dags/dbt_model_dag.py for tasks to queue
[2025-05-21T07:03:06.078+0000] {logging_mixin.py:188} INFO - [2025-05-21T07:03:06.078+0000] {dagbag.py:538} INFO - Filling up the DagBag from /opt/airflow/dags/dbt_model_dag.py
[2025-05-21T07:03:06.107+0000] {processor.py:840} INFO - DAG(s) 'run_dbt_models_after_ingestion' retrieved from /opt/airflow/dags/dbt_model_dag.py
[2025-05-21T07:03:06.148+0000] {logging_mixin.py:188} INFO - [2025-05-21T07:03:06.148+0000] {dag.py:3036} INFO - Sync 1 DAGs
[2025-05-21T07:03:06.164+0000] {logging_mixin.py:188} INFO - [2025-05-21T07:03:06.164+0000] {dag.py:3823} INFO - Setting next_dagrun for run_dbt_models_after_ingestion to None, run_after=None
[2025-05-21T07:03:06.182+0000] {processor.py:183} INFO - Processing /opt/airflow/dags/dbt_model_dag.py took 0.120 seconds
[2025-05-21T07:03:36.645+0000] {processor.py:161} INFO - Started process (PID=22971) to work on /opt/airflow/dags/dbt_model_dag.py
[2025-05-21T07:03:36.647+0000] {processor.py:830} INFO - Processing file /opt/airflow/dags/dbt_model_dag.py for tasks to queue
[2025-05-21T07:03:36.649+0000] {logging_mixin.py:188} INFO - [2025-05-21T07:03:36.648+0000] {dagbag.py:538} INFO - Filling up the DagBag from /opt/airflow/dags/dbt_model_dag.py
[2025-05-21T07:03:36.677+0000] {processor.py:840} INFO - DAG(s) 'run_dbt_models_after_ingestion' retrieved from /opt/airflow/dags/dbt_model_dag.py
[2025-05-21T07:03:36.723+0000] {logging_mixin.py:188} INFO - [2025-05-21T07:03:36.723+0000] {dag.py:3036} INFO - Sync 1 DAGs
[2025-05-21T07:03:36.741+0000] {logging_mixin.py:188} INFO - [2025-05-21T07:03:36.741+0000] {dag.py:3823} INFO - Setting next_dagrun for run_dbt_models_after_ingestion to None, run_after=None
[2025-05-21T07:03:36.755+0000] {processor.py:183} INFO - Processing /opt/airflow/dags/dbt_model_dag.py took 0.120 seconds
[2025-05-21T07:04:07.195+0000] {processor.py:161} INFO - Started process (PID=22981) to work on /opt/airflow/dags/dbt_model_dag.py
[2025-05-21T07:04:07.198+0000] {processor.py:830} INFO - Processing file /opt/airflow/dags/dbt_model_dag.py for tasks to queue
[2025-05-21T07:04:07.199+0000] {logging_mixin.py:188} INFO - [2025-05-21T07:04:07.199+0000] {dagbag.py:538} INFO - Filling up the DagBag from /opt/airflow/dags/dbt_model_dag.py
[2025-05-21T07:04:07.227+0000] {processor.py:840} INFO - DAG(s) 'run_dbt_models_after_ingestion' retrieved from /opt/airflow/dags/dbt_model_dag.py
[2025-05-21T07:04:07.276+0000] {logging_mixin.py:188} INFO - [2025-05-21T07:04:07.276+0000] {dag.py:3036} INFO - Sync 1 DAGs
[2025-05-21T07:04:07.290+0000] {logging_mixin.py:188} INFO - [2025-05-21T07:04:07.290+0000] {dag.py:3823} INFO - Setting next_dagrun for run_dbt_models_after_ingestion to None, run_after=None
[2025-05-21T07:04:07.307+0000] {processor.py:183} INFO - Processing /opt/airflow/dags/dbt_model_dag.py took 0.120 seconds
[2025-05-21T07:04:37.752+0000] {processor.py:161} INFO - Started process (PID=22991) to work on /opt/airflow/dags/dbt_model_dag.py
[2025-05-21T07:04:37.757+0000] {processor.py:830} INFO - Processing file /opt/airflow/dags/dbt_model_dag.py for tasks to queue
[2025-05-21T07:04:37.758+0000] {logging_mixin.py:188} INFO - [2025-05-21T07:04:37.758+0000] {dagbag.py:538} INFO - Filling up the DagBag from /opt/airflow/dags/dbt_model_dag.py
[2025-05-21T07:04:37.780+0000] {processor.py:840} INFO - DAG(s) 'run_dbt_models_after_ingestion' retrieved from /opt/airflow/dags/dbt_model_dag.py
[2025-05-21T07:04:37.826+0000] {logging_mixin.py:188} INFO - [2025-05-21T07:04:37.826+0000] {dag.py:3036} INFO - Sync 1 DAGs
[2025-05-21T07:04:37.838+0000] {logging_mixin.py:188} INFO - [2025-05-21T07:04:37.838+0000] {dag.py:3823} INFO - Setting next_dagrun for run_dbt_models_after_ingestion to None, run_after=None
[2025-05-21T07:04:37.851+0000] {processor.py:183} INFO - Processing /opt/airflow/dags/dbt_model_dag.py took 0.115 seconds
[2025-05-21T07:05:08.385+0000] {processor.py:161} INFO - Started process (PID=23001) to work on /opt/airflow/dags/dbt_model_dag.py
[2025-05-21T07:05:08.388+0000] {processor.py:830} INFO - Processing file /opt/airflow/dags/dbt_model_dag.py for tasks to queue
[2025-05-21T07:05:08.391+0000] {logging_mixin.py:188} INFO - [2025-05-21T07:05:08.390+0000] {dagbag.py:538} INFO - Filling up the DagBag from /opt/airflow/dags/dbt_model_dag.py
[2025-05-21T07:05:08.413+0000] {processor.py:840} INFO - DAG(s) 'run_dbt_models_after_ingestion' retrieved from /opt/airflow/dags/dbt_model_dag.py
[2025-05-21T07:05:08.452+0000] {logging_mixin.py:188} INFO - [2025-05-21T07:05:08.452+0000] {dag.py:3036} INFO - Sync 1 DAGs
[2025-05-21T07:05:08.464+0000] {logging_mixin.py:188} INFO - [2025-05-21T07:05:08.463+0000] {dag.py:3823} INFO - Setting next_dagrun for run_dbt_models_after_ingestion to None, run_after=None
[2025-05-21T07:05:08.479+0000] {processor.py:183} INFO - Processing /opt/airflow/dags/dbt_model_dag.py took 0.105 seconds
[2025-05-21T07:05:38.931+0000] {processor.py:161} INFO - Started process (PID=23011) to work on /opt/airflow/dags/dbt_model_dag.py
[2025-05-21T07:05:38.935+0000] {processor.py:830} INFO - Processing file /opt/airflow/dags/dbt_model_dag.py for tasks to queue
[2025-05-21T07:05:38.937+0000] {logging_mixin.py:188} INFO - [2025-05-21T07:05:38.936+0000] {dagbag.py:538} INFO - Filling up the DagBag from /opt/airflow/dags/dbt_model_dag.py
[2025-05-21T07:05:38.961+0000] {processor.py:840} INFO - DAG(s) 'run_dbt_models_after_ingestion' retrieved from /opt/airflow/dags/dbt_model_dag.py
[2025-05-21T07:05:38.998+0000] {logging_mixin.py:188} INFO - [2025-05-21T07:05:38.997+0000] {dag.py:3036} INFO - Sync 1 DAGs
[2025-05-21T07:05:39.013+0000] {logging_mixin.py:188} INFO - [2025-05-21T07:05:39.013+0000] {dag.py:3823} INFO - Setting next_dagrun for run_dbt_models_after_ingestion to None, run_after=None
[2025-05-21T07:05:39.030+0000] {processor.py:183} INFO - Processing /opt/airflow/dags/dbt_model_dag.py took 0.108 seconds
[2025-05-21T07:06:09.517+0000] {processor.py:161} INFO - Started process (PID=23021) to work on /opt/airflow/dags/dbt_model_dag.py
[2025-05-21T07:06:09.523+0000] {processor.py:830} INFO - Processing file /opt/airflow/dags/dbt_model_dag.py for tasks to queue
[2025-05-21T07:06:09.524+0000] {logging_mixin.py:188} INFO - [2025-05-21T07:06:09.524+0000] {dagbag.py:538} INFO - Filling up the DagBag from /opt/airflow/dags/dbt_model_dag.py
[2025-05-21T07:06:09.552+0000] {processor.py:840} INFO - DAG(s) 'run_dbt_models_after_ingestion' retrieved from /opt/airflow/dags/dbt_model_dag.py
[2025-05-21T07:06:09.602+0000] {logging_mixin.py:188} INFO - [2025-05-21T07:06:09.602+0000] {dag.py:3036} INFO - Sync 1 DAGs
[2025-05-21T07:06:09.617+0000] {logging_mixin.py:188} INFO - [2025-05-21T07:06:09.617+0000] {dag.py:3823} INFO - Setting next_dagrun for run_dbt_models_after_ingestion to None, run_after=None
[2025-05-21T07:06:09.634+0000] {processor.py:183} INFO - Processing /opt/airflow/dags/dbt_model_dag.py took 0.129 seconds
[2025-05-21T07:06:40.091+0000] {processor.py:161} INFO - Started process (PID=23031) to work on /opt/airflow/dags/dbt_model_dag.py
[2025-05-21T07:06:40.093+0000] {processor.py:830} INFO - Processing file /opt/airflow/dags/dbt_model_dag.py for tasks to queue
[2025-05-21T07:06:40.098+0000] {logging_mixin.py:188} INFO - [2025-05-21T07:06:40.097+0000] {dagbag.py:538} INFO - Filling up the DagBag from /opt/airflow/dags/dbt_model_dag.py
[2025-05-21T07:06:40.121+0000] {processor.py:840} INFO - DAG(s) 'run_dbt_models_after_ingestion' retrieved from /opt/airflow/dags/dbt_model_dag.py
[2025-05-21T07:06:40.162+0000] {logging_mixin.py:188} INFO - [2025-05-21T07:06:40.162+0000] {dag.py:3036} INFO - Sync 1 DAGs
[2025-05-21T07:06:40.179+0000] {logging_mixin.py:188} INFO - [2025-05-21T07:06:40.178+0000] {dag.py:3823} INFO - Setting next_dagrun for run_dbt_models_after_ingestion to None, run_after=None
[2025-05-21T07:06:40.190+0000] {processor.py:183} INFO - Processing /opt/airflow/dags/dbt_model_dag.py took 0.111 seconds
[2025-05-21T07:07:10.652+0000] {processor.py:161} INFO - Started process (PID=23041) to work on /opt/airflow/dags/dbt_model_dag.py
[2025-05-21T07:07:10.655+0000] {processor.py:830} INFO - Processing file /opt/airflow/dags/dbt_model_dag.py for tasks to queue
[2025-05-21T07:07:10.656+0000] {logging_mixin.py:188} INFO - [2025-05-21T07:07:10.656+0000] {dagbag.py:538} INFO - Filling up the DagBag from /opt/airflow/dags/dbt_model_dag.py
[2025-05-21T07:07:10.687+0000] {processor.py:840} INFO - DAG(s) 'run_dbt_models_after_ingestion' retrieved from /opt/airflow/dags/dbt_model_dag.py
[2025-05-21T07:07:10.733+0000] {logging_mixin.py:188} INFO - [2025-05-21T07:07:10.733+0000] {dag.py:3036} INFO - Sync 1 DAGs
[2025-05-21T07:07:10.748+0000] {logging_mixin.py:188} INFO - [2025-05-21T07:07:10.748+0000] {dag.py:3823} INFO - Setting next_dagrun for run_dbt_models_after_ingestion to None, run_after=None
[2025-05-21T07:07:10.764+0000] {processor.py:183} INFO - Processing /opt/airflow/dags/dbt_model_dag.py took 0.122 seconds
[2025-05-21T07:07:41.214+0000] {processor.py:161} INFO - Started process (PID=23051) to work on /opt/airflow/dags/dbt_model_dag.py
[2025-05-21T07:07:41.217+0000] {processor.py:830} INFO - Processing file /opt/airflow/dags/dbt_model_dag.py for tasks to queue
[2025-05-21T07:07:41.218+0000] {logging_mixin.py:188} INFO - [2025-05-21T07:07:41.217+0000] {dagbag.py:538} INFO - Filling up the DagBag from /opt/airflow/dags/dbt_model_dag.py
[2025-05-21T07:07:41.245+0000] {processor.py:840} INFO - DAG(s) 'run_dbt_models_after_ingestion' retrieved from /opt/airflow/dags/dbt_model_dag.py
[2025-05-21T07:07:41.282+0000] {logging_mixin.py:188} INFO - [2025-05-21T07:07:41.282+0000] {dag.py:3036} INFO - Sync 1 DAGs
[2025-05-21T07:07:41.296+0000] {logging_mixin.py:188} INFO - [2025-05-21T07:07:41.295+0000] {dag.py:3823} INFO - Setting next_dagrun for run_dbt_models_after_ingestion to None, run_after=None
[2025-05-21T07:07:41.312+0000] {processor.py:183} INFO - Processing /opt/airflow/dags/dbt_model_dag.py took 0.112 seconds
[2025-05-21T07:08:11.879+0000] {processor.py:161} INFO - Started process (PID=23061) to work on /opt/airflow/dags/dbt_model_dag.py
[2025-05-21T07:08:11.882+0000] {processor.py:830} INFO - Processing file /opt/airflow/dags/dbt_model_dag.py for tasks to queue
[2025-05-21T07:08:11.884+0000] {logging_mixin.py:188} INFO - [2025-05-21T07:08:11.883+0000] {dagbag.py:538} INFO - Filling up the DagBag from /opt/airflow/dags/dbt_model_dag.py
[2025-05-21T07:08:11.908+0000] {processor.py:840} INFO - DAG(s) 'run_dbt_models_after_ingestion' retrieved from /opt/airflow/dags/dbt_model_dag.py
[2025-05-21T07:08:11.958+0000] {logging_mixin.py:188} INFO - [2025-05-21T07:08:11.958+0000] {dag.py:3036} INFO - Sync 1 DAGs
[2025-05-21T07:08:11.982+0000] {logging_mixin.py:188} INFO - [2025-05-21T07:08:11.982+0000] {dag.py:3823} INFO - Setting next_dagrun for run_dbt_models_after_ingestion to None, run_after=None
[2025-05-21T07:08:11.998+0000] {processor.py:183} INFO - Processing /opt/airflow/dags/dbt_model_dag.py took 0.135 seconds
[2025-05-21T07:08:42.450+0000] {processor.py:161} INFO - Started process (PID=23071) to work on /opt/airflow/dags/dbt_model_dag.py
[2025-05-21T07:08:42.452+0000] {processor.py:830} INFO - Processing file /opt/airflow/dags/dbt_model_dag.py for tasks to queue
[2025-05-21T07:08:42.455+0000] {logging_mixin.py:188} INFO - [2025-05-21T07:08:42.453+0000] {dagbag.py:538} INFO - Filling up the DagBag from /opt/airflow/dags/dbt_model_dag.py
[2025-05-21T07:08:42.478+0000] {processor.py:840} INFO - DAG(s) 'run_dbt_models_after_ingestion' retrieved from /opt/airflow/dags/dbt_model_dag.py
[2025-05-21T07:08:42.516+0000] {logging_mixin.py:188} INFO - [2025-05-21T07:08:42.515+0000] {dag.py:3036} INFO - Sync 1 DAGs
[2025-05-21T07:08:42.528+0000] {logging_mixin.py:188} INFO - [2025-05-21T07:08:42.527+0000] {dag.py:3823} INFO - Setting next_dagrun for run_dbt_models_after_ingestion to None, run_after=None
[2025-05-21T07:08:42.543+0000] {processor.py:183} INFO - Processing /opt/airflow/dags/dbt_model_dag.py took 0.108 seconds
[2025-05-21T07:09:12.988+0000] {processor.py:161} INFO - Started process (PID=23081) to work on /opt/airflow/dags/dbt_model_dag.py
[2025-05-21T07:09:12.993+0000] {processor.py:830} INFO - Processing file /opt/airflow/dags/dbt_model_dag.py for tasks to queue
[2025-05-21T07:09:12.996+0000] {logging_mixin.py:188} INFO - [2025-05-21T07:09:12.995+0000] {dagbag.py:538} INFO - Filling up the DagBag from /opt/airflow/dags/dbt_model_dag.py
[2025-05-21T07:09:13.021+0000] {processor.py:840} INFO - DAG(s) 'run_dbt_models_after_ingestion' retrieved from /opt/airflow/dags/dbt_model_dag.py
[2025-05-21T07:09:13.055+0000] {logging_mixin.py:188} INFO - [2025-05-21T07:09:13.055+0000] {dag.py:3036} INFO - Sync 1 DAGs
[2025-05-21T07:09:13.068+0000] {logging_mixin.py:188} INFO - [2025-05-21T07:09:13.067+0000] {dag.py:3823} INFO - Setting next_dagrun for run_dbt_models_after_ingestion to None, run_after=None
[2025-05-21T07:09:13.081+0000] {processor.py:183} INFO - Processing /opt/airflow/dags/dbt_model_dag.py took 0.105 seconds
[2025-05-21T07:09:43.596+0000] {processor.py:161} INFO - Started process (PID=23091) to work on /opt/airflow/dags/dbt_model_dag.py
[2025-05-21T07:09:43.600+0000] {processor.py:830} INFO - Processing file /opt/airflow/dags/dbt_model_dag.py for tasks to queue
[2025-05-21T07:09:43.602+0000] {logging_mixin.py:188} INFO - [2025-05-21T07:09:43.602+0000] {dagbag.py:538} INFO - Filling up the DagBag from /opt/airflow/dags/dbt_model_dag.py
[2025-05-21T07:09:43.628+0000] {processor.py:840} INFO - DAG(s) 'run_dbt_models_after_ingestion' retrieved from /opt/airflow/dags/dbt_model_dag.py
[2025-05-21T07:09:43.680+0000] {logging_mixin.py:188} INFO - [2025-05-21T07:09:43.680+0000] {dag.py:3036} INFO - Sync 1 DAGs
[2025-05-21T07:09:43.694+0000] {logging_mixin.py:188} INFO - [2025-05-21T07:09:43.694+0000] {dag.py:3823} INFO - Setting next_dagrun for run_dbt_models_after_ingestion to None, run_after=None
[2025-05-21T07:09:43.710+0000] {processor.py:183} INFO - Processing /opt/airflow/dags/dbt_model_dag.py took 0.127 seconds
[2025-05-21T07:10:14.210+0000] {processor.py:161} INFO - Started process (PID=23101) to work on /opt/airflow/dags/dbt_model_dag.py
[2025-05-21T07:10:14.215+0000] {processor.py:830} INFO - Processing file /opt/airflow/dags/dbt_model_dag.py for tasks to queue
[2025-05-21T07:10:14.217+0000] {logging_mixin.py:188} INFO - [2025-05-21T07:10:14.216+0000] {dagbag.py:538} INFO - Filling up the DagBag from /opt/airflow/dags/dbt_model_dag.py
[2025-05-21T07:10:14.241+0000] {processor.py:840} INFO - DAG(s) 'run_dbt_models_after_ingestion' retrieved from /opt/airflow/dags/dbt_model_dag.py
[2025-05-21T07:10:14.285+0000] {logging_mixin.py:188} INFO - [2025-05-21T07:10:14.284+0000] {dag.py:3036} INFO - Sync 1 DAGs
[2025-05-21T07:10:14.320+0000] {logging_mixin.py:188} INFO - [2025-05-21T07:10:14.319+0000] {dag.py:3823} INFO - Setting next_dagrun for run_dbt_models_after_ingestion to None, run_after=None
[2025-05-21T07:10:14.345+0000] {processor.py:183} INFO - Processing /opt/airflow/dags/dbt_model_dag.py took 0.146 seconds
[2025-05-21T07:10:44.779+0000] {processor.py:161} INFO - Started process (PID=23111) to work on /opt/airflow/dags/dbt_model_dag.py
[2025-05-21T07:10:44.782+0000] {processor.py:830} INFO - Processing file /opt/airflow/dags/dbt_model_dag.py for tasks to queue
[2025-05-21T07:10:44.783+0000] {logging_mixin.py:188} INFO - [2025-05-21T07:10:44.783+0000] {dagbag.py:538} INFO - Filling up the DagBag from /opt/airflow/dags/dbt_model_dag.py
[2025-05-21T07:10:44.815+0000] {processor.py:840} INFO - DAG(s) 'run_dbt_models_after_ingestion' retrieved from /opt/airflow/dags/dbt_model_dag.py
[2025-05-21T07:10:44.856+0000] {logging_mixin.py:188} INFO - [2025-05-21T07:10:44.855+0000] {dag.py:3036} INFO - Sync 1 DAGs
[2025-05-21T07:10:44.874+0000] {logging_mixin.py:188} INFO - [2025-05-21T07:10:44.874+0000] {dag.py:3823} INFO - Setting next_dagrun for run_dbt_models_after_ingestion to None, run_after=None
[2025-05-21T07:10:44.888+0000] {processor.py:183} INFO - Processing /opt/airflow/dags/dbt_model_dag.py took 0.118 seconds
[2025-05-21T07:11:15.318+0000] {processor.py:161} INFO - Started process (PID=23121) to work on /opt/airflow/dags/dbt_model_dag.py
[2025-05-21T07:11:15.320+0000] {processor.py:830} INFO - Processing file /opt/airflow/dags/dbt_model_dag.py for tasks to queue
[2025-05-21T07:11:15.321+0000] {logging_mixin.py:188} INFO - [2025-05-21T07:11:15.321+0000] {dagbag.py:538} INFO - Filling up the DagBag from /opt/airflow/dags/dbt_model_dag.py
[2025-05-21T07:11:15.349+0000] {processor.py:840} INFO - DAG(s) 'run_dbt_models_after_ingestion' retrieved from /opt/airflow/dags/dbt_model_dag.py
[2025-05-21T07:11:15.399+0000] {logging_mixin.py:188} INFO - [2025-05-21T07:11:15.399+0000] {dag.py:3036} INFO - Sync 1 DAGs
[2025-05-21T07:11:15.412+0000] {logging_mixin.py:188} INFO - [2025-05-21T07:11:15.412+0000] {dag.py:3823} INFO - Setting next_dagrun for run_dbt_models_after_ingestion to None, run_after=None
[2025-05-21T07:11:15.431+0000] {processor.py:183} INFO - Processing /opt/airflow/dags/dbt_model_dag.py took 0.123 seconds
[2025-05-21T07:11:45.851+0000] {processor.py:161} INFO - Started process (PID=23131) to work on /opt/airflow/dags/dbt_model_dag.py
[2025-05-21T07:11:45.853+0000] {processor.py:830} INFO - Processing file /opt/airflow/dags/dbt_model_dag.py for tasks to queue
[2025-05-21T07:11:45.854+0000] {logging_mixin.py:188} INFO - [2025-05-21T07:11:45.854+0000] {dagbag.py:538} INFO - Filling up the DagBag from /opt/airflow/dags/dbt_model_dag.py
[2025-05-21T07:11:45.880+0000] {processor.py:840} INFO - DAG(s) 'run_dbt_models_after_ingestion' retrieved from /opt/airflow/dags/dbt_model_dag.py
[2025-05-21T07:11:45.919+0000] {logging_mixin.py:188} INFO - [2025-05-21T07:11:45.918+0000] {dag.py:3036} INFO - Sync 1 DAGs
[2025-05-21T07:11:45.933+0000] {logging_mixin.py:188} INFO - [2025-05-21T07:11:45.933+0000] {dag.py:3823} INFO - Setting next_dagrun for run_dbt_models_after_ingestion to None, run_after=None
[2025-05-21T07:11:45.945+0000] {processor.py:183} INFO - Processing /opt/airflow/dags/dbt_model_dag.py took 0.106 seconds
[2025-05-21T07:12:16.386+0000] {processor.py:161} INFO - Started process (PID=23141) to work on /opt/airflow/dags/dbt_model_dag.py
[2025-05-21T07:12:16.389+0000] {processor.py:830} INFO - Processing file /opt/airflow/dags/dbt_model_dag.py for tasks to queue
[2025-05-21T07:12:16.390+0000] {logging_mixin.py:188} INFO - [2025-05-21T07:12:16.389+0000] {dagbag.py:538} INFO - Filling up the DagBag from /opt/airflow/dags/dbt_model_dag.py
[2025-05-21T07:12:16.419+0000] {processor.py:840} INFO - DAG(s) 'run_dbt_models_after_ingestion' retrieved from /opt/airflow/dags/dbt_model_dag.py
[2025-05-21T07:12:16.463+0000] {logging_mixin.py:188} INFO - [2025-05-21T07:12:16.463+0000] {dag.py:3036} INFO - Sync 1 DAGs
[2025-05-21T07:12:16.478+0000] {logging_mixin.py:188} INFO - [2025-05-21T07:12:16.478+0000] {dag.py:3823} INFO - Setting next_dagrun for run_dbt_models_after_ingestion to None, run_after=None
[2025-05-21T07:12:16.493+0000] {processor.py:183} INFO - Processing /opt/airflow/dags/dbt_model_dag.py took 0.119 seconds
[2025-05-21T07:12:46.955+0000] {processor.py:161} INFO - Started process (PID=23151) to work on /opt/airflow/dags/dbt_model_dag.py
[2025-05-21T07:12:46.957+0000] {processor.py:830} INFO - Processing file /opt/airflow/dags/dbt_model_dag.py for tasks to queue
[2025-05-21T07:12:46.958+0000] {logging_mixin.py:188} INFO - [2025-05-21T07:12:46.958+0000] {dagbag.py:538} INFO - Filling up the DagBag from /opt/airflow/dags/dbt_model_dag.py
[2025-05-21T07:12:46.979+0000] {processor.py:840} INFO - DAG(s) 'run_dbt_models_after_ingestion' retrieved from /opt/airflow/dags/dbt_model_dag.py
[2025-05-21T07:12:47.017+0000] {logging_mixin.py:188} INFO - [2025-05-21T07:12:47.017+0000] {dag.py:3036} INFO - Sync 1 DAGs
[2025-05-21T07:12:47.032+0000] {logging_mixin.py:188} INFO - [2025-05-21T07:12:47.032+0000] {dag.py:3823} INFO - Setting next_dagrun for run_dbt_models_after_ingestion to None, run_after=None
[2025-05-21T07:12:47.049+0000] {processor.py:183} INFO - Processing /opt/airflow/dags/dbt_model_dag.py took 0.100 seconds
[2025-05-21T07:13:17.424+0000] {processor.py:161} INFO - Started process (PID=23161) to work on /opt/airflow/dags/dbt_model_dag.py
[2025-05-21T07:13:17.426+0000] {processor.py:830} INFO - Processing file /opt/airflow/dags/dbt_model_dag.py for tasks to queue
[2025-05-21T07:13:17.427+0000] {logging_mixin.py:188} INFO - [2025-05-21T07:13:17.427+0000] {dagbag.py:538} INFO - Filling up the DagBag from /opt/airflow/dags/dbt_model_dag.py
[2025-05-21T07:13:17.437+0000] {processor.py:840} INFO - DAG(s) 'run_dbt_models_after_ingestion' retrieved from /opt/airflow/dags/dbt_model_dag.py
[2025-05-21T07:13:17.456+0000] {logging_mixin.py:188} INFO - [2025-05-21T07:13:17.455+0000] {dag.py:3036} INFO - Sync 1 DAGs
[2025-05-21T07:13:17.463+0000] {logging_mixin.py:188} INFO - [2025-05-21T07:13:17.463+0000] {dag.py:3823} INFO - Setting next_dagrun for run_dbt_models_after_ingestion to None, run_after=None
[2025-05-21T07:13:17.473+0000] {processor.py:183} INFO - Processing /opt/airflow/dags/dbt_model_dag.py took 0.054 seconds
[2025-05-21T07:13:47.889+0000] {processor.py:161} INFO - Started process (PID=23171) to work on /opt/airflow/dags/dbt_model_dag.py
[2025-05-21T07:13:47.892+0000] {processor.py:830} INFO - Processing file /opt/airflow/dags/dbt_model_dag.py for tasks to queue
[2025-05-21T07:13:47.893+0000] {logging_mixin.py:188} INFO - [2025-05-21T07:13:47.892+0000] {dagbag.py:538} INFO - Filling up the DagBag from /opt/airflow/dags/dbt_model_dag.py
[2025-05-21T07:13:47.917+0000] {processor.py:840} INFO - DAG(s) 'run_dbt_models_after_ingestion' retrieved from /opt/airflow/dags/dbt_model_dag.py
[2025-05-21T07:13:47.954+0000] {logging_mixin.py:188} INFO - [2025-05-21T07:13:47.954+0000] {dag.py:3036} INFO - Sync 1 DAGs
[2025-05-21T07:13:47.968+0000] {logging_mixin.py:188} INFO - [2025-05-21T07:13:47.968+0000] {dag.py:3823} INFO - Setting next_dagrun for run_dbt_models_after_ingestion to None, run_after=None
[2025-05-21T07:13:47.985+0000] {processor.py:183} INFO - Processing /opt/airflow/dags/dbt_model_dag.py took 0.107 seconds
[2025-05-21T07:14:18.372+0000] {processor.py:161} INFO - Started process (PID=23181) to work on /opt/airflow/dags/dbt_model_dag.py
[2025-05-21T07:14:18.373+0000] {processor.py:830} INFO - Processing file /opt/airflow/dags/dbt_model_dag.py for tasks to queue
[2025-05-21T07:14:18.374+0000] {logging_mixin.py:188} INFO - [2025-05-21T07:14:18.374+0000] {dagbag.py:538} INFO - Filling up the DagBag from /opt/airflow/dags/dbt_model_dag.py
[2025-05-21T07:14:18.385+0000] {processor.py:840} INFO - DAG(s) 'run_dbt_models_after_ingestion' retrieved from /opt/airflow/dags/dbt_model_dag.py
[2025-05-21T07:14:18.402+0000] {logging_mixin.py:188} INFO - [2025-05-21T07:14:18.402+0000] {dag.py:3036} INFO - Sync 1 DAGs
[2025-05-21T07:14:18.412+0000] {logging_mixin.py:188} INFO - [2025-05-21T07:14:18.412+0000] {dag.py:3823} INFO - Setting next_dagrun for run_dbt_models_after_ingestion to None, run_after=None
[2025-05-21T07:14:18.422+0000] {processor.py:183} INFO - Processing /opt/airflow/dags/dbt_model_dag.py took 0.054 seconds
[2025-05-21T07:14:48.880+0000] {processor.py:161} INFO - Started process (PID=23191) to work on /opt/airflow/dags/dbt_model_dag.py
[2025-05-21T07:14:48.882+0000] {processor.py:830} INFO - Processing file /opt/airflow/dags/dbt_model_dag.py for tasks to queue
[2025-05-21T07:14:48.884+0000] {logging_mixin.py:188} INFO - [2025-05-21T07:14:48.883+0000] {dagbag.py:538} INFO - Filling up the DagBag from /opt/airflow/dags/dbt_model_dag.py
[2025-05-21T07:14:48.911+0000] {processor.py:840} INFO - DAG(s) 'run_dbt_models_after_ingestion' retrieved from /opt/airflow/dags/dbt_model_dag.py
[2025-05-21T07:14:48.954+0000] {logging_mixin.py:188} INFO - [2025-05-21T07:14:48.954+0000] {dag.py:3036} INFO - Sync 1 DAGs
[2025-05-21T07:14:48.972+0000] {logging_mixin.py:188} INFO - [2025-05-21T07:14:48.972+0000] {dag.py:3823} INFO - Setting next_dagrun for run_dbt_models_after_ingestion to None, run_after=None
[2025-05-21T07:14:48.989+0000] {processor.py:183} INFO - Processing /opt/airflow/dags/dbt_model_dag.py took 0.127 seconds
[2025-05-21T07:15:19.406+0000] {processor.py:161} INFO - Started process (PID=23201) to work on /opt/airflow/dags/dbt_model_dag.py
[2025-05-21T07:15:19.409+0000] {processor.py:830} INFO - Processing file /opt/airflow/dags/dbt_model_dag.py for tasks to queue
[2025-05-21T07:15:19.412+0000] {logging_mixin.py:188} INFO - [2025-05-21T07:15:19.412+0000] {dagbag.py:538} INFO - Filling up the DagBag from /opt/airflow/dags/dbt_model_dag.py
[2025-05-21T07:15:19.440+0000] {processor.py:840} INFO - DAG(s) 'run_dbt_models_after_ingestion' retrieved from /opt/airflow/dags/dbt_model_dag.py
[2025-05-21T07:15:19.488+0000] {logging_mixin.py:188} INFO - [2025-05-21T07:15:19.488+0000] {dag.py:3036} INFO - Sync 1 DAGs
[2025-05-21T07:15:19.500+0000] {logging_mixin.py:188} INFO - [2025-05-21T07:15:19.500+0000] {dag.py:3823} INFO - Setting next_dagrun for run_dbt_models_after_ingestion to None, run_after=None
[2025-05-21T07:15:19.515+0000] {processor.py:183} INFO - Processing /opt/airflow/dags/dbt_model_dag.py took 0.121 seconds
[2025-05-21T07:15:49.923+0000] {processor.py:161} INFO - Started process (PID=23211) to work on /opt/airflow/dags/dbt_model_dag.py
[2025-05-21T07:15:49.926+0000] {processor.py:830} INFO - Processing file /opt/airflow/dags/dbt_model_dag.py for tasks to queue
[2025-05-21T07:15:49.927+0000] {logging_mixin.py:188} INFO - [2025-05-21T07:15:49.927+0000] {dagbag.py:538} INFO - Filling up the DagBag from /opt/airflow/dags/dbt_model_dag.py
[2025-05-21T07:15:49.954+0000] {processor.py:840} INFO - DAG(s) 'run_dbt_models_after_ingestion' retrieved from /opt/airflow/dags/dbt_model_dag.py
[2025-05-21T07:15:49.998+0000] {logging_mixin.py:188} INFO - [2025-05-21T07:15:49.998+0000] {dag.py:3036} INFO - Sync 1 DAGs
[2025-05-21T07:15:50.010+0000] {logging_mixin.py:188} INFO - [2025-05-21T07:15:50.010+0000] {dag.py:3823} INFO - Setting next_dagrun for run_dbt_models_after_ingestion to None, run_after=None
[2025-05-21T07:15:50.027+0000] {processor.py:183} INFO - Processing /opt/airflow/dags/dbt_model_dag.py took 0.118 seconds
[2025-05-21T07:16:20.482+0000] {processor.py:161} INFO - Started process (PID=23221) to work on /opt/airflow/dags/dbt_model_dag.py
[2025-05-21T07:16:20.490+0000] {processor.py:830} INFO - Processing file /opt/airflow/dags/dbt_model_dag.py for tasks to queue
[2025-05-21T07:16:20.495+0000] {logging_mixin.py:188} INFO - [2025-05-21T07:16:20.493+0000] {dagbag.py:538} INFO - Filling up the DagBag from /opt/airflow/dags/dbt_model_dag.py
[2025-05-21T07:16:20.526+0000] {processor.py:840} INFO - DAG(s) 'run_dbt_models_after_ingestion' retrieved from /opt/airflow/dags/dbt_model_dag.py
[2025-05-21T07:16:20.567+0000] {logging_mixin.py:188} INFO - [2025-05-21T07:16:20.567+0000] {dag.py:3036} INFO - Sync 1 DAGs
[2025-05-21T07:16:20.580+0000] {logging_mixin.py:188} INFO - [2025-05-21T07:16:20.580+0000] {dag.py:3823} INFO - Setting next_dagrun for run_dbt_models_after_ingestion to None, run_after=None
[2025-05-21T07:16:20.594+0000] {processor.py:183} INFO - Processing /opt/airflow/dags/dbt_model_dag.py took 0.129 seconds
[2025-05-21T07:16:51.040+0000] {processor.py:161} INFO - Started process (PID=23231) to work on /opt/airflow/dags/dbt_model_dag.py
[2025-05-21T07:16:51.046+0000] {processor.py:830} INFO - Processing file /opt/airflow/dags/dbt_model_dag.py for tasks to queue
[2025-05-21T07:16:51.047+0000] {logging_mixin.py:188} INFO - [2025-05-21T07:16:51.047+0000] {dagbag.py:538} INFO - Filling up the DagBag from /opt/airflow/dags/dbt_model_dag.py
[2025-05-21T07:16:51.073+0000] {processor.py:840} INFO - DAG(s) 'run_dbt_models_after_ingestion' retrieved from /opt/airflow/dags/dbt_model_dag.py
[2025-05-21T07:16:51.115+0000] {logging_mixin.py:188} INFO - [2025-05-21T07:16:51.115+0000] {dag.py:3036} INFO - Sync 1 DAGs
[2025-05-21T07:16:51.130+0000] {logging_mixin.py:188} INFO - [2025-05-21T07:16:51.130+0000] {dag.py:3823} INFO - Setting next_dagrun for run_dbt_models_after_ingestion to None, run_after=None
[2025-05-21T07:16:51.145+0000] {processor.py:183} INFO - Processing /opt/airflow/dags/dbt_model_dag.py took 0.120 seconds
[2025-05-21T07:17:21.662+0000] {processor.py:161} INFO - Started process (PID=23241) to work on /opt/airflow/dags/dbt_model_dag.py
[2025-05-21T07:17:21.665+0000] {processor.py:830} INFO - Processing file /opt/airflow/dags/dbt_model_dag.py for tasks to queue
[2025-05-21T07:17:21.667+0000] {logging_mixin.py:188} INFO - [2025-05-21T07:17:21.667+0000] {dagbag.py:538} INFO - Filling up the DagBag from /opt/airflow/dags/dbt_model_dag.py
[2025-05-21T07:17:21.692+0000] {processor.py:840} INFO - DAG(s) 'run_dbt_models_after_ingestion' retrieved from /opt/airflow/dags/dbt_model_dag.py
[2025-05-21T07:17:21.732+0000] {logging_mixin.py:188} INFO - [2025-05-21T07:17:21.732+0000] {dag.py:3036} INFO - Sync 1 DAGs
[2025-05-21T07:17:21.747+0000] {logging_mixin.py:188} INFO - [2025-05-21T07:17:21.747+0000] {dag.py:3823} INFO - Setting next_dagrun for run_dbt_models_after_ingestion to None, run_after=None
[2025-05-21T07:17:21.758+0000] {processor.py:183} INFO - Processing /opt/airflow/dags/dbt_model_dag.py took 0.105 seconds
[2025-05-21T07:17:52.267+0000] {processor.py:161} INFO - Started process (PID=23251) to work on /opt/airflow/dags/dbt_model_dag.py
[2025-05-21T07:17:52.276+0000] {processor.py:830} INFO - Processing file /opt/airflow/dags/dbt_model_dag.py for tasks to queue
[2025-05-21T07:17:52.277+0000] {logging_mixin.py:188} INFO - [2025-05-21T07:17:52.277+0000] {dagbag.py:538} INFO - Filling up the DagBag from /opt/airflow/dags/dbt_model_dag.py
[2025-05-21T07:17:52.307+0000] {processor.py:840} INFO - DAG(s) 'run_dbt_models_after_ingestion' retrieved from /opt/airflow/dags/dbt_model_dag.py
[2025-05-21T07:17:52.348+0000] {logging_mixin.py:188} INFO - [2025-05-21T07:17:52.348+0000] {dag.py:3036} INFO - Sync 1 DAGs
[2025-05-21T07:17:52.360+0000] {logging_mixin.py:188} INFO - [2025-05-21T07:17:52.360+0000] {dag.py:3823} INFO - Setting next_dagrun for run_dbt_models_after_ingestion to None, run_after=None
[2025-05-21T07:17:52.379+0000] {processor.py:183} INFO - Processing /opt/airflow/dags/dbt_model_dag.py took 0.126 seconds
[2025-05-21T07:18:22.875+0000] {processor.py:161} INFO - Started process (PID=23261) to work on /opt/airflow/dags/dbt_model_dag.py
[2025-05-21T07:18:22.879+0000] {processor.py:830} INFO - Processing file /opt/airflow/dags/dbt_model_dag.py for tasks to queue
[2025-05-21T07:18:22.883+0000] {logging_mixin.py:188} INFO - [2025-05-21T07:18:22.882+0000] {dagbag.py:538} INFO - Filling up the DagBag from /opt/airflow/dags/dbt_model_dag.py
[2025-05-21T07:18:22.906+0000] {processor.py:840} INFO - DAG(s) 'run_dbt_models_after_ingestion' retrieved from /opt/airflow/dags/dbt_model_dag.py
[2025-05-21T07:18:22.946+0000] {logging_mixin.py:188} INFO - [2025-05-21T07:18:22.946+0000] {dag.py:3036} INFO - Sync 1 DAGs
[2025-05-21T07:18:22.960+0000] {logging_mixin.py:188} INFO - [2025-05-21T07:18:22.960+0000] {dag.py:3823} INFO - Setting next_dagrun for run_dbt_models_after_ingestion to None, run_after=None
[2025-05-21T07:18:22.976+0000] {processor.py:183} INFO - Processing /opt/airflow/dags/dbt_model_dag.py took 0.111 seconds
[2025-05-21T07:18:53.442+0000] {processor.py:161} INFO - Started process (PID=23271) to work on /opt/airflow/dags/dbt_model_dag.py
[2025-05-21T07:18:53.445+0000] {processor.py:830} INFO - Processing file /opt/airflow/dags/dbt_model_dag.py for tasks to queue
[2025-05-21T07:18:53.446+0000] {logging_mixin.py:188} INFO - [2025-05-21T07:18:53.445+0000] {dagbag.py:538} INFO - Filling up the DagBag from /opt/airflow/dags/dbt_model_dag.py
[2025-05-21T07:18:53.470+0000] {processor.py:840} INFO - DAG(s) 'run_dbt_models_after_ingestion' retrieved from /opt/airflow/dags/dbt_model_dag.py
[2025-05-21T07:18:53.509+0000] {logging_mixin.py:188} INFO - [2025-05-21T07:18:53.509+0000] {dag.py:3036} INFO - Sync 1 DAGs
[2025-05-21T07:18:53.521+0000] {logging_mixin.py:188} INFO - [2025-05-21T07:18:53.521+0000] {dag.py:3823} INFO - Setting next_dagrun for run_dbt_models_after_ingestion to None, run_after=None
[2025-05-21T07:18:53.540+0000] {processor.py:183} INFO - Processing /opt/airflow/dags/dbt_model_dag.py took 0.109 seconds
[2025-05-21T07:19:24.091+0000] {processor.py:161} INFO - Started process (PID=23281) to work on /opt/airflow/dags/dbt_model_dag.py
[2025-05-21T07:19:24.099+0000] {processor.py:830} INFO - Processing file /opt/airflow/dags/dbt_model_dag.py for tasks to queue
[2025-05-21T07:19:24.101+0000] {logging_mixin.py:188} INFO - [2025-05-21T07:19:24.100+0000] {dagbag.py:538} INFO - Filling up the DagBag from /opt/airflow/dags/dbt_model_dag.py
[2025-05-21T07:19:24.154+0000] {processor.py:840} INFO - DAG(s) 'run_dbt_models_after_ingestion' retrieved from /opt/airflow/dags/dbt_model_dag.py
[2025-05-21T07:19:24.229+0000] {logging_mixin.py:188} INFO - [2025-05-21T07:19:24.229+0000] {dag.py:3036} INFO - Sync 1 DAGs
[2025-05-21T07:19:24.250+0000] {logging_mixin.py:188} INFO - [2025-05-21T07:19:24.250+0000] {dag.py:3823} INFO - Setting next_dagrun for run_dbt_models_after_ingestion to None, run_after=None
[2025-05-21T07:19:24.278+0000] {processor.py:183} INFO - Processing /opt/airflow/dags/dbt_model_dag.py took 0.216 seconds
[2025-05-21T07:19:54.720+0000] {processor.py:161} INFO - Started process (PID=23291) to work on /opt/airflow/dags/dbt_model_dag.py
[2025-05-21T07:19:54.724+0000] {processor.py:830} INFO - Processing file /opt/airflow/dags/dbt_model_dag.py for tasks to queue
[2025-05-21T07:19:54.726+0000] {logging_mixin.py:188} INFO - [2025-05-21T07:19:54.725+0000] {dagbag.py:538} INFO - Filling up the DagBag from /opt/airflow/dags/dbt_model_dag.py
[2025-05-21T07:19:54.755+0000] {processor.py:840} INFO - DAG(s) 'run_dbt_models_after_ingestion' retrieved from /opt/airflow/dags/dbt_model_dag.py
[2025-05-21T07:19:54.801+0000] {logging_mixin.py:188} INFO - [2025-05-21T07:19:54.801+0000] {dag.py:3036} INFO - Sync 1 DAGs
[2025-05-21T07:19:54.817+0000] {logging_mixin.py:188} INFO - [2025-05-21T07:19:54.817+0000] {dag.py:3823} INFO - Setting next_dagrun for run_dbt_models_after_ingestion to None, run_after=None
[2025-05-21T07:19:54.930+0000] {processor.py:183} INFO - Processing /opt/airflow/dags/dbt_model_dag.py took 0.218 seconds
[2025-05-21T07:20:25.449+0000] {processor.py:161} INFO - Started process (PID=23301) to work on /opt/airflow/dags/dbt_model_dag.py
[2025-05-21T07:20:25.452+0000] {processor.py:830} INFO - Processing file /opt/airflow/dags/dbt_model_dag.py for tasks to queue
[2025-05-21T07:20:25.458+0000] {logging_mixin.py:188} INFO - [2025-05-21T07:20:25.458+0000] {dagbag.py:538} INFO - Filling up the DagBag from /opt/airflow/dags/dbt_model_dag.py
[2025-05-21T07:20:25.483+0000] {processor.py:840} INFO - DAG(s) 'run_dbt_models_after_ingestion' retrieved from /opt/airflow/dags/dbt_model_dag.py
[2025-05-21T07:20:25.525+0000] {logging_mixin.py:188} INFO - [2025-05-21T07:20:25.525+0000] {dag.py:3036} INFO - Sync 1 DAGs
[2025-05-21T07:20:25.538+0000] {logging_mixin.py:188} INFO - [2025-05-21T07:20:25.538+0000] {dag.py:3823} INFO - Setting next_dagrun for run_dbt_models_after_ingestion to None, run_after=None
[2025-05-21T07:20:25.553+0000] {processor.py:183} INFO - Processing /opt/airflow/dags/dbt_model_dag.py took 0.121 seconds
[2025-05-21T07:23:35.224+0000] {processor.py:161} INFO - Started process (PID=23311) to work on /opt/airflow/dags/dbt_model_dag.py
[2025-05-21T07:23:35.231+0000] {processor.py:830} INFO - Processing file /opt/airflow/dags/dbt_model_dag.py for tasks to queue
[2025-05-21T07:23:35.234+0000] {logging_mixin.py:188} INFO - [2025-05-21T07:23:35.234+0000] {dagbag.py:538} INFO - Filling up the DagBag from /opt/airflow/dags/dbt_model_dag.py
[2025-05-21T07:23:35.318+0000] {processor.py:840} INFO - DAG(s) 'run_dbt_models_after_ingestion' retrieved from /opt/airflow/dags/dbt_model_dag.py
[2025-05-21T07:23:35.417+0000] {logging_mixin.py:188} INFO - [2025-05-21T07:23:35.417+0000] {dag.py:3036} INFO - Sync 1 DAGs
[2025-05-21T07:23:35.444+0000] {logging_mixin.py:188} INFO - [2025-05-21T07:23:35.444+0000] {dag.py:3823} INFO - Setting next_dagrun for run_dbt_models_after_ingestion to None, run_after=None
[2025-05-21T07:23:35.480+0000] {processor.py:183} INFO - Processing /opt/airflow/dags/dbt_model_dag.py took 0.274 seconds
[2025-05-21T07:24:05.665+0000] {processor.py:161} INFO - Started process (PID=23323) to work on /opt/airflow/dags/dbt_model_dag.py
[2025-05-21T07:24:05.666+0000] {processor.py:830} INFO - Processing file /opt/airflow/dags/dbt_model_dag.py for tasks to queue
[2025-05-21T07:24:05.668+0000] {logging_mixin.py:188} INFO - [2025-05-21T07:24:05.668+0000] {dagbag.py:538} INFO - Filling up the DagBag from /opt/airflow/dags/dbt_model_dag.py
[2025-05-21T07:24:05.703+0000] {processor.py:840} INFO - DAG(s) 'run_dbt_models_after_ingestion' retrieved from /opt/airflow/dags/dbt_model_dag.py
[2025-05-21T07:24:05.753+0000] {logging_mixin.py:188} INFO - [2025-05-21T07:24:05.753+0000] {dag.py:3036} INFO - Sync 1 DAGs
[2025-05-21T07:24:05.780+0000] {logging_mixin.py:188} INFO - [2025-05-21T07:24:05.779+0000] {dag.py:3823} INFO - Setting next_dagrun for run_dbt_models_after_ingestion to None, run_after=None
[2025-05-21T07:24:05.795+0000] {processor.py:183} INFO - Processing /opt/airflow/dags/dbt_model_dag.py took 0.150 seconds
[2025-05-21T07:24:36.227+0000] {processor.py:161} INFO - Started process (PID=23333) to work on /opt/airflow/dags/dbt_model_dag.py
[2025-05-21T07:24:36.230+0000] {processor.py:830} INFO - Processing file /opt/airflow/dags/dbt_model_dag.py for tasks to queue
[2025-05-21T07:24:36.233+0000] {logging_mixin.py:188} INFO - [2025-05-21T07:24:36.232+0000] {dagbag.py:538} INFO - Filling up the DagBag from /opt/airflow/dags/dbt_model_dag.py
[2025-05-21T07:24:36.255+0000] {processor.py:840} INFO - DAG(s) 'run_dbt_models_after_ingestion' retrieved from /opt/airflow/dags/dbt_model_dag.py
[2025-05-21T07:24:36.300+0000] {logging_mixin.py:188} INFO - [2025-05-21T07:24:36.300+0000] {dag.py:3036} INFO - Sync 1 DAGs
[2025-05-21T07:24:36.315+0000] {logging_mixin.py:188} INFO - [2025-05-21T07:24:36.315+0000] {dag.py:3823} INFO - Setting next_dagrun for run_dbt_models_after_ingestion to None, run_after=None
[2025-05-21T07:24:36.334+0000] {processor.py:183} INFO - Processing /opt/airflow/dags/dbt_model_dag.py took 0.120 seconds
[2025-05-21T07:25:06.840+0000] {processor.py:161} INFO - Started process (PID=23343) to work on /opt/airflow/dags/dbt_model_dag.py
[2025-05-21T07:25:06.843+0000] {processor.py:830} INFO - Processing file /opt/airflow/dags/dbt_model_dag.py for tasks to queue
[2025-05-21T07:25:06.844+0000] {logging_mixin.py:188} INFO - [2025-05-21T07:25:06.844+0000] {dagbag.py:538} INFO - Filling up the DagBag from /opt/airflow/dags/dbt_model_dag.py
[2025-05-21T07:25:06.870+0000] {processor.py:840} INFO - DAG(s) 'run_dbt_models_after_ingestion' retrieved from /opt/airflow/dags/dbt_model_dag.py
[2025-05-21T07:25:06.911+0000] {logging_mixin.py:188} INFO - [2025-05-21T07:25:06.911+0000] {dag.py:3036} INFO - Sync 1 DAGs
[2025-05-21T07:25:06.930+0000] {logging_mixin.py:188} INFO - [2025-05-21T07:25:06.930+0000] {dag.py:3823} INFO - Setting next_dagrun for run_dbt_models_after_ingestion to None, run_after=None
[2025-05-21T07:25:06.950+0000] {processor.py:183} INFO - Processing /opt/airflow/dags/dbt_model_dag.py took 0.118 seconds
[2025-05-21T07:25:37.365+0000] {processor.py:161} INFO - Started process (PID=23353) to work on /opt/airflow/dags/dbt_model_dag.py
[2025-05-21T07:25:37.367+0000] {processor.py:830} INFO - Processing file /opt/airflow/dags/dbt_model_dag.py for tasks to queue
[2025-05-21T07:25:37.368+0000] {logging_mixin.py:188} INFO - [2025-05-21T07:25:37.368+0000] {dagbag.py:538} INFO - Filling up the DagBag from /opt/airflow/dags/dbt_model_dag.py
[2025-05-21T07:25:37.392+0000] {processor.py:840} INFO - DAG(s) 'run_dbt_models_after_ingestion' retrieved from /opt/airflow/dags/dbt_model_dag.py
[2025-05-21T07:25:37.432+0000] {logging_mixin.py:188} INFO - [2025-05-21T07:25:37.431+0000] {dag.py:3036} INFO - Sync 1 DAGs
[2025-05-21T07:25:37.451+0000] {logging_mixin.py:188} INFO - [2025-05-21T07:25:37.451+0000] {dag.py:3823} INFO - Setting next_dagrun for run_dbt_models_after_ingestion to None, run_after=None
[2025-05-21T07:25:37.466+0000] {processor.py:183} INFO - Processing /opt/airflow/dags/dbt_model_dag.py took 0.113 seconds
[2025-05-21T07:26:07.949+0000] {processor.py:161} INFO - Started process (PID=23363) to work on /opt/airflow/dags/dbt_model_dag.py
[2025-05-21T07:26:07.954+0000] {processor.py:830} INFO - Processing file /opt/airflow/dags/dbt_model_dag.py for tasks to queue
[2025-05-21T07:26:07.957+0000] {logging_mixin.py:188} INFO - [2025-05-21T07:26:07.956+0000] {dagbag.py:538} INFO - Filling up the DagBag from /opt/airflow/dags/dbt_model_dag.py
[2025-05-21T07:26:07.985+0000] {processor.py:840} INFO - DAG(s) 'run_dbt_models_after_ingestion' retrieved from /opt/airflow/dags/dbt_model_dag.py
[2025-05-21T07:26:08.027+0000] {logging_mixin.py:188} INFO - [2025-05-21T07:26:08.027+0000] {dag.py:3036} INFO - Sync 1 DAGs
[2025-05-21T07:26:08.041+0000] {logging_mixin.py:188} INFO - [2025-05-21T07:26:08.040+0000] {dag.py:3823} INFO - Setting next_dagrun for run_dbt_models_after_ingestion to None, run_after=None
[2025-05-21T07:26:08.058+0000] {processor.py:183} INFO - Processing /opt/airflow/dags/dbt_model_dag.py took 0.126 seconds
[2025-05-21T07:26:38.476+0000] {processor.py:161} INFO - Started process (PID=23373) to work on /opt/airflow/dags/dbt_model_dag.py
[2025-05-21T07:26:38.481+0000] {processor.py:830} INFO - Processing file /opt/airflow/dags/dbt_model_dag.py for tasks to queue
[2025-05-21T07:26:38.483+0000] {logging_mixin.py:188} INFO - [2025-05-21T07:26:38.482+0000] {dagbag.py:538} INFO - Filling up the DagBag from /opt/airflow/dags/dbt_model_dag.py
[2025-05-21T07:26:38.510+0000] {processor.py:840} INFO - DAG(s) 'run_dbt_models_after_ingestion' retrieved from /opt/airflow/dags/dbt_model_dag.py
[2025-05-21T07:26:38.550+0000] {logging_mixin.py:188} INFO - [2025-05-21T07:26:38.550+0000] {dag.py:3036} INFO - Sync 1 DAGs
[2025-05-21T07:26:38.564+0000] {logging_mixin.py:188} INFO - [2025-05-21T07:26:38.564+0000] {dag.py:3823} INFO - Setting next_dagrun for run_dbt_models_after_ingestion to None, run_after=None
[2025-05-21T07:26:38.576+0000] {processor.py:183} INFO - Processing /opt/airflow/dags/dbt_model_dag.py took 0.111 seconds
[2025-05-21T07:27:09.039+0000] {processor.py:161} INFO - Started process (PID=23383) to work on /opt/airflow/dags/dbt_model_dag.py
[2025-05-21T07:27:09.041+0000] {processor.py:830} INFO - Processing file /opt/airflow/dags/dbt_model_dag.py for tasks to queue
[2025-05-21T07:27:09.043+0000] {logging_mixin.py:188} INFO - [2025-05-21T07:27:09.042+0000] {dagbag.py:538} INFO - Filling up the DagBag from /opt/airflow/dags/dbt_model_dag.py
[2025-05-21T07:27:09.066+0000] {processor.py:840} INFO - DAG(s) 'run_dbt_models_after_ingestion' retrieved from /opt/airflow/dags/dbt_model_dag.py
[2025-05-21T07:27:09.106+0000] {logging_mixin.py:188} INFO - [2025-05-21T07:27:09.106+0000] {dag.py:3036} INFO - Sync 1 DAGs
[2025-05-21T07:27:09.121+0000] {logging_mixin.py:188} INFO - [2025-05-21T07:27:09.121+0000] {dag.py:3823} INFO - Setting next_dagrun for run_dbt_models_after_ingestion to None, run_after=None
[2025-05-21T07:27:09.135+0000] {processor.py:183} INFO - Processing /opt/airflow/dags/dbt_model_dag.py took 0.109 seconds
[2025-05-21T07:27:39.580+0000] {processor.py:161} INFO - Started process (PID=23393) to work on /opt/airflow/dags/dbt_model_dag.py
[2025-05-21T07:27:39.584+0000] {processor.py:830} INFO - Processing file /opt/airflow/dags/dbt_model_dag.py for tasks to queue
[2025-05-21T07:27:39.586+0000] {logging_mixin.py:188} INFO - [2025-05-21T07:27:39.585+0000] {dagbag.py:538} INFO - Filling up the DagBag from /opt/airflow/dags/dbt_model_dag.py
[2025-05-21T07:27:39.613+0000] {processor.py:840} INFO - DAG(s) 'run_dbt_models_after_ingestion' retrieved from /opt/airflow/dags/dbt_model_dag.py
[2025-05-21T07:27:39.651+0000] {logging_mixin.py:188} INFO - [2025-05-21T07:27:39.651+0000] {dag.py:3036} INFO - Sync 1 DAGs
[2025-05-21T07:27:39.668+0000] {logging_mixin.py:188} INFO - [2025-05-21T07:27:39.668+0000] {dag.py:3823} INFO - Setting next_dagrun for run_dbt_models_after_ingestion to None, run_after=None
[2025-05-21T07:27:39.695+0000] {processor.py:183} INFO - Processing /opt/airflow/dags/dbt_model_dag.py took 0.126 seconds
[2025-05-21T07:28:10.047+0000] {processor.py:161} INFO - Started process (PID=23403) to work on /opt/airflow/dags/dbt_model_dag.py
[2025-05-21T07:28:10.051+0000] {processor.py:830} INFO - Processing file /opt/airflow/dags/dbt_model_dag.py for tasks to queue
[2025-05-21T07:28:10.053+0000] {logging_mixin.py:188} INFO - [2025-05-21T07:28:10.052+0000] {dagbag.py:538} INFO - Filling up the DagBag from /opt/airflow/dags/dbt_model_dag.py
[2025-05-21T07:28:10.077+0000] {processor.py:840} INFO - DAG(s) 'run_dbt_models_after_ingestion' retrieved from /opt/airflow/dags/dbt_model_dag.py
[2025-05-21T07:28:10.115+0000] {logging_mixin.py:188} INFO - [2025-05-21T07:28:10.115+0000] {dag.py:3036} INFO - Sync 1 DAGs
[2025-05-21T07:28:10.129+0000] {logging_mixin.py:188} INFO - [2025-05-21T07:28:10.129+0000] {dag.py:3823} INFO - Setting next_dagrun for run_dbt_models_after_ingestion to None, run_after=None
[2025-05-21T07:28:10.149+0000] {processor.py:183} INFO - Processing /opt/airflow/dags/dbt_model_dag.py took 0.115 seconds
[2025-05-21T07:28:40.613+0000] {processor.py:161} INFO - Started process (PID=23413) to work on /opt/airflow/dags/dbt_model_dag.py
[2025-05-21T07:28:40.616+0000] {processor.py:830} INFO - Processing file /opt/airflow/dags/dbt_model_dag.py for tasks to queue
[2025-05-21T07:28:40.618+0000] {logging_mixin.py:188} INFO - [2025-05-21T07:28:40.617+0000] {dagbag.py:538} INFO - Filling up the DagBag from /opt/airflow/dags/dbt_model_dag.py
[2025-05-21T07:28:40.644+0000] {processor.py:840} INFO - DAG(s) 'run_dbt_models_after_ingestion' retrieved from /opt/airflow/dags/dbt_model_dag.py
[2025-05-21T07:28:40.684+0000] {logging_mixin.py:188} INFO - [2025-05-21T07:28:40.683+0000] {dag.py:3036} INFO - Sync 1 DAGs
[2025-05-21T07:28:40.696+0000] {logging_mixin.py:188} INFO - [2025-05-21T07:28:40.696+0000] {dag.py:3823} INFO - Setting next_dagrun for run_dbt_models_after_ingestion to None, run_after=None
[2025-05-21T07:28:40.711+0000] {processor.py:183} INFO - Processing /opt/airflow/dags/dbt_model_dag.py took 0.113 seconds
[2025-05-21T07:29:11.164+0000] {processor.py:161} INFO - Started process (PID=23423) to work on /opt/airflow/dags/dbt_model_dag.py
[2025-05-21T07:29:11.166+0000] {processor.py:830} INFO - Processing file /opt/airflow/dags/dbt_model_dag.py for tasks to queue
[2025-05-21T07:29:11.167+0000] {logging_mixin.py:188} INFO - [2025-05-21T07:29:11.167+0000] {dagbag.py:538} INFO - Filling up the DagBag from /opt/airflow/dags/dbt_model_dag.py
[2025-05-21T07:29:11.197+0000] {processor.py:840} INFO - DAG(s) 'run_dbt_models_after_ingestion' retrieved from /opt/airflow/dags/dbt_model_dag.py
[2025-05-21T07:29:11.234+0000] {logging_mixin.py:188} INFO - [2025-05-21T07:29:11.234+0000] {dag.py:3036} INFO - Sync 1 DAGs
[2025-05-21T07:29:11.247+0000] {logging_mixin.py:188} INFO - [2025-05-21T07:29:11.247+0000] {dag.py:3823} INFO - Setting next_dagrun for run_dbt_models_after_ingestion to None, run_after=None
[2025-05-21T07:29:11.268+0000] {processor.py:183} INFO - Processing /opt/airflow/dags/dbt_model_dag.py took 0.120 seconds
[2025-05-21T07:29:41.770+0000] {processor.py:161} INFO - Started process (PID=23433) to work on /opt/airflow/dags/dbt_model_dag.py
[2025-05-21T07:29:41.773+0000] {processor.py:830} INFO - Processing file /opt/airflow/dags/dbt_model_dag.py for tasks to queue
[2025-05-21T07:29:41.777+0000] {logging_mixin.py:188} INFO - [2025-05-21T07:29:41.775+0000] {dagbag.py:538} INFO - Filling up the DagBag from /opt/airflow/dags/dbt_model_dag.py
[2025-05-21T07:29:41.805+0000] {processor.py:840} INFO - DAG(s) 'run_dbt_models_after_ingestion' retrieved from /opt/airflow/dags/dbt_model_dag.py
[2025-05-21T07:29:41.845+0000] {logging_mixin.py:188} INFO - [2025-05-21T07:29:41.845+0000] {dag.py:3036} INFO - Sync 1 DAGs
[2025-05-21T07:29:41.862+0000] {logging_mixin.py:188} INFO - [2025-05-21T07:29:41.862+0000] {dag.py:3823} INFO - Setting next_dagrun for run_dbt_models_after_ingestion to None, run_after=None
[2025-05-21T07:29:41.877+0000] {processor.py:183} INFO - Processing /opt/airflow/dags/dbt_model_dag.py took 0.121 seconds
[2025-05-21T07:30:12.322+0000] {processor.py:161} INFO - Started process (PID=23443) to work on /opt/airflow/dags/dbt_model_dag.py
[2025-05-21T07:30:12.324+0000] {processor.py:830} INFO - Processing file /opt/airflow/dags/dbt_model_dag.py for tasks to queue
[2025-05-21T07:30:12.326+0000] {logging_mixin.py:188} INFO - [2025-05-21T07:30:12.325+0000] {dagbag.py:538} INFO - Filling up the DagBag from /opt/airflow/dags/dbt_model_dag.py
[2025-05-21T07:30:12.353+0000] {processor.py:840} INFO - DAG(s) 'run_dbt_models_after_ingestion' retrieved from /opt/airflow/dags/dbt_model_dag.py
[2025-05-21T07:30:12.390+0000] {logging_mixin.py:188} INFO - [2025-05-21T07:30:12.390+0000] {dag.py:3036} INFO - Sync 1 DAGs
[2025-05-21T07:30:12.409+0000] {logging_mixin.py:188} INFO - [2025-05-21T07:30:12.409+0000] {dag.py:3823} INFO - Setting next_dagrun for run_dbt_models_after_ingestion to None, run_after=None
[2025-05-21T07:30:12.424+0000] {processor.py:183} INFO - Processing /opt/airflow/dags/dbt_model_dag.py took 0.117 seconds
[2025-05-21T07:30:42.867+0000] {processor.py:161} INFO - Started process (PID=23453) to work on /opt/airflow/dags/dbt_model_dag.py
[2025-05-21T07:30:42.870+0000] {processor.py:830} INFO - Processing file /opt/airflow/dags/dbt_model_dag.py for tasks to queue
[2025-05-21T07:30:42.871+0000] {logging_mixin.py:188} INFO - [2025-05-21T07:30:42.870+0000] {dagbag.py:538} INFO - Filling up the DagBag from /opt/airflow/dags/dbt_model_dag.py
[2025-05-21T07:30:42.897+0000] {processor.py:840} INFO - DAG(s) 'run_dbt_models_after_ingestion' retrieved from /opt/airflow/dags/dbt_model_dag.py
[2025-05-21T07:30:42.935+0000] {logging_mixin.py:188} INFO - [2025-05-21T07:30:42.935+0000] {dag.py:3036} INFO - Sync 1 DAGs
[2025-05-21T07:30:42.949+0000] {logging_mixin.py:188} INFO - [2025-05-21T07:30:42.949+0000] {dag.py:3823} INFO - Setting next_dagrun for run_dbt_models_after_ingestion to None, run_after=None
[2025-05-21T07:30:42.962+0000] {processor.py:183} INFO - Processing /opt/airflow/dags/dbt_model_dag.py took 0.107 seconds
[2025-05-21T07:31:13.400+0000] {processor.py:161} INFO - Started process (PID=23463) to work on /opt/airflow/dags/dbt_model_dag.py
[2025-05-21T07:31:13.402+0000] {processor.py:830} INFO - Processing file /opt/airflow/dags/dbt_model_dag.py for tasks to queue
[2025-05-21T07:31:13.403+0000] {logging_mixin.py:188} INFO - [2025-05-21T07:31:13.403+0000] {dagbag.py:538} INFO - Filling up the DagBag from /opt/airflow/dags/dbt_model_dag.py
[2025-05-21T07:31:13.429+0000] {processor.py:840} INFO - DAG(s) 'run_dbt_models_after_ingestion' retrieved from /opt/airflow/dags/dbt_model_dag.py
[2025-05-21T07:31:13.467+0000] {logging_mixin.py:188} INFO - [2025-05-21T07:31:13.467+0000] {dag.py:3036} INFO - Sync 1 DAGs
[2025-05-21T07:31:13.478+0000] {logging_mixin.py:188} INFO - [2025-05-21T07:31:13.478+0000] {dag.py:3823} INFO - Setting next_dagrun for run_dbt_models_after_ingestion to None, run_after=None
[2025-05-21T07:31:13.493+0000] {processor.py:183} INFO - Processing /opt/airflow/dags/dbt_model_dag.py took 0.112 seconds
[2025-05-21T07:31:43.944+0000] {processor.py:161} INFO - Started process (PID=23473) to work on /opt/airflow/dags/dbt_model_dag.py
[2025-05-21T07:31:43.947+0000] {processor.py:830} INFO - Processing file /opt/airflow/dags/dbt_model_dag.py for tasks to queue
[2025-05-21T07:31:43.948+0000] {logging_mixin.py:188} INFO - [2025-05-21T07:31:43.948+0000] {dagbag.py:538} INFO - Filling up the DagBag from /opt/airflow/dags/dbt_model_dag.py
[2025-05-21T07:31:43.970+0000] {processor.py:840} INFO - DAG(s) 'run_dbt_models_after_ingestion' retrieved from /opt/airflow/dags/dbt_model_dag.py
[2025-05-21T07:31:44.007+0000] {logging_mixin.py:188} INFO - [2025-05-21T07:31:44.007+0000] {dag.py:3036} INFO - Sync 1 DAGs
[2025-05-21T07:31:44.022+0000] {logging_mixin.py:188} INFO - [2025-05-21T07:31:44.022+0000] {dag.py:3823} INFO - Setting next_dagrun for run_dbt_models_after_ingestion to None, run_after=None
[2025-05-21T07:31:44.039+0000] {processor.py:183} INFO - Processing /opt/airflow/dags/dbt_model_dag.py took 0.104 seconds
[2025-05-21T07:32:14.483+0000] {processor.py:161} INFO - Started process (PID=23483) to work on /opt/airflow/dags/dbt_model_dag.py
[2025-05-21T07:32:14.488+0000] {processor.py:830} INFO - Processing file /opt/airflow/dags/dbt_model_dag.py for tasks to queue
[2025-05-21T07:32:14.489+0000] {logging_mixin.py:188} INFO - [2025-05-21T07:32:14.489+0000] {dagbag.py:538} INFO - Filling up the DagBag from /opt/airflow/dags/dbt_model_dag.py
[2025-05-21T07:32:14.518+0000] {processor.py:840} INFO - DAG(s) 'run_dbt_models_after_ingestion' retrieved from /opt/airflow/dags/dbt_model_dag.py
[2025-05-21T07:32:14.555+0000] {logging_mixin.py:188} INFO - [2025-05-21T07:32:14.555+0000] {dag.py:3036} INFO - Sync 1 DAGs
[2025-05-21T07:32:14.569+0000] {logging_mixin.py:188} INFO - [2025-05-21T07:32:14.569+0000] {dag.py:3823} INFO - Setting next_dagrun for run_dbt_models_after_ingestion to None, run_after=None
[2025-05-21T07:32:14.584+0000] {processor.py:183} INFO - Processing /opt/airflow/dags/dbt_model_dag.py took 0.116 seconds
[2025-05-21T07:32:45.034+0000] {processor.py:161} INFO - Started process (PID=23493) to work on /opt/airflow/dags/dbt_model_dag.py
[2025-05-21T07:32:45.037+0000] {processor.py:830} INFO - Processing file /opt/airflow/dags/dbt_model_dag.py for tasks to queue
[2025-05-21T07:32:45.038+0000] {logging_mixin.py:188} INFO - [2025-05-21T07:32:45.038+0000] {dagbag.py:538} INFO - Filling up the DagBag from /opt/airflow/dags/dbt_model_dag.py
[2025-05-21T07:32:45.065+0000] {processor.py:840} INFO - DAG(s) 'run_dbt_models_after_ingestion' retrieved from /opt/airflow/dags/dbt_model_dag.py
[2025-05-21T07:32:45.100+0000] {logging_mixin.py:188} INFO - [2025-05-21T07:32:45.100+0000] {dag.py:3036} INFO - Sync 1 DAGs
[2025-05-21T07:32:45.114+0000] {logging_mixin.py:188} INFO - [2025-05-21T07:32:45.114+0000] {dag.py:3823} INFO - Setting next_dagrun for run_dbt_models_after_ingestion to None, run_after=None
[2025-05-21T07:32:45.129+0000] {processor.py:183} INFO - Processing /opt/airflow/dags/dbt_model_dag.py took 0.108 seconds
[2025-05-21T07:33:15.626+0000] {processor.py:161} INFO - Started process (PID=23503) to work on /opt/airflow/dags/dbt_model_dag.py
[2025-05-21T07:33:15.630+0000] {processor.py:830} INFO - Processing file /opt/airflow/dags/dbt_model_dag.py for tasks to queue
[2025-05-21T07:33:15.632+0000] {logging_mixin.py:188} INFO - [2025-05-21T07:33:15.631+0000] {dagbag.py:538} INFO - Filling up the DagBag from /opt/airflow/dags/dbt_model_dag.py
[2025-05-21T07:33:15.661+0000] {processor.py:840} INFO - DAG(s) 'run_dbt_models_after_ingestion' retrieved from /opt/airflow/dags/dbt_model_dag.py
[2025-05-21T07:33:15.708+0000] {logging_mixin.py:188} INFO - [2025-05-21T07:33:15.708+0000] {dag.py:3036} INFO - Sync 1 DAGs
[2025-05-21T07:33:15.724+0000] {logging_mixin.py:188} INFO - [2025-05-21T07:33:15.724+0000] {dag.py:3823} INFO - Setting next_dagrun for run_dbt_models_after_ingestion to None, run_after=None
[2025-05-21T07:33:15.738+0000] {processor.py:183} INFO - Processing /opt/airflow/dags/dbt_model_dag.py took 0.123 seconds
[2025-05-21T07:33:46.167+0000] {processor.py:161} INFO - Started process (PID=23513) to work on /opt/airflow/dags/dbt_model_dag.py
[2025-05-21T07:33:46.169+0000] {processor.py:830} INFO - Processing file /opt/airflow/dags/dbt_model_dag.py for tasks to queue
[2025-05-21T07:33:46.172+0000] {logging_mixin.py:188} INFO - [2025-05-21T07:33:46.172+0000] {dagbag.py:538} INFO - Filling up the DagBag from /opt/airflow/dags/dbt_model_dag.py
[2025-05-21T07:33:46.195+0000] {processor.py:840} INFO - DAG(s) 'run_dbt_models_after_ingestion' retrieved from /opt/airflow/dags/dbt_model_dag.py
[2025-05-21T07:33:46.230+0000] {logging_mixin.py:188} INFO - [2025-05-21T07:33:46.230+0000] {dag.py:3036} INFO - Sync 1 DAGs
[2025-05-21T07:33:46.246+0000] {logging_mixin.py:188} INFO - [2025-05-21T07:33:46.245+0000] {dag.py:3823} INFO - Setting next_dagrun for run_dbt_models_after_ingestion to None, run_after=None
[2025-05-21T07:33:46.260+0000] {processor.py:183} INFO - Processing /opt/airflow/dags/dbt_model_dag.py took 0.101 seconds
[2025-05-21T07:34:16.787+0000] {processor.py:161} INFO - Started process (PID=23523) to work on /opt/airflow/dags/dbt_model_dag.py
[2025-05-21T07:34:16.796+0000] {processor.py:830} INFO - Processing file /opt/airflow/dags/dbt_model_dag.py for tasks to queue
[2025-05-21T07:34:16.798+0000] {logging_mixin.py:188} INFO - [2025-05-21T07:34:16.798+0000] {dagbag.py:538} INFO - Filling up the DagBag from /opt/airflow/dags/dbt_model_dag.py
[2025-05-21T07:34:16.834+0000] {processor.py:840} INFO - DAG(s) 'run_dbt_models_after_ingestion' retrieved from /opt/airflow/dags/dbt_model_dag.py
[2025-05-21T07:34:16.886+0000] {logging_mixin.py:188} INFO - [2025-05-21T07:34:16.885+0000] {dag.py:3036} INFO - Sync 1 DAGs
[2025-05-21T07:34:16.899+0000] {logging_mixin.py:188} INFO - [2025-05-21T07:34:16.899+0000] {dag.py:3823} INFO - Setting next_dagrun for run_dbt_models_after_ingestion to None, run_after=None
[2025-05-21T07:34:16.914+0000] {processor.py:183} INFO - Processing /opt/airflow/dags/dbt_model_dag.py took 0.169 seconds
[2025-05-21T07:34:47.356+0000] {processor.py:161} INFO - Started process (PID=23533) to work on /opt/airflow/dags/dbt_model_dag.py
[2025-05-21T07:34:47.359+0000] {processor.py:830} INFO - Processing file /opt/airflow/dags/dbt_model_dag.py for tasks to queue
[2025-05-21T07:34:47.360+0000] {logging_mixin.py:188} INFO - [2025-05-21T07:34:47.360+0000] {dagbag.py:538} INFO - Filling up the DagBag from /opt/airflow/dags/dbt_model_dag.py
[2025-05-21T07:34:47.386+0000] {processor.py:840} INFO - DAG(s) 'run_dbt_models_after_ingestion' retrieved from /opt/airflow/dags/dbt_model_dag.py
[2025-05-21T07:34:47.428+0000] {logging_mixin.py:188} INFO - [2025-05-21T07:34:47.428+0000] {dag.py:3036} INFO - Sync 1 DAGs
[2025-05-21T07:34:47.446+0000] {logging_mixin.py:188} INFO - [2025-05-21T07:34:47.446+0000] {dag.py:3823} INFO - Setting next_dagrun for run_dbt_models_after_ingestion to None, run_after=None
[2025-05-21T07:34:47.461+0000] {processor.py:183} INFO - Processing /opt/airflow/dags/dbt_model_dag.py took 0.114 seconds
[2025-05-21T07:35:17.966+0000] {processor.py:161} INFO - Started process (PID=23543) to work on /opt/airflow/dags/dbt_model_dag.py
[2025-05-21T07:35:17.968+0000] {processor.py:830} INFO - Processing file /opt/airflow/dags/dbt_model_dag.py for tasks to queue
[2025-05-21T07:35:17.970+0000] {logging_mixin.py:188} INFO - [2025-05-21T07:35:17.969+0000] {dagbag.py:538} INFO - Filling up the DagBag from /opt/airflow/dags/dbt_model_dag.py
[2025-05-21T07:35:17.996+0000] {processor.py:840} INFO - DAG(s) 'run_dbt_models_after_ingestion' retrieved from /opt/airflow/dags/dbt_model_dag.py
[2025-05-21T07:35:18.044+0000] {logging_mixin.py:188} INFO - [2025-05-21T07:35:18.044+0000] {dag.py:3036} INFO - Sync 1 DAGs
[2025-05-21T07:35:18.059+0000] {logging_mixin.py:188} INFO - [2025-05-21T07:35:18.059+0000] {dag.py:3823} INFO - Setting next_dagrun for run_dbt_models_after_ingestion to None, run_after=None
[2025-05-21T07:35:18.072+0000] {processor.py:183} INFO - Processing /opt/airflow/dags/dbt_model_dag.py took 0.123 seconds
[2025-05-21T07:35:48.580+0000] {processor.py:161} INFO - Started process (PID=23553) to work on /opt/airflow/dags/dbt_model_dag.py
[2025-05-21T07:35:48.587+0000] {processor.py:830} INFO - Processing file /opt/airflow/dags/dbt_model_dag.py for tasks to queue
[2025-05-21T07:35:48.589+0000] {logging_mixin.py:188} INFO - [2025-05-21T07:35:48.588+0000] {dagbag.py:538} INFO - Filling up the DagBag from /opt/airflow/dags/dbt_model_dag.py
[2025-05-21T07:35:48.619+0000] {processor.py:840} INFO - DAG(s) 'run_dbt_models_after_ingestion' retrieved from /opt/airflow/dags/dbt_model_dag.py
[2025-05-21T07:35:48.669+0000] {logging_mixin.py:188} INFO - [2025-05-21T07:35:48.669+0000] {dag.py:3036} INFO - Sync 1 DAGs
[2025-05-21T07:35:48.688+0000] {logging_mixin.py:188} INFO - [2025-05-21T07:35:48.688+0000] {dag.py:3823} INFO - Setting next_dagrun for run_dbt_models_after_ingestion to None, run_after=None
[2025-05-21T07:35:48.704+0000] {processor.py:183} INFO - Processing /opt/airflow/dags/dbt_model_dag.py took 0.134 seconds
[2025-05-21T07:36:19.152+0000] {processor.py:161} INFO - Started process (PID=23563) to work on /opt/airflow/dags/dbt_model_dag.py
[2025-05-21T07:36:19.154+0000] {processor.py:830} INFO - Processing file /opt/airflow/dags/dbt_model_dag.py for tasks to queue
[2025-05-21T07:36:19.155+0000] {logging_mixin.py:188} INFO - [2025-05-21T07:36:19.155+0000] {dagbag.py:538} INFO - Filling up the DagBag from /opt/airflow/dags/dbt_model_dag.py
[2025-05-21T07:36:19.180+0000] {processor.py:840} INFO - DAG(s) 'run_dbt_models_after_ingestion' retrieved from /opt/airflow/dags/dbt_model_dag.py
[2025-05-21T07:36:19.215+0000] {logging_mixin.py:188} INFO - [2025-05-21T07:36:19.215+0000] {dag.py:3036} INFO - Sync 1 DAGs
[2025-05-21T07:36:19.229+0000] {logging_mixin.py:188} INFO - [2025-05-21T07:36:19.229+0000] {dag.py:3823} INFO - Setting next_dagrun for run_dbt_models_after_ingestion to None, run_after=None
[2025-05-21T07:36:19.243+0000] {processor.py:183} INFO - Processing /opt/airflow/dags/dbt_model_dag.py took 0.100 seconds
[2025-05-21T07:36:49.837+0000] {processor.py:161} INFO - Started process (PID=23573) to work on /opt/airflow/dags/dbt_model_dag.py
[2025-05-21T07:36:49.840+0000] {processor.py:830} INFO - Processing file /opt/airflow/dags/dbt_model_dag.py for tasks to queue
[2025-05-21T07:36:49.842+0000] {logging_mixin.py:188} INFO - [2025-05-21T07:36:49.842+0000] {dagbag.py:538} INFO - Filling up the DagBag from /opt/airflow/dags/dbt_model_dag.py
[2025-05-21T07:36:49.867+0000] {processor.py:840} INFO - DAG(s) 'run_dbt_models_after_ingestion' retrieved from /opt/airflow/dags/dbt_model_dag.py
[2025-05-21T07:36:49.910+0000] {logging_mixin.py:188} INFO - [2025-05-21T07:36:49.910+0000] {dag.py:3036} INFO - Sync 1 DAGs
[2025-05-21T07:36:49.924+0000] {logging_mixin.py:188} INFO - [2025-05-21T07:36:49.924+0000] {dag.py:3823} INFO - Setting next_dagrun for run_dbt_models_after_ingestion to None, run_after=None
[2025-05-21T07:36:49.935+0000] {processor.py:183} INFO - Processing /opt/airflow/dags/dbt_model_dag.py took 0.113 seconds
[2025-05-21T07:37:20.345+0000] {processor.py:161} INFO - Started process (PID=23583) to work on /opt/airflow/dags/dbt_model_dag.py
[2025-05-21T07:37:20.346+0000] {processor.py:830} INFO - Processing file /opt/airflow/dags/dbt_model_dag.py for tasks to queue
[2025-05-21T07:37:20.347+0000] {logging_mixin.py:188} INFO - [2025-05-21T07:37:20.347+0000] {dagbag.py:538} INFO - Filling up the DagBag from /opt/airflow/dags/dbt_model_dag.py
[2025-05-21T07:37:20.375+0000] {processor.py:840} INFO - DAG(s) 'run_dbt_models_after_ingestion' retrieved from /opt/airflow/dags/dbt_model_dag.py
[2025-05-21T07:37:20.423+0000] {logging_mixin.py:188} INFO - [2025-05-21T07:37:20.423+0000] {dag.py:3036} INFO - Sync 1 DAGs
[2025-05-21T07:37:20.438+0000] {logging_mixin.py:188} INFO - [2025-05-21T07:37:20.438+0000] {dag.py:3823} INFO - Setting next_dagrun for run_dbt_models_after_ingestion to None, run_after=None
[2025-05-21T07:37:20.451+0000] {processor.py:183} INFO - Processing /opt/airflow/dags/dbt_model_dag.py took 0.119 seconds
[2025-05-21T07:37:50.913+0000] {processor.py:161} INFO - Started process (PID=23593) to work on /opt/airflow/dags/dbt_model_dag.py
[2025-05-21T07:37:50.915+0000] {processor.py:830} INFO - Processing file /opt/airflow/dags/dbt_model_dag.py for tasks to queue
[2025-05-21T07:37:50.916+0000] {logging_mixin.py:188} INFO - [2025-05-21T07:37:50.915+0000] {dagbag.py:538} INFO - Filling up the DagBag from /opt/airflow/dags/dbt_model_dag.py
[2025-05-21T07:37:50.935+0000] {processor.py:840} INFO - DAG(s) 'run_dbt_models_after_ingestion' retrieved from /opt/airflow/dags/dbt_model_dag.py
[2025-05-21T07:37:50.973+0000] {logging_mixin.py:188} INFO - [2025-05-21T07:37:50.973+0000] {dag.py:3036} INFO - Sync 1 DAGs
[2025-05-21T07:37:50.985+0000] {logging_mixin.py:188} INFO - [2025-05-21T07:37:50.985+0000] {dag.py:3823} INFO - Setting next_dagrun for run_dbt_models_after_ingestion to None, run_after=None
[2025-05-21T07:37:50.999+0000] {processor.py:183} INFO - Processing /opt/airflow/dags/dbt_model_dag.py took 0.093 seconds
[2025-05-21T07:38:21.424+0000] {processor.py:161} INFO - Started process (PID=23603) to work on /opt/airflow/dags/dbt_model_dag.py
[2025-05-21T07:38:21.426+0000] {processor.py:830} INFO - Processing file /opt/airflow/dags/dbt_model_dag.py for tasks to queue
[2025-05-21T07:38:21.427+0000] {logging_mixin.py:188} INFO - [2025-05-21T07:38:21.426+0000] {dagbag.py:538} INFO - Filling up the DagBag from /opt/airflow/dags/dbt_model_dag.py
[2025-05-21T07:38:21.452+0000] {processor.py:840} INFO - DAG(s) 'run_dbt_models_after_ingestion' retrieved from /opt/airflow/dags/dbt_model_dag.py
[2025-05-21T07:38:21.493+0000] {logging_mixin.py:188} INFO - [2025-05-21T07:38:21.492+0000] {dag.py:3036} INFO - Sync 1 DAGs
[2025-05-21T07:38:21.506+0000] {logging_mixin.py:188} INFO - [2025-05-21T07:38:21.506+0000] {dag.py:3823} INFO - Setting next_dagrun for run_dbt_models_after_ingestion to None, run_after=None
[2025-05-21T07:38:21.521+0000] {processor.py:183} INFO - Processing /opt/airflow/dags/dbt_model_dag.py took 0.112 seconds
[2025-05-21T07:38:51.982+0000] {processor.py:161} INFO - Started process (PID=23613) to work on /opt/airflow/dags/dbt_model_dag.py
[2025-05-21T07:38:51.984+0000] {processor.py:830} INFO - Processing file /opt/airflow/dags/dbt_model_dag.py for tasks to queue
[2025-05-21T07:38:51.985+0000] {logging_mixin.py:188} INFO - [2025-05-21T07:38:51.985+0000] {dagbag.py:538} INFO - Filling up the DagBag from /opt/airflow/dags/dbt_model_dag.py
[2025-05-21T07:38:52.013+0000] {processor.py:840} INFO - DAG(s) 'run_dbt_models_after_ingestion' retrieved from /opt/airflow/dags/dbt_model_dag.py
[2025-05-21T07:38:52.050+0000] {logging_mixin.py:188} INFO - [2025-05-21T07:38:52.050+0000] {dag.py:3036} INFO - Sync 1 DAGs
[2025-05-21T07:38:52.062+0000] {logging_mixin.py:188} INFO - [2025-05-21T07:38:52.062+0000] {dag.py:3823} INFO - Setting next_dagrun for run_dbt_models_after_ingestion to None, run_after=None
[2025-05-21T07:38:52.077+0000] {processor.py:183} INFO - Processing /opt/airflow/dags/dbt_model_dag.py took 0.114 seconds
[2025-05-21T07:39:22.459+0000] {processor.py:161} INFO - Started process (PID=23623) to work on /opt/airflow/dags/dbt_model_dag.py
[2025-05-21T07:39:22.463+0000] {processor.py:830} INFO - Processing file /opt/airflow/dags/dbt_model_dag.py for tasks to queue
[2025-05-21T07:39:22.464+0000] {logging_mixin.py:188} INFO - [2025-05-21T07:39:22.464+0000] {dagbag.py:538} INFO - Filling up the DagBag from /opt/airflow/dags/dbt_model_dag.py
[2025-05-21T07:39:22.487+0000] {processor.py:840} INFO - DAG(s) 'run_dbt_models_after_ingestion' retrieved from /opt/airflow/dags/dbt_model_dag.py
[2025-05-21T07:39:22.518+0000] {logging_mixin.py:188} INFO - [2025-05-21T07:39:22.518+0000] {dag.py:3036} INFO - Sync 1 DAGs
[2025-05-21T07:39:22.533+0000] {logging_mixin.py:188} INFO - [2025-05-21T07:39:22.533+0000] {dag.py:3823} INFO - Setting next_dagrun for run_dbt_models_after_ingestion to None, run_after=None
[2025-05-21T07:39:22.548+0000] {processor.py:183} INFO - Processing /opt/airflow/dags/dbt_model_dag.py took 0.101 seconds
[2025-05-21T07:39:52.987+0000] {processor.py:161} INFO - Started process (PID=23633) to work on /opt/airflow/dags/dbt_model_dag.py
[2025-05-21T07:39:52.989+0000] {processor.py:830} INFO - Processing file /opt/airflow/dags/dbt_model_dag.py for tasks to queue
[2025-05-21T07:39:52.990+0000] {logging_mixin.py:188} INFO - [2025-05-21T07:39:52.990+0000] {dagbag.py:538} INFO - Filling up the DagBag from /opt/airflow/dags/dbt_model_dag.py
[2025-05-21T07:39:53.019+0000] {processor.py:840} INFO - DAG(s) 'run_dbt_models_after_ingestion' retrieved from /opt/airflow/dags/dbt_model_dag.py
[2025-05-21T07:39:53.062+0000] {logging_mixin.py:188} INFO - [2025-05-21T07:39:53.062+0000] {dag.py:3036} INFO - Sync 1 DAGs
[2025-05-21T07:39:53.076+0000] {logging_mixin.py:188} INFO - [2025-05-21T07:39:53.076+0000] {dag.py:3823} INFO - Setting next_dagrun for run_dbt_models_after_ingestion to None, run_after=None
[2025-05-21T07:39:53.096+0000] {processor.py:183} INFO - Processing /opt/airflow/dags/dbt_model_dag.py took 0.120 seconds
[2025-05-21T07:40:23.621+0000] {processor.py:161} INFO - Started process (PID=23643) to work on /opt/airflow/dags/dbt_model_dag.py
[2025-05-21T07:40:23.624+0000] {processor.py:830} INFO - Processing file /opt/airflow/dags/dbt_model_dag.py for tasks to queue
[2025-05-21T07:40:23.627+0000] {logging_mixin.py:188} INFO - [2025-05-21T07:40:23.626+0000] {dagbag.py:538} INFO - Filling up the DagBag from /opt/airflow/dags/dbt_model_dag.py
[2025-05-21T07:40:23.655+0000] {processor.py:840} INFO - DAG(s) 'run_dbt_models_after_ingestion' retrieved from /opt/airflow/dags/dbt_model_dag.py
[2025-05-21T07:40:23.703+0000] {logging_mixin.py:188} INFO - [2025-05-21T07:40:23.702+0000] {dag.py:3036} INFO - Sync 1 DAGs
[2025-05-21T07:40:23.723+0000] {logging_mixin.py:188} INFO - [2025-05-21T07:40:23.723+0000] {dag.py:3823} INFO - Setting next_dagrun for run_dbt_models_after_ingestion to None, run_after=None
[2025-05-21T07:40:23.743+0000] {processor.py:183} INFO - Processing /opt/airflow/dags/dbt_model_dag.py took 0.138 seconds
[2025-05-21T07:40:54.209+0000] {processor.py:161} INFO - Started process (PID=23653) to work on /opt/airflow/dags/dbt_model_dag.py
[2025-05-21T07:40:54.213+0000] {processor.py:830} INFO - Processing file /opt/airflow/dags/dbt_model_dag.py for tasks to queue
[2025-05-21T07:40:54.217+0000] {logging_mixin.py:188} INFO - [2025-05-21T07:40:54.216+0000] {dagbag.py:538} INFO - Filling up the DagBag from /opt/airflow/dags/dbt_model_dag.py
[2025-05-21T07:40:54.244+0000] {processor.py:840} INFO - DAG(s) 'run_dbt_models_after_ingestion' retrieved from /opt/airflow/dags/dbt_model_dag.py
[2025-05-21T07:40:54.292+0000] {logging_mixin.py:188} INFO - [2025-05-21T07:40:54.292+0000] {dag.py:3036} INFO - Sync 1 DAGs
[2025-05-21T07:40:54.303+0000] {logging_mixin.py:188} INFO - [2025-05-21T07:40:54.303+0000] {dag.py:3823} INFO - Setting next_dagrun for run_dbt_models_after_ingestion to None, run_after=None
[2025-05-21T07:40:54.319+0000] {processor.py:183} INFO - Processing /opt/airflow/dags/dbt_model_dag.py took 0.123 seconds
[2025-05-21T07:41:24.697+0000] {processor.py:161} INFO - Started process (PID=23663) to work on /opt/airflow/dags/dbt_model_dag.py
[2025-05-21T07:41:24.700+0000] {processor.py:830} INFO - Processing file /opt/airflow/dags/dbt_model_dag.py for tasks to queue
[2025-05-21T07:41:24.702+0000] {logging_mixin.py:188} INFO - [2025-05-21T07:41:24.701+0000] {dagbag.py:538} INFO - Filling up the DagBag from /opt/airflow/dags/dbt_model_dag.py
[2025-05-21T07:41:24.737+0000] {processor.py:840} INFO - DAG(s) 'run_dbt_models_after_ingestion' retrieved from /opt/airflow/dags/dbt_model_dag.py
[2025-05-21T07:41:24.778+0000] {logging_mixin.py:188} INFO - [2025-05-21T07:41:24.778+0000] {dag.py:3036} INFO - Sync 1 DAGs
[2025-05-21T07:41:24.795+0000] {logging_mixin.py:188} INFO - [2025-05-21T07:41:24.795+0000] {dag.py:3823} INFO - Setting next_dagrun for run_dbt_models_after_ingestion to None, run_after=None
[2025-05-21T07:41:24.810+0000] {processor.py:183} INFO - Processing /opt/airflow/dags/dbt_model_dag.py took 0.129 seconds
[2025-05-21T07:41:55.256+0000] {processor.py:161} INFO - Started process (PID=23673) to work on /opt/airflow/dags/dbt_model_dag.py
[2025-05-21T07:41:55.259+0000] {processor.py:830} INFO - Processing file /opt/airflow/dags/dbt_model_dag.py for tasks to queue
[2025-05-21T07:41:55.260+0000] {logging_mixin.py:188} INFO - [2025-05-21T07:41:55.260+0000] {dagbag.py:538} INFO - Filling up the DagBag from /opt/airflow/dags/dbt_model_dag.py
[2025-05-21T07:41:55.284+0000] {processor.py:840} INFO - DAG(s) 'run_dbt_models_after_ingestion' retrieved from /opt/airflow/dags/dbt_model_dag.py
[2025-05-21T07:41:55.326+0000] {logging_mixin.py:188} INFO - [2025-05-21T07:41:55.326+0000] {dag.py:3036} INFO - Sync 1 DAGs
[2025-05-21T07:41:55.339+0000] {logging_mixin.py:188} INFO - [2025-05-21T07:41:55.339+0000] {dag.py:3823} INFO - Setting next_dagrun for run_dbt_models_after_ingestion to None, run_after=None
[2025-05-21T07:41:55.353+0000] {processor.py:183} INFO - Processing /opt/airflow/dags/dbt_model_dag.py took 0.113 seconds
[2025-05-21T07:42:25.773+0000] {processor.py:161} INFO - Started process (PID=23683) to work on /opt/airflow/dags/dbt_model_dag.py
[2025-05-21T07:42:25.776+0000] {processor.py:830} INFO - Processing file /opt/airflow/dags/dbt_model_dag.py for tasks to queue
[2025-05-21T07:42:25.777+0000] {logging_mixin.py:188} INFO - [2025-05-21T07:42:25.777+0000] {dagbag.py:538} INFO - Filling up the DagBag from /opt/airflow/dags/dbt_model_dag.py
[2025-05-21T07:42:25.808+0000] {processor.py:840} INFO - DAG(s) 'run_dbt_models_after_ingestion' retrieved from /opt/airflow/dags/dbt_model_dag.py
[2025-05-21T07:42:25.848+0000] {logging_mixin.py:188} INFO - [2025-05-21T07:42:25.848+0000] {dag.py:3036} INFO - Sync 1 DAGs
[2025-05-21T07:42:25.859+0000] {logging_mixin.py:188} INFO - [2025-05-21T07:42:25.859+0000] {dag.py:3823} INFO - Setting next_dagrun for run_dbt_models_after_ingestion to None, run_after=None
[2025-05-21T07:42:25.876+0000] {processor.py:183} INFO - Processing /opt/airflow/dags/dbt_model_dag.py took 0.116 seconds
[2025-05-21T07:42:56.311+0000] {processor.py:161} INFO - Started process (PID=23693) to work on /opt/airflow/dags/dbt_model_dag.py
[2025-05-21T07:42:56.313+0000] {processor.py:830} INFO - Processing file /opt/airflow/dags/dbt_model_dag.py for tasks to queue
[2025-05-21T07:42:56.314+0000] {logging_mixin.py:188} INFO - [2025-05-21T07:42:56.314+0000] {dagbag.py:538} INFO - Filling up the DagBag from /opt/airflow/dags/dbt_model_dag.py
[2025-05-21T07:42:56.338+0000] {processor.py:840} INFO - DAG(s) 'run_dbt_models_after_ingestion' retrieved from /opt/airflow/dags/dbt_model_dag.py
[2025-05-21T07:42:56.380+0000] {logging_mixin.py:188} INFO - [2025-05-21T07:42:56.380+0000] {dag.py:3036} INFO - Sync 1 DAGs
[2025-05-21T07:42:56.395+0000] {logging_mixin.py:188} INFO - [2025-05-21T07:42:56.395+0000] {dag.py:3823} INFO - Setting next_dagrun for run_dbt_models_after_ingestion to None, run_after=None
[2025-05-21T07:42:56.409+0000] {processor.py:183} INFO - Processing /opt/airflow/dags/dbt_model_dag.py took 0.105 seconds
[2025-05-21T07:43:26.748+0000] {processor.py:161} INFO - Started process (PID=23703) to work on /opt/airflow/dags/dbt_model_dag.py
[2025-05-21T07:43:26.752+0000] {processor.py:830} INFO - Processing file /opt/airflow/dags/dbt_model_dag.py for tasks to queue
[2025-05-21T07:43:26.753+0000] {logging_mixin.py:188} INFO - [2025-05-21T07:43:26.753+0000] {dagbag.py:538} INFO - Filling up the DagBag from /opt/airflow/dags/dbt_model_dag.py
[2025-05-21T07:43:26.770+0000] {processor.py:840} INFO - DAG(s) 'run_dbt_models_after_ingestion' retrieved from /opt/airflow/dags/dbt_model_dag.py
[2025-05-21T07:43:26.796+0000] {logging_mixin.py:188} INFO - [2025-05-21T07:43:26.796+0000] {dag.py:3036} INFO - Sync 1 DAGs
[2025-05-21T07:43:26.803+0000] {logging_mixin.py:188} INFO - [2025-05-21T07:43:26.803+0000] {dag.py:3823} INFO - Setting next_dagrun for run_dbt_models_after_ingestion to None, run_after=None
[2025-05-21T07:43:26.813+0000] {processor.py:183} INFO - Processing /opt/airflow/dags/dbt_model_dag.py took 0.071 seconds
[2025-05-21T07:43:57.184+0000] {processor.py:161} INFO - Started process (PID=23713) to work on /opt/airflow/dags/dbt_model_dag.py
[2025-05-21T07:43:57.186+0000] {processor.py:830} INFO - Processing file /opt/airflow/dags/dbt_model_dag.py for tasks to queue
[2025-05-21T07:43:57.187+0000] {logging_mixin.py:188} INFO - [2025-05-21T07:43:57.186+0000] {dagbag.py:538} INFO - Filling up the DagBag from /opt/airflow/dags/dbt_model_dag.py
[2025-05-21T07:43:57.209+0000] {processor.py:840} INFO - DAG(s) 'run_dbt_models_after_ingestion' retrieved from /opt/airflow/dags/dbt_model_dag.py
[2025-05-21T07:43:57.242+0000] {logging_mixin.py:188} INFO - [2025-05-21T07:43:57.242+0000] {dag.py:3036} INFO - Sync 1 DAGs
[2025-05-21T07:43:57.256+0000] {logging_mixin.py:188} INFO - [2025-05-21T07:43:57.256+0000] {dag.py:3823} INFO - Setting next_dagrun for run_dbt_models_after_ingestion to None, run_after=None
[2025-05-21T07:43:57.272+0000] {processor.py:183} INFO - Processing /opt/airflow/dags/dbt_model_dag.py took 0.100 seconds
[2025-05-21T07:44:27.687+0000] {processor.py:161} INFO - Started process (PID=23723) to work on /opt/airflow/dags/dbt_model_dag.py
[2025-05-21T07:44:27.690+0000] {processor.py:830} INFO - Processing file /opt/airflow/dags/dbt_model_dag.py for tasks to queue
[2025-05-21T07:44:27.691+0000] {logging_mixin.py:188} INFO - [2025-05-21T07:44:27.690+0000] {dagbag.py:538} INFO - Filling up the DagBag from /opt/airflow/dags/dbt_model_dag.py
[2025-05-21T07:44:27.713+0000] {processor.py:840} INFO - DAG(s) 'run_dbt_models_after_ingestion' retrieved from /opt/airflow/dags/dbt_model_dag.py
[2025-05-21T07:44:27.752+0000] {logging_mixin.py:188} INFO - [2025-05-21T07:44:27.752+0000] {dag.py:3036} INFO - Sync 1 DAGs
[2025-05-21T07:44:27.767+0000] {logging_mixin.py:188} INFO - [2025-05-21T07:44:27.767+0000] {dag.py:3823} INFO - Setting next_dagrun for run_dbt_models_after_ingestion to None, run_after=None
[2025-05-21T07:44:27.780+0000] {processor.py:183} INFO - Processing /opt/airflow/dags/dbt_model_dag.py took 0.105 seconds
[2025-05-21T07:44:58.375+0000] {processor.py:161} INFO - Started process (PID=23733) to work on /opt/airflow/dags/dbt_model_dag.py
[2025-05-21T07:44:58.380+0000] {processor.py:830} INFO - Processing file /opt/airflow/dags/dbt_model_dag.py for tasks to queue
[2025-05-21T07:44:58.381+0000] {logging_mixin.py:188} INFO - [2025-05-21T07:44:58.381+0000] {dagbag.py:538} INFO - Filling up the DagBag from /opt/airflow/dags/dbt_model_dag.py
[2025-05-21T07:44:58.407+0000] {processor.py:840} INFO - DAG(s) 'run_dbt_models_after_ingestion' retrieved from /opt/airflow/dags/dbt_model_dag.py
[2025-05-21T07:44:58.453+0000] {logging_mixin.py:188} INFO - [2025-05-21T07:44:58.453+0000] {dag.py:3036} INFO - Sync 1 DAGs
[2025-05-21T07:44:58.466+0000] {logging_mixin.py:188} INFO - [2025-05-21T07:44:58.466+0000] {dag.py:3823} INFO - Setting next_dagrun for run_dbt_models_after_ingestion to None, run_after=None
[2025-05-21T07:44:58.481+0000] {processor.py:183} INFO - Processing /opt/airflow/dags/dbt_model_dag.py took 0.117 seconds
[2025-05-21T07:45:28.893+0000] {processor.py:161} INFO - Started process (PID=23743) to work on /opt/airflow/dags/dbt_model_dag.py
[2025-05-21T07:45:28.895+0000] {processor.py:830} INFO - Processing file /opt/airflow/dags/dbt_model_dag.py for tasks to queue
[2025-05-21T07:45:28.896+0000] {logging_mixin.py:188} INFO - [2025-05-21T07:45:28.895+0000] {dagbag.py:538} INFO - Filling up the DagBag from /opt/airflow/dags/dbt_model_dag.py
[2025-05-21T07:45:28.924+0000] {processor.py:840} INFO - DAG(s) 'run_dbt_models_after_ingestion' retrieved from /opt/airflow/dags/dbt_model_dag.py
[2025-05-21T07:45:28.957+0000] {logging_mixin.py:188} INFO - [2025-05-21T07:45:28.956+0000] {dag.py:3036} INFO - Sync 1 DAGs
[2025-05-21T07:45:28.967+0000] {logging_mixin.py:188} INFO - [2025-05-21T07:45:28.967+0000] {dag.py:3823} INFO - Setting next_dagrun for run_dbt_models_after_ingestion to None, run_after=None
[2025-05-21T07:45:28.981+0000] {processor.py:183} INFO - Processing /opt/airflow/dags/dbt_model_dag.py took 0.102 seconds
[2025-05-21T07:45:59.372+0000] {processor.py:161} INFO - Started process (PID=23753) to work on /opt/airflow/dags/dbt_model_dag.py
[2025-05-21T07:45:59.373+0000] {processor.py:830} INFO - Processing file /opt/airflow/dags/dbt_model_dag.py for tasks to queue
[2025-05-21T07:45:59.374+0000] {logging_mixin.py:188} INFO - [2025-05-21T07:45:59.374+0000] {dagbag.py:538} INFO - Filling up the DagBag from /opt/airflow/dags/dbt_model_dag.py
[2025-05-21T07:45:59.382+0000] {processor.py:840} INFO - DAG(s) 'run_dbt_models_after_ingestion' retrieved from /opt/airflow/dags/dbt_model_dag.py
[2025-05-21T07:45:59.402+0000] {logging_mixin.py:188} INFO - [2025-05-21T07:45:59.402+0000] {dag.py:3036} INFO - Sync 1 DAGs
[2025-05-21T07:45:59.411+0000] {logging_mixin.py:188} INFO - [2025-05-21T07:45:59.411+0000] {dag.py:3823} INFO - Setting next_dagrun for run_dbt_models_after_ingestion to None, run_after=None
[2025-05-21T07:45:59.422+0000] {processor.py:183} INFO - Processing /opt/airflow/dags/dbt_model_dag.py took 0.055 seconds
[2025-05-21T07:46:29.858+0000] {processor.py:161} INFO - Started process (PID=23763) to work on /opt/airflow/dags/dbt_model_dag.py
[2025-05-21T07:46:29.861+0000] {processor.py:830} INFO - Processing file /opt/airflow/dags/dbt_model_dag.py for tasks to queue
[2025-05-21T07:46:29.863+0000] {logging_mixin.py:188} INFO - [2025-05-21T07:46:29.863+0000] {dagbag.py:538} INFO - Filling up the DagBag from /opt/airflow/dags/dbt_model_dag.py
[2025-05-21T07:46:29.892+0000] {processor.py:840} INFO - DAG(s) 'run_dbt_models_after_ingestion' retrieved from /opt/airflow/dags/dbt_model_dag.py
[2025-05-21T07:46:29.933+0000] {logging_mixin.py:188} INFO - [2025-05-21T07:46:29.933+0000] {dag.py:3036} INFO - Sync 1 DAGs
[2025-05-21T07:46:29.951+0000] {logging_mixin.py:188} INFO - [2025-05-21T07:46:29.950+0000] {dag.py:3823} INFO - Setting next_dagrun for run_dbt_models_after_ingestion to None, run_after=None
[2025-05-21T07:46:29.963+0000] {processor.py:183} INFO - Processing /opt/airflow/dags/dbt_model_dag.py took 0.119 seconds
[2025-05-21T07:47:00.358+0000] {processor.py:161} INFO - Started process (PID=23773) to work on /opt/airflow/dags/dbt_model_dag.py
[2025-05-21T07:47:00.359+0000] {processor.py:830} INFO - Processing file /opt/airflow/dags/dbt_model_dag.py for tasks to queue
[2025-05-21T07:47:00.360+0000] {logging_mixin.py:188} INFO - [2025-05-21T07:47:00.360+0000] {dagbag.py:538} INFO - Filling up the DagBag from /opt/airflow/dags/dbt_model_dag.py
[2025-05-21T07:47:00.369+0000] {processor.py:840} INFO - DAG(s) 'run_dbt_models_after_ingestion' retrieved from /opt/airflow/dags/dbt_model_dag.py
[2025-05-21T07:47:00.388+0000] {logging_mixin.py:188} INFO - [2025-05-21T07:47:00.388+0000] {dag.py:3036} INFO - Sync 1 DAGs
[2025-05-21T07:47:00.398+0000] {logging_mixin.py:188} INFO - [2025-05-21T07:47:00.398+0000] {dag.py:3823} INFO - Setting next_dagrun for run_dbt_models_after_ingestion to None, run_after=None
[2025-05-21T07:47:00.406+0000] {processor.py:183} INFO - Processing /opt/airflow/dags/dbt_model_dag.py took 0.052 seconds
[2025-05-21T07:47:30.879+0000] {processor.py:161} INFO - Started process (PID=23783) to work on /opt/airflow/dags/dbt_model_dag.py
[2025-05-21T07:47:30.882+0000] {processor.py:830} INFO - Processing file /opt/airflow/dags/dbt_model_dag.py for tasks to queue
[2025-05-21T07:47:30.883+0000] {logging_mixin.py:188} INFO - [2025-05-21T07:47:30.882+0000] {dagbag.py:538} INFO - Filling up the DagBag from /opt/airflow/dags/dbt_model_dag.py
[2025-05-21T07:47:30.903+0000] {processor.py:840} INFO - DAG(s) 'run_dbt_models_after_ingestion' retrieved from /opt/airflow/dags/dbt_model_dag.py
[2025-05-21T07:47:30.948+0000] {logging_mixin.py:188} INFO - [2025-05-21T07:47:30.947+0000] {dag.py:3036} INFO - Sync 1 DAGs
[2025-05-21T07:47:30.961+0000] {logging_mixin.py:188} INFO - [2025-05-21T07:47:30.961+0000] {dag.py:3823} INFO - Setting next_dagrun for run_dbt_models_after_ingestion to None, run_after=None
[2025-05-21T07:47:30.976+0000] {processor.py:183} INFO - Processing /opt/airflow/dags/dbt_model_dag.py took 0.107 seconds
[2025-05-21T07:48:01.440+0000] {processor.py:161} INFO - Started process (PID=23793) to work on /opt/airflow/dags/dbt_model_dag.py
[2025-05-21T07:48:01.443+0000] {processor.py:830} INFO - Processing file /opt/airflow/dags/dbt_model_dag.py for tasks to queue
[2025-05-21T07:48:01.444+0000] {logging_mixin.py:188} INFO - [2025-05-21T07:48:01.443+0000] {dagbag.py:538} INFO - Filling up the DagBag from /opt/airflow/dags/dbt_model_dag.py
[2025-05-21T07:48:01.466+0000] {processor.py:840} INFO - DAG(s) 'run_dbt_models_after_ingestion' retrieved from /opt/airflow/dags/dbt_model_dag.py
[2025-05-21T07:48:01.505+0000] {logging_mixin.py:188} INFO - [2025-05-21T07:48:01.505+0000] {dag.py:3036} INFO - Sync 1 DAGs
[2025-05-21T07:48:01.518+0000] {logging_mixin.py:188} INFO - [2025-05-21T07:48:01.518+0000] {dag.py:3823} INFO - Setting next_dagrun for run_dbt_models_after_ingestion to None, run_after=None
[2025-05-21T07:48:01.528+0000] {processor.py:183} INFO - Processing /opt/airflow/dags/dbt_model_dag.py took 0.098 seconds
[2025-05-21T07:48:31.945+0000] {processor.py:161} INFO - Started process (PID=23803) to work on /opt/airflow/dags/dbt_model_dag.py
[2025-05-21T07:48:31.947+0000] {processor.py:830} INFO - Processing file /opt/airflow/dags/dbt_model_dag.py for tasks to queue
[2025-05-21T07:48:31.949+0000] {logging_mixin.py:188} INFO - [2025-05-21T07:48:31.948+0000] {dagbag.py:538} INFO - Filling up the DagBag from /opt/airflow/dags/dbt_model_dag.py
[2025-05-21T07:48:31.959+0000] {processor.py:840} INFO - DAG(s) 'run_dbt_models_after_ingestion' retrieved from /opt/airflow/dags/dbt_model_dag.py
[2025-05-21T07:48:31.989+0000] {logging_mixin.py:188} INFO - [2025-05-21T07:48:31.989+0000] {dag.py:3036} INFO - Sync 1 DAGs
[2025-05-21T07:48:31.996+0000] {logging_mixin.py:188} INFO - [2025-05-21T07:48:31.996+0000] {dag.py:3823} INFO - Setting next_dagrun for run_dbt_models_after_ingestion to None, run_after=None
[2025-05-21T07:48:32.008+0000] {processor.py:183} INFO - Processing /opt/airflow/dags/dbt_model_dag.py took 0.071 seconds
[2025-05-21T07:49:02.390+0000] {processor.py:161} INFO - Started process (PID=23813) to work on /opt/airflow/dags/dbt_model_dag.py
[2025-05-21T07:49:02.392+0000] {processor.py:830} INFO - Processing file /opt/airflow/dags/dbt_model_dag.py for tasks to queue
[2025-05-21T07:49:02.394+0000] {logging_mixin.py:188} INFO - [2025-05-21T07:49:02.394+0000] {dagbag.py:538} INFO - Filling up the DagBag from /opt/airflow/dags/dbt_model_dag.py
[2025-05-21T07:49:02.415+0000] {processor.py:840} INFO - DAG(s) 'run_dbt_models_after_ingestion' retrieved from /opt/airflow/dags/dbt_model_dag.py
[2025-05-21T07:49:02.453+0000] {logging_mixin.py:188} INFO - [2025-05-21T07:49:02.453+0000] {dag.py:3036} INFO - Sync 1 DAGs
[2025-05-21T07:49:02.464+0000] {logging_mixin.py:188} INFO - [2025-05-21T07:49:02.464+0000] {dag.py:3823} INFO - Setting next_dagrun for run_dbt_models_after_ingestion to None, run_after=None
[2025-05-21T07:49:02.479+0000] {processor.py:183} INFO - Processing /opt/airflow/dags/dbt_model_dag.py took 0.099 seconds
[2025-05-21T07:49:32.905+0000] {processor.py:161} INFO - Started process (PID=23823) to work on /opt/airflow/dags/dbt_model_dag.py
[2025-05-21T07:49:32.908+0000] {processor.py:830} INFO - Processing file /opt/airflow/dags/dbt_model_dag.py for tasks to queue
[2025-05-21T07:49:32.909+0000] {logging_mixin.py:188} INFO - [2025-05-21T07:49:32.908+0000] {dagbag.py:538} INFO - Filling up the DagBag from /opt/airflow/dags/dbt_model_dag.py
[2025-05-21T07:49:32.922+0000] {processor.py:840} INFO - DAG(s) 'run_dbt_models_after_ingestion' retrieved from /opt/airflow/dags/dbt_model_dag.py
[2025-05-21T07:49:32.946+0000] {logging_mixin.py:188} INFO - [2025-05-21T07:49:32.945+0000] {dag.py:3036} INFO - Sync 1 DAGs
[2025-05-21T07:49:32.954+0000] {logging_mixin.py:188} INFO - [2025-05-21T07:49:32.954+0000] {dag.py:3823} INFO - Setting next_dagrun for run_dbt_models_after_ingestion to None, run_after=None
[2025-05-21T07:49:32.963+0000] {processor.py:183} INFO - Processing /opt/airflow/dags/dbt_model_dag.py took 0.072 seconds
[2025-05-21T07:50:03.321+0000] {processor.py:161} INFO - Started process (PID=23833) to work on /opt/airflow/dags/dbt_model_dag.py
[2025-05-21T07:50:03.323+0000] {processor.py:830} INFO - Processing file /opt/airflow/dags/dbt_model_dag.py for tasks to queue
[2025-05-21T07:50:03.325+0000] {logging_mixin.py:188} INFO - [2025-05-21T07:50:03.324+0000] {dagbag.py:538} INFO - Filling up the DagBag from /opt/airflow/dags/dbt_model_dag.py
[2025-05-21T07:50:03.344+0000] {processor.py:840} INFO - DAG(s) 'run_dbt_models_after_ingestion' retrieved from /opt/airflow/dags/dbt_model_dag.py
[2025-05-21T07:50:03.375+0000] {logging_mixin.py:188} INFO - [2025-05-21T07:50:03.375+0000] {dag.py:3036} INFO - Sync 1 DAGs
[2025-05-21T07:50:03.388+0000] {logging_mixin.py:188} INFO - [2025-05-21T07:50:03.388+0000] {dag.py:3823} INFO - Setting next_dagrun for run_dbt_models_after_ingestion to None, run_after=None
[2025-05-21T07:50:03.398+0000] {processor.py:183} INFO - Processing /opt/airflow/dags/dbt_model_dag.py took 0.089 seconds
[2025-05-21T07:50:34.192+0000] {processor.py:161} INFO - Started process (PID=23843) to work on /opt/airflow/dags/dbt_model_dag.py
[2025-05-21T07:50:34.196+0000] {processor.py:830} INFO - Processing file /opt/airflow/dags/dbt_model_dag.py for tasks to queue
[2025-05-21T07:50:34.197+0000] {logging_mixin.py:188} INFO - [2025-05-21T07:50:34.197+0000] {dagbag.py:538} INFO - Filling up the DagBag from /opt/airflow/dags/dbt_model_dag.py
[2025-05-21T07:50:34.237+0000] {processor.py:840} INFO - DAG(s) 'run_dbt_models_after_ingestion' retrieved from /opt/airflow/dags/dbt_model_dag.py
[2025-05-21T07:50:34.287+0000] {logging_mixin.py:188} INFO - [2025-05-21T07:50:34.286+0000] {dag.py:3036} INFO - Sync 1 DAGs
[2025-05-21T07:50:34.301+0000] {logging_mixin.py:188} INFO - [2025-05-21T07:50:34.301+0000] {dag.py:3823} INFO - Setting next_dagrun for run_dbt_models_after_ingestion to None, run_after=None
[2025-05-21T07:50:34.314+0000] {processor.py:183} INFO - Processing /opt/airflow/dags/dbt_model_dag.py took 0.144 seconds
[2025-05-21T07:52:25.790+0000] {processor.py:161} INFO - Started process (PID=23853) to work on /opt/airflow/dags/dbt_model_dag.py
[2025-05-21T07:52:25.791+0000] {processor.py:830} INFO - Processing file /opt/airflow/dags/dbt_model_dag.py for tasks to queue
[2025-05-21T07:52:25.792+0000] {logging_mixin.py:188} INFO - [2025-05-21T07:52:25.792+0000] {dagbag.py:538} INFO - Filling up the DagBag from /opt/airflow/dags/dbt_model_dag.py
[2025-05-21T07:52:25.800+0000] {processor.py:840} INFO - DAG(s) 'run_dbt_models_after_ingestion' retrieved from /opt/airflow/dags/dbt_model_dag.py
[2025-05-21T07:52:25.829+0000] {logging_mixin.py:188} INFO - [2025-05-21T07:52:25.829+0000] {dag.py:3036} INFO - Sync 1 DAGs
[2025-05-21T07:52:25.840+0000] {logging_mixin.py:188} INFO - [2025-05-21T07:52:25.839+0000] {dag.py:3823} INFO - Setting next_dagrun for run_dbt_models_after_ingestion to None, run_after=None
[2025-05-21T07:52:25.853+0000] {processor.py:183} INFO - Processing /opt/airflow/dags/dbt_model_dag.py took 0.068 seconds
[2025-05-21T07:52:56.270+0000] {processor.py:161} INFO - Started process (PID=23865) to work on /opt/airflow/dags/dbt_model_dag.py
[2025-05-21T07:52:56.274+0000] {processor.py:830} INFO - Processing file /opt/airflow/dags/dbt_model_dag.py for tasks to queue
[2025-05-21T07:52:56.275+0000] {logging_mixin.py:188} INFO - [2025-05-21T07:52:56.275+0000] {dagbag.py:538} INFO - Filling up the DagBag from /opt/airflow/dags/dbt_model_dag.py
[2025-05-21T07:52:56.300+0000] {processor.py:840} INFO - DAG(s) 'run_dbt_models_after_ingestion' retrieved from /opt/airflow/dags/dbt_model_dag.py
[2025-05-21T07:52:56.344+0000] {logging_mixin.py:188} INFO - [2025-05-21T07:52:56.344+0000] {dag.py:3036} INFO - Sync 1 DAGs
[2025-05-21T07:52:56.358+0000] {logging_mixin.py:188} INFO - [2025-05-21T07:52:56.358+0000] {dag.py:3823} INFO - Setting next_dagrun for run_dbt_models_after_ingestion to None, run_after=None
[2025-05-21T07:52:56.373+0000] {processor.py:183} INFO - Processing /opt/airflow/dags/dbt_model_dag.py took 0.116 seconds
[2025-05-21T07:53:26.804+0000] {processor.py:161} INFO - Started process (PID=23875) to work on /opt/airflow/dags/dbt_model_dag.py
[2025-05-21T07:53:26.807+0000] {processor.py:830} INFO - Processing file /opt/airflow/dags/dbt_model_dag.py for tasks to queue
[2025-05-21T07:53:26.809+0000] {logging_mixin.py:188} INFO - [2025-05-21T07:53:26.808+0000] {dagbag.py:538} INFO - Filling up the DagBag from /opt/airflow/dags/dbt_model_dag.py
[2025-05-21T07:53:26.836+0000] {processor.py:840} INFO - DAG(s) 'run_dbt_models_after_ingestion' retrieved from /opt/airflow/dags/dbt_model_dag.py
[2025-05-21T07:53:26.878+0000] {logging_mixin.py:188} INFO - [2025-05-21T07:53:26.878+0000] {dag.py:3036} INFO - Sync 1 DAGs
[2025-05-21T07:53:26.891+0000] {logging_mixin.py:188} INFO - [2025-05-21T07:53:26.891+0000] {dag.py:3823} INFO - Setting next_dagrun for run_dbt_models_after_ingestion to None, run_after=None
[2025-05-21T07:53:26.906+0000] {processor.py:183} INFO - Processing /opt/airflow/dags/dbt_model_dag.py took 0.116 seconds
[2025-05-21T07:53:57.355+0000] {processor.py:161} INFO - Started process (PID=23885) to work on /opt/airflow/dags/dbt_model_dag.py
[2025-05-21T07:53:57.357+0000] {processor.py:830} INFO - Processing file /opt/airflow/dags/dbt_model_dag.py for tasks to queue
[2025-05-21T07:53:57.358+0000] {logging_mixin.py:188} INFO - [2025-05-21T07:53:57.358+0000] {dagbag.py:538} INFO - Filling up the DagBag from /opt/airflow/dags/dbt_model_dag.py
[2025-05-21T07:53:57.382+0000] {processor.py:840} INFO - DAG(s) 'run_dbt_models_after_ingestion' retrieved from /opt/airflow/dags/dbt_model_dag.py
[2025-05-21T07:53:57.421+0000] {logging_mixin.py:188} INFO - [2025-05-21T07:53:57.421+0000] {dag.py:3036} INFO - Sync 1 DAGs
[2025-05-21T07:53:57.432+0000] {logging_mixin.py:188} INFO - [2025-05-21T07:53:57.432+0000] {dag.py:3823} INFO - Setting next_dagrun for run_dbt_models_after_ingestion to None, run_after=None
[2025-05-21T07:53:57.448+0000] {processor.py:183} INFO - Processing /opt/airflow/dags/dbt_model_dag.py took 0.105 seconds
[2025-05-21T07:54:27.848+0000] {processor.py:161} INFO - Started process (PID=23895) to work on /opt/airflow/dags/dbt_model_dag.py
[2025-05-21T07:54:27.850+0000] {processor.py:830} INFO - Processing file /opt/airflow/dags/dbt_model_dag.py for tasks to queue
[2025-05-21T07:54:27.851+0000] {logging_mixin.py:188} INFO - [2025-05-21T07:54:27.851+0000] {dagbag.py:538} INFO - Filling up the DagBag from /opt/airflow/dags/dbt_model_dag.py
[2025-05-21T07:54:27.879+0000] {processor.py:840} INFO - DAG(s) 'run_dbt_models_after_ingestion' retrieved from /opt/airflow/dags/dbt_model_dag.py
[2025-05-21T07:54:27.913+0000] {logging_mixin.py:188} INFO - [2025-05-21T07:54:27.913+0000] {dag.py:3036} INFO - Sync 1 DAGs
[2025-05-21T07:54:27.929+0000] {logging_mixin.py:188} INFO - [2025-05-21T07:54:27.929+0000] {dag.py:3823} INFO - Setting next_dagrun for run_dbt_models_after_ingestion to None, run_after=None
[2025-05-21T07:54:27.942+0000] {processor.py:183} INFO - Processing /opt/airflow/dags/dbt_model_dag.py took 0.110 seconds
[2025-05-21T07:54:58.336+0000] {processor.py:161} INFO - Started process (PID=23905) to work on /opt/airflow/dags/dbt_model_dag.py
[2025-05-21T07:54:58.337+0000] {processor.py:830} INFO - Processing file /opt/airflow/dags/dbt_model_dag.py for tasks to queue
[2025-05-21T07:54:58.338+0000] {logging_mixin.py:188} INFO - [2025-05-21T07:54:58.338+0000] {dagbag.py:538} INFO - Filling up the DagBag from /opt/airflow/dags/dbt_model_dag.py
[2025-05-21T07:54:58.347+0000] {processor.py:840} INFO - DAG(s) 'run_dbt_models_after_ingestion' retrieved from /opt/airflow/dags/dbt_model_dag.py
[2025-05-21T07:54:58.369+0000] {logging_mixin.py:188} INFO - [2025-05-21T07:54:58.369+0000] {dag.py:3036} INFO - Sync 1 DAGs
[2025-05-21T07:54:58.375+0000] {logging_mixin.py:188} INFO - [2025-05-21T07:54:58.375+0000] {dag.py:3823} INFO - Setting next_dagrun for run_dbt_models_after_ingestion to None, run_after=None
[2025-05-21T07:54:58.391+0000] {processor.py:183} INFO - Processing /opt/airflow/dags/dbt_model_dag.py took 0.057 seconds
[2025-05-21T07:55:28.783+0000] {processor.py:161} INFO - Started process (PID=23915) to work on /opt/airflow/dags/dbt_model_dag.py
[2025-05-21T07:55:28.786+0000] {processor.py:830} INFO - Processing file /opt/airflow/dags/dbt_model_dag.py for tasks to queue
[2025-05-21T07:55:28.787+0000] {logging_mixin.py:188} INFO - [2025-05-21T07:55:28.787+0000] {dagbag.py:538} INFO - Filling up the DagBag from /opt/airflow/dags/dbt_model_dag.py
[2025-05-21T07:55:28.813+0000] {processor.py:840} INFO - DAG(s) 'run_dbt_models_after_ingestion' retrieved from /opt/airflow/dags/dbt_model_dag.py
[2025-05-21T07:55:28.856+0000] {logging_mixin.py:188} INFO - [2025-05-21T07:55:28.856+0000] {dag.py:3036} INFO - Sync 1 DAGs
[2025-05-21T07:55:28.869+0000] {logging_mixin.py:188} INFO - [2025-05-21T07:55:28.869+0000] {dag.py:3823} INFO - Setting next_dagrun for run_dbt_models_after_ingestion to None, run_after=None
[2025-05-21T07:55:28.885+0000] {processor.py:183} INFO - Processing /opt/airflow/dags/dbt_model_dag.py took 0.111 seconds
[2025-05-21T07:55:59.339+0000] {processor.py:161} INFO - Started process (PID=23925) to work on /opt/airflow/dags/dbt_model_dag.py
[2025-05-21T07:55:59.341+0000] {processor.py:830} INFO - Processing file /opt/airflow/dags/dbt_model_dag.py for tasks to queue
[2025-05-21T07:55:59.343+0000] {logging_mixin.py:188} INFO - [2025-05-21T07:55:59.342+0000] {dagbag.py:538} INFO - Filling up the DagBag from /opt/airflow/dags/dbt_model_dag.py
[2025-05-21T07:55:59.369+0000] {processor.py:840} INFO - DAG(s) 'run_dbt_models_after_ingestion' retrieved from /opt/airflow/dags/dbt_model_dag.py
[2025-05-21T07:55:59.407+0000] {logging_mixin.py:188} INFO - [2025-05-21T07:55:59.407+0000] {dag.py:3036} INFO - Sync 1 DAGs
[2025-05-21T07:55:59.421+0000] {logging_mixin.py:188} INFO - [2025-05-21T07:55:59.420+0000] {dag.py:3823} INFO - Setting next_dagrun for run_dbt_models_after_ingestion to None, run_after=None
[2025-05-21T07:55:59.435+0000] {processor.py:183} INFO - Processing /opt/airflow/dags/dbt_model_dag.py took 0.110 seconds
[2025-05-21T07:56:29.865+0000] {processor.py:161} INFO - Started process (PID=23935) to work on /opt/airflow/dags/dbt_model_dag.py
[2025-05-21T07:56:29.867+0000] {processor.py:830} INFO - Processing file /opt/airflow/dags/dbt_model_dag.py for tasks to queue
[2025-05-21T07:56:29.868+0000] {logging_mixin.py:188} INFO - [2025-05-21T07:56:29.868+0000] {dagbag.py:538} INFO - Filling up the DagBag from /opt/airflow/dags/dbt_model_dag.py
[2025-05-21T07:56:29.895+0000] {processor.py:840} INFO - DAG(s) 'run_dbt_models_after_ingestion' retrieved from /opt/airflow/dags/dbt_model_dag.py
[2025-05-21T07:56:29.934+0000] {logging_mixin.py:188} INFO - [2025-05-21T07:56:29.933+0000] {dag.py:3036} INFO - Sync 1 DAGs
[2025-05-21T07:56:29.947+0000] {logging_mixin.py:188} INFO - [2025-05-21T07:56:29.947+0000] {dag.py:3823} INFO - Setting next_dagrun for run_dbt_models_after_ingestion to None, run_after=None
[2025-05-21T07:56:29.962+0000] {processor.py:183} INFO - Processing /opt/airflow/dags/dbt_model_dag.py took 0.109 seconds
[2025-05-21T07:57:00.363+0000] {processor.py:161} INFO - Started process (PID=23945) to work on /opt/airflow/dags/dbt_model_dag.py
[2025-05-21T07:57:00.365+0000] {processor.py:830} INFO - Processing file /opt/airflow/dags/dbt_model_dag.py for tasks to queue
[2025-05-21T07:57:00.367+0000] {logging_mixin.py:188} INFO - [2025-05-21T07:57:00.366+0000] {dagbag.py:538} INFO - Filling up the DagBag from /opt/airflow/dags/dbt_model_dag.py
[2025-05-21T07:57:00.389+0000] {processor.py:840} INFO - DAG(s) 'run_dbt_models_after_ingestion' retrieved from /opt/airflow/dags/dbt_model_dag.py
[2025-05-21T07:57:00.427+0000] {logging_mixin.py:188} INFO - [2025-05-21T07:57:00.427+0000] {dag.py:3036} INFO - Sync 1 DAGs
[2025-05-21T07:57:00.439+0000] {logging_mixin.py:188} INFO - [2025-05-21T07:57:00.439+0000] {dag.py:3823} INFO - Setting next_dagrun for run_dbt_models_after_ingestion to None, run_after=None
[2025-05-21T07:57:00.453+0000] {processor.py:183} INFO - Processing /opt/airflow/dags/dbt_model_dag.py took 0.097 seconds
[2025-05-21T07:57:30.892+0000] {processor.py:161} INFO - Started process (PID=23955) to work on /opt/airflow/dags/dbt_model_dag.py
[2025-05-21T07:57:30.894+0000] {processor.py:830} INFO - Processing file /opt/airflow/dags/dbt_model_dag.py for tasks to queue
[2025-05-21T07:57:30.895+0000] {logging_mixin.py:188} INFO - [2025-05-21T07:57:30.895+0000] {dagbag.py:538} INFO - Filling up the DagBag from /opt/airflow/dags/dbt_model_dag.py
[2025-05-21T07:57:30.921+0000] {processor.py:840} INFO - DAG(s) 'run_dbt_models_after_ingestion' retrieved from /opt/airflow/dags/dbt_model_dag.py
[2025-05-21T07:57:30.962+0000] {logging_mixin.py:188} INFO - [2025-05-21T07:57:30.962+0000] {dag.py:3036} INFO - Sync 1 DAGs
[2025-05-21T07:57:30.976+0000] {logging_mixin.py:188} INFO - [2025-05-21T07:57:30.976+0000] {dag.py:3823} INFO - Setting next_dagrun for run_dbt_models_after_ingestion to None, run_after=None
[2025-05-21T07:57:30.994+0000] {processor.py:183} INFO - Processing /opt/airflow/dags/dbt_model_dag.py took 0.108 seconds
[2025-05-21T07:58:01.381+0000] {processor.py:161} INFO - Started process (PID=23965) to work on /opt/airflow/dags/dbt_model_dag.py
[2025-05-21T07:58:01.382+0000] {processor.py:830} INFO - Processing file /opt/airflow/dags/dbt_model_dag.py for tasks to queue
[2025-05-21T07:58:01.383+0000] {logging_mixin.py:188} INFO - [2025-05-21T07:58:01.383+0000] {dagbag.py:538} INFO - Filling up the DagBag from /opt/airflow/dags/dbt_model_dag.py
[2025-05-21T07:58:01.402+0000] {processor.py:840} INFO - DAG(s) 'run_dbt_models_after_ingestion' retrieved from /opt/airflow/dags/dbt_model_dag.py
[2025-05-21T07:58:01.430+0000] {logging_mixin.py:188} INFO - [2025-05-21T07:58:01.430+0000] {dag.py:3036} INFO - Sync 1 DAGs
[2025-05-21T07:58:01.438+0000] {logging_mixin.py:188} INFO - [2025-05-21T07:58:01.437+0000] {dag.py:3823} INFO - Setting next_dagrun for run_dbt_models_after_ingestion to None, run_after=None
[2025-05-21T07:58:01.447+0000] {processor.py:183} INFO - Processing /opt/airflow/dags/dbt_model_dag.py took 0.071 seconds
[2025-05-21T07:58:31.862+0000] {processor.py:161} INFO - Started process (PID=23975) to work on /opt/airflow/dags/dbt_model_dag.py
[2025-05-21T07:58:31.867+0000] {processor.py:830} INFO - Processing file /opt/airflow/dags/dbt_model_dag.py for tasks to queue
[2025-05-21T07:58:31.868+0000] {logging_mixin.py:188} INFO - [2025-05-21T07:58:31.868+0000] {dagbag.py:538} INFO - Filling up the DagBag from /opt/airflow/dags/dbt_model_dag.py
[2025-05-21T07:58:31.896+0000] {processor.py:840} INFO - DAG(s) 'run_dbt_models_after_ingestion' retrieved from /opt/airflow/dags/dbt_model_dag.py
[2025-05-21T07:58:31.933+0000] {logging_mixin.py:188} INFO - [2025-05-21T07:58:31.933+0000] {dag.py:3036} INFO - Sync 1 DAGs
[2025-05-21T07:58:31.946+0000] {logging_mixin.py:188} INFO - [2025-05-21T07:58:31.946+0000] {dag.py:3823} INFO - Setting next_dagrun for run_dbt_models_after_ingestion to None, run_after=None
[2025-05-21T07:58:31.964+0000] {processor.py:183} INFO - Processing /opt/airflow/dags/dbt_model_dag.py took 0.116 seconds
[2025-05-21T07:59:02.348+0000] {processor.py:161} INFO - Started process (PID=23985) to work on /opt/airflow/dags/dbt_model_dag.py
[2025-05-21T07:59:02.350+0000] {processor.py:830} INFO - Processing file /opt/airflow/dags/dbt_model_dag.py for tasks to queue
[2025-05-21T07:59:02.351+0000] {logging_mixin.py:188} INFO - [2025-05-21T07:59:02.350+0000] {dagbag.py:538} INFO - Filling up the DagBag from /opt/airflow/dags/dbt_model_dag.py
[2025-05-21T07:59:02.378+0000] {processor.py:840} INFO - DAG(s) 'run_dbt_models_after_ingestion' retrieved from /opt/airflow/dags/dbt_model_dag.py
[2025-05-21T07:59:02.413+0000] {logging_mixin.py:188} INFO - [2025-05-21T07:59:02.413+0000] {dag.py:3036} INFO - Sync 1 DAGs
[2025-05-21T07:59:02.426+0000] {logging_mixin.py:188} INFO - [2025-05-21T07:59:02.426+0000] {dag.py:3823} INFO - Setting next_dagrun for run_dbt_models_after_ingestion to None, run_after=None
[2025-05-21T07:59:02.442+0000] {processor.py:183} INFO - Processing /opt/airflow/dags/dbt_model_dag.py took 0.102 seconds
[2025-05-21T07:59:32.875+0000] {processor.py:161} INFO - Started process (PID=23995) to work on /opt/airflow/dags/dbt_model_dag.py
[2025-05-21T07:59:32.878+0000] {processor.py:830} INFO - Processing file /opt/airflow/dags/dbt_model_dag.py for tasks to queue
[2025-05-21T07:59:32.880+0000] {logging_mixin.py:188} INFO - [2025-05-21T07:59:32.879+0000] {dagbag.py:538} INFO - Filling up the DagBag from /opt/airflow/dags/dbt_model_dag.py
[2025-05-21T07:59:32.906+0000] {processor.py:840} INFO - DAG(s) 'run_dbt_models_after_ingestion' retrieved from /opt/airflow/dags/dbt_model_dag.py
[2025-05-21T07:59:32.946+0000] {logging_mixin.py:188} INFO - [2025-05-21T07:59:32.946+0000] {dag.py:3036} INFO - Sync 1 DAGs
[2025-05-21T07:59:32.960+0000] {logging_mixin.py:188} INFO - [2025-05-21T07:59:32.960+0000] {dag.py:3823} INFO - Setting next_dagrun for run_dbt_models_after_ingestion to None, run_after=None
[2025-05-21T07:59:32.972+0000] {processor.py:183} INFO - Processing /opt/airflow/dags/dbt_model_dag.py took 0.106 seconds
[2025-05-21T08:00:03.503+0000] {processor.py:161} INFO - Started process (PID=24005) to work on /opt/airflow/dags/dbt_model_dag.py
[2025-05-21T08:00:03.507+0000] {processor.py:830} INFO - Processing file /opt/airflow/dags/dbt_model_dag.py for tasks to queue
[2025-05-21T08:00:03.510+0000] {logging_mixin.py:188} INFO - [2025-05-21T08:00:03.509+0000] {dagbag.py:538} INFO - Filling up the DagBag from /opt/airflow/dags/dbt_model_dag.py
[2025-05-21T08:00:03.539+0000] {processor.py:840} INFO - DAG(s) 'run_dbt_models_after_ingestion' retrieved from /opt/airflow/dags/dbt_model_dag.py
[2025-05-21T08:00:03.579+0000] {logging_mixin.py:188} INFO - [2025-05-21T08:00:03.578+0000] {dag.py:3036} INFO - Sync 1 DAGs
[2025-05-21T08:00:03.589+0000] {logging_mixin.py:188} INFO - [2025-05-21T08:00:03.589+0000] {dag.py:3823} INFO - Setting next_dagrun for run_dbt_models_after_ingestion to None, run_after=None
[2025-05-21T08:00:03.608+0000] {processor.py:183} INFO - Processing /opt/airflow/dags/dbt_model_dag.py took 0.111 seconds
[2025-05-21T08:00:34.061+0000] {processor.py:161} INFO - Started process (PID=24015) to work on /opt/airflow/dags/dbt_model_dag.py
[2025-05-21T08:00:34.064+0000] {processor.py:830} INFO - Processing file /opt/airflow/dags/dbt_model_dag.py for tasks to queue
[2025-05-21T08:00:34.065+0000] {logging_mixin.py:188} INFO - [2025-05-21T08:00:34.065+0000] {dagbag.py:538} INFO - Filling up the DagBag from /opt/airflow/dags/dbt_model_dag.py
[2025-05-21T08:00:34.086+0000] {processor.py:840} INFO - DAG(s) 'run_dbt_models_after_ingestion' retrieved from /opt/airflow/dags/dbt_model_dag.py
[2025-05-21T08:00:34.120+0000] {logging_mixin.py:188} INFO - [2025-05-21T08:00:34.120+0000] {dag.py:3036} INFO - Sync 1 DAGs
[2025-05-21T08:00:34.134+0000] {logging_mixin.py:188} INFO - [2025-05-21T08:00:34.134+0000] {dag.py:3823} INFO - Setting next_dagrun for run_dbt_models_after_ingestion to None, run_after=None
[2025-05-21T08:00:34.152+0000] {processor.py:183} INFO - Processing /opt/airflow/dags/dbt_model_dag.py took 0.102 seconds
[2025-05-21T08:01:04.589+0000] {processor.py:161} INFO - Started process (PID=24025) to work on /opt/airflow/dags/dbt_model_dag.py
[2025-05-21T08:01:04.592+0000] {processor.py:830} INFO - Processing file /opt/airflow/dags/dbt_model_dag.py for tasks to queue
[2025-05-21T08:01:04.594+0000] {logging_mixin.py:188} INFO - [2025-05-21T08:01:04.593+0000] {dagbag.py:538} INFO - Filling up the DagBag from /opt/airflow/dags/dbt_model_dag.py
[2025-05-21T08:01:04.620+0000] {processor.py:840} INFO - DAG(s) 'run_dbt_models_after_ingestion' retrieved from /opt/airflow/dags/dbt_model_dag.py
[2025-05-21T08:01:04.664+0000] {logging_mixin.py:188} INFO - [2025-05-21T08:01:04.664+0000] {dag.py:3036} INFO - Sync 1 DAGs
[2025-05-21T08:01:04.679+0000] {logging_mixin.py:188} INFO - [2025-05-21T08:01:04.679+0000] {dag.py:3823} INFO - Setting next_dagrun for run_dbt_models_after_ingestion to None, run_after=None
[2025-05-21T08:01:04.693+0000] {processor.py:183} INFO - Processing /opt/airflow/dags/dbt_model_dag.py took 0.115 seconds
[2025-05-21T08:01:35.105+0000] {processor.py:161} INFO - Started process (PID=24035) to work on /opt/airflow/dags/dbt_model_dag.py
[2025-05-21T08:01:35.108+0000] {processor.py:830} INFO - Processing file /opt/airflow/dags/dbt_model_dag.py for tasks to queue
[2025-05-21T08:01:35.109+0000] {logging_mixin.py:188} INFO - [2025-05-21T08:01:35.109+0000] {dagbag.py:538} INFO - Filling up the DagBag from /opt/airflow/dags/dbt_model_dag.py
[2025-05-21T08:01:35.137+0000] {processor.py:840} INFO - DAG(s) 'run_dbt_models_after_ingestion' retrieved from /opt/airflow/dags/dbt_model_dag.py
[2025-05-21T08:01:35.171+0000] {logging_mixin.py:188} INFO - [2025-05-21T08:01:35.171+0000] {dag.py:3036} INFO - Sync 1 DAGs
[2025-05-21T08:01:35.185+0000] {logging_mixin.py:188} INFO - [2025-05-21T08:01:35.185+0000] {dag.py:3823} INFO - Setting next_dagrun for run_dbt_models_after_ingestion to None, run_after=None
[2025-05-21T08:01:35.200+0000] {processor.py:183} INFO - Processing /opt/airflow/dags/dbt_model_dag.py took 0.106 seconds
[2025-05-21T08:02:05.639+0000] {processor.py:161} INFO - Started process (PID=24045) to work on /opt/airflow/dags/dbt_model_dag.py
[2025-05-21T08:02:05.643+0000] {processor.py:830} INFO - Processing file /opt/airflow/dags/dbt_model_dag.py for tasks to queue
[2025-05-21T08:02:05.644+0000] {logging_mixin.py:188} INFO - [2025-05-21T08:02:05.643+0000] {dagbag.py:538} INFO - Filling up the DagBag from /opt/airflow/dags/dbt_model_dag.py
[2025-05-21T08:02:05.673+0000] {processor.py:840} INFO - DAG(s) 'run_dbt_models_after_ingestion' retrieved from /opt/airflow/dags/dbt_model_dag.py
[2025-05-21T08:02:05.726+0000] {logging_mixin.py:188} INFO - [2025-05-21T08:02:05.726+0000] {dag.py:3036} INFO - Sync 1 DAGs
[2025-05-21T08:02:05.744+0000] {logging_mixin.py:188} INFO - [2025-05-21T08:02:05.744+0000] {dag.py:3823} INFO - Setting next_dagrun for run_dbt_models_after_ingestion to None, run_after=None
[2025-05-21T08:02:05.758+0000] {processor.py:183} INFO - Processing /opt/airflow/dags/dbt_model_dag.py took 0.134 seconds
[2025-05-21T08:02:36.163+0000] {processor.py:161} INFO - Started process (PID=24055) to work on /opt/airflow/dags/dbt_model_dag.py
[2025-05-21T08:02:36.165+0000] {processor.py:830} INFO - Processing file /opt/airflow/dags/dbt_model_dag.py for tasks to queue
[2025-05-21T08:02:36.166+0000] {logging_mixin.py:188} INFO - [2025-05-21T08:02:36.166+0000] {dagbag.py:538} INFO - Filling up the DagBag from /opt/airflow/dags/dbt_model_dag.py
[2025-05-21T08:02:36.191+0000] {processor.py:840} INFO - DAG(s) 'run_dbt_models_after_ingestion' retrieved from /opt/airflow/dags/dbt_model_dag.py
[2025-05-21T08:02:36.232+0000] {logging_mixin.py:188} INFO - [2025-05-21T08:02:36.231+0000] {dag.py:3036} INFO - Sync 1 DAGs
[2025-05-21T08:02:36.250+0000] {logging_mixin.py:188} INFO - [2025-05-21T08:02:36.250+0000] {dag.py:3823} INFO - Setting next_dagrun for run_dbt_models_after_ingestion to None, run_after=None
[2025-05-21T08:02:36.267+0000] {processor.py:183} INFO - Processing /opt/airflow/dags/dbt_model_dag.py took 0.113 seconds
[2025-05-21T08:03:06.880+0000] {processor.py:161} INFO - Started process (PID=24065) to work on /opt/airflow/dags/dbt_model_dag.py
[2025-05-21T08:03:06.883+0000] {processor.py:830} INFO - Processing file /opt/airflow/dags/dbt_model_dag.py for tasks to queue
[2025-05-21T08:03:06.884+0000] {logging_mixin.py:188} INFO - [2025-05-21T08:03:06.884+0000] {dagbag.py:538} INFO - Filling up the DagBag from /opt/airflow/dags/dbt_model_dag.py
[2025-05-21T08:03:06.910+0000] {processor.py:840} INFO - DAG(s) 'run_dbt_models_after_ingestion' retrieved from /opt/airflow/dags/dbt_model_dag.py
[2025-05-21T08:03:06.951+0000] {logging_mixin.py:188} INFO - [2025-05-21T08:03:06.951+0000] {dag.py:3036} INFO - Sync 1 DAGs
[2025-05-21T08:03:06.966+0000] {logging_mixin.py:188} INFO - [2025-05-21T08:03:06.966+0000] {dag.py:3823} INFO - Setting next_dagrun for run_dbt_models_after_ingestion to None, run_after=None
[2025-05-21T08:03:06.981+0000] {processor.py:183} INFO - Processing /opt/airflow/dags/dbt_model_dag.py took 0.114 seconds
[2025-05-21T08:03:37.471+0000] {processor.py:161} INFO - Started process (PID=24075) to work on /opt/airflow/dags/dbt_model_dag.py
[2025-05-21T08:03:37.473+0000] {processor.py:830} INFO - Processing file /opt/airflow/dags/dbt_model_dag.py for tasks to queue
[2025-05-21T08:03:37.475+0000] {logging_mixin.py:188} INFO - [2025-05-21T08:03:37.475+0000] {dagbag.py:538} INFO - Filling up the DagBag from /opt/airflow/dags/dbt_model_dag.py
[2025-05-21T08:03:37.501+0000] {processor.py:840} INFO - DAG(s) 'run_dbt_models_after_ingestion' retrieved from /opt/airflow/dags/dbt_model_dag.py
[2025-05-21T08:03:37.541+0000] {logging_mixin.py:188} INFO - [2025-05-21T08:03:37.541+0000] {dag.py:3036} INFO - Sync 1 DAGs
[2025-05-21T08:03:37.561+0000] {logging_mixin.py:188} INFO - [2025-05-21T08:03:37.560+0000] {dag.py:3823} INFO - Setting next_dagrun for run_dbt_models_after_ingestion to None, run_after=None
[2025-05-21T08:03:37.576+0000] {processor.py:183} INFO - Processing /opt/airflow/dags/dbt_model_dag.py took 0.116 seconds
[2025-05-21T08:04:08.026+0000] {processor.py:161} INFO - Started process (PID=24085) to work on /opt/airflow/dags/dbt_model_dag.py
[2025-05-21T08:04:08.029+0000] {processor.py:830} INFO - Processing file /opt/airflow/dags/dbt_model_dag.py for tasks to queue
[2025-05-21T08:04:08.032+0000] {logging_mixin.py:188} INFO - [2025-05-21T08:04:08.030+0000] {dagbag.py:538} INFO - Filling up the DagBag from /opt/airflow/dags/dbt_model_dag.py
[2025-05-21T08:04:08.060+0000] {processor.py:840} INFO - DAG(s) 'run_dbt_models_after_ingestion' retrieved from /opt/airflow/dags/dbt_model_dag.py
[2025-05-21T08:04:08.096+0000] {logging_mixin.py:188} INFO - [2025-05-21T08:04:08.096+0000] {dag.py:3036} INFO - Sync 1 DAGs
[2025-05-21T08:04:08.110+0000] {logging_mixin.py:188} INFO - [2025-05-21T08:04:08.110+0000] {dag.py:3823} INFO - Setting next_dagrun for run_dbt_models_after_ingestion to None, run_after=None
[2025-05-21T08:04:08.125+0000] {processor.py:183} INFO - Processing /opt/airflow/dags/dbt_model_dag.py took 0.114 seconds
[2025-05-21T08:04:38.721+0000] {processor.py:161} INFO - Started process (PID=24095) to work on /opt/airflow/dags/dbt_model_dag.py
[2025-05-21T08:04:38.726+0000] {processor.py:830} INFO - Processing file /opt/airflow/dags/dbt_model_dag.py for tasks to queue
[2025-05-21T08:04:38.727+0000] {logging_mixin.py:188} INFO - [2025-05-21T08:04:38.727+0000] {dagbag.py:538} INFO - Filling up the DagBag from /opt/airflow/dags/dbt_model_dag.py
[2025-05-21T08:04:38.760+0000] {processor.py:840} INFO - DAG(s) 'run_dbt_models_after_ingestion' retrieved from /opt/airflow/dags/dbt_model_dag.py
[2025-05-21T08:04:38.803+0000] {logging_mixin.py:188} INFO - [2025-05-21T08:04:38.803+0000] {dag.py:3036} INFO - Sync 1 DAGs
[2025-05-21T08:04:38.820+0000] {logging_mixin.py:188} INFO - [2025-05-21T08:04:38.820+0000] {dag.py:3823} INFO - Setting next_dagrun for run_dbt_models_after_ingestion to None, run_after=None
[2025-05-21T08:04:38.838+0000] {processor.py:183} INFO - Processing /opt/airflow/dags/dbt_model_dag.py took 0.129 seconds
[2025-05-21T08:05:09.355+0000] {processor.py:161} INFO - Started process (PID=24105) to work on /opt/airflow/dags/dbt_model_dag.py
[2025-05-21T08:05:09.361+0000] {processor.py:830} INFO - Processing file /opt/airflow/dags/dbt_model_dag.py for tasks to queue
[2025-05-21T08:05:09.363+0000] {logging_mixin.py:188} INFO - [2025-05-21T08:05:09.363+0000] {dagbag.py:538} INFO - Filling up the DagBag from /opt/airflow/dags/dbt_model_dag.py
[2025-05-21T08:05:09.390+0000] {processor.py:840} INFO - DAG(s) 'run_dbt_models_after_ingestion' retrieved from /opt/airflow/dags/dbt_model_dag.py
[2025-05-21T08:05:09.430+0000] {logging_mixin.py:188} INFO - [2025-05-21T08:05:09.430+0000] {dag.py:3036} INFO - Sync 1 DAGs
[2025-05-21T08:05:09.443+0000] {logging_mixin.py:188} INFO - [2025-05-21T08:05:09.443+0000] {dag.py:3823} INFO - Setting next_dagrun for run_dbt_models_after_ingestion to None, run_after=None
[2025-05-21T08:05:09.458+0000] {processor.py:183} INFO - Processing /opt/airflow/dags/dbt_model_dag.py took 0.115 seconds
[2025-05-21T08:05:39.920+0000] {processor.py:161} INFO - Started process (PID=24115) to work on /opt/airflow/dags/dbt_model_dag.py
[2025-05-21T08:05:39.924+0000] {processor.py:830} INFO - Processing file /opt/airflow/dags/dbt_model_dag.py for tasks to queue
[2025-05-21T08:05:39.925+0000] {logging_mixin.py:188} INFO - [2025-05-21T08:05:39.924+0000] {dagbag.py:538} INFO - Filling up the DagBag from /opt/airflow/dags/dbt_model_dag.py
[2025-05-21T08:05:39.951+0000] {processor.py:840} INFO - DAG(s) 'run_dbt_models_after_ingestion' retrieved from /opt/airflow/dags/dbt_model_dag.py
[2025-05-21T08:05:39.990+0000] {logging_mixin.py:188} INFO - [2025-05-21T08:05:39.990+0000] {dag.py:3036} INFO - Sync 1 DAGs
[2025-05-21T08:05:40.005+0000] {logging_mixin.py:188} INFO - [2025-05-21T08:05:40.004+0000] {dag.py:3823} INFO - Setting next_dagrun for run_dbt_models_after_ingestion to None, run_after=None
[2025-05-21T08:05:40.020+0000] {processor.py:183} INFO - Processing /opt/airflow/dags/dbt_model_dag.py took 0.115 seconds
[2025-05-21T08:06:10.481+0000] {processor.py:161} INFO - Started process (PID=24125) to work on /opt/airflow/dags/dbt_model_dag.py
[2025-05-21T08:06:10.484+0000] {processor.py:830} INFO - Processing file /opt/airflow/dags/dbt_model_dag.py for tasks to queue
[2025-05-21T08:06:10.488+0000] {logging_mixin.py:188} INFO - [2025-05-21T08:06:10.488+0000] {dagbag.py:538} INFO - Filling up the DagBag from /opt/airflow/dags/dbt_model_dag.py
[2025-05-21T08:06:10.514+0000] {processor.py:840} INFO - DAG(s) 'run_dbt_models_after_ingestion' retrieved from /opt/airflow/dags/dbt_model_dag.py
[2025-05-21T08:06:10.577+0000] {logging_mixin.py:188} INFO - [2025-05-21T08:06:10.577+0000] {dag.py:3036} INFO - Sync 1 DAGs
[2025-05-21T08:06:10.590+0000] {logging_mixin.py:188} INFO - [2025-05-21T08:06:10.589+0000] {dag.py:3823} INFO - Setting next_dagrun for run_dbt_models_after_ingestion to None, run_after=None
[2025-05-21T08:06:10.602+0000] {processor.py:183} INFO - Processing /opt/airflow/dags/dbt_model_dag.py took 0.136 seconds
[2025-05-21T08:06:41.020+0000] {processor.py:161} INFO - Started process (PID=24135) to work on /opt/airflow/dags/dbt_model_dag.py
[2025-05-21T08:06:41.021+0000] {processor.py:830} INFO - Processing file /opt/airflow/dags/dbt_model_dag.py for tasks to queue
[2025-05-21T08:06:41.024+0000] {logging_mixin.py:188} INFO - [2025-05-21T08:06:41.023+0000] {dagbag.py:538} INFO - Filling up the DagBag from /opt/airflow/dags/dbt_model_dag.py
[2025-05-21T08:06:41.051+0000] {processor.py:840} INFO - DAG(s) 'run_dbt_models_after_ingestion' retrieved from /opt/airflow/dags/dbt_model_dag.py
[2025-05-21T08:06:41.090+0000] {logging_mixin.py:188} INFO - [2025-05-21T08:06:41.090+0000] {dag.py:3036} INFO - Sync 1 DAGs
[2025-05-21T08:06:41.103+0000] {logging_mixin.py:188} INFO - [2025-05-21T08:06:41.103+0000] {dag.py:3823} INFO - Setting next_dagrun for run_dbt_models_after_ingestion to None, run_after=None
[2025-05-21T08:06:41.120+0000] {processor.py:183} INFO - Processing /opt/airflow/dags/dbt_model_dag.py took 0.114 seconds
[2025-05-21T08:07:11.500+0000] {processor.py:161} INFO - Started process (PID=24145) to work on /opt/airflow/dags/dbt_model_dag.py
[2025-05-21T08:07:11.504+0000] {processor.py:830} INFO - Processing file /opt/airflow/dags/dbt_model_dag.py for tasks to queue
[2025-05-21T08:07:11.505+0000] {logging_mixin.py:188} INFO - [2025-05-21T08:07:11.505+0000] {dagbag.py:538} INFO - Filling up the DagBag from /opt/airflow/dags/dbt_model_dag.py
[2025-05-21T08:07:11.532+0000] {processor.py:840} INFO - DAG(s) 'run_dbt_models_after_ingestion' retrieved from /opt/airflow/dags/dbt_model_dag.py
[2025-05-21T08:07:11.577+0000] {logging_mixin.py:188} INFO - [2025-05-21T08:07:11.577+0000] {dag.py:3036} INFO - Sync 1 DAGs
[2025-05-21T08:07:11.590+0000] {logging_mixin.py:188} INFO - [2025-05-21T08:07:11.590+0000] {dag.py:3823} INFO - Setting next_dagrun for run_dbt_models_after_ingestion to None, run_after=None
[2025-05-21T08:07:11.604+0000] {processor.py:183} INFO - Processing /opt/airflow/dags/dbt_model_dag.py took 0.116 seconds
[2025-05-21T08:07:42.028+0000] {processor.py:161} INFO - Started process (PID=24155) to work on /opt/airflow/dags/dbt_model_dag.py
[2025-05-21T08:07:42.031+0000] {processor.py:830} INFO - Processing file /opt/airflow/dags/dbt_model_dag.py for tasks to queue
[2025-05-21T08:07:42.032+0000] {logging_mixin.py:188} INFO - [2025-05-21T08:07:42.032+0000] {dagbag.py:538} INFO - Filling up the DagBag from /opt/airflow/dags/dbt_model_dag.py
[2025-05-21T08:07:42.059+0000] {processor.py:840} INFO - DAG(s) 'run_dbt_models_after_ingestion' retrieved from /opt/airflow/dags/dbt_model_dag.py
[2025-05-21T08:07:42.097+0000] {logging_mixin.py:188} INFO - [2025-05-21T08:07:42.097+0000] {dag.py:3036} INFO - Sync 1 DAGs
[2025-05-21T08:07:42.109+0000] {logging_mixin.py:188} INFO - [2025-05-21T08:07:42.109+0000] {dag.py:3823} INFO - Setting next_dagrun for run_dbt_models_after_ingestion to None, run_after=None
[2025-05-21T08:07:42.125+0000] {processor.py:183} INFO - Processing /opt/airflow/dags/dbt_model_dag.py took 0.110 seconds
[2025-05-21T08:08:12.678+0000] {processor.py:161} INFO - Started process (PID=24165) to work on /opt/airflow/dags/dbt_model_dag.py
[2025-05-21T08:08:12.680+0000] {processor.py:830} INFO - Processing file /opt/airflow/dags/dbt_model_dag.py for tasks to queue
[2025-05-21T08:08:12.682+0000] {logging_mixin.py:188} INFO - [2025-05-21T08:08:12.681+0000] {dagbag.py:538} INFO - Filling up the DagBag from /opt/airflow/dags/dbt_model_dag.py
[2025-05-21T08:08:12.711+0000] {processor.py:840} INFO - DAG(s) 'run_dbt_models_after_ingestion' retrieved from /opt/airflow/dags/dbt_model_dag.py
[2025-05-21T08:08:12.754+0000] {logging_mixin.py:188} INFO - [2025-05-21T08:08:12.753+0000] {dag.py:3036} INFO - Sync 1 DAGs
[2025-05-21T08:08:12.768+0000] {logging_mixin.py:188} INFO - [2025-05-21T08:08:12.768+0000] {dag.py:3823} INFO - Setting next_dagrun for run_dbt_models_after_ingestion to None, run_after=None
[2025-05-21T08:08:12.782+0000] {processor.py:183} INFO - Processing /opt/airflow/dags/dbt_model_dag.py took 0.121 seconds
[2025-05-21T08:08:43.260+0000] {processor.py:161} INFO - Started process (PID=24175) to work on /opt/airflow/dags/dbt_model_dag.py
[2025-05-21T08:08:43.263+0000] {processor.py:830} INFO - Processing file /opt/airflow/dags/dbt_model_dag.py for tasks to queue
[2025-05-21T08:08:43.266+0000] {logging_mixin.py:188} INFO - [2025-05-21T08:08:43.266+0000] {dagbag.py:538} INFO - Filling up the DagBag from /opt/airflow/dags/dbt_model_dag.py
[2025-05-21T08:08:43.288+0000] {processor.py:840} INFO - DAG(s) 'run_dbt_models_after_ingestion' retrieved from /opt/airflow/dags/dbt_model_dag.py
[2025-05-21T08:08:43.329+0000] {logging_mixin.py:188} INFO - [2025-05-21T08:08:43.329+0000] {dag.py:3036} INFO - Sync 1 DAGs
[2025-05-21T08:08:43.341+0000] {logging_mixin.py:188} INFO - [2025-05-21T08:08:43.341+0000] {dag.py:3823} INFO - Setting next_dagrun for run_dbt_models_after_ingestion to None, run_after=None
[2025-05-21T08:08:43.355+0000] {processor.py:183} INFO - Processing /opt/airflow/dags/dbt_model_dag.py took 0.108 seconds
[2025-05-21T08:09:14.065+0000] {processor.py:161} INFO - Started process (PID=24185) to work on /opt/airflow/dags/dbt_model_dag.py
[2025-05-21T08:09:14.070+0000] {processor.py:830} INFO - Processing file /opt/airflow/dags/dbt_model_dag.py for tasks to queue
[2025-05-21T08:09:14.072+0000] {logging_mixin.py:188} INFO - [2025-05-21T08:09:14.071+0000] {dagbag.py:538} INFO - Filling up the DagBag from /opt/airflow/dags/dbt_model_dag.py
[2025-05-21T08:09:14.101+0000] {processor.py:840} INFO - DAG(s) 'run_dbt_models_after_ingestion' retrieved from /opt/airflow/dags/dbt_model_dag.py
[2025-05-21T08:09:14.149+0000] {logging_mixin.py:188} INFO - [2025-05-21T08:09:14.149+0000] {dag.py:3036} INFO - Sync 1 DAGs
[2025-05-21T08:09:14.163+0000] {logging_mixin.py:188} INFO - [2025-05-21T08:09:14.163+0000] {dag.py:3823} INFO - Setting next_dagrun for run_dbt_models_after_ingestion to None, run_after=None
[2025-05-21T08:09:14.179+0000] {processor.py:183} INFO - Processing /opt/airflow/dags/dbt_model_dag.py took 0.127 seconds
[2025-05-21T08:24:27.149+0000] {processor.py:161} INFO - Started process (PID=24196) to work on /opt/airflow/dags/dbt_model_dag.py
[2025-05-21T08:24:27.151+0000] {processor.py:830} INFO - Processing file /opt/airflow/dags/dbt_model_dag.py for tasks to queue
[2025-05-21T08:24:27.153+0000] {logging_mixin.py:188} INFO - [2025-05-21T08:24:27.152+0000] {dagbag.py:538} INFO - Filling up the DagBag from /opt/airflow/dags/dbt_model_dag.py
[2025-05-21T08:24:27.201+0000] {processor.py:840} INFO - DAG(s) 'run_dbt_models_after_ingestion' retrieved from /opt/airflow/dags/dbt_model_dag.py
[2025-05-21T08:24:27.426+0000] {logging_mixin.py:188} INFO - [2025-05-21T08:24:27.425+0000] {dag.py:3036} INFO - Sync 1 DAGs
[2025-05-21T08:24:27.592+0000] {logging_mixin.py:188} INFO - [2025-05-21T08:24:27.591+0000] {dag.py:3823} INFO - Setting next_dagrun for run_dbt_models_after_ingestion to None, run_after=None
[2025-05-21T08:24:27.634+0000] {processor.py:183} INFO - Processing /opt/airflow/dags/dbt_model_dag.py took 0.495 seconds
[2025-05-21T08:24:58.169+0000] {processor.py:161} INFO - Started process (PID=24207) to work on /opt/airflow/dags/dbt_model_dag.py
[2025-05-21T08:24:58.175+0000] {processor.py:830} INFO - Processing file /opt/airflow/dags/dbt_model_dag.py for tasks to queue
[2025-05-21T08:24:58.176+0000] {logging_mixin.py:188} INFO - [2025-05-21T08:24:58.175+0000] {dagbag.py:538} INFO - Filling up the DagBag from /opt/airflow/dags/dbt_model_dag.py
[2025-05-21T08:24:58.198+0000] {processor.py:840} INFO - DAG(s) 'run_dbt_models_after_ingestion' retrieved from /opt/airflow/dags/dbt_model_dag.py
[2025-05-21T08:24:58.235+0000] {logging_mixin.py:188} INFO - [2025-05-21T08:24:58.235+0000] {dag.py:3036} INFO - Sync 1 DAGs
[2025-05-21T08:24:58.250+0000] {logging_mixin.py:188} INFO - [2025-05-21T08:24:58.249+0000] {dag.py:3823} INFO - Setting next_dagrun for run_dbt_models_after_ingestion to None, run_after=None
[2025-05-21T08:24:58.264+0000] {processor.py:183} INFO - Processing /opt/airflow/dags/dbt_model_dag.py took 0.105 seconds
[2025-05-21T08:55:52.368+0000] {processor.py:161} INFO - Started process (PID=24217) to work on /opt/airflow/dags/dbt_model_dag.py
[2025-05-21T08:55:52.372+0000] {processor.py:830} INFO - Processing file /opt/airflow/dags/dbt_model_dag.py for tasks to queue
[2025-05-21T08:55:52.374+0000] {logging_mixin.py:188} INFO - [2025-05-21T08:55:52.373+0000] {dagbag.py:538} INFO - Filling up the DagBag from /opt/airflow/dags/dbt_model_dag.py
[2025-05-21T08:55:52.409+0000] {processor.py:840} INFO - DAG(s) 'run_dbt_models_after_ingestion' retrieved from /opt/airflow/dags/dbt_model_dag.py
[2025-05-21T08:55:52.475+0000] {logging_mixin.py:188} INFO - [2025-05-21T08:55:52.475+0000] {dag.py:3036} INFO - Sync 1 DAGs
[2025-05-21T08:55:52.507+0000] {logging_mixin.py:188} INFO - [2025-05-21T08:55:52.507+0000] {dag.py:3823} INFO - Setting next_dagrun for run_dbt_models_after_ingestion to None, run_after=None
[2025-05-21T08:55:52.533+0000] {processor.py:183} INFO - Processing /opt/airflow/dags/dbt_model_dag.py took 0.173 seconds
[2025-05-21T08:56:23.027+0000] {processor.py:161} INFO - Started process (PID=24227) to work on /opt/airflow/dags/dbt_model_dag.py
[2025-05-21T08:56:23.029+0000] {processor.py:830} INFO - Processing file /opt/airflow/dags/dbt_model_dag.py for tasks to queue
[2025-05-21T08:56:23.031+0000] {logging_mixin.py:188} INFO - [2025-05-21T08:56:23.030+0000] {dagbag.py:538} INFO - Filling up the DagBag from /opt/airflow/dags/dbt_model_dag.py
[2025-05-21T08:56:23.056+0000] {processor.py:840} INFO - DAG(s) 'run_dbt_models_after_ingestion' retrieved from /opt/airflow/dags/dbt_model_dag.py
[2025-05-21T08:56:23.098+0000] {logging_mixin.py:188} INFO - [2025-05-21T08:56:23.098+0000] {dag.py:3036} INFO - Sync 1 DAGs
[2025-05-21T08:56:23.115+0000] {logging_mixin.py:188} INFO - [2025-05-21T08:56:23.114+0000] {dag.py:3823} INFO - Setting next_dagrun for run_dbt_models_after_ingestion to None, run_after=None
[2025-05-21T08:56:23.134+0000] {processor.py:183} INFO - Processing /opt/airflow/dags/dbt_model_dag.py took 0.121 seconds
[2025-05-21T09:41:59.298+0000] {processor.py:161} INFO - Started process (PID=24238) to work on /opt/airflow/dags/dbt_model_dag.py
[2025-05-21T09:41:59.301+0000] {processor.py:830} INFO - Processing file /opt/airflow/dags/dbt_model_dag.py for tasks to queue
[2025-05-21T09:41:59.304+0000] {logging_mixin.py:188} INFO - [2025-05-21T09:41:59.303+0000] {dagbag.py:538} INFO - Filling up the DagBag from /opt/airflow/dags/dbt_model_dag.py
[2025-05-21T09:41:59.332+0000] {processor.py:840} INFO - DAG(s) 'run_dbt_models_after_ingestion' retrieved from /opt/airflow/dags/dbt_model_dag.py
[2025-05-21T09:41:59.365+0000] {logging_mixin.py:188} INFO - [2025-05-21T09:41:59.365+0000] {dag.py:3036} INFO - Sync 1 DAGs
[2025-05-21T09:41:59.376+0000] {logging_mixin.py:188} INFO - [2025-05-21T09:41:59.376+0000] {dag.py:3823} INFO - Setting next_dagrun for run_dbt_models_after_ingestion to None, run_after=None
[2025-05-21T09:41:59.392+0000] {processor.py:183} INFO - Processing /opt/airflow/dags/dbt_model_dag.py took 0.105 seconds
[2025-05-21T09:42:29.992+0000] {processor.py:161} INFO - Started process (PID=24249) to work on /opt/airflow/dags/dbt_model_dag.py
[2025-05-21T09:42:29.996+0000] {processor.py:830} INFO - Processing file /opt/airflow/dags/dbt_model_dag.py for tasks to queue
[2025-05-21T09:42:29.997+0000] {logging_mixin.py:188} INFO - [2025-05-21T09:42:29.997+0000] {dagbag.py:538} INFO - Filling up the DagBag from /opt/airflow/dags/dbt_model_dag.py
[2025-05-21T09:42:30.023+0000] {processor.py:840} INFO - DAG(s) 'run_dbt_models_after_ingestion' retrieved from /opt/airflow/dags/dbt_model_dag.py
[2025-05-21T09:42:30.070+0000] {logging_mixin.py:188} INFO - [2025-05-21T09:42:30.069+0000] {dag.py:3036} INFO - Sync 1 DAGs
[2025-05-21T09:42:30.081+0000] {logging_mixin.py:188} INFO - [2025-05-21T09:42:30.081+0000] {dag.py:3823} INFO - Setting next_dagrun for run_dbt_models_after_ingestion to None, run_after=None
[2025-05-21T09:42:30.100+0000] {processor.py:183} INFO - Processing /opt/airflow/dags/dbt_model_dag.py took 0.122 seconds
[2025-05-21T09:43:00.553+0000] {processor.py:161} INFO - Started process (PID=24259) to work on /opt/airflow/dags/dbt_model_dag.py
[2025-05-21T09:43:00.557+0000] {processor.py:830} INFO - Processing file /opt/airflow/dags/dbt_model_dag.py for tasks to queue
[2025-05-21T09:43:00.559+0000] {logging_mixin.py:188} INFO - [2025-05-21T09:43:00.559+0000] {dagbag.py:538} INFO - Filling up the DagBag from /opt/airflow/dags/dbt_model_dag.py
[2025-05-21T09:43:00.586+0000] {processor.py:840} INFO - DAG(s) 'run_dbt_models_after_ingestion' retrieved from /opt/airflow/dags/dbt_model_dag.py
[2025-05-21T09:43:00.640+0000] {logging_mixin.py:188} INFO - [2025-05-21T09:43:00.639+0000] {dag.py:3036} INFO - Sync 1 DAGs
[2025-05-21T09:43:00.654+0000] {logging_mixin.py:188} INFO - [2025-05-21T09:43:00.654+0000] {dag.py:3823} INFO - Setting next_dagrun for run_dbt_models_after_ingestion to None, run_after=None
[2025-05-21T09:43:00.671+0000] {processor.py:183} INFO - Processing /opt/airflow/dags/dbt_model_dag.py took 0.127 seconds
[2025-05-21T09:43:31.104+0000] {processor.py:161} INFO - Started process (PID=24269) to work on /opt/airflow/dags/dbt_model_dag.py
[2025-05-21T09:43:31.106+0000] {processor.py:830} INFO - Processing file /opt/airflow/dags/dbt_model_dag.py for tasks to queue
[2025-05-21T09:43:31.107+0000] {logging_mixin.py:188} INFO - [2025-05-21T09:43:31.107+0000] {dagbag.py:538} INFO - Filling up the DagBag from /opt/airflow/dags/dbt_model_dag.py
[2025-05-21T09:43:31.136+0000] {processor.py:840} INFO - DAG(s) 'run_dbt_models_after_ingestion' retrieved from /opt/airflow/dags/dbt_model_dag.py
[2025-05-21T09:43:31.184+0000] {logging_mixin.py:188} INFO - [2025-05-21T09:43:31.184+0000] {dag.py:3036} INFO - Sync 1 DAGs
[2025-05-21T09:43:31.198+0000] {logging_mixin.py:188} INFO - [2025-05-21T09:43:31.198+0000] {dag.py:3823} INFO - Setting next_dagrun for run_dbt_models_after_ingestion to None, run_after=None
[2025-05-21T09:43:31.213+0000] {processor.py:183} INFO - Processing /opt/airflow/dags/dbt_model_dag.py took 0.123 seconds
[2025-05-21T09:44:01.697+0000] {processor.py:161} INFO - Started process (PID=24279) to work on /opt/airflow/dags/dbt_model_dag.py
[2025-05-21T09:44:01.703+0000] {processor.py:830} INFO - Processing file /opt/airflow/dags/dbt_model_dag.py for tasks to queue
[2025-05-21T09:44:01.706+0000] {logging_mixin.py:188} INFO - [2025-05-21T09:44:01.705+0000] {dagbag.py:538} INFO - Filling up the DagBag from /opt/airflow/dags/dbt_model_dag.py
[2025-05-21T09:44:01.736+0000] {processor.py:840} INFO - DAG(s) 'run_dbt_models_after_ingestion' retrieved from /opt/airflow/dags/dbt_model_dag.py
[2025-05-21T09:44:01.783+0000] {logging_mixin.py:188} INFO - [2025-05-21T09:44:01.782+0000] {dag.py:3036} INFO - Sync 1 DAGs
[2025-05-21T09:44:01.800+0000] {logging_mixin.py:188} INFO - [2025-05-21T09:44:01.800+0000] {dag.py:3823} INFO - Setting next_dagrun for run_dbt_models_after_ingestion to None, run_after=None
[2025-05-21T09:44:01.814+0000] {processor.py:183} INFO - Processing /opt/airflow/dags/dbt_model_dag.py took 0.128 seconds
[2025-05-21T09:44:32.203+0000] {processor.py:161} INFO - Started process (PID=24289) to work on /opt/airflow/dags/dbt_model_dag.py
[2025-05-21T09:44:32.208+0000] {processor.py:830} INFO - Processing file /opt/airflow/dags/dbt_model_dag.py for tasks to queue
[2025-05-21T09:44:32.209+0000] {logging_mixin.py:188} INFO - [2025-05-21T09:44:32.209+0000] {dagbag.py:538} INFO - Filling up the DagBag from /opt/airflow/dags/dbt_model_dag.py
[2025-05-21T09:44:32.233+0000] {processor.py:840} INFO - DAG(s) 'run_dbt_models_after_ingestion' retrieved from /opt/airflow/dags/dbt_model_dag.py
[2025-05-21T09:44:32.278+0000] {logging_mixin.py:188} INFO - [2025-05-21T09:44:32.277+0000] {dag.py:3036} INFO - Sync 1 DAGs
[2025-05-21T09:44:32.292+0000] {logging_mixin.py:188} INFO - [2025-05-21T09:44:32.291+0000] {dag.py:3823} INFO - Setting next_dagrun for run_dbt_models_after_ingestion to None, run_after=None
[2025-05-21T09:44:32.308+0000] {processor.py:183} INFO - Processing /opt/airflow/dags/dbt_model_dag.py took 0.123 seconds
[2025-05-21T09:45:02.771+0000] {processor.py:161} INFO - Started process (PID=24299) to work on /opt/airflow/dags/dbt_model_dag.py
[2025-05-21T09:45:02.775+0000] {processor.py:830} INFO - Processing file /opt/airflow/dags/dbt_model_dag.py for tasks to queue
[2025-05-21T09:45:02.776+0000] {logging_mixin.py:188} INFO - [2025-05-21T09:45:02.776+0000] {dagbag.py:538} INFO - Filling up the DagBag from /opt/airflow/dags/dbt_model_dag.py
[2025-05-21T09:45:02.806+0000] {processor.py:840} INFO - DAG(s) 'run_dbt_models_after_ingestion' retrieved from /opt/airflow/dags/dbt_model_dag.py
[2025-05-21T09:45:02.845+0000] {logging_mixin.py:188} INFO - [2025-05-21T09:45:02.845+0000] {dag.py:3036} INFO - Sync 1 DAGs
[2025-05-21T09:45:02.856+0000] {logging_mixin.py:188} INFO - [2025-05-21T09:45:02.856+0000] {dag.py:3823} INFO - Setting next_dagrun for run_dbt_models_after_ingestion to None, run_after=None
[2025-05-21T09:45:02.871+0000] {processor.py:183} INFO - Processing /opt/airflow/dags/dbt_model_dag.py took 0.115 seconds
[2025-05-21T09:45:33.468+0000] {processor.py:161} INFO - Started process (PID=24309) to work on /opt/airflow/dags/dbt_model_dag.py
[2025-05-21T09:45:33.471+0000] {processor.py:830} INFO - Processing file /opt/airflow/dags/dbt_model_dag.py for tasks to queue
[2025-05-21T09:45:33.472+0000] {logging_mixin.py:188} INFO - [2025-05-21T09:45:33.471+0000] {dagbag.py:538} INFO - Filling up the DagBag from /opt/airflow/dags/dbt_model_dag.py
[2025-05-21T09:45:33.498+0000] {processor.py:840} INFO - DAG(s) 'run_dbt_models_after_ingestion' retrieved from /opt/airflow/dags/dbt_model_dag.py
[2025-05-21T09:45:33.542+0000] {logging_mixin.py:188} INFO - [2025-05-21T09:45:33.542+0000] {dag.py:3036} INFO - Sync 1 DAGs
[2025-05-21T09:45:33.553+0000] {logging_mixin.py:188} INFO - [2025-05-21T09:45:33.553+0000] {dag.py:3823} INFO - Setting next_dagrun for run_dbt_models_after_ingestion to None, run_after=None
[2025-05-21T09:45:33.569+0000] {processor.py:183} INFO - Processing /opt/airflow/dags/dbt_model_dag.py took 0.116 seconds
[2025-05-21T09:46:04.019+0000] {processor.py:161} INFO - Started process (PID=24319) to work on /opt/airflow/dags/dbt_model_dag.py
[2025-05-21T09:46:04.022+0000] {processor.py:830} INFO - Processing file /opt/airflow/dags/dbt_model_dag.py for tasks to queue
[2025-05-21T09:46:04.024+0000] {logging_mixin.py:188} INFO - [2025-05-21T09:46:04.023+0000] {dagbag.py:538} INFO - Filling up the DagBag from /opt/airflow/dags/dbt_model_dag.py
[2025-05-21T09:46:04.049+0000] {processor.py:840} INFO - DAG(s) 'run_dbt_models_after_ingestion' retrieved from /opt/airflow/dags/dbt_model_dag.py
[2025-05-21T09:46:04.090+0000] {logging_mixin.py:188} INFO - [2025-05-21T09:46:04.089+0000] {dag.py:3036} INFO - Sync 1 DAGs
[2025-05-21T09:46:04.105+0000] {logging_mixin.py:188} INFO - [2025-05-21T09:46:04.105+0000] {dag.py:3823} INFO - Setting next_dagrun for run_dbt_models_after_ingestion to None, run_after=None
[2025-05-21T09:46:04.120+0000] {processor.py:183} INFO - Processing /opt/airflow/dags/dbt_model_dag.py took 0.112 seconds
[2025-05-21T09:46:34.574+0000] {processor.py:161} INFO - Started process (PID=24329) to work on /opt/airflow/dags/dbt_model_dag.py
[2025-05-21T09:46:34.577+0000] {processor.py:830} INFO - Processing file /opt/airflow/dags/dbt_model_dag.py for tasks to queue
[2025-05-21T09:46:34.579+0000] {logging_mixin.py:188} INFO - [2025-05-21T09:46:34.578+0000] {dagbag.py:538} INFO - Filling up the DagBag from /opt/airflow/dags/dbt_model_dag.py
[2025-05-21T09:46:34.610+0000] {processor.py:840} INFO - DAG(s) 'run_dbt_models_after_ingestion' retrieved from /opt/airflow/dags/dbt_model_dag.py
[2025-05-21T09:46:34.655+0000] {logging_mixin.py:188} INFO - [2025-05-21T09:46:34.655+0000] {dag.py:3036} INFO - Sync 1 DAGs
[2025-05-21T09:46:34.673+0000] {logging_mixin.py:188} INFO - [2025-05-21T09:46:34.673+0000] {dag.py:3823} INFO - Setting next_dagrun for run_dbt_models_after_ingestion to None, run_after=None
[2025-05-21T09:46:34.686+0000] {processor.py:183} INFO - Processing /opt/airflow/dags/dbt_model_dag.py took 0.126 seconds
[2025-05-21T09:47:05.156+0000] {processor.py:161} INFO - Started process (PID=24339) to work on /opt/airflow/dags/dbt_model_dag.py
[2025-05-21T09:47:05.158+0000] {processor.py:830} INFO - Processing file /opt/airflow/dags/dbt_model_dag.py for tasks to queue
[2025-05-21T09:47:05.160+0000] {logging_mixin.py:188} INFO - [2025-05-21T09:47:05.160+0000] {dagbag.py:538} INFO - Filling up the DagBag from /opt/airflow/dags/dbt_model_dag.py
[2025-05-21T09:47:05.185+0000] {processor.py:840} INFO - DAG(s) 'run_dbt_models_after_ingestion' retrieved from /opt/airflow/dags/dbt_model_dag.py
[2025-05-21T09:47:05.222+0000] {logging_mixin.py:188} INFO - [2025-05-21T09:47:05.221+0000] {dag.py:3036} INFO - Sync 1 DAGs
[2025-05-21T09:47:05.236+0000] {logging_mixin.py:188} INFO - [2025-05-21T09:47:05.236+0000] {dag.py:3823} INFO - Setting next_dagrun for run_dbt_models_after_ingestion to None, run_after=None
[2025-05-21T09:47:05.251+0000] {processor.py:183} INFO - Processing /opt/airflow/dags/dbt_model_dag.py took 0.106 seconds
[2025-05-21T09:47:35.700+0000] {processor.py:161} INFO - Started process (PID=24349) to work on /opt/airflow/dags/dbt_model_dag.py
[2025-05-21T09:47:35.704+0000] {processor.py:830} INFO - Processing file /opt/airflow/dags/dbt_model_dag.py for tasks to queue
[2025-05-21T09:47:35.705+0000] {logging_mixin.py:188} INFO - [2025-05-21T09:47:35.705+0000] {dagbag.py:538} INFO - Filling up the DagBag from /opt/airflow/dags/dbt_model_dag.py
[2025-05-21T09:47:35.737+0000] {processor.py:840} INFO - DAG(s) 'run_dbt_models_after_ingestion' retrieved from /opt/airflow/dags/dbt_model_dag.py
[2025-05-21T09:47:35.778+0000] {logging_mixin.py:188} INFO - [2025-05-21T09:47:35.778+0000] {dag.py:3036} INFO - Sync 1 DAGs
[2025-05-21T09:47:35.792+0000] {logging_mixin.py:188} INFO - [2025-05-21T09:47:35.792+0000] {dag.py:3823} INFO - Setting next_dagrun for run_dbt_models_after_ingestion to None, run_after=None
[2025-05-21T09:47:35.810+0000] {processor.py:183} INFO - Processing /opt/airflow/dags/dbt_model_dag.py took 0.124 seconds
[2025-05-21T09:48:06.169+0000] {processor.py:161} INFO - Started process (PID=24359) to work on /opt/airflow/dags/dbt_model_dag.py
[2025-05-21T09:48:06.172+0000] {processor.py:830} INFO - Processing file /opt/airflow/dags/dbt_model_dag.py for tasks to queue
[2025-05-21T09:48:06.173+0000] {logging_mixin.py:188} INFO - [2025-05-21T09:48:06.173+0000] {dagbag.py:538} INFO - Filling up the DagBag from /opt/airflow/dags/dbt_model_dag.py
[2025-05-21T09:48:06.202+0000] {processor.py:840} INFO - DAG(s) 'run_dbt_models_after_ingestion' retrieved from /opt/airflow/dags/dbt_model_dag.py
[2025-05-21T09:48:06.243+0000] {logging_mixin.py:188} INFO - [2025-05-21T09:48:06.243+0000] {dag.py:3036} INFO - Sync 1 DAGs
[2025-05-21T09:48:06.256+0000] {logging_mixin.py:188} INFO - [2025-05-21T09:48:06.256+0000] {dag.py:3823} INFO - Setting next_dagrun for run_dbt_models_after_ingestion to None, run_after=None
[2025-05-21T09:48:06.270+0000] {processor.py:183} INFO - Processing /opt/airflow/dags/dbt_model_dag.py took 0.113 seconds
[2025-05-21T09:48:36.661+0000] {processor.py:161} INFO - Started process (PID=24369) to work on /opt/airflow/dags/dbt_model_dag.py
[2025-05-21T09:48:36.663+0000] {processor.py:830} INFO - Processing file /opt/airflow/dags/dbt_model_dag.py for tasks to queue
[2025-05-21T09:48:36.664+0000] {logging_mixin.py:188} INFO - [2025-05-21T09:48:36.663+0000] {dagbag.py:538} INFO - Filling up the DagBag from /opt/airflow/dags/dbt_model_dag.py
[2025-05-21T09:48:36.696+0000] {processor.py:840} INFO - DAG(s) 'run_dbt_models_after_ingestion' retrieved from /opt/airflow/dags/dbt_model_dag.py
[2025-05-21T09:48:36.743+0000] {logging_mixin.py:188} INFO - [2025-05-21T09:48:36.743+0000] {dag.py:3036} INFO - Sync 1 DAGs
[2025-05-21T09:48:36.757+0000] {logging_mixin.py:188} INFO - [2025-05-21T09:48:36.757+0000] {dag.py:3823} INFO - Setting next_dagrun for run_dbt_models_after_ingestion to None, run_after=None
[2025-05-21T09:48:36.779+0000] {processor.py:183} INFO - Processing /opt/airflow/dags/dbt_model_dag.py took 0.129 seconds
[2025-05-21T09:49:07.205+0000] {processor.py:161} INFO - Started process (PID=24379) to work on /opt/airflow/dags/dbt_model_dag.py
[2025-05-21T09:49:07.211+0000] {processor.py:830} INFO - Processing file /opt/airflow/dags/dbt_model_dag.py for tasks to queue
[2025-05-21T09:49:07.220+0000] {logging_mixin.py:188} INFO - [2025-05-21T09:49:07.218+0000] {dagbag.py:538} INFO - Filling up the DagBag from /opt/airflow/dags/dbt_model_dag.py
[2025-05-21T09:49:07.565+0000] {processor.py:840} INFO - DAG(s) 'run_dbt_models_after_ingestion' retrieved from /opt/airflow/dags/dbt_model_dag.py
[2025-05-21T09:49:07.794+0000] {logging_mixin.py:188} INFO - [2025-05-21T09:49:07.793+0000] {dag.py:3036} INFO - Sync 1 DAGs
[2025-05-21T09:49:07.829+0000] {logging_mixin.py:188} INFO - [2025-05-21T09:49:07.826+0000] {dag.py:3823} INFO - Setting next_dagrun for run_dbt_models_after_ingestion to None, run_after=None
[2025-05-21T09:49:07.855+0000] {processor.py:183} INFO - Processing /opt/airflow/dags/dbt_model_dag.py took 0.665 seconds
[2025-05-21T09:50:00.903+0000] {processor.py:161} INFO - Started process (PID=24389) to work on /opt/airflow/dags/dbt_model_dag.py
[2025-05-21T09:50:00.905+0000] {processor.py:830} INFO - Processing file /opt/airflow/dags/dbt_model_dag.py for tasks to queue
[2025-05-21T09:50:00.906+0000] {logging_mixin.py:188} INFO - [2025-05-21T09:50:00.906+0000] {dagbag.py:538} INFO - Filling up the DagBag from /opt/airflow/dags/dbt_model_dag.py
[2025-05-21T09:50:00.934+0000] {processor.py:840} INFO - DAG(s) 'run_dbt_models_after_ingestion' retrieved from /opt/airflow/dags/dbt_model_dag.py
[2025-05-21T09:50:00.980+0000] {logging_mixin.py:188} INFO - [2025-05-21T09:50:00.980+0000] {dag.py:3036} INFO - Sync 1 DAGs
[2025-05-21T09:50:00.997+0000] {logging_mixin.py:188} INFO - [2025-05-21T09:50:00.996+0000] {dag.py:3823} INFO - Setting next_dagrun for run_dbt_models_after_ingestion to None, run_after=None
[2025-05-21T09:50:01.015+0000] {processor.py:183} INFO - Processing /opt/airflow/dags/dbt_model_dag.py took 0.123 seconds
[2025-05-21T09:50:31.432+0000] {processor.py:161} INFO - Started process (PID=24399) to work on /opt/airflow/dags/dbt_model_dag.py
[2025-05-21T09:50:31.433+0000] {processor.py:830} INFO - Processing file /opt/airflow/dags/dbt_model_dag.py for tasks to queue
[2025-05-21T09:50:31.434+0000] {logging_mixin.py:188} INFO - [2025-05-21T09:50:31.434+0000] {dagbag.py:538} INFO - Filling up the DagBag from /opt/airflow/dags/dbt_model_dag.py
[2025-05-21T09:50:31.460+0000] {processor.py:840} INFO - DAG(s) 'run_dbt_models_after_ingestion' retrieved from /opt/airflow/dags/dbt_model_dag.py
[2025-05-21T09:50:31.506+0000] {logging_mixin.py:188} INFO - [2025-05-21T09:50:31.506+0000] {dag.py:3036} INFO - Sync 1 DAGs
[2025-05-21T09:50:31.522+0000] {logging_mixin.py:188} INFO - [2025-05-21T09:50:31.522+0000] {dag.py:3823} INFO - Setting next_dagrun for run_dbt_models_after_ingestion to None, run_after=None
[2025-05-21T09:50:31.544+0000] {processor.py:183} INFO - Processing /opt/airflow/dags/dbt_model_dag.py took 0.123 seconds
[2025-05-21T09:51:01.992+0000] {processor.py:161} INFO - Started process (PID=24409) to work on /opt/airflow/dags/dbt_model_dag.py
[2025-05-21T09:51:01.993+0000] {processor.py:830} INFO - Processing file /opt/airflow/dags/dbt_model_dag.py for tasks to queue
[2025-05-21T09:51:01.994+0000] {logging_mixin.py:188} INFO - [2025-05-21T09:51:01.994+0000] {dagbag.py:538} INFO - Filling up the DagBag from /opt/airflow/dags/dbt_model_dag.py
[2025-05-21T09:51:02.023+0000] {processor.py:840} INFO - DAG(s) 'run_dbt_models_after_ingestion' retrieved from /opt/airflow/dags/dbt_model_dag.py
[2025-05-21T09:51:02.068+0000] {logging_mixin.py:188} INFO - [2025-05-21T09:51:02.067+0000] {dag.py:3036} INFO - Sync 1 DAGs
[2025-05-21T09:51:02.082+0000] {logging_mixin.py:188} INFO - [2025-05-21T09:51:02.082+0000] {dag.py:3823} INFO - Setting next_dagrun for run_dbt_models_after_ingestion to None, run_after=None
[2025-05-21T09:51:02.103+0000] {processor.py:183} INFO - Processing /opt/airflow/dags/dbt_model_dag.py took 0.125 seconds
[2025-05-21T09:51:32.537+0000] {processor.py:161} INFO - Started process (PID=24419) to work on /opt/airflow/dags/dbt_model_dag.py
[2025-05-21T09:51:32.540+0000] {processor.py:830} INFO - Processing file /opt/airflow/dags/dbt_model_dag.py for tasks to queue
[2025-05-21T09:51:32.541+0000] {logging_mixin.py:188} INFO - [2025-05-21T09:51:32.540+0000] {dagbag.py:538} INFO - Filling up the DagBag from /opt/airflow/dags/dbt_model_dag.py
[2025-05-21T09:51:32.573+0000] {processor.py:840} INFO - DAG(s) 'run_dbt_models_after_ingestion' retrieved from /opt/airflow/dags/dbt_model_dag.py
[2025-05-21T09:51:32.619+0000] {logging_mixin.py:188} INFO - [2025-05-21T09:51:32.618+0000] {dag.py:3036} INFO - Sync 1 DAGs
[2025-05-21T09:51:32.633+0000] {logging_mixin.py:188} INFO - [2025-05-21T09:51:32.633+0000] {dag.py:3823} INFO - Setting next_dagrun for run_dbt_models_after_ingestion to None, run_after=None
[2025-05-21T09:51:32.650+0000] {processor.py:183} INFO - Processing /opt/airflow/dags/dbt_model_dag.py took 0.128 seconds
[2025-05-21T09:52:03.122+0000] {processor.py:161} INFO - Started process (PID=24429) to work on /opt/airflow/dags/dbt_model_dag.py
[2025-05-21T09:52:03.126+0000] {processor.py:830} INFO - Processing file /opt/airflow/dags/dbt_model_dag.py for tasks to queue
[2025-05-21T09:52:03.128+0000] {logging_mixin.py:188} INFO - [2025-05-21T09:52:03.128+0000] {dagbag.py:538} INFO - Filling up the DagBag from /opt/airflow/dags/dbt_model_dag.py
[2025-05-21T09:52:03.153+0000] {processor.py:840} INFO - DAG(s) 'run_dbt_models_after_ingestion' retrieved from /opt/airflow/dags/dbt_model_dag.py
[2025-05-21T09:52:03.197+0000] {logging_mixin.py:188} INFO - [2025-05-21T09:52:03.197+0000] {dag.py:3036} INFO - Sync 1 DAGs
[2025-05-21T09:52:03.213+0000] {logging_mixin.py:188} INFO - [2025-05-21T09:52:03.213+0000] {dag.py:3823} INFO - Setting next_dagrun for run_dbt_models_after_ingestion to None, run_after=None
[2025-05-21T09:52:03.225+0000] {processor.py:183} INFO - Processing /opt/airflow/dags/dbt_model_dag.py took 0.111 seconds
[2025-05-21T09:54:59.124+0000] {processor.py:161} INFO - Started process (PID=24441) to work on /opt/airflow/dags/dbt_model_dag.py
[2025-05-21T09:54:59.139+0000] {processor.py:830} INFO - Processing file /opt/airflow/dags/dbt_model_dag.py for tasks to queue
[2025-05-21T09:54:59.143+0000] {logging_mixin.py:188} INFO - [2025-05-21T09:54:59.143+0000] {dagbag.py:538} INFO - Filling up the DagBag from /opt/airflow/dags/dbt_model_dag.py
[2025-05-21T09:54:59.196+0000] {processor.py:840} INFO - DAG(s) 'run_dbt_models_after_ingestion' retrieved from /opt/airflow/dags/dbt_model_dag.py
[2025-05-21T09:54:59.258+0000] {logging_mixin.py:188} INFO - [2025-05-21T09:54:59.258+0000] {dag.py:3036} INFO - Sync 1 DAGs
[2025-05-21T09:54:59.284+0000] {logging_mixin.py:188} INFO - [2025-05-21T09:54:59.283+0000] {dag.py:3823} INFO - Setting next_dagrun for run_dbt_models_after_ingestion to None, run_after=None
[2025-05-21T09:54:59.345+0000] {processor.py:183} INFO - Processing /opt/airflow/dags/dbt_model_dag.py took 0.244 seconds
[2025-05-21T09:55:29.768+0000] {processor.py:161} INFO - Started process (PID=24451) to work on /opt/airflow/dags/dbt_model_dag.py
[2025-05-21T09:55:29.771+0000] {processor.py:830} INFO - Processing file /opt/airflow/dags/dbt_model_dag.py for tasks to queue
[2025-05-21T09:55:29.775+0000] {logging_mixin.py:188} INFO - [2025-05-21T09:55:29.773+0000] {dagbag.py:538} INFO - Filling up the DagBag from /opt/airflow/dags/dbt_model_dag.py
[2025-05-21T09:55:29.803+0000] {processor.py:840} INFO - DAG(s) 'run_dbt_models_after_ingestion' retrieved from /opt/airflow/dags/dbt_model_dag.py
[2025-05-21T09:55:29.851+0000] {logging_mixin.py:188} INFO - [2025-05-21T09:55:29.851+0000] {dag.py:3036} INFO - Sync 1 DAGs
[2025-05-21T09:55:29.866+0000] {logging_mixin.py:188} INFO - [2025-05-21T09:55:29.865+0000] {dag.py:3823} INFO - Setting next_dagrun for run_dbt_models_after_ingestion to None, run_after=None
[2025-05-21T09:55:29.886+0000] {processor.py:183} INFO - Processing /opt/airflow/dags/dbt_model_dag.py took 0.132 seconds
[2025-05-21T09:56:00.450+0000] {processor.py:161} INFO - Started process (PID=24461) to work on /opt/airflow/dags/dbt_model_dag.py
[2025-05-21T09:56:00.458+0000] {processor.py:830} INFO - Processing file /opt/airflow/dags/dbt_model_dag.py for tasks to queue
[2025-05-21T09:56:00.461+0000] {logging_mixin.py:188} INFO - [2025-05-21T09:56:00.460+0000] {dagbag.py:538} INFO - Filling up the DagBag from /opt/airflow/dags/dbt_model_dag.py
[2025-05-21T09:56:00.493+0000] {processor.py:840} INFO - DAG(s) 'run_dbt_models_after_ingestion' retrieved from /opt/airflow/dags/dbt_model_dag.py
[2025-05-21T09:56:00.538+0000] {logging_mixin.py:188} INFO - [2025-05-21T09:56:00.538+0000] {dag.py:3036} INFO - Sync 1 DAGs
[2025-05-21T09:56:00.551+0000] {logging_mixin.py:188} INFO - [2025-05-21T09:56:00.551+0000] {dag.py:3823} INFO - Setting next_dagrun for run_dbt_models_after_ingestion to None, run_after=None
[2025-05-21T09:56:00.570+0000] {processor.py:183} INFO - Processing /opt/airflow/dags/dbt_model_dag.py took 0.134 seconds
[2025-05-21T09:59:59.239+0000] {processor.py:161} INFO - Started process (PID=24473) to work on /opt/airflow/dags/dbt_model_dag.py
[2025-05-21T09:59:59.245+0000] {processor.py:830} INFO - Processing file /opt/airflow/dags/dbt_model_dag.py for tasks to queue
[2025-05-21T09:59:59.252+0000] {logging_mixin.py:188} INFO - [2025-05-21T09:59:59.250+0000] {dagbag.py:538} INFO - Filling up the DagBag from /opt/airflow/dags/dbt_model_dag.py
[2025-05-21T09:59:59.289+0000] {processor.py:840} INFO - DAG(s) 'run_dbt_models_after_ingestion' retrieved from /opt/airflow/dags/dbt_model_dag.py
[2025-05-21T09:59:59.352+0000] {logging_mixin.py:188} INFO - [2025-05-21T09:59:59.352+0000] {dag.py:3036} INFO - Sync 1 DAGs
[2025-05-21T09:59:59.384+0000] {logging_mixin.py:188} INFO - [2025-05-21T09:59:59.384+0000] {dag.py:3823} INFO - Setting next_dagrun for run_dbt_models_after_ingestion to None, run_after=None
[2025-05-21T09:59:59.430+0000] {processor.py:183} INFO - Processing /opt/airflow/dags/dbt_model_dag.py took 0.205 seconds
[2025-05-21T10:16:16.420+0000] {processor.py:161} INFO - Started process (PID=24483) to work on /opt/airflow/dags/dbt_model_dag.py
[2025-05-21T10:16:16.422+0000] {processor.py:830} INFO - Processing file /opt/airflow/dags/dbt_model_dag.py for tasks to queue
[2025-05-21T10:16:16.424+0000] {logging_mixin.py:188} INFO - [2025-05-21T10:16:16.423+0000] {dagbag.py:538} INFO - Filling up the DagBag from /opt/airflow/dags/dbt_model_dag.py
[2025-05-21T10:16:16.453+0000] {processor.py:840} INFO - DAG(s) 'run_dbt_models_after_ingestion' retrieved from /opt/airflow/dags/dbt_model_dag.py
[2025-05-21T10:16:16.488+0000] {logging_mixin.py:188} INFO - [2025-05-21T10:16:16.487+0000] {dag.py:3036} INFO - Sync 1 DAGs
[2025-05-21T10:16:16.501+0000] {logging_mixin.py:188} INFO - [2025-05-21T10:16:16.501+0000] {dag.py:3823} INFO - Setting next_dagrun for run_dbt_models_after_ingestion to None, run_after=None
[2025-05-21T10:16:16.532+0000] {processor.py:183} INFO - Processing /opt/airflow/dags/dbt_model_dag.py took 0.125 seconds
[2025-05-21T10:16:47.065+0000] {processor.py:161} INFO - Started process (PID=24493) to work on /opt/airflow/dags/dbt_model_dag.py
[2025-05-21T10:16:47.074+0000] {processor.py:830} INFO - Processing file /opt/airflow/dags/dbt_model_dag.py for tasks to queue
[2025-05-21T10:16:47.076+0000] {logging_mixin.py:188} INFO - [2025-05-21T10:16:47.075+0000] {dagbag.py:538} INFO - Filling up the DagBag from /opt/airflow/dags/dbt_model_dag.py
[2025-05-21T10:16:47.106+0000] {processor.py:840} INFO - DAG(s) 'run_dbt_models_after_ingestion' retrieved from /opt/airflow/dags/dbt_model_dag.py
[2025-05-21T10:16:47.145+0000] {logging_mixin.py:188} INFO - [2025-05-21T10:16:47.145+0000] {dag.py:3036} INFO - Sync 1 DAGs
[2025-05-21T10:16:47.159+0000] {logging_mixin.py:188} INFO - [2025-05-21T10:16:47.159+0000] {dag.py:3823} INFO - Setting next_dagrun for run_dbt_models_after_ingestion to None, run_after=None
[2025-05-21T10:16:47.176+0000] {processor.py:183} INFO - Processing /opt/airflow/dags/dbt_model_dag.py took 0.126 seconds
[2025-05-21T11:02:21.259+0000] {processor.py:161} INFO - Started process (PID=24505) to work on /opt/airflow/dags/dbt_model_dag.py
[2025-05-21T11:02:21.264+0000] {processor.py:830} INFO - Processing file /opt/airflow/dags/dbt_model_dag.py for tasks to queue
[2025-05-21T11:02:21.265+0000] {logging_mixin.py:188} INFO - [2025-05-21T11:02:21.264+0000] {dagbag.py:538} INFO - Filling up the DagBag from /opt/airflow/dags/dbt_model_dag.py
[2025-05-21T11:02:21.330+0000] {processor.py:840} INFO - DAG(s) 'run_dbt_models_after_ingestion' retrieved from /opt/airflow/dags/dbt_model_dag.py
[2025-05-21T11:02:21.490+0000] {logging_mixin.py:188} INFO - [2025-05-21T11:02:21.489+0000] {dag.py:3036} INFO - Sync 1 DAGs
[2025-05-21T11:02:21.519+0000] {logging_mixin.py:188} INFO - [2025-05-21T11:02:21.518+0000] {dag.py:3823} INFO - Setting next_dagrun for run_dbt_models_after_ingestion to None, run_after=None
[2025-05-21T11:02:21.560+0000] {processor.py:183} INFO - Processing /opt/airflow/dags/dbt_model_dag.py took 0.310 seconds
[2025-05-21T11:02:51.996+0000] {processor.py:161} INFO - Started process (PID=24515) to work on /opt/airflow/dags/dbt_model_dag.py
[2025-05-21T11:02:51.998+0000] {processor.py:830} INFO - Processing file /opt/airflow/dags/dbt_model_dag.py for tasks to queue
[2025-05-21T11:02:52.000+0000] {logging_mixin.py:188} INFO - [2025-05-21T11:02:52.000+0000] {dagbag.py:538} INFO - Filling up the DagBag from /opt/airflow/dags/dbt_model_dag.py
[2025-05-21T11:02:52.023+0000] {processor.py:840} INFO - DAG(s) 'run_dbt_models_after_ingestion' retrieved from /opt/airflow/dags/dbt_model_dag.py
[2025-05-21T11:02:52.072+0000] {logging_mixin.py:188} INFO - [2025-05-21T11:02:52.072+0000] {dag.py:3036} INFO - Sync 1 DAGs
[2025-05-21T11:02:52.084+0000] {logging_mixin.py:188} INFO - [2025-05-21T11:02:52.084+0000] {dag.py:3823} INFO - Setting next_dagrun for run_dbt_models_after_ingestion to None, run_after=None
[2025-05-21T11:02:52.105+0000] {processor.py:183} INFO - Processing /opt/airflow/dags/dbt_model_dag.py took 0.122 seconds
[2025-05-21T11:03:26.730+0000] {processor.py:161} INFO - Started process (PID=24525) to work on /opt/airflow/dags/dbt_model_dag.py
[2025-05-21T11:03:26.734+0000] {processor.py:830} INFO - Processing file /opt/airflow/dags/dbt_model_dag.py for tasks to queue
[2025-05-21T11:03:26.738+0000] {logging_mixin.py:188} INFO - [2025-05-21T11:03:26.736+0000] {dagbag.py:538} INFO - Filling up the DagBag from /opt/airflow/dags/dbt_model_dag.py
[2025-05-21T11:03:26.762+0000] {processor.py:840} INFO - DAG(s) 'run_dbt_models_after_ingestion' retrieved from /opt/airflow/dags/dbt_model_dag.py
[2025-05-21T11:03:26.802+0000] {logging_mixin.py:188} INFO - [2025-05-21T11:03:26.802+0000] {dag.py:3036} INFO - Sync 1 DAGs
[2025-05-21T11:03:26.817+0000] {logging_mixin.py:188} INFO - [2025-05-21T11:03:26.817+0000] {dag.py:3823} INFO - Setting next_dagrun for run_dbt_models_after_ingestion to None, run_after=None
[2025-05-21T11:03:26.831+0000] {processor.py:183} INFO - Processing /opt/airflow/dags/dbt_model_dag.py took 0.113 seconds
[2025-05-21T11:04:56.806+0000] {processor.py:161} INFO - Started process (PID=24535) to work on /opt/airflow/dags/dbt_model_dag.py
[2025-05-21T11:04:56.810+0000] {processor.py:830} INFO - Processing file /opt/airflow/dags/dbt_model_dag.py for tasks to queue
[2025-05-21T11:04:56.812+0000] {logging_mixin.py:188} INFO - [2025-05-21T11:04:56.812+0000] {dagbag.py:538} INFO - Filling up the DagBag from /opt/airflow/dags/dbt_model_dag.py
[2025-05-21T11:04:56.837+0000] {processor.py:840} INFO - DAG(s) 'run_dbt_models_after_ingestion' retrieved from /opt/airflow/dags/dbt_model_dag.py
[2025-05-21T11:04:56.876+0000] {logging_mixin.py:188} INFO - [2025-05-21T11:04:56.876+0000] {dag.py:3036} INFO - Sync 1 DAGs
[2025-05-21T11:04:56.889+0000] {logging_mixin.py:188} INFO - [2025-05-21T11:04:56.889+0000] {dag.py:3823} INFO - Setting next_dagrun for run_dbt_models_after_ingestion to None, run_after=None
[2025-05-21T11:04:56.903+0000] {processor.py:183} INFO - Processing /opt/airflow/dags/dbt_model_dag.py took 0.110 seconds
[2025-05-21T11:05:27.366+0000] {processor.py:161} INFO - Started process (PID=24545) to work on /opt/airflow/dags/dbt_model_dag.py
[2025-05-21T11:05:27.368+0000] {processor.py:830} INFO - Processing file /opt/airflow/dags/dbt_model_dag.py for tasks to queue
[2025-05-21T11:05:27.369+0000] {logging_mixin.py:188} INFO - [2025-05-21T11:05:27.369+0000] {dagbag.py:538} INFO - Filling up the DagBag from /opt/airflow/dags/dbt_model_dag.py
[2025-05-21T11:05:27.401+0000] {processor.py:840} INFO - DAG(s) 'run_dbt_models_after_ingestion' retrieved from /opt/airflow/dags/dbt_model_dag.py
[2025-05-21T11:05:27.449+0000] {logging_mixin.py:188} INFO - [2025-05-21T11:05:27.449+0000] {dag.py:3036} INFO - Sync 1 DAGs
[2025-05-21T11:05:27.464+0000] {logging_mixin.py:188} INFO - [2025-05-21T11:05:27.464+0000] {dag.py:3823} INFO - Setting next_dagrun for run_dbt_models_after_ingestion to None, run_after=None
[2025-05-21T11:05:27.482+0000] {processor.py:183} INFO - Processing /opt/airflow/dags/dbt_model_dag.py took 0.130 seconds
[2025-05-21T11:08:33.589+0000] {processor.py:161} INFO - Started process (PID=24556) to work on /opt/airflow/dags/dbt_model_dag.py
[2025-05-21T11:08:33.591+0000] {processor.py:830} INFO - Processing file /opt/airflow/dags/dbt_model_dag.py for tasks to queue
[2025-05-21T11:08:33.596+0000] {logging_mixin.py:188} INFO - [2025-05-21T11:08:33.596+0000] {dagbag.py:538} INFO - Filling up the DagBag from /opt/airflow/dags/dbt_model_dag.py
[2025-05-21T11:08:33.621+0000] {processor.py:840} INFO - DAG(s) 'run_dbt_models_after_ingestion' retrieved from /opt/airflow/dags/dbt_model_dag.py
[2025-05-21T11:08:33.667+0000] {logging_mixin.py:188} INFO - [2025-05-21T11:08:33.667+0000] {dag.py:3036} INFO - Sync 1 DAGs
[2025-05-21T11:08:33.686+0000] {logging_mixin.py:188} INFO - [2025-05-21T11:08:33.686+0000] {dag.py:3823} INFO - Setting next_dagrun for run_dbt_models_after_ingestion to None, run_after=None
[2025-05-21T11:08:33.723+0000] {processor.py:183} INFO - Processing /opt/airflow/dags/dbt_model_dag.py took 0.147 seconds
[2025-05-21T11:13:45.136+0000] {processor.py:161} INFO - Started process (PID=24566) to work on /opt/airflow/dags/dbt_model_dag.py
[2025-05-21T11:13:45.139+0000] {processor.py:830} INFO - Processing file /opt/airflow/dags/dbt_model_dag.py for tasks to queue
[2025-05-21T11:13:45.140+0000] {logging_mixin.py:188} INFO - [2025-05-21T11:13:45.140+0000] {dagbag.py:538} INFO - Filling up the DagBag from /opt/airflow/dags/dbt_model_dag.py
[2025-05-21T11:13:45.167+0000] {processor.py:840} INFO - DAG(s) 'run_dbt_models_after_ingestion' retrieved from /opt/airflow/dags/dbt_model_dag.py
[2025-05-21T11:13:45.217+0000] {logging_mixin.py:188} INFO - [2025-05-21T11:13:45.217+0000] {dag.py:3036} INFO - Sync 1 DAGs
[2025-05-21T11:13:45.228+0000] {logging_mixin.py:188} INFO - [2025-05-21T11:13:45.228+0000] {dag.py:3823} INFO - Setting next_dagrun for run_dbt_models_after_ingestion to None, run_after=None
[2025-05-21T11:13:45.244+0000] {processor.py:183} INFO - Processing /opt/airflow/dags/dbt_model_dag.py took 0.122 seconds
[2025-05-21T11:14:15.760+0000] {processor.py:161} INFO - Started process (PID=24576) to work on /opt/airflow/dags/dbt_model_dag.py
[2025-05-21T11:14:15.763+0000] {processor.py:830} INFO - Processing file /opt/airflow/dags/dbt_model_dag.py for tasks to queue
[2025-05-21T11:14:15.764+0000] {logging_mixin.py:188} INFO - [2025-05-21T11:14:15.764+0000] {dagbag.py:538} INFO - Filling up the DagBag from /opt/airflow/dags/dbt_model_dag.py
[2025-05-21T11:14:15.789+0000] {processor.py:840} INFO - DAG(s) 'run_dbt_models_after_ingestion' retrieved from /opt/airflow/dags/dbt_model_dag.py
[2025-05-21T11:14:15.833+0000] {logging_mixin.py:188} INFO - [2025-05-21T11:14:15.833+0000] {dag.py:3036} INFO - Sync 1 DAGs
[2025-05-21T11:14:15.851+0000] {logging_mixin.py:188} INFO - [2025-05-21T11:14:15.851+0000] {dag.py:3823} INFO - Setting next_dagrun for run_dbt_models_after_ingestion to None, run_after=None
[2025-05-21T11:14:15.864+0000] {processor.py:183} INFO - Processing /opt/airflow/dags/dbt_model_dag.py took 0.111 seconds
[2025-05-21T11:19:40.747+0000] {processor.py:161} INFO - Started process (PID=24588) to work on /opt/airflow/dags/dbt_model_dag.py
[2025-05-21T11:19:40.751+0000] {processor.py:830} INFO - Processing file /opt/airflow/dags/dbt_model_dag.py for tasks to queue
[2025-05-21T11:19:40.752+0000] {logging_mixin.py:188} INFO - [2025-05-21T11:19:40.752+0000] {dagbag.py:538} INFO - Filling up the DagBag from /opt/airflow/dags/dbt_model_dag.py
[2025-05-21T11:19:40.783+0000] {processor.py:840} INFO - DAG(s) 'run_dbt_models_after_ingestion' retrieved from /opt/airflow/dags/dbt_model_dag.py
[2025-05-21T11:19:40.870+0000] {logging_mixin.py:188} INFO - [2025-05-21T11:19:40.869+0000] {dag.py:3036} INFO - Sync 1 DAGs
[2025-05-21T11:19:40.894+0000] {logging_mixin.py:188} INFO - [2025-05-21T11:19:40.894+0000] {dag.py:3823} INFO - Setting next_dagrun for run_dbt_models_after_ingestion to None, run_after=None
[2025-05-21T11:19:40.933+0000] {processor.py:183} INFO - Processing /opt/airflow/dags/dbt_model_dag.py took 0.197 seconds
[2025-05-21T11:24:48.529+0000] {processor.py:161} INFO - Started process (PID=24598) to work on /opt/airflow/dags/dbt_model_dag.py
[2025-05-21T11:24:48.531+0000] {processor.py:830} INFO - Processing file /opt/airflow/dags/dbt_model_dag.py for tasks to queue
[2025-05-21T11:24:48.533+0000] {logging_mixin.py:188} INFO - [2025-05-21T11:24:48.532+0000] {dagbag.py:538} INFO - Filling up the DagBag from /opt/airflow/dags/dbt_model_dag.py
[2025-05-21T11:24:48.565+0000] {processor.py:840} INFO - DAG(s) 'run_dbt_models_after_ingestion' retrieved from /opt/airflow/dags/dbt_model_dag.py
[2025-05-21T11:24:48.608+0000] {logging_mixin.py:188} INFO - [2025-05-21T11:24:48.608+0000] {dag.py:3036} INFO - Sync 1 DAGs
[2025-05-21T11:24:48.620+0000] {logging_mixin.py:188} INFO - [2025-05-21T11:24:48.619+0000] {dag.py:3823} INFO - Setting next_dagrun for run_dbt_models_after_ingestion to None, run_after=None
[2025-05-21T11:24:48.641+0000] {processor.py:183} INFO - Processing /opt/airflow/dags/dbt_model_dag.py took 0.126 seconds
[2025-05-21T11:25:19.132+0000] {processor.py:161} INFO - Started process (PID=24608) to work on /opt/airflow/dags/dbt_model_dag.py
[2025-05-21T11:25:19.136+0000] {processor.py:830} INFO - Processing file /opt/airflow/dags/dbt_model_dag.py for tasks to queue
[2025-05-21T11:25:19.137+0000] {logging_mixin.py:188} INFO - [2025-05-21T11:25:19.137+0000] {dagbag.py:538} INFO - Filling up the DagBag from /opt/airflow/dags/dbt_model_dag.py
[2025-05-21T11:25:19.166+0000] {processor.py:840} INFO - DAG(s) 'run_dbt_models_after_ingestion' retrieved from /opt/airflow/dags/dbt_model_dag.py
[2025-05-21T11:25:19.208+0000] {logging_mixin.py:188} INFO - [2025-05-21T11:25:19.208+0000] {dag.py:3036} INFO - Sync 1 DAGs
[2025-05-21T11:25:19.220+0000] {logging_mixin.py:188} INFO - [2025-05-21T11:25:19.220+0000] {dag.py:3823} INFO - Setting next_dagrun for run_dbt_models_after_ingestion to None, run_after=None
[2025-05-21T11:25:19.235+0000] {processor.py:183} INFO - Processing /opt/airflow/dags/dbt_model_dag.py took 0.117 seconds
[2025-05-21T11:29:59.215+0000] {processor.py:161} INFO - Started process (PID=24619) to work on /opt/airflow/dags/dbt_model_dag.py
[2025-05-21T11:29:59.218+0000] {processor.py:830} INFO - Processing file /opt/airflow/dags/dbt_model_dag.py for tasks to queue
[2025-05-21T11:29:59.219+0000] {logging_mixin.py:188} INFO - [2025-05-21T11:29:59.219+0000] {dagbag.py:538} INFO - Filling up the DagBag from /opt/airflow/dags/dbt_model_dag.py
[2025-05-21T11:29:59.242+0000] {processor.py:840} INFO - DAG(s) 'run_dbt_models_after_ingestion' retrieved from /opt/airflow/dags/dbt_model_dag.py
[2025-05-21T11:29:59.278+0000] {logging_mixin.py:188} INFO - [2025-05-21T11:29:59.278+0000] {dag.py:3036} INFO - Sync 1 DAGs
[2025-05-21T11:29:59.290+0000] {logging_mixin.py:188} INFO - [2025-05-21T11:29:59.290+0000] {dag.py:3823} INFO - Setting next_dagrun for run_dbt_models_after_ingestion to None, run_after=None
[2025-05-21T11:29:59.303+0000] {processor.py:183} INFO - Processing /opt/airflow/dags/dbt_model_dag.py took 0.100 seconds
[2025-05-21T11:35:23.387+0000] {processor.py:161} INFO - Started process (PID=24630) to work on /opt/airflow/dags/dbt_model_dag.py
[2025-05-21T11:35:23.390+0000] {processor.py:830} INFO - Processing file /opt/airflow/dags/dbt_model_dag.py for tasks to queue
[2025-05-21T11:35:23.393+0000] {logging_mixin.py:188} INFO - [2025-05-21T11:35:23.392+0000] {dagbag.py:538} INFO - Filling up the DagBag from /opt/airflow/dags/dbt_model_dag.py
[2025-05-21T11:35:23.425+0000] {processor.py:840} INFO - DAG(s) 'run_dbt_models_after_ingestion' retrieved from /opt/airflow/dags/dbt_model_dag.py
[2025-05-21T11:35:23.484+0000] {logging_mixin.py:188} INFO - [2025-05-21T11:35:23.484+0000] {dag.py:3036} INFO - Sync 1 DAGs
[2025-05-21T11:35:23.510+0000] {logging_mixin.py:188} INFO - [2025-05-21T11:35:23.510+0000] {dag.py:3823} INFO - Setting next_dagrun for run_dbt_models_after_ingestion to None, run_after=None
[2025-05-21T11:35:23.548+0000] {processor.py:183} INFO - Processing /opt/airflow/dags/dbt_model_dag.py took 0.172 seconds
[2025-05-21T11:35:54.106+0000] {processor.py:161} INFO - Started process (PID=24640) to work on /opt/airflow/dags/dbt_model_dag.py
[2025-05-21T11:35:54.112+0000] {processor.py:830} INFO - Processing file /opt/airflow/dags/dbt_model_dag.py for tasks to queue
[2025-05-21T11:35:54.113+0000] {logging_mixin.py:188} INFO - [2025-05-21T11:35:54.112+0000] {dagbag.py:538} INFO - Filling up the DagBag from /opt/airflow/dags/dbt_model_dag.py
[2025-05-21T11:35:54.142+0000] {processor.py:840} INFO - DAG(s) 'run_dbt_models_after_ingestion' retrieved from /opt/airflow/dags/dbt_model_dag.py
[2025-05-21T11:35:54.189+0000] {logging_mixin.py:188} INFO - [2025-05-21T11:35:54.189+0000] {dag.py:3036} INFO - Sync 1 DAGs
[2025-05-21T11:35:54.204+0000] {logging_mixin.py:188} INFO - [2025-05-21T11:35:54.204+0000] {dag.py:3823} INFO - Setting next_dagrun for run_dbt_models_after_ingestion to None, run_after=None
[2025-05-21T11:35:54.225+0000] {processor.py:183} INFO - Processing /opt/airflow/dags/dbt_model_dag.py took 0.132 seconds
[2025-05-21T11:41:24.001+0000] {processor.py:161} INFO - Started process (PID=24650) to work on /opt/airflow/dags/dbt_model_dag.py
[2025-05-21T11:41:24.004+0000] {processor.py:830} INFO - Processing file /opt/airflow/dags/dbt_model_dag.py for tasks to queue
[2025-05-21T11:41:24.007+0000] {logging_mixin.py:188} INFO - [2025-05-21T11:41:24.006+0000] {dagbag.py:538} INFO - Filling up the DagBag from /opt/airflow/dags/dbt_model_dag.py
[2025-05-21T11:41:24.036+0000] {processor.py:840} INFO - DAG(s) 'run_dbt_models_after_ingestion' retrieved from /opt/airflow/dags/dbt_model_dag.py
[2025-05-21T11:41:24.084+0000] {logging_mixin.py:188} INFO - [2025-05-21T11:41:24.084+0000] {dag.py:3036} INFO - Sync 1 DAGs
[2025-05-21T11:41:24.104+0000] {logging_mixin.py:188} INFO - [2025-05-21T11:41:24.103+0000] {dag.py:3823} INFO - Setting next_dagrun for run_dbt_models_after_ingestion to None, run_after=None
[2025-05-21T11:41:24.131+0000] {processor.py:183} INFO - Processing /opt/airflow/dags/dbt_model_dag.py took 0.137 seconds
[2025-05-21T11:46:48.444+0000] {processor.py:161} INFO - Started process (PID=24660) to work on /opt/airflow/dags/dbt_model_dag.py
[2025-05-21T11:46:48.446+0000] {processor.py:830} INFO - Processing file /opt/airflow/dags/dbt_model_dag.py for tasks to queue
[2025-05-21T11:46:48.448+0000] {logging_mixin.py:188} INFO - [2025-05-21T11:46:48.447+0000] {dagbag.py:538} INFO - Filling up the DagBag from /opt/airflow/dags/dbt_model_dag.py
[2025-05-21T11:46:48.478+0000] {processor.py:840} INFO - DAG(s) 'run_dbt_models_after_ingestion' retrieved from /opt/airflow/dags/dbt_model_dag.py
[2025-05-21T11:46:48.515+0000] {logging_mixin.py:188} INFO - [2025-05-21T11:46:48.515+0000] {dag.py:3036} INFO - Sync 1 DAGs
[2025-05-21T11:46:48.536+0000] {logging_mixin.py:188} INFO - [2025-05-21T11:46:48.536+0000] {dag.py:3823} INFO - Setting next_dagrun for run_dbt_models_after_ingestion to None, run_after=None
[2025-05-21T11:46:48.556+0000] {processor.py:183} INFO - Processing /opt/airflow/dags/dbt_model_dag.py took 0.125 seconds
[2025-05-21T11:47:19.113+0000] {processor.py:161} INFO - Started process (PID=24672) to work on /opt/airflow/dags/dbt_model_dag.py
[2025-05-21T11:47:19.115+0000] {processor.py:830} INFO - Processing file /opt/airflow/dags/dbt_model_dag.py for tasks to queue
[2025-05-21T11:47:19.119+0000] {logging_mixin.py:188} INFO - [2025-05-21T11:47:19.118+0000] {dagbag.py:538} INFO - Filling up the DagBag from /opt/airflow/dags/dbt_model_dag.py
[2025-05-21T11:47:19.150+0000] {processor.py:840} INFO - DAG(s) 'run_dbt_models_after_ingestion' retrieved from /opt/airflow/dags/dbt_model_dag.py
[2025-05-21T11:47:19.194+0000] {logging_mixin.py:188} INFO - [2025-05-21T11:47:19.194+0000] {dag.py:3036} INFO - Sync 1 DAGs
[2025-05-21T11:47:19.206+0000] {logging_mixin.py:188} INFO - [2025-05-21T11:47:19.206+0000] {dag.py:3823} INFO - Setting next_dagrun for run_dbt_models_after_ingestion to None, run_after=None
[2025-05-21T11:47:19.229+0000] {processor.py:183} INFO - Processing /opt/airflow/dags/dbt_model_dag.py took 0.130 seconds
[2025-05-21T11:53:04.943+0000] {processor.py:161} INFO - Started process (PID=24682) to work on /opt/airflow/dags/dbt_model_dag.py
[2025-05-21T11:53:04.945+0000] {processor.py:830} INFO - Processing file /opt/airflow/dags/dbt_model_dag.py for tasks to queue
[2025-05-21T11:53:04.948+0000] {logging_mixin.py:188} INFO - [2025-05-21T11:53:04.947+0000] {dagbag.py:538} INFO - Filling up the DagBag from /opt/airflow/dags/dbt_model_dag.py
[2025-05-21T11:53:04.988+0000] {processor.py:840} INFO - DAG(s) 'run_dbt_models_after_ingestion' retrieved from /opt/airflow/dags/dbt_model_dag.py
[2025-05-21T11:53:05.088+0000] {logging_mixin.py:188} INFO - [2025-05-21T11:53:05.088+0000] {dag.py:3036} INFO - Sync 1 DAGs
[2025-05-21T11:53:05.126+0000] {logging_mixin.py:188} INFO - [2025-05-21T11:53:05.126+0000] {dag.py:3823} INFO - Setting next_dagrun for run_dbt_models_after_ingestion to None, run_after=None
[2025-05-21T11:53:05.185+0000] {processor.py:183} INFO - Processing /opt/airflow/dags/dbt_model_dag.py took 0.267 seconds
[2025-05-21T11:56:59.972+0000] {processor.py:161} INFO - Started process (PID=24693) to work on /opt/airflow/dags/dbt_model_dag.py
[2025-05-21T11:56:59.976+0000] {processor.py:830} INFO - Processing file /opt/airflow/dags/dbt_model_dag.py for tasks to queue
[2025-05-21T11:56:59.979+0000] {logging_mixin.py:188} INFO - [2025-05-21T11:56:59.979+0000] {dagbag.py:538} INFO - Filling up the DagBag from /opt/airflow/dags/dbt_model_dag.py
[2025-05-21T11:57:00.007+0000] {processor.py:840} INFO - DAG(s) 'run_dbt_models_after_ingestion' retrieved from /opt/airflow/dags/dbt_model_dag.py
[2025-05-21T11:57:00.057+0000] {logging_mixin.py:188} INFO - [2025-05-21T11:57:00.056+0000] {dag.py:3036} INFO - Sync 1 DAGs
[2025-05-21T11:57:00.072+0000] {logging_mixin.py:188} INFO - [2025-05-21T11:57:00.072+0000] {dag.py:3823} INFO - Setting next_dagrun for run_dbt_models_after_ingestion to None, run_after=None
[2025-05-21T11:57:00.091+0000] {processor.py:183} INFO - Processing /opt/airflow/dags/dbt_model_dag.py took 0.132 seconds
[2025-05-21T11:57:30.583+0000] {processor.py:161} INFO - Started process (PID=24704) to work on /opt/airflow/dags/dbt_model_dag.py
[2025-05-21T11:57:30.585+0000] {processor.py:830} INFO - Processing file /opt/airflow/dags/dbt_model_dag.py for tasks to queue
[2025-05-21T11:57:30.588+0000] {logging_mixin.py:188} INFO - [2025-05-21T11:57:30.587+0000] {dagbag.py:538} INFO - Filling up the DagBag from /opt/airflow/dags/dbt_model_dag.py
[2025-05-21T11:57:30.611+0000] {processor.py:840} INFO - DAG(s) 'run_dbt_models_after_ingestion' retrieved from /opt/airflow/dags/dbt_model_dag.py
[2025-05-21T11:57:30.665+0000] {logging_mixin.py:188} INFO - [2025-05-21T11:57:30.665+0000] {dag.py:3036} INFO - Sync 1 DAGs
[2025-05-21T11:57:30.677+0000] {logging_mixin.py:188} INFO - [2025-05-21T11:57:30.677+0000] {dag.py:3823} INFO - Setting next_dagrun for run_dbt_models_after_ingestion to None, run_after=None
[2025-05-21T11:57:30.692+0000] {processor.py:183} INFO - Processing /opt/airflow/dags/dbt_model_dag.py took 0.120 seconds
[2025-05-21T12:01:54.446+0000] {processor.py:161} INFO - Started process (PID=24714) to work on /opt/airflow/dags/dbt_model_dag.py
[2025-05-21T12:01:54.450+0000] {processor.py:830} INFO - Processing file /opt/airflow/dags/dbt_model_dag.py for tasks to queue
[2025-05-21T12:01:54.453+0000] {logging_mixin.py:188} INFO - [2025-05-21T12:01:54.452+0000] {dagbag.py:538} INFO - Filling up the DagBag from /opt/airflow/dags/dbt_model_dag.py
[2025-05-21T12:01:54.478+0000] {processor.py:840} INFO - DAG(s) 'run_dbt_models_after_ingestion' retrieved from /opt/airflow/dags/dbt_model_dag.py
[2025-05-21T12:01:54.518+0000] {logging_mixin.py:188} INFO - [2025-05-21T12:01:54.518+0000] {dag.py:3036} INFO - Sync 1 DAGs
[2025-05-21T12:01:54.534+0000] {logging_mixin.py:188} INFO - [2025-05-21T12:01:54.533+0000] {dag.py:3823} INFO - Setting next_dagrun for run_dbt_models_after_ingestion to None, run_after=None
[2025-05-21T12:01:54.569+0000] {processor.py:183} INFO - Processing /opt/airflow/dags/dbt_model_dag.py took 0.133 seconds
[2025-05-21T12:06:56.296+0000] {processor.py:161} INFO - Started process (PID=24724) to work on /opt/airflow/dags/dbt_model_dag.py
[2025-05-21T12:06:56.301+0000] {processor.py:830} INFO - Processing file /opt/airflow/dags/dbt_model_dag.py for tasks to queue
[2025-05-21T12:06:56.305+0000] {logging_mixin.py:188} INFO - [2025-05-21T12:06:56.303+0000] {dagbag.py:538} INFO - Filling up the DagBag from /opt/airflow/dags/dbt_model_dag.py
[2025-05-21T12:06:56.356+0000] {processor.py:840} INFO - DAG(s) 'run_dbt_models_after_ingestion' retrieved from /opt/airflow/dags/dbt_model_dag.py
[2025-05-21T12:06:56.427+0000] {logging_mixin.py:188} INFO - [2025-05-21T12:06:56.427+0000] {dag.py:3036} INFO - Sync 1 DAGs
[2025-05-21T12:06:56.453+0000] {logging_mixin.py:188} INFO - [2025-05-21T12:06:56.453+0000] {dag.py:3823} INFO - Setting next_dagrun for run_dbt_models_after_ingestion to None, run_after=None
[2025-05-21T12:06:56.477+0000] {processor.py:183} INFO - Processing /opt/airflow/dags/dbt_model_dag.py took 0.207 seconds
[2025-05-21T12:07:26.978+0000] {processor.py:161} INFO - Started process (PID=24734) to work on /opt/airflow/dags/dbt_model_dag.py
[2025-05-21T12:07:26.980+0000] {processor.py:830} INFO - Processing file /opt/airflow/dags/dbt_model_dag.py for tasks to queue
[2025-05-21T12:07:26.981+0000] {logging_mixin.py:188} INFO - [2025-05-21T12:07:26.981+0000] {dagbag.py:538} INFO - Filling up the DagBag from /opt/airflow/dags/dbt_model_dag.py
[2025-05-21T12:07:27.009+0000] {processor.py:840} INFO - DAG(s) 'run_dbt_models_after_ingestion' retrieved from /opt/airflow/dags/dbt_model_dag.py
[2025-05-21T12:07:27.052+0000] {logging_mixin.py:188} INFO - [2025-05-21T12:07:27.052+0000] {dag.py:3036} INFO - Sync 1 DAGs
[2025-05-21T12:07:27.069+0000] {logging_mixin.py:188} INFO - [2025-05-21T12:07:27.069+0000] {dag.py:3823} INFO - Setting next_dagrun for run_dbt_models_after_ingestion to None, run_after=None
[2025-05-21T12:07:27.087+0000] {processor.py:183} INFO - Processing /opt/airflow/dags/dbt_model_dag.py took 0.122 seconds
[2025-05-21T12:12:57.860+0000] {processor.py:161} INFO - Started process (PID=24744) to work on /opt/airflow/dags/dbt_model_dag.py
[2025-05-21T12:12:57.862+0000] {processor.py:830} INFO - Processing file /opt/airflow/dags/dbt_model_dag.py for tasks to queue
[2025-05-21T12:12:57.866+0000] {logging_mixin.py:188} INFO - [2025-05-21T12:12:57.864+0000] {dagbag.py:538} INFO - Filling up the DagBag from /opt/airflow/dags/dbt_model_dag.py
[2025-05-21T12:12:57.890+0000] {processor.py:840} INFO - DAG(s) 'run_dbt_models_after_ingestion' retrieved from /opt/airflow/dags/dbt_model_dag.py
[2025-05-21T12:12:57.931+0000] {logging_mixin.py:188} INFO - [2025-05-21T12:12:57.931+0000] {dag.py:3036} INFO - Sync 1 DAGs
[2025-05-21T12:12:57.945+0000] {logging_mixin.py:188} INFO - [2025-05-21T12:12:57.945+0000] {dag.py:3823} INFO - Setting next_dagrun for run_dbt_models_after_ingestion to None, run_after=None
[2025-05-21T12:12:57.964+0000] {processor.py:183} INFO - Processing /opt/airflow/dags/dbt_model_dag.py took 0.112 seconds
[2025-05-21T12:13:28.396+0000] {processor.py:161} INFO - Started process (PID=24754) to work on /opt/airflow/dags/dbt_model_dag.py
[2025-05-21T12:13:28.401+0000] {processor.py:830} INFO - Processing file /opt/airflow/dags/dbt_model_dag.py for tasks to queue
[2025-05-21T12:13:28.402+0000] {logging_mixin.py:188} INFO - [2025-05-21T12:13:28.402+0000] {dagbag.py:538} INFO - Filling up the DagBag from /opt/airflow/dags/dbt_model_dag.py
[2025-05-21T12:13:28.429+0000] {processor.py:840} INFO - DAG(s) 'run_dbt_models_after_ingestion' retrieved from /opt/airflow/dags/dbt_model_dag.py
[2025-05-21T12:13:28.469+0000] {logging_mixin.py:188} INFO - [2025-05-21T12:13:28.469+0000] {dag.py:3036} INFO - Sync 1 DAGs
[2025-05-21T12:13:28.486+0000] {logging_mixin.py:188} INFO - [2025-05-21T12:13:28.486+0000] {dag.py:3823} INFO - Setting next_dagrun for run_dbt_models_after_ingestion to None, run_after=None
[2025-05-21T12:13:28.499+0000] {processor.py:183} INFO - Processing /opt/airflow/dags/dbt_model_dag.py took 0.115 seconds
[2025-05-21T12:18:27.816+0000] {processor.py:161} INFO - Started process (PID=24766) to work on /opt/airflow/dags/dbt_model_dag.py
[2025-05-21T12:18:27.818+0000] {processor.py:830} INFO - Processing file /opt/airflow/dags/dbt_model_dag.py for tasks to queue
[2025-05-21T12:18:27.819+0000] {logging_mixin.py:188} INFO - [2025-05-21T12:18:27.819+0000] {dagbag.py:538} INFO - Filling up the DagBag from /opt/airflow/dags/dbt_model_dag.py
[2025-05-21T12:18:27.849+0000] {processor.py:840} INFO - DAG(s) 'run_dbt_models_after_ingestion' retrieved from /opt/airflow/dags/dbt_model_dag.py
[2025-05-21T12:18:27.882+0000] {logging_mixin.py:188} INFO - [2025-05-21T12:18:27.882+0000] {dag.py:3036} INFO - Sync 1 DAGs
[2025-05-21T12:18:27.908+0000] {logging_mixin.py:188} INFO - [2025-05-21T12:18:27.907+0000] {dag.py:3823} INFO - Setting next_dagrun for run_dbt_models_after_ingestion to None, run_after=None
[2025-05-21T12:18:27.958+0000] {processor.py:183} INFO - Processing /opt/airflow/dags/dbt_model_dag.py took 0.154 seconds
[2025-05-21T12:23:24.857+0000] {processor.py:161} INFO - Started process (PID=24776) to work on /opt/airflow/dags/dbt_model_dag.py
[2025-05-21T12:23:24.864+0000] {processor.py:830} INFO - Processing file /opt/airflow/dags/dbt_model_dag.py for tasks to queue
[2025-05-21T12:23:24.866+0000] {logging_mixin.py:188} INFO - [2025-05-21T12:23:24.865+0000] {dagbag.py:538} INFO - Filling up the DagBag from /opt/airflow/dags/dbt_model_dag.py
[2025-05-21T12:23:24.905+0000] {processor.py:840} INFO - DAG(s) 'run_dbt_models_after_ingestion' retrieved from /opt/airflow/dags/dbt_model_dag.py
[2025-05-21T12:23:24.992+0000] {logging_mixin.py:188} INFO - [2025-05-21T12:23:24.992+0000] {dag.py:3036} INFO - Sync 1 DAGs
[2025-05-21T12:23:25.019+0000] {logging_mixin.py:188} INFO - [2025-05-21T12:23:25.018+0000] {dag.py:3823} INFO - Setting next_dagrun for run_dbt_models_after_ingestion to None, run_after=None
[2025-05-21T12:23:25.061+0000] {processor.py:183} INFO - Processing /opt/airflow/dags/dbt_model_dag.py took 0.212 seconds
[2025-05-21T12:23:55.564+0000] {processor.py:161} INFO - Started process (PID=24786) to work on /opt/airflow/dags/dbt_model_dag.py
[2025-05-21T12:23:55.566+0000] {processor.py:830} INFO - Processing file /opt/airflow/dags/dbt_model_dag.py for tasks to queue
[2025-05-21T12:23:55.567+0000] {logging_mixin.py:188} INFO - [2025-05-21T12:23:55.567+0000] {dagbag.py:538} INFO - Filling up the DagBag from /opt/airflow/dags/dbt_model_dag.py
[2025-05-21T12:23:55.590+0000] {processor.py:840} INFO - DAG(s) 'run_dbt_models_after_ingestion' retrieved from /opt/airflow/dags/dbt_model_dag.py
[2025-05-21T12:23:55.634+0000] {logging_mixin.py:188} INFO - [2025-05-21T12:23:55.633+0000] {dag.py:3036} INFO - Sync 1 DAGs
[2025-05-21T12:23:55.650+0000] {logging_mixin.py:188} INFO - [2025-05-21T12:23:55.650+0000] {dag.py:3823} INFO - Setting next_dagrun for run_dbt_models_after_ingestion to None, run_after=None
[2025-05-21T12:23:55.669+0000] {processor.py:183} INFO - Processing /opt/airflow/dags/dbt_model_dag.py took 0.120 seconds
[2025-05-21T12:28:51.548+0000] {processor.py:161} INFO - Started process (PID=24796) to work on /opt/airflow/dags/dbt_model_dag.py
[2025-05-21T12:28:51.553+0000] {processor.py:830} INFO - Processing file /opt/airflow/dags/dbt_model_dag.py for tasks to queue
[2025-05-21T12:28:51.555+0000] {logging_mixin.py:188} INFO - [2025-05-21T12:28:51.554+0000] {dagbag.py:538} INFO - Filling up the DagBag from /opt/airflow/dags/dbt_model_dag.py
[2025-05-21T12:28:51.580+0000] {processor.py:840} INFO - DAG(s) 'run_dbt_models_after_ingestion' retrieved from /opt/airflow/dags/dbt_model_dag.py
[2025-05-21T12:28:51.622+0000] {logging_mixin.py:188} INFO - [2025-05-21T12:28:51.622+0000] {dag.py:3036} INFO - Sync 1 DAGs
[2025-05-21T12:28:51.636+0000] {logging_mixin.py:188} INFO - [2025-05-21T12:28:51.636+0000] {dag.py:3823} INFO - Setting next_dagrun for run_dbt_models_after_ingestion to None, run_after=None
[2025-05-21T12:28:51.649+0000] {processor.py:183} INFO - Processing /opt/airflow/dags/dbt_model_dag.py took 0.113 seconds
[2025-05-21T12:33:55.087+0000] {processor.py:161} INFO - Started process (PID=24807) to work on /opt/airflow/dags/dbt_model_dag.py
[2025-05-21T12:33:55.092+0000] {processor.py:830} INFO - Processing file /opt/airflow/dags/dbt_model_dag.py for tasks to queue
[2025-05-21T12:33:55.093+0000] {logging_mixin.py:188} INFO - [2025-05-21T12:33:55.093+0000] {dagbag.py:538} INFO - Filling up the DagBag from /opt/airflow/dags/dbt_model_dag.py
[2025-05-21T12:33:55.122+0000] {processor.py:840} INFO - DAG(s) 'run_dbt_models_after_ingestion' retrieved from /opt/airflow/dags/dbt_model_dag.py
[2025-05-21T12:33:55.166+0000] {logging_mixin.py:188} INFO - [2025-05-21T12:33:55.166+0000] {dag.py:3036} INFO - Sync 1 DAGs
[2025-05-21T12:33:55.179+0000] {logging_mixin.py:188} INFO - [2025-05-21T12:33:55.179+0000] {dag.py:3823} INFO - Setting next_dagrun for run_dbt_models_after_ingestion to None, run_after=None
[2025-05-21T12:33:55.194+0000] {processor.py:183} INFO - Processing /opt/airflow/dags/dbt_model_dag.py took 0.115 seconds
[2025-05-21T12:34:25.633+0000] {processor.py:161} INFO - Started process (PID=24818) to work on /opt/airflow/dags/dbt_model_dag.py
[2025-05-21T12:34:25.636+0000] {processor.py:830} INFO - Processing file /opt/airflow/dags/dbt_model_dag.py for tasks to queue
[2025-05-21T12:34:25.637+0000] {logging_mixin.py:188} INFO - [2025-05-21T12:34:25.636+0000] {dagbag.py:538} INFO - Filling up the DagBag from /opt/airflow/dags/dbt_model_dag.py
[2025-05-21T12:34:25.669+0000] {processor.py:840} INFO - DAG(s) 'run_dbt_models_after_ingestion' retrieved from /opt/airflow/dags/dbt_model_dag.py
[2025-05-21T12:34:25.718+0000] {logging_mixin.py:188} INFO - [2025-05-21T12:34:25.717+0000] {dag.py:3036} INFO - Sync 1 DAGs
[2025-05-21T12:34:25.733+0000] {logging_mixin.py:188} INFO - [2025-05-21T12:34:25.733+0000] {dag.py:3823} INFO - Setting next_dagrun for run_dbt_models_after_ingestion to None, run_after=None
[2025-05-21T12:34:25.749+0000] {processor.py:183} INFO - Processing /opt/airflow/dags/dbt_model_dag.py took 0.133 seconds
[2025-05-21T12:47:23.189+0000] {processor.py:161} INFO - Started process (PID=24828) to work on /opt/airflow/dags/dbt_model_dag.py
[2025-05-21T12:47:23.192+0000] {processor.py:830} INFO - Processing file /opt/airflow/dags/dbt_model_dag.py for tasks to queue
[2025-05-21T12:47:23.196+0000] {logging_mixin.py:188} INFO - [2025-05-21T12:47:23.195+0000] {dagbag.py:538} INFO - Filling up the DagBag from /opt/airflow/dags/dbt_model_dag.py
[2025-05-21T12:47:23.229+0000] {processor.py:840} INFO - DAG(s) 'run_dbt_models_after_ingestion' retrieved from /opt/airflow/dags/dbt_model_dag.py
[2025-05-21T12:47:23.292+0000] {logging_mixin.py:188} INFO - [2025-05-21T12:47:23.292+0000] {dag.py:3036} INFO - Sync 1 DAGs
[2025-05-21T12:47:23.317+0000] {logging_mixin.py:188} INFO - [2025-05-21T12:47:23.317+0000] {dag.py:3823} INFO - Setting next_dagrun for run_dbt_models_after_ingestion to None, run_after=None
[2025-05-21T12:47:23.359+0000] {processor.py:183} INFO - Processing /opt/airflow/dags/dbt_model_dag.py took 0.182 seconds
[2025-05-21T12:53:09.966+0000] {processor.py:161} INFO - Started process (PID=24840) to work on /opt/airflow/dags/dbt_model_dag.py
[2025-05-21T12:53:09.970+0000] {processor.py:830} INFO - Processing file /opt/airflow/dags/dbt_model_dag.py for tasks to queue
[2025-05-21T12:53:09.972+0000] {logging_mixin.py:188} INFO - [2025-05-21T12:53:09.971+0000] {dagbag.py:538} INFO - Filling up the DagBag from /opt/airflow/dags/dbt_model_dag.py
[2025-05-21T12:53:10.028+0000] {processor.py:840} INFO - DAG(s) 'run_dbt_models_after_ingestion' retrieved from /opt/airflow/dags/dbt_model_dag.py
[2025-05-21T12:53:10.104+0000] {logging_mixin.py:188} INFO - [2025-05-21T12:53:10.104+0000] {dag.py:3036} INFO - Sync 1 DAGs
[2025-05-21T12:53:10.132+0000] {logging_mixin.py:188} INFO - [2025-05-21T12:53:10.132+0000] {dag.py:3823} INFO - Setting next_dagrun for run_dbt_models_after_ingestion to None, run_after=None
[2025-05-21T12:53:10.174+0000] {processor.py:183} INFO - Processing /opt/airflow/dags/dbt_model_dag.py took 0.223 seconds
[2025-05-21T12:53:40.687+0000] {processor.py:161} INFO - Started process (PID=24850) to work on /opt/airflow/dags/dbt_model_dag.py
[2025-05-21T12:53:40.690+0000] {processor.py:830} INFO - Processing file /opt/airflow/dags/dbt_model_dag.py for tasks to queue
[2025-05-21T12:53:40.692+0000] {logging_mixin.py:188} INFO - [2025-05-21T12:53:40.691+0000] {dagbag.py:538} INFO - Filling up the DagBag from /opt/airflow/dags/dbt_model_dag.py
[2025-05-21T12:53:40.719+0000] {processor.py:840} INFO - DAG(s) 'run_dbt_models_after_ingestion' retrieved from /opt/airflow/dags/dbt_model_dag.py
[2025-05-21T12:53:40.762+0000] {logging_mixin.py:188} INFO - [2025-05-21T12:53:40.762+0000] {dag.py:3036} INFO - Sync 1 DAGs
[2025-05-21T12:53:40.777+0000] {logging_mixin.py:188} INFO - [2025-05-21T12:53:40.777+0000] {dag.py:3823} INFO - Setting next_dagrun for run_dbt_models_after_ingestion to None, run_after=None
[2025-05-21T12:53:40.795+0000] {processor.py:183} INFO - Processing /opt/airflow/dags/dbt_model_dag.py took 0.116 seconds
[2025-05-21T12:58:09.346+0000] {processor.py:161} INFO - Started process (PID=24860) to work on /opt/airflow/dags/dbt_model_dag.py
[2025-05-21T12:58:09.349+0000] {processor.py:830} INFO - Processing file /opt/airflow/dags/dbt_model_dag.py for tasks to queue
[2025-05-21T12:58:09.351+0000] {logging_mixin.py:188} INFO - [2025-05-21T12:58:09.351+0000] {dagbag.py:538} INFO - Filling up the DagBag from /opt/airflow/dags/dbt_model_dag.py
[2025-05-21T12:58:09.382+0000] {processor.py:840} INFO - DAG(s) 'run_dbt_models_after_ingestion' retrieved from /opt/airflow/dags/dbt_model_dag.py
[2025-05-21T12:58:09.424+0000] {logging_mixin.py:188} INFO - [2025-05-21T12:58:09.424+0000] {dag.py:3036} INFO - Sync 1 DAGs
[2025-05-21T12:58:09.443+0000] {logging_mixin.py:188} INFO - [2025-05-21T12:58:09.442+0000] {dag.py:3823} INFO - Setting next_dagrun for run_dbt_models_after_ingestion to None, run_after=None
[2025-05-21T12:58:09.457+0000] {processor.py:183} INFO - Processing /opt/airflow/dags/dbt_model_dag.py took 0.125 seconds
[2025-05-21T12:58:39.900+0000] {processor.py:161} INFO - Started process (PID=24870) to work on /opt/airflow/dags/dbt_model_dag.py
[2025-05-21T12:58:39.904+0000] {processor.py:830} INFO - Processing file /opt/airflow/dags/dbt_model_dag.py for tasks to queue
[2025-05-21T12:58:39.906+0000] {logging_mixin.py:188} INFO - [2025-05-21T12:58:39.906+0000] {dagbag.py:538} INFO - Filling up the DagBag from /opt/airflow/dags/dbt_model_dag.py
[2025-05-21T12:58:39.936+0000] {processor.py:840} INFO - DAG(s) 'run_dbt_models_after_ingestion' retrieved from /opt/airflow/dags/dbt_model_dag.py
[2025-05-21T12:58:39.975+0000] {logging_mixin.py:188} INFO - [2025-05-21T12:58:39.975+0000] {dag.py:3036} INFO - Sync 1 DAGs
[2025-05-21T12:58:39.993+0000] {logging_mixin.py:188} INFO - [2025-05-21T12:58:39.993+0000] {dag.py:3823} INFO - Setting next_dagrun for run_dbt_models_after_ingestion to None, run_after=None
[2025-05-21T12:58:40.007+0000] {processor.py:183} INFO - Processing /opt/airflow/dags/dbt_model_dag.py took 0.119 seconds
[2025-05-21T13:06:42.589+0000] {processor.py:161} INFO - Started process (PID=24882) to work on /opt/airflow/dags/dbt_model_dag.py
[2025-05-21T13:06:42.595+0000] {processor.py:830} INFO - Processing file /opt/airflow/dags/dbt_model_dag.py for tasks to queue
[2025-05-21T13:06:42.598+0000] {logging_mixin.py:188} INFO - [2025-05-21T13:06:42.597+0000] {dagbag.py:538} INFO - Filling up the DagBag from /opt/airflow/dags/dbt_model_dag.py
[2025-05-21T13:06:42.644+0000] {processor.py:840} INFO - DAG(s) 'run_dbt_models_after_ingestion' retrieved from /opt/airflow/dags/dbt_model_dag.py
[2025-05-21T13:06:42.741+0000] {logging_mixin.py:188} INFO - [2025-05-21T13:06:42.740+0000] {dag.py:3036} INFO - Sync 1 DAGs
[2025-05-21T13:06:42.773+0000] {logging_mixin.py:188} INFO - [2025-05-21T13:06:42.772+0000] {dag.py:3823} INFO - Setting next_dagrun for run_dbt_models_after_ingestion to None, run_after=None
[2025-05-21T13:06:42.810+0000] {processor.py:183} INFO - Processing /opt/airflow/dags/dbt_model_dag.py took 0.233 seconds
[2025-05-21T13:12:11.615+0000] {processor.py:161} INFO - Started process (PID=24892) to work on /opt/airflow/dags/dbt_model_dag.py
[2025-05-21T13:12:11.618+0000] {processor.py:830} INFO - Processing file /opt/airflow/dags/dbt_model_dag.py for tasks to queue
[2025-05-21T13:12:11.620+0000] {logging_mixin.py:188} INFO - [2025-05-21T13:12:11.619+0000] {dagbag.py:538} INFO - Filling up the DagBag from /opt/airflow/dags/dbt_model_dag.py
[2025-05-21T13:12:11.644+0000] {processor.py:840} INFO - DAG(s) 'run_dbt_models_after_ingestion' retrieved from /opt/airflow/dags/dbt_model_dag.py
[2025-05-21T13:12:11.690+0000] {logging_mixin.py:188} INFO - [2025-05-21T13:12:11.690+0000] {dag.py:3036} INFO - Sync 1 DAGs
[2025-05-21T13:12:11.707+0000] {logging_mixin.py:188} INFO - [2025-05-21T13:12:11.707+0000] {dag.py:3823} INFO - Setting next_dagrun for run_dbt_models_after_ingestion to None, run_after=None
[2025-05-21T13:12:11.726+0000] {processor.py:183} INFO - Processing /opt/airflow/dags/dbt_model_dag.py took 0.124 seconds
[2025-05-21T13:18:33.543+0000] {processor.py:161} INFO - Started process (PID=24902) to work on /opt/airflow/dags/dbt_model_dag.py
[2025-05-21T13:18:33.546+0000] {processor.py:830} INFO - Processing file /opt/airflow/dags/dbt_model_dag.py for tasks to queue
[2025-05-21T13:18:33.548+0000] {logging_mixin.py:188} INFO - [2025-05-21T13:18:33.547+0000] {dagbag.py:538} INFO - Filling up the DagBag from /opt/airflow/dags/dbt_model_dag.py
[2025-05-21T13:18:33.588+0000] {processor.py:840} INFO - DAG(s) 'run_dbt_models_after_ingestion' retrieved from /opt/airflow/dags/dbt_model_dag.py
[2025-05-21T13:18:33.621+0000] {logging_mixin.py:188} INFO - [2025-05-21T13:18:33.621+0000] {dag.py:3036} INFO - Sync 1 DAGs
[2025-05-21T13:18:33.630+0000] {logging_mixin.py:188} INFO - [2025-05-21T13:18:33.630+0000] {dag.py:3823} INFO - Setting next_dagrun for run_dbt_models_after_ingestion to None, run_after=None
[2025-05-21T13:18:33.648+0000] {processor.py:183} INFO - Processing /opt/airflow/dags/dbt_model_dag.py took 0.115 seconds
[2025-05-21T13:19:04.195+0000] {processor.py:161} INFO - Started process (PID=24912) to work on /opt/airflow/dags/dbt_model_dag.py
[2025-05-21T13:19:04.198+0000] {processor.py:830} INFO - Processing file /opt/airflow/dags/dbt_model_dag.py for tasks to queue
[2025-05-21T13:19:04.200+0000] {logging_mixin.py:188} INFO - [2025-05-21T13:19:04.200+0000] {dagbag.py:538} INFO - Filling up the DagBag from /opt/airflow/dags/dbt_model_dag.py
[2025-05-21T13:19:04.232+0000] {processor.py:840} INFO - DAG(s) 'run_dbt_models_after_ingestion' retrieved from /opt/airflow/dags/dbt_model_dag.py
[2025-05-21T13:19:04.283+0000] {logging_mixin.py:188} INFO - [2025-05-21T13:19:04.283+0000] {dag.py:3036} INFO - Sync 1 DAGs
[2025-05-21T13:19:04.301+0000] {logging_mixin.py:188} INFO - [2025-05-21T13:19:04.301+0000] {dag.py:3823} INFO - Setting next_dagrun for run_dbt_models_after_ingestion to None, run_after=None
[2025-05-21T13:19:04.321+0000] {processor.py:183} INFO - Processing /opt/airflow/dags/dbt_model_dag.py took 0.134 seconds
[2025-05-21T13:31:27.701+0000] {processor.py:161} INFO - Started process (PID=24924) to work on /opt/airflow/dags/dbt_model_dag.py
[2025-05-21T13:31:27.706+0000] {processor.py:830} INFO - Processing file /opt/airflow/dags/dbt_model_dag.py for tasks to queue
[2025-05-21T13:31:27.708+0000] {logging_mixin.py:188} INFO - [2025-05-21T13:31:27.707+0000] {dagbag.py:538} INFO - Filling up the DagBag from /opt/airflow/dags/dbt_model_dag.py
[2025-05-21T13:31:27.732+0000] {processor.py:840} INFO - DAG(s) 'run_dbt_models_after_ingestion' retrieved from /opt/airflow/dags/dbt_model_dag.py
[2025-05-21T13:31:27.768+0000] {logging_mixin.py:188} INFO - [2025-05-21T13:31:27.768+0000] {dag.py:3036} INFO - Sync 1 DAGs
[2025-05-21T13:31:27.781+0000] {logging_mixin.py:188} INFO - [2025-05-21T13:31:27.781+0000] {dag.py:3823} INFO - Setting next_dagrun for run_dbt_models_after_ingestion to None, run_after=None
[2025-05-21T13:31:27.799+0000] {processor.py:183} INFO - Processing /opt/airflow/dags/dbt_model_dag.py took 0.109 seconds
[2025-05-21T13:36:40.247+0000] {processor.py:161} INFO - Started process (PID=24934) to work on /opt/airflow/dags/dbt_model_dag.py
[2025-05-21T13:36:40.250+0000] {processor.py:830} INFO - Processing file /opt/airflow/dags/dbt_model_dag.py for tasks to queue
[2025-05-21T13:36:40.253+0000] {logging_mixin.py:188} INFO - [2025-05-21T13:36:40.251+0000] {dagbag.py:538} INFO - Filling up the DagBag from /opt/airflow/dags/dbt_model_dag.py
[2025-05-21T13:36:40.298+0000] {processor.py:840} INFO - DAG(s) 'run_dbt_models_after_ingestion' retrieved from /opt/airflow/dags/dbt_model_dag.py
[2025-05-21T13:36:40.372+0000] {logging_mixin.py:188} INFO - [2025-05-21T13:36:40.372+0000] {dag.py:3036} INFO - Sync 1 DAGs
[2025-05-21T13:36:40.390+0000] {logging_mixin.py:188} INFO - [2025-05-21T13:36:40.390+0000] {dag.py:3823} INFO - Setting next_dagrun for run_dbt_models_after_ingestion to None, run_after=None
[2025-05-21T13:36:40.423+0000] {processor.py:183} INFO - Processing /opt/airflow/dags/dbt_model_dag.py took 0.189 seconds
[2025-05-21T13:47:39.699+0000] {processor.py:161} INFO - Started process (PID=24944) to work on /opt/airflow/dags/dbt_model_dag.py
[2025-05-21T13:47:39.701+0000] {processor.py:830} INFO - Processing file /opt/airflow/dags/dbt_model_dag.py for tasks to queue
[2025-05-21T13:47:39.703+0000] {logging_mixin.py:188} INFO - [2025-05-21T13:47:39.703+0000] {dagbag.py:538} INFO - Filling up the DagBag from /opt/airflow/dags/dbt_model_dag.py
[2025-05-21T13:47:39.730+0000] {processor.py:840} INFO - DAG(s) 'run_dbt_models_after_ingestion' retrieved from /opt/airflow/dags/dbt_model_dag.py
[2025-05-21T13:47:39.781+0000] {logging_mixin.py:188} INFO - [2025-05-21T13:47:39.781+0000] {dag.py:3036} INFO - Sync 1 DAGs
[2025-05-21T13:47:39.799+0000] {logging_mixin.py:188} INFO - [2025-05-21T13:47:39.799+0000] {dag.py:3823} INFO - Setting next_dagrun for run_dbt_models_after_ingestion to None, run_after=None
[2025-05-21T13:47:39.813+0000] {processor.py:183} INFO - Processing /opt/airflow/dags/dbt_model_dag.py took 0.118 seconds
[2025-05-21T13:48:10.333+0000] {processor.py:161} INFO - Started process (PID=24954) to work on /opt/airflow/dags/dbt_model_dag.py
[2025-05-21T13:48:10.337+0000] {processor.py:830} INFO - Processing file /opt/airflow/dags/dbt_model_dag.py for tasks to queue
[2025-05-21T13:48:10.339+0000] {logging_mixin.py:188} INFO - [2025-05-21T13:48:10.339+0000] {dagbag.py:538} INFO - Filling up the DagBag from /opt/airflow/dags/dbt_model_dag.py
[2025-05-21T13:48:10.364+0000] {processor.py:840} INFO - DAG(s) 'run_dbt_models_after_ingestion' retrieved from /opt/airflow/dags/dbt_model_dag.py
[2025-05-21T13:48:10.404+0000] {logging_mixin.py:188} INFO - [2025-05-21T13:48:10.404+0000] {dag.py:3036} INFO - Sync 1 DAGs
[2025-05-21T13:48:10.420+0000] {logging_mixin.py:188} INFO - [2025-05-21T13:48:10.420+0000] {dag.py:3823} INFO - Setting next_dagrun for run_dbt_models_after_ingestion to None, run_after=None
[2025-05-21T13:48:10.439+0000] {processor.py:183} INFO - Processing /opt/airflow/dags/dbt_model_dag.py took 0.120 seconds
[2025-05-21T13:56:56.845+0000] {processor.py:161} INFO - Started process (PID=24966) to work on /opt/airflow/dags/dbt_model_dag.py
[2025-05-21T13:56:56.851+0000] {processor.py:830} INFO - Processing file /opt/airflow/dags/dbt_model_dag.py for tasks to queue
[2025-05-21T13:56:56.852+0000] {logging_mixin.py:188} INFO - [2025-05-21T13:56:56.851+0000] {dagbag.py:538} INFO - Filling up the DagBag from /opt/airflow/dags/dbt_model_dag.py
[2025-05-21T13:56:56.886+0000] {processor.py:840} INFO - DAG(s) 'run_dbt_models_after_ingestion' retrieved from /opt/airflow/dags/dbt_model_dag.py
[2025-05-21T13:56:56.963+0000] {logging_mixin.py:188} INFO - [2025-05-21T13:56:56.963+0000] {dag.py:3036} INFO - Sync 1 DAGs
[2025-05-21T13:56:56.995+0000] {logging_mixin.py:188} INFO - [2025-05-21T13:56:56.995+0000] {dag.py:3823} INFO - Setting next_dagrun for run_dbt_models_after_ingestion to None, run_after=None
[2025-05-21T13:56:57.038+0000] {processor.py:183} INFO - Processing /opt/airflow/dags/dbt_model_dag.py took 0.202 seconds
[2025-05-21T13:58:59.678+0000] {processor.py:161} INFO - Started process (PID=24976) to work on /opt/airflow/dags/dbt_model_dag.py
[2025-05-21T13:58:59.681+0000] {processor.py:830} INFO - Processing file /opt/airflow/dags/dbt_model_dag.py for tasks to queue
[2025-05-21T13:58:59.684+0000] {logging_mixin.py:188} INFO - [2025-05-21T13:58:59.683+0000] {dagbag.py:538} INFO - Filling up the DagBag from /opt/airflow/dags/dbt_model_dag.py
[2025-05-21T13:58:59.719+0000] {processor.py:840} INFO - DAG(s) 'run_dbt_models_after_ingestion' retrieved from /opt/airflow/dags/dbt_model_dag.py
[2025-05-21T13:58:59.789+0000] {logging_mixin.py:188} INFO - [2025-05-21T13:58:59.788+0000] {dag.py:3036} INFO - Sync 1 DAGs
[2025-05-21T13:58:59.809+0000] {logging_mixin.py:188} INFO - [2025-05-21T13:58:59.809+0000] {dag.py:3823} INFO - Setting next_dagrun for run_dbt_models_after_ingestion to None, run_after=None
[2025-05-21T13:58:59.848+0000] {processor.py:183} INFO - Processing /opt/airflow/dags/dbt_model_dag.py took 0.182 seconds
[2025-05-21T14:03:55.800+0000] {processor.py:161} INFO - Started process (PID=24986) to work on /opt/airflow/dags/dbt_model_dag.py
[2025-05-21T14:03:55.805+0000] {processor.py:830} INFO - Processing file /opt/airflow/dags/dbt_model_dag.py for tasks to queue
[2025-05-21T14:03:55.807+0000] {logging_mixin.py:188} INFO - [2025-05-21T14:03:55.807+0000] {dagbag.py:538} INFO - Filling up the DagBag from /opt/airflow/dags/dbt_model_dag.py
[2025-05-21T14:03:55.835+0000] {processor.py:840} INFO - DAG(s) 'run_dbt_models_after_ingestion' retrieved from /opt/airflow/dags/dbt_model_dag.py
[2025-05-21T14:03:55.880+0000] {logging_mixin.py:188} INFO - [2025-05-21T14:03:55.880+0000] {dag.py:3036} INFO - Sync 1 DAGs
[2025-05-21T14:03:55.892+0000] {logging_mixin.py:188} INFO - [2025-05-21T14:03:55.892+0000] {dag.py:3823} INFO - Setting next_dagrun for run_dbt_models_after_ingestion to None, run_after=None
[2025-05-21T14:03:55.911+0000] {processor.py:183} INFO - Processing /opt/airflow/dags/dbt_model_dag.py took 0.127 seconds
[2025-05-21T14:04:26.400+0000] {processor.py:161} INFO - Started process (PID=24996) to work on /opt/airflow/dags/dbt_model_dag.py
[2025-05-21T14:04:26.402+0000] {processor.py:830} INFO - Processing file /opt/airflow/dags/dbt_model_dag.py for tasks to queue
[2025-05-21T14:04:26.406+0000] {logging_mixin.py:188} INFO - [2025-05-21T14:04:26.404+0000] {dagbag.py:538} INFO - Filling up the DagBag from /opt/airflow/dags/dbt_model_dag.py
[2025-05-21T14:04:26.432+0000] {processor.py:840} INFO - DAG(s) 'run_dbt_models_after_ingestion' retrieved from /opt/airflow/dags/dbt_model_dag.py
[2025-05-21T14:04:26.478+0000] {logging_mixin.py:188} INFO - [2025-05-21T14:04:26.478+0000] {dag.py:3036} INFO - Sync 1 DAGs
[2025-05-21T14:04:26.490+0000] {logging_mixin.py:188} INFO - [2025-05-21T14:04:26.490+0000] {dag.py:3823} INFO - Setting next_dagrun for run_dbt_models_after_ingestion to None, run_after=None
[2025-05-21T14:04:26.506+0000] {processor.py:183} INFO - Processing /opt/airflow/dags/dbt_model_dag.py took 0.120 seconds
[2025-05-21T14:14:12.232+0000] {processor.py:161} INFO - Started process (PID=25008) to work on /opt/airflow/dags/dbt_model_dag.py
[2025-05-21T14:14:12.234+0000] {processor.py:830} INFO - Processing file /opt/airflow/dags/dbt_model_dag.py for tasks to queue
[2025-05-21T14:14:12.235+0000] {logging_mixin.py:188} INFO - [2025-05-21T14:14:12.235+0000] {dagbag.py:538} INFO - Filling up the DagBag from /opt/airflow/dags/dbt_model_dag.py
[2025-05-21T14:14:12.281+0000] {processor.py:840} INFO - DAG(s) 'run_dbt_models_after_ingestion' retrieved from /opt/airflow/dags/dbt_model_dag.py
[2025-05-21T14:14:12.369+0000] {logging_mixin.py:188} INFO - [2025-05-21T14:14:12.369+0000] {dag.py:3036} INFO - Sync 1 DAGs
[2025-05-21T14:14:12.390+0000] {logging_mixin.py:188} INFO - [2025-05-21T14:14:12.389+0000] {dag.py:3823} INFO - Setting next_dagrun for run_dbt_models_after_ingestion to None, run_after=None
[2025-05-21T14:14:12.422+0000] {processor.py:183} INFO - Processing /opt/airflow/dags/dbt_model_dag.py took 0.204 seconds
[2025-05-21T14:19:43.375+0000] {processor.py:161} INFO - Started process (PID=25018) to work on /opt/airflow/dags/dbt_model_dag.py
[2025-05-21T14:19:43.377+0000] {processor.py:830} INFO - Processing file /opt/airflow/dags/dbt_model_dag.py for tasks to queue
[2025-05-21T14:19:43.382+0000] {logging_mixin.py:188} INFO - [2025-05-21T14:19:43.379+0000] {dagbag.py:538} INFO - Filling up the DagBag from /opt/airflow/dags/dbt_model_dag.py
[2025-05-21T14:19:43.422+0000] {processor.py:840} INFO - DAG(s) 'run_dbt_models_after_ingestion' retrieved from /opt/airflow/dags/dbt_model_dag.py
[2025-05-21T14:19:43.500+0000] {logging_mixin.py:188} INFO - [2025-05-21T14:19:43.499+0000] {dag.py:3036} INFO - Sync 1 DAGs
[2025-05-21T14:19:43.528+0000] {logging_mixin.py:188} INFO - [2025-05-21T14:19:43.528+0000] {dag.py:3823} INFO - Setting next_dagrun for run_dbt_models_after_ingestion to None, run_after=None
[2025-05-21T14:19:43.565+0000] {processor.py:183} INFO - Processing /opt/airflow/dags/dbt_model_dag.py took 0.199 seconds
[2025-05-21T14:20:14.087+0000] {processor.py:161} INFO - Started process (PID=25028) to work on /opt/airflow/dags/dbt_model_dag.py
[2025-05-21T14:20:14.090+0000] {processor.py:830} INFO - Processing file /opt/airflow/dags/dbt_model_dag.py for tasks to queue
[2025-05-21T14:20:14.092+0000] {logging_mixin.py:188} INFO - [2025-05-21T14:20:14.091+0000] {dagbag.py:538} INFO - Filling up the DagBag from /opt/airflow/dags/dbt_model_dag.py
[2025-05-21T14:20:14.118+0000] {processor.py:840} INFO - DAG(s) 'run_dbt_models_after_ingestion' retrieved from /opt/airflow/dags/dbt_model_dag.py
[2025-05-21T14:20:14.162+0000] {logging_mixin.py:188} INFO - [2025-05-21T14:20:14.161+0000] {dag.py:3036} INFO - Sync 1 DAGs
[2025-05-21T14:20:14.178+0000] {logging_mixin.py:188} INFO - [2025-05-21T14:20:14.178+0000] {dag.py:3823} INFO - Setting next_dagrun for run_dbt_models_after_ingestion to None, run_after=None
[2025-05-21T14:20:14.196+0000] {processor.py:183} INFO - Processing /opt/airflow/dags/dbt_model_dag.py took 0.122 seconds
[2025-05-21T14:25:41.166+0000] {processor.py:161} INFO - Started process (PID=25040) to work on /opt/airflow/dags/dbt_model_dag.py
[2025-05-21T14:25:41.168+0000] {processor.py:830} INFO - Processing file /opt/airflow/dags/dbt_model_dag.py for tasks to queue
[2025-05-21T14:25:41.169+0000] {logging_mixin.py:188} INFO - [2025-05-21T14:25:41.169+0000] {dagbag.py:538} INFO - Filling up the DagBag from /opt/airflow/dags/dbt_model_dag.py
[2025-05-21T14:25:41.193+0000] {processor.py:840} INFO - DAG(s) 'run_dbt_models_after_ingestion' retrieved from /opt/airflow/dags/dbt_model_dag.py
[2025-05-21T14:25:41.231+0000] {logging_mixin.py:188} INFO - [2025-05-21T14:25:41.231+0000] {dag.py:3036} INFO - Sync 1 DAGs
[2025-05-21T14:25:41.245+0000] {logging_mixin.py:188} INFO - [2025-05-21T14:25:41.244+0000] {dag.py:3823} INFO - Setting next_dagrun for run_dbt_models_after_ingestion to None, run_after=None
[2025-05-21T14:25:41.265+0000] {processor.py:183} INFO - Processing /opt/airflow/dags/dbt_model_dag.py took 0.109 seconds
[2025-05-21T14:31:08.317+0000] {processor.py:161} INFO - Started process (PID=25050) to work on /opt/airflow/dags/dbt_model_dag.py
[2025-05-21T14:31:08.324+0000] {processor.py:830} INFO - Processing file /opt/airflow/dags/dbt_model_dag.py for tasks to queue
[2025-05-21T14:31:08.326+0000] {logging_mixin.py:188} INFO - [2025-05-21T14:31:08.325+0000] {dagbag.py:538} INFO - Filling up the DagBag from /opt/airflow/dags/dbt_model_dag.py
[2025-05-21T14:31:08.385+0000] {processor.py:840} INFO - DAG(s) 'run_dbt_models_after_ingestion' retrieved from /opt/airflow/dags/dbt_model_dag.py
[2025-05-21T14:31:08.508+0000] {logging_mixin.py:188} INFO - [2025-05-21T14:31:08.508+0000] {dag.py:3036} INFO - Sync 1 DAGs
[2025-05-21T14:31:08.546+0000] {logging_mixin.py:188} INFO - [2025-05-21T14:31:08.546+0000] {dag.py:3823} INFO - Setting next_dagrun for run_dbt_models_after_ingestion to None, run_after=None
[2025-05-21T14:31:08.600+0000] {processor.py:183} INFO - Processing /opt/airflow/dags/dbt_model_dag.py took 0.312 seconds
[2025-05-21T14:31:39.202+0000] {processor.py:161} INFO - Started process (PID=25060) to work on /opt/airflow/dags/dbt_model_dag.py
[2025-05-21T14:31:39.205+0000] {processor.py:830} INFO - Processing file /opt/airflow/dags/dbt_model_dag.py for tasks to queue
[2025-05-21T14:31:39.207+0000] {logging_mixin.py:188} INFO - [2025-05-21T14:31:39.206+0000] {dagbag.py:538} INFO - Filling up the DagBag from /opt/airflow/dags/dbt_model_dag.py
[2025-05-21T14:31:39.234+0000] {processor.py:840} INFO - DAG(s) 'run_dbt_models_after_ingestion' retrieved from /opt/airflow/dags/dbt_model_dag.py
[2025-05-21T14:31:39.276+0000] {logging_mixin.py:188} INFO - [2025-05-21T14:31:39.276+0000] {dag.py:3036} INFO - Sync 1 DAGs
[2025-05-21T14:31:39.291+0000] {logging_mixin.py:188} INFO - [2025-05-21T14:31:39.291+0000] {dag.py:3823} INFO - Setting next_dagrun for run_dbt_models_after_ingestion to None, run_after=None
[2025-05-21T14:31:39.309+0000] {processor.py:183} INFO - Processing /opt/airflow/dags/dbt_model_dag.py took 0.121 seconds
[2025-05-21T14:36:46.759+0000] {processor.py:161} INFO - Started process (PID=25072) to work on /opt/airflow/dags/dbt_model_dag.py
[2025-05-21T14:36:46.764+0000] {processor.py:830} INFO - Processing file /opt/airflow/dags/dbt_model_dag.py for tasks to queue
[2025-05-21T14:36:46.769+0000] {logging_mixin.py:188} INFO - [2025-05-21T14:36:46.768+0000] {dagbag.py:538} INFO - Filling up the DagBag from /opt/airflow/dags/dbt_model_dag.py
[2025-05-21T14:36:46.815+0000] {processor.py:840} INFO - DAG(s) 'run_dbt_models_after_ingestion' retrieved from /opt/airflow/dags/dbt_model_dag.py
[2025-05-21T14:36:46.884+0000] {logging_mixin.py:188} INFO - [2025-05-21T14:36:46.884+0000] {dag.py:3036} INFO - Sync 1 DAGs
[2025-05-21T14:36:46.903+0000] {logging_mixin.py:188} INFO - [2025-05-21T14:36:46.903+0000] {dag.py:3823} INFO - Setting next_dagrun for run_dbt_models_after_ingestion to None, run_after=None
[2025-05-21T14:36:46.918+0000] {processor.py:183} INFO - Processing /opt/airflow/dags/dbt_model_dag.py took 0.174 seconds
[2025-05-21T14:41:56.435+0000] {processor.py:161} INFO - Started process (PID=25082) to work on /opt/airflow/dags/dbt_model_dag.py
[2025-05-21T14:41:56.437+0000] {processor.py:830} INFO - Processing file /opt/airflow/dags/dbt_model_dag.py for tasks to queue
[2025-05-21T14:41:56.441+0000] {logging_mixin.py:188} INFO - [2025-05-21T14:41:56.439+0000] {dagbag.py:538} INFO - Filling up the DagBag from /opt/airflow/dags/dbt_model_dag.py
[2025-05-21T14:41:56.479+0000] {processor.py:840} INFO - DAG(s) 'run_dbt_models_after_ingestion' retrieved from /opt/airflow/dags/dbt_model_dag.py
[2025-05-21T14:41:56.562+0000] {logging_mixin.py:188} INFO - [2025-05-21T14:41:56.561+0000] {dag.py:3036} INFO - Sync 1 DAGs
[2025-05-21T14:41:56.590+0000] {logging_mixin.py:188} INFO - [2025-05-21T14:41:56.590+0000] {dag.py:3823} INFO - Setting next_dagrun for run_dbt_models_after_ingestion to None, run_after=None
[2025-05-21T14:41:56.646+0000] {processor.py:183} INFO - Processing /opt/airflow/dags/dbt_model_dag.py took 0.223 seconds
[2025-05-21T14:42:27.173+0000] {processor.py:161} INFO - Started process (PID=25092) to work on /opt/airflow/dags/dbt_model_dag.py
[2025-05-21T14:42:27.176+0000] {processor.py:830} INFO - Processing file /opt/airflow/dags/dbt_model_dag.py for tasks to queue
[2025-05-21T14:42:27.177+0000] {logging_mixin.py:188} INFO - [2025-05-21T14:42:27.177+0000] {dagbag.py:538} INFO - Filling up the DagBag from /opt/airflow/dags/dbt_model_dag.py
[2025-05-21T14:42:27.204+0000] {processor.py:840} INFO - DAG(s) 'run_dbt_models_after_ingestion' retrieved from /opt/airflow/dags/dbt_model_dag.py
[2025-05-21T14:42:27.246+0000] {logging_mixin.py:188} INFO - [2025-05-21T14:42:27.246+0000] {dag.py:3036} INFO - Sync 1 DAGs
[2025-05-21T14:42:27.257+0000] {logging_mixin.py:188} INFO - [2025-05-21T14:42:27.257+0000] {dag.py:3823} INFO - Setting next_dagrun for run_dbt_models_after_ingestion to None, run_after=None
[2025-05-21T14:42:27.276+0000] {processor.py:183} INFO - Processing /opt/airflow/dags/dbt_model_dag.py took 0.116 seconds
[2025-05-21T14:46:05.900+0000] {processor.py:161} INFO - Started process (PID=25102) to work on /opt/airflow/dags/dbt_model_dag.py
[2025-05-21T14:46:05.903+0000] {processor.py:830} INFO - Processing file /opt/airflow/dags/dbt_model_dag.py for tasks to queue
[2025-05-21T14:46:05.907+0000] {logging_mixin.py:188} INFO - [2025-05-21T14:46:05.906+0000] {dagbag.py:538} INFO - Filling up the DagBag from /opt/airflow/dags/dbt_model_dag.py
[2025-05-21T14:46:05.933+0000] {processor.py:840} INFO - DAG(s) 'run_dbt_models_after_ingestion' retrieved from /opt/airflow/dags/dbt_model_dag.py
[2025-05-21T14:46:06.010+0000] {logging_mixin.py:188} INFO - [2025-05-21T14:46:06.009+0000] {dag.py:3036} INFO - Sync 1 DAGs
[2025-05-21T14:46:06.032+0000] {logging_mixin.py:188} INFO - [2025-05-21T14:46:06.032+0000] {dag.py:3823} INFO - Setting next_dagrun for run_dbt_models_after_ingestion to None, run_after=None
[2025-05-21T14:46:06.063+0000] {processor.py:183} INFO - Processing /opt/airflow/dags/dbt_model_dag.py took 0.171 seconds
[2025-05-21T14:53:34.683+0000] {processor.py:161} INFO - Started process (PID=25114) to work on /opt/airflow/dags/dbt_model_dag.py
[2025-05-21T14:53:34.685+0000] {processor.py:830} INFO - Processing file /opt/airflow/dags/dbt_model_dag.py for tasks to queue
[2025-05-21T14:53:34.687+0000] {logging_mixin.py:188} INFO - [2025-05-21T14:53:34.687+0000] {dagbag.py:538} INFO - Filling up the DagBag from /opt/airflow/dags/dbt_model_dag.py
[2025-05-21T14:53:34.715+0000] {processor.py:840} INFO - DAG(s) 'run_dbt_models_after_ingestion' retrieved from /opt/airflow/dags/dbt_model_dag.py
[2025-05-21T14:53:34.760+0000] {logging_mixin.py:188} INFO - [2025-05-21T14:53:34.759+0000] {dag.py:3036} INFO - Sync 1 DAGs
[2025-05-21T14:53:34.774+0000] {logging_mixin.py:188} INFO - [2025-05-21T14:53:34.774+0000] {dag.py:3823} INFO - Setting next_dagrun for run_dbt_models_after_ingestion to None, run_after=None
[2025-05-21T14:53:34.787+0000] {processor.py:183} INFO - Processing /opt/airflow/dags/dbt_model_dag.py took 0.113 seconds
[2025-05-21T14:54:05.312+0000] {processor.py:161} INFO - Started process (PID=25124) to work on /opt/airflow/dags/dbt_model_dag.py
[2025-05-21T14:54:05.317+0000] {processor.py:830} INFO - Processing file /opt/airflow/dags/dbt_model_dag.py for tasks to queue
[2025-05-21T14:54:05.318+0000] {logging_mixin.py:188} INFO - [2025-05-21T14:54:05.317+0000] {dagbag.py:538} INFO - Filling up the DagBag from /opt/airflow/dags/dbt_model_dag.py
[2025-05-21T14:54:05.345+0000] {processor.py:840} INFO - DAG(s) 'run_dbt_models_after_ingestion' retrieved from /opt/airflow/dags/dbt_model_dag.py
[2025-05-21T14:54:05.391+0000] {logging_mixin.py:188} INFO - [2025-05-21T14:54:05.391+0000] {dag.py:3036} INFO - Sync 1 DAGs
[2025-05-21T14:54:05.408+0000] {logging_mixin.py:188} INFO - [2025-05-21T14:54:05.408+0000] {dag.py:3823} INFO - Setting next_dagrun for run_dbt_models_after_ingestion to None, run_after=None
[2025-05-21T14:54:05.424+0000] {processor.py:183} INFO - Processing /opt/airflow/dags/dbt_model_dag.py took 0.128 seconds
[2025-05-21T14:59:18.772+0000] {processor.py:161} INFO - Started process (PID=25134) to work on /opt/airflow/dags/dbt_model_dag.py
[2025-05-21T14:59:18.780+0000] {processor.py:830} INFO - Processing file /opt/airflow/dags/dbt_model_dag.py for tasks to queue
[2025-05-21T14:59:18.783+0000] {logging_mixin.py:188} INFO - [2025-05-21T14:59:18.782+0000] {dagbag.py:538} INFO - Filling up the DagBag from /opt/airflow/dags/dbt_model_dag.py
[2025-05-21T14:59:18.829+0000] {processor.py:840} INFO - DAG(s) 'run_dbt_models_after_ingestion' retrieved from /opt/airflow/dags/dbt_model_dag.py
[2025-05-21T14:59:18.905+0000] {logging_mixin.py:188} INFO - [2025-05-21T14:59:18.905+0000] {dag.py:3036} INFO - Sync 1 DAGs
[2025-05-21T14:59:18.935+0000] {logging_mixin.py:188} INFO - [2025-05-21T14:59:18.935+0000] {dag.py:3823} INFO - Setting next_dagrun for run_dbt_models_after_ingestion to None, run_after=None
[2025-05-21T14:59:18.971+0000] {processor.py:183} INFO - Processing /opt/airflow/dags/dbt_model_dag.py took 0.215 seconds
[2025-05-21T14:59:49.549+0000] {processor.py:161} INFO - Started process (PID=25144) to work on /opt/airflow/dags/dbt_model_dag.py
[2025-05-21T14:59:49.551+0000] {processor.py:830} INFO - Processing file /opt/airflow/dags/dbt_model_dag.py for tasks to queue
[2025-05-21T14:59:49.554+0000] {logging_mixin.py:188} INFO - [2025-05-21T14:59:49.553+0000] {dagbag.py:538} INFO - Filling up the DagBag from /opt/airflow/dags/dbt_model_dag.py
[2025-05-21T14:59:49.580+0000] {processor.py:840} INFO - DAG(s) 'run_dbt_models_after_ingestion' retrieved from /opt/airflow/dags/dbt_model_dag.py
[2025-05-21T14:59:49.644+0000] {logging_mixin.py:188} INFO - [2025-05-21T14:59:49.643+0000] {dag.py:3036} INFO - Sync 1 DAGs
[2025-05-21T14:59:49.665+0000] {logging_mixin.py:188} INFO - [2025-05-21T14:59:49.664+0000] {dag.py:3823} INFO - Setting next_dagrun for run_dbt_models_after_ingestion to None, run_after=None
[2025-05-21T14:59:49.683+0000] {processor.py:183} INFO - Processing /opt/airflow/dags/dbt_model_dag.py took 0.148 seconds
[2025-05-21T15:04:40.376+0000] {processor.py:161} INFO - Started process (PID=25155) to work on /opt/airflow/dags/dbt_model_dag.py
[2025-05-21T15:04:40.379+0000] {processor.py:830} INFO - Processing file /opt/airflow/dags/dbt_model_dag.py for tasks to queue
[2025-05-21T15:04:40.382+0000] {logging_mixin.py:188} INFO - [2025-05-21T15:04:40.381+0000] {dagbag.py:538} INFO - Filling up the DagBag from /opt/airflow/dags/dbt_model_dag.py
[2025-05-21T15:04:40.419+0000] {processor.py:840} INFO - DAG(s) 'run_dbt_models_after_ingestion' retrieved from /opt/airflow/dags/dbt_model_dag.py
[2025-05-21T15:04:40.502+0000] {logging_mixin.py:188} INFO - [2025-05-21T15:04:40.502+0000] {dag.py:3036} INFO - Sync 1 DAGs
[2025-05-21T15:04:40.525+0000] {logging_mixin.py:188} INFO - [2025-05-21T15:04:40.525+0000] {dag.py:3823} INFO - Setting next_dagrun for run_dbt_models_after_ingestion to None, run_after=None
[2025-05-21T15:04:40.562+0000] {processor.py:183} INFO - Processing /opt/airflow/dags/dbt_model_dag.py took 0.198 seconds
[2025-05-21T15:09:15.301+0000] {processor.py:161} INFO - Started process (PID=25166) to work on /opt/airflow/dags/dbt_model_dag.py
[2025-05-21T15:09:15.304+0000] {processor.py:830} INFO - Processing file /opt/airflow/dags/dbt_model_dag.py for tasks to queue
[2025-05-21T15:09:15.305+0000] {logging_mixin.py:188} INFO - [2025-05-21T15:09:15.305+0000] {dagbag.py:538} INFO - Filling up the DagBag from /opt/airflow/dags/dbt_model_dag.py
[2025-05-21T15:09:15.351+0000] {processor.py:840} INFO - DAG(s) 'run_dbt_models_after_ingestion' retrieved from /opt/airflow/dags/dbt_model_dag.py
[2025-05-21T15:09:15.427+0000] {logging_mixin.py:188} INFO - [2025-05-21T15:09:15.426+0000] {dag.py:3036} INFO - Sync 1 DAGs
[2025-05-21T15:09:15.462+0000] {logging_mixin.py:188} INFO - [2025-05-21T15:09:15.462+0000] {dag.py:3823} INFO - Setting next_dagrun for run_dbt_models_after_ingestion to None, run_after=None
[2025-05-21T15:09:15.516+0000] {processor.py:183} INFO - Processing /opt/airflow/dags/dbt_model_dag.py took 0.231 seconds
[2025-05-21T15:09:46.047+0000] {processor.py:161} INFO - Started process (PID=25176) to work on /opt/airflow/dags/dbt_model_dag.py
[2025-05-21T15:09:46.050+0000] {processor.py:830} INFO - Processing file /opt/airflow/dags/dbt_model_dag.py for tasks to queue
[2025-05-21T15:09:46.052+0000] {logging_mixin.py:188} INFO - [2025-05-21T15:09:46.051+0000] {dagbag.py:538} INFO - Filling up the DagBag from /opt/airflow/dags/dbt_model_dag.py
[2025-05-21T15:09:46.080+0000] {processor.py:840} INFO - DAG(s) 'run_dbt_models_after_ingestion' retrieved from /opt/airflow/dags/dbt_model_dag.py
[2025-05-21T15:09:46.122+0000] {logging_mixin.py:188} INFO - [2025-05-21T15:09:46.122+0000] {dag.py:3036} INFO - Sync 1 DAGs
[2025-05-21T15:09:46.134+0000] {logging_mixin.py:188} INFO - [2025-05-21T15:09:46.134+0000] {dag.py:3823} INFO - Setting next_dagrun for run_dbt_models_after_ingestion to None, run_after=None
[2025-05-21T15:09:46.151+0000] {processor.py:183} INFO - Processing /opt/airflow/dags/dbt_model_dag.py took 0.118 seconds
[2025-05-21T15:18:31.515+0000] {processor.py:161} INFO - Started process (PID=25188) to work on /opt/airflow/dags/dbt_model_dag.py
[2025-05-21T15:18:31.517+0000] {processor.py:830} INFO - Processing file /opt/airflow/dags/dbt_model_dag.py for tasks to queue
[2025-05-21T15:18:31.518+0000] {logging_mixin.py:188} INFO - [2025-05-21T15:18:31.518+0000] {dagbag.py:538} INFO - Filling up the DagBag from /opt/airflow/dags/dbt_model_dag.py
[2025-05-21T15:18:31.547+0000] {processor.py:840} INFO - DAG(s) 'run_dbt_models_after_ingestion' retrieved from /opt/airflow/dags/dbt_model_dag.py
[2025-05-21T15:18:31.591+0000] {logging_mixin.py:188} INFO - [2025-05-21T15:18:31.591+0000] {dag.py:3036} INFO - Sync 1 DAGs
[2025-05-21T15:18:31.604+0000] {logging_mixin.py:188} INFO - [2025-05-21T15:18:31.604+0000] {dag.py:3823} INFO - Setting next_dagrun for run_dbt_models_after_ingestion to None, run_after=None
[2025-05-21T15:18:31.620+0000] {processor.py:183} INFO - Processing /opt/airflow/dags/dbt_model_dag.py took 0.115 seconds
[2025-05-21T15:26:51.999+0000] {processor.py:161} INFO - Started process (PID=25198) to work on /opt/airflow/dags/dbt_model_dag.py
[2025-05-21T15:26:52.003+0000] {processor.py:830} INFO - Processing file /opt/airflow/dags/dbt_model_dag.py for tasks to queue
[2025-05-21T15:26:52.008+0000] {logging_mixin.py:188} INFO - [2025-05-21T15:26:52.006+0000] {dagbag.py:538} INFO - Filling up the DagBag from /opt/airflow/dags/dbt_model_dag.py
[2025-05-21T15:26:52.046+0000] {processor.py:840} INFO - DAG(s) 'run_dbt_models_after_ingestion' retrieved from /opt/airflow/dags/dbt_model_dag.py
[2025-05-21T15:26:52.129+0000] {logging_mixin.py:188} INFO - [2025-05-21T15:26:52.129+0000] {dag.py:3036} INFO - Sync 1 DAGs
[2025-05-21T15:26:52.164+0000] {logging_mixin.py:188} INFO - [2025-05-21T15:26:52.164+0000] {dag.py:3823} INFO - Setting next_dagrun for run_dbt_models_after_ingestion to None, run_after=None
[2025-05-21T15:26:52.207+0000] {processor.py:183} INFO - Processing /opt/airflow/dags/dbt_model_dag.py took 0.217 seconds
[2025-05-21T15:27:22.681+0000] {processor.py:161} INFO - Started process (PID=25208) to work on /opt/airflow/dags/dbt_model_dag.py
[2025-05-21T15:27:22.684+0000] {processor.py:830} INFO - Processing file /opt/airflow/dags/dbt_model_dag.py for tasks to queue
[2025-05-21T15:27:22.686+0000] {logging_mixin.py:188} INFO - [2025-05-21T15:27:22.686+0000] {dagbag.py:538} INFO - Filling up the DagBag from /opt/airflow/dags/dbt_model_dag.py
[2025-05-21T15:27:22.712+0000] {processor.py:840} INFO - DAG(s) 'run_dbt_models_after_ingestion' retrieved from /opt/airflow/dags/dbt_model_dag.py
[2025-05-21T15:27:22.755+0000] {logging_mixin.py:188} INFO - [2025-05-21T15:27:22.755+0000] {dag.py:3036} INFO - Sync 1 DAGs
[2025-05-21T15:27:22.768+0000] {logging_mixin.py:188} INFO - [2025-05-21T15:27:22.768+0000] {dag.py:3823} INFO - Setting next_dagrun for run_dbt_models_after_ingestion to None, run_after=None
[2025-05-21T15:27:22.785+0000] {processor.py:183} INFO - Processing /opt/airflow/dags/dbt_model_dag.py took 0.118 seconds
[2025-05-21T15:32:33.171+0000] {processor.py:161} INFO - Started process (PID=25218) to work on /opt/airflow/dags/dbt_model_dag.py
[2025-05-21T15:32:33.175+0000] {processor.py:830} INFO - Processing file /opt/airflow/dags/dbt_model_dag.py for tasks to queue
[2025-05-21T15:32:33.177+0000] {logging_mixin.py:188} INFO - [2025-05-21T15:32:33.177+0000] {dagbag.py:538} INFO - Filling up the DagBag from /opt/airflow/dags/dbt_model_dag.py
[2025-05-21T15:32:33.196+0000] {processor.py:840} INFO - DAG(s) 'run_dbt_models_after_ingestion' retrieved from /opt/airflow/dags/dbt_model_dag.py
[2025-05-21T15:32:33.240+0000] {logging_mixin.py:188} INFO - [2025-05-21T15:32:33.240+0000] {dag.py:3036} INFO - Sync 1 DAGs
[2025-05-21T15:32:33.256+0000] {logging_mixin.py:188} INFO - [2025-05-21T15:32:33.256+0000] {dag.py:3823} INFO - Setting next_dagrun for run_dbt_models_after_ingestion to None, run_after=None
[2025-05-21T15:32:33.270+0000] {processor.py:183} INFO - Processing /opt/airflow/dags/dbt_model_dag.py took 0.107 seconds
[2025-05-21T15:38:21.529+0000] {processor.py:161} INFO - Started process (PID=25228) to work on /opt/airflow/dags/dbt_model_dag.py
[2025-05-21T15:38:21.533+0000] {processor.py:830} INFO - Processing file /opt/airflow/dags/dbt_model_dag.py for tasks to queue
[2025-05-21T15:38:21.536+0000] {logging_mixin.py:188} INFO - [2025-05-21T15:38:21.535+0000] {dagbag.py:538} INFO - Filling up the DagBag from /opt/airflow/dags/dbt_model_dag.py
[2025-05-21T15:38:21.579+0000] {processor.py:840} INFO - DAG(s) 'run_dbt_models_after_ingestion' retrieved from /opt/airflow/dags/dbt_model_dag.py
[2025-05-21T15:38:21.643+0000] {logging_mixin.py:188} INFO - [2025-05-21T15:38:21.643+0000] {dag.py:3036} INFO - Sync 1 DAGs
[2025-05-21T15:38:21.656+0000] {logging_mixin.py:188} INFO - [2025-05-21T15:38:21.656+0000] {dag.py:3823} INFO - Setting next_dagrun for run_dbt_models_after_ingestion to None, run_after=None
[2025-05-21T15:38:21.676+0000] {processor.py:183} INFO - Processing /opt/airflow/dags/dbt_model_dag.py took 0.158 seconds
[2025-05-21T15:38:52.158+0000] {processor.py:161} INFO - Started process (PID=25240) to work on /opt/airflow/dags/dbt_model_dag.py
[2025-05-21T15:38:52.161+0000] {processor.py:830} INFO - Processing file /opt/airflow/dags/dbt_model_dag.py for tasks to queue
[2025-05-21T15:38:52.162+0000] {logging_mixin.py:188} INFO - [2025-05-21T15:38:52.162+0000] {dagbag.py:538} INFO - Filling up the DagBag from /opt/airflow/dags/dbt_model_dag.py
[2025-05-21T15:38:52.193+0000] {processor.py:840} INFO - DAG(s) 'run_dbt_models_after_ingestion' retrieved from /opt/airflow/dags/dbt_model_dag.py
[2025-05-21T15:38:52.239+0000] {logging_mixin.py:188} INFO - [2025-05-21T15:38:52.239+0000] {dag.py:3036} INFO - Sync 1 DAGs
[2025-05-21T15:38:52.255+0000] {logging_mixin.py:188} INFO - [2025-05-21T15:38:52.255+0000] {dag.py:3823} INFO - Setting next_dagrun for run_dbt_models_after_ingestion to None, run_after=None
[2025-05-21T15:38:52.273+0000] {processor.py:183} INFO - Processing /opt/airflow/dags/dbt_model_dag.py took 0.129 seconds
[2025-05-21T15:39:22.707+0000] {processor.py:161} INFO - Started process (PID=25250) to work on /opt/airflow/dags/dbt_model_dag.py
[2025-05-21T15:39:22.709+0000] {processor.py:830} INFO - Processing file /opt/airflow/dags/dbt_model_dag.py for tasks to queue
[2025-05-21T15:39:22.710+0000] {logging_mixin.py:188} INFO - [2025-05-21T15:39:22.709+0000] {dagbag.py:538} INFO - Filling up the DagBag from /opt/airflow/dags/dbt_model_dag.py
[2025-05-21T15:39:22.733+0000] {processor.py:840} INFO - DAG(s) 'run_dbt_models_after_ingestion' retrieved from /opt/airflow/dags/dbt_model_dag.py
[2025-05-21T15:39:22.774+0000] {logging_mixin.py:188} INFO - [2025-05-21T15:39:22.774+0000] {dag.py:3036} INFO - Sync 1 DAGs
[2025-05-21T15:39:22.783+0000] {logging_mixin.py:188} INFO - [2025-05-21T15:39:22.783+0000] {dag.py:3823} INFO - Setting next_dagrun for run_dbt_models_after_ingestion to None, run_after=None
[2025-05-21T15:39:22.799+0000] {processor.py:183} INFO - Processing /opt/airflow/dags/dbt_model_dag.py took 0.100 seconds
[2025-05-21T15:39:53.362+0000] {processor.py:161} INFO - Started process (PID=25260) to work on /opt/airflow/dags/dbt_model_dag.py
[2025-05-21T15:39:53.371+0000] {processor.py:830} INFO - Processing file /opt/airflow/dags/dbt_model_dag.py for tasks to queue
[2025-05-21T15:39:53.372+0000] {logging_mixin.py:188} INFO - [2025-05-21T15:39:53.371+0000] {dagbag.py:538} INFO - Filling up the DagBag from /opt/airflow/dags/dbt_model_dag.py
[2025-05-21T15:39:53.410+0000] {processor.py:840} INFO - DAG(s) 'run_dbt_models_after_ingestion' retrieved from /opt/airflow/dags/dbt_model_dag.py
[2025-05-21T15:39:53.459+0000] {logging_mixin.py:188} INFO - [2025-05-21T15:39:53.459+0000] {dag.py:3036} INFO - Sync 1 DAGs
[2025-05-21T15:39:53.475+0000] {logging_mixin.py:188} INFO - [2025-05-21T15:39:53.475+0000] {dag.py:3823} INFO - Setting next_dagrun for run_dbt_models_after_ingestion to None, run_after=None
[2025-05-21T15:39:53.495+0000] {processor.py:183} INFO - Processing /opt/airflow/dags/dbt_model_dag.py took 0.147 seconds
[2025-05-21T15:45:03.761+0000] {processor.py:161} INFO - Started process (PID=25271) to work on /opt/airflow/dags/dbt_model_dag.py
[2025-05-21T15:45:03.764+0000] {processor.py:830} INFO - Processing file /opt/airflow/dags/dbt_model_dag.py for tasks to queue
[2025-05-21T15:45:03.765+0000] {logging_mixin.py:188} INFO - [2025-05-21T15:45:03.764+0000] {dagbag.py:538} INFO - Filling up the DagBag from /opt/airflow/dags/dbt_model_dag.py
[2025-05-21T15:45:03.788+0000] {processor.py:840} INFO - DAG(s) 'run_dbt_models_after_ingestion' retrieved from /opt/airflow/dags/dbt_model_dag.py
[2025-05-21T15:45:03.828+0000] {logging_mixin.py:188} INFO - [2025-05-21T15:45:03.828+0000] {dag.py:3036} INFO - Sync 1 DAGs
[2025-05-21T15:45:03.839+0000] {logging_mixin.py:188} INFO - [2025-05-21T15:45:03.839+0000] {dag.py:3823} INFO - Setting next_dagrun for run_dbt_models_after_ingestion to None, run_after=None
[2025-05-21T15:45:03.856+0000] {processor.py:183} INFO - Processing /opt/airflow/dags/dbt_model_dag.py took 0.109 seconds
[2025-05-21T15:50:29.895+0000] {processor.py:161} INFO - Started process (PID=25281) to work on /opt/airflow/dags/dbt_model_dag.py
[2025-05-21T15:50:29.898+0000] {processor.py:830} INFO - Processing file /opt/airflow/dags/dbt_model_dag.py for tasks to queue
[2025-05-21T15:50:29.901+0000] {logging_mixin.py:188} INFO - [2025-05-21T15:50:29.900+0000] {dagbag.py:538} INFO - Filling up the DagBag from /opt/airflow/dags/dbt_model_dag.py
[2025-05-21T15:50:29.946+0000] {processor.py:840} INFO - DAG(s) 'run_dbt_models_after_ingestion' retrieved from /opt/airflow/dags/dbt_model_dag.py
[2025-05-21T15:50:29.986+0000] {logging_mixin.py:188} INFO - [2025-05-21T15:50:29.985+0000] {dag.py:3036} INFO - Sync 1 DAGs
[2025-05-21T15:50:29.996+0000] {logging_mixin.py:188} INFO - [2025-05-21T15:50:29.996+0000] {dag.py:3823} INFO - Setting next_dagrun for run_dbt_models_after_ingestion to None, run_after=None
[2025-05-21T15:50:30.007+0000] {processor.py:183} INFO - Processing /opt/airflow/dags/dbt_model_dag.py took 0.124 seconds
[2025-05-21T15:51:00.461+0000] {processor.py:161} INFO - Started process (PID=25291) to work on /opt/airflow/dags/dbt_model_dag.py
[2025-05-21T15:51:00.465+0000] {processor.py:830} INFO - Processing file /opt/airflow/dags/dbt_model_dag.py for tasks to queue
[2025-05-21T15:51:00.466+0000] {logging_mixin.py:188} INFO - [2025-05-21T15:51:00.466+0000] {dagbag.py:538} INFO - Filling up the DagBag from /opt/airflow/dags/dbt_model_dag.py
[2025-05-21T15:51:00.493+0000] {processor.py:840} INFO - DAG(s) 'run_dbt_models_after_ingestion' retrieved from /opt/airflow/dags/dbt_model_dag.py
[2025-05-21T15:51:00.541+0000] {logging_mixin.py:188} INFO - [2025-05-21T15:51:00.541+0000] {dag.py:3036} INFO - Sync 1 DAGs
[2025-05-21T15:51:00.554+0000] {logging_mixin.py:188} INFO - [2025-05-21T15:51:00.554+0000] {dag.py:3823} INFO - Setting next_dagrun for run_dbt_models_after_ingestion to None, run_after=None
[2025-05-21T15:51:00.572+0000] {processor.py:183} INFO - Processing /opt/airflow/dags/dbt_model_dag.py took 0.128 seconds
[2025-05-21T15:56:10.985+0000] {processor.py:161} INFO - Started process (PID=25303) to work on /opt/airflow/dags/dbt_model_dag.py
[2025-05-21T15:56:10.987+0000] {processor.py:830} INFO - Processing file /opt/airflow/dags/dbt_model_dag.py for tasks to queue
[2025-05-21T15:56:10.989+0000] {logging_mixin.py:188} INFO - [2025-05-21T15:56:10.988+0000] {dagbag.py:538} INFO - Filling up the DagBag from /opt/airflow/dags/dbt_model_dag.py
[2025-05-21T15:56:11.013+0000] {processor.py:840} INFO - DAG(s) 'run_dbt_models_after_ingestion' retrieved from /opt/airflow/dags/dbt_model_dag.py
[2025-05-21T15:56:11.060+0000] {logging_mixin.py:188} INFO - [2025-05-21T15:56:11.060+0000] {dag.py:3036} INFO - Sync 1 DAGs
[2025-05-21T15:56:11.075+0000] {logging_mixin.py:188} INFO - [2025-05-21T15:56:11.075+0000] {dag.py:3823} INFO - Setting next_dagrun for run_dbt_models_after_ingestion to None, run_after=None
[2025-05-21T15:56:11.091+0000] {processor.py:183} INFO - Processing /opt/airflow/dags/dbt_model_dag.py took 0.114 seconds
[2025-05-21T16:00:12.062+0000] {processor.py:161} INFO - Started process (PID=25313) to work on /opt/airflow/dags/dbt_model_dag.py
[2025-05-21T16:00:12.066+0000] {processor.py:830} INFO - Processing file /opt/airflow/dags/dbt_model_dag.py for tasks to queue
[2025-05-21T16:00:12.069+0000] {logging_mixin.py:188} INFO - [2025-05-21T16:00:12.068+0000] {dagbag.py:538} INFO - Filling up the DagBag from /opt/airflow/dags/dbt_model_dag.py
[2025-05-21T16:00:12.100+0000] {processor.py:840} INFO - DAG(s) 'run_dbt_models_after_ingestion' retrieved from /opt/airflow/dags/dbt_model_dag.py
[2025-05-21T16:00:12.150+0000] {logging_mixin.py:188} INFO - [2025-05-21T16:00:12.150+0000] {dag.py:3036} INFO - Sync 1 DAGs
[2025-05-21T16:00:12.167+0000] {logging_mixin.py:188} INFO - [2025-05-21T16:00:12.166+0000] {dag.py:3823} INFO - Setting next_dagrun for run_dbt_models_after_ingestion to None, run_after=None
[2025-05-21T16:00:12.201+0000] {processor.py:183} INFO - Processing /opt/airflow/dags/dbt_model_dag.py took 0.162 seconds
[2025-05-21T16:00:42.771+0000] {processor.py:161} INFO - Started process (PID=25323) to work on /opt/airflow/dags/dbt_model_dag.py
[2025-05-21T16:00:42.773+0000] {processor.py:830} INFO - Processing file /opt/airflow/dags/dbt_model_dag.py for tasks to queue
[2025-05-21T16:00:42.775+0000] {logging_mixin.py:188} INFO - [2025-05-21T16:00:42.775+0000] {dagbag.py:538} INFO - Filling up the DagBag from /opt/airflow/dags/dbt_model_dag.py
[2025-05-21T16:00:42.811+0000] {processor.py:840} INFO - DAG(s) 'run_dbt_models_after_ingestion' retrieved from /opt/airflow/dags/dbt_model_dag.py
[2025-05-21T16:00:42.858+0000] {logging_mixin.py:188} INFO - [2025-05-21T16:00:42.858+0000] {dag.py:3036} INFO - Sync 1 DAGs
[2025-05-21T16:00:42.874+0000] {logging_mixin.py:188} INFO - [2025-05-21T16:00:42.874+0000] {dag.py:3823} INFO - Setting next_dagrun for run_dbt_models_after_ingestion to None, run_after=None
[2025-05-21T16:00:42.891+0000] {processor.py:183} INFO - Processing /opt/airflow/dags/dbt_model_dag.py took 0.132 seconds
[2025-05-21T16:06:10.758+0000] {processor.py:161} INFO - Started process (PID=25333) to work on /opt/airflow/dags/dbt_model_dag.py
[2025-05-21T16:06:10.762+0000] {processor.py:830} INFO - Processing file /opt/airflow/dags/dbt_model_dag.py for tasks to queue
[2025-05-21T16:06:10.765+0000] {logging_mixin.py:188} INFO - [2025-05-21T16:06:10.764+0000] {dagbag.py:538} INFO - Filling up the DagBag from /opt/airflow/dags/dbt_model_dag.py
[2025-05-21T16:06:10.794+0000] {processor.py:840} INFO - DAG(s) 'run_dbt_models_after_ingestion' retrieved from /opt/airflow/dags/dbt_model_dag.py
[2025-05-21T16:06:10.844+0000] {logging_mixin.py:188} INFO - [2025-05-21T16:06:10.844+0000] {dag.py:3036} INFO - Sync 1 DAGs
[2025-05-21T16:06:10.860+0000] {logging_mixin.py:188} INFO - [2025-05-21T16:06:10.860+0000] {dag.py:3823} INFO - Setting next_dagrun for run_dbt_models_after_ingestion to None, run_after=None
[2025-05-21T16:06:10.878+0000] {processor.py:183} INFO - Processing /opt/airflow/dags/dbt_model_dag.py took 0.131 seconds
[2025-05-21T16:15:37.388+0000] {processor.py:161} INFO - Started process (PID=25345) to work on /opt/airflow/dags/dbt_model_dag.py
[2025-05-21T16:15:37.391+0000] {processor.py:830} INFO - Processing file /opt/airflow/dags/dbt_model_dag.py for tasks to queue
[2025-05-21T16:15:37.396+0000] {logging_mixin.py:188} INFO - [2025-05-21T16:15:37.393+0000] {dagbag.py:538} INFO - Filling up the DagBag from /opt/airflow/dags/dbt_model_dag.py
[2025-05-21T16:15:37.449+0000] {processor.py:840} INFO - DAG(s) 'run_dbt_models_after_ingestion' retrieved from /opt/airflow/dags/dbt_model_dag.py
[2025-05-21T16:15:37.547+0000] {logging_mixin.py:188} INFO - [2025-05-21T16:15:37.546+0000] {dag.py:3036} INFO - Sync 1 DAGs
[2025-05-21T16:15:37.582+0000] {logging_mixin.py:188} INFO - [2025-05-21T16:15:37.581+0000] {dag.py:3823} INFO - Setting next_dagrun for run_dbt_models_after_ingestion to None, run_after=None
[2025-05-21T16:15:37.636+0000] {processor.py:183} INFO - Processing /opt/airflow/dags/dbt_model_dag.py took 0.264 seconds
[2025-05-21T16:16:08.167+0000] {processor.py:161} INFO - Started process (PID=25355) to work on /opt/airflow/dags/dbt_model_dag.py
[2025-05-21T16:16:08.169+0000] {processor.py:830} INFO - Processing file /opt/airflow/dags/dbt_model_dag.py for tasks to queue
[2025-05-21T16:16:08.171+0000] {logging_mixin.py:188} INFO - [2025-05-21T16:16:08.170+0000] {dagbag.py:538} INFO - Filling up the DagBag from /opt/airflow/dags/dbt_model_dag.py
[2025-05-21T16:16:08.200+0000] {processor.py:840} INFO - DAG(s) 'run_dbt_models_after_ingestion' retrieved from /opt/airflow/dags/dbt_model_dag.py
[2025-05-21T16:16:08.252+0000] {logging_mixin.py:188} INFO - [2025-05-21T16:16:08.252+0000] {dag.py:3036} INFO - Sync 1 DAGs
[2025-05-21T16:16:08.263+0000] {logging_mixin.py:188} INFO - [2025-05-21T16:16:08.263+0000] {dag.py:3823} INFO - Setting next_dagrun for run_dbt_models_after_ingestion to None, run_after=None
[2025-05-21T16:16:08.280+0000] {processor.py:183} INFO - Processing /opt/airflow/dags/dbt_model_dag.py took 0.126 seconds
[2025-05-21T16:21:30.430+0000] {processor.py:161} INFO - Started process (PID=25365) to work on /opt/airflow/dags/dbt_model_dag.py
[2025-05-21T16:21:30.432+0000] {processor.py:830} INFO - Processing file /opt/airflow/dags/dbt_model_dag.py for tasks to queue
[2025-05-21T16:21:30.434+0000] {logging_mixin.py:188} INFO - [2025-05-21T16:21:30.433+0000] {dagbag.py:538} INFO - Filling up the DagBag from /opt/airflow/dags/dbt_model_dag.py
[2025-05-21T16:21:30.464+0000] {processor.py:840} INFO - DAG(s) 'run_dbt_models_after_ingestion' retrieved from /opt/airflow/dags/dbt_model_dag.py
[2025-05-21T16:21:30.508+0000] {logging_mixin.py:188} INFO - [2025-05-21T16:21:30.508+0000] {dag.py:3036} INFO - Sync 1 DAGs
[2025-05-21T16:21:30.520+0000] {logging_mixin.py:188} INFO - [2025-05-21T16:21:30.520+0000] {dag.py:3823} INFO - Setting next_dagrun for run_dbt_models_after_ingestion to None, run_after=None
[2025-05-21T16:21:30.533+0000] {processor.py:183} INFO - Processing /opt/airflow/dags/dbt_model_dag.py took 0.109 seconds
[2025-05-21T16:22:01.133+0000] {processor.py:161} INFO - Started process (PID=25375) to work on /opt/airflow/dags/dbt_model_dag.py
[2025-05-21T16:22:01.137+0000] {processor.py:830} INFO - Processing file /opt/airflow/dags/dbt_model_dag.py for tasks to queue
[2025-05-21T16:22:01.139+0000] {logging_mixin.py:188} INFO - [2025-05-21T16:22:01.139+0000] {dagbag.py:538} INFO - Filling up the DagBag from /opt/airflow/dags/dbt_model_dag.py
[2025-05-21T16:22:01.163+0000] {processor.py:840} INFO - DAG(s) 'run_dbt_models_after_ingestion' retrieved from /opt/airflow/dags/dbt_model_dag.py
[2025-05-21T16:22:01.201+0000] {logging_mixin.py:188} INFO - [2025-05-21T16:22:01.201+0000] {dag.py:3036} INFO - Sync 1 DAGs
[2025-05-21T16:22:01.217+0000] {logging_mixin.py:188} INFO - [2025-05-21T16:22:01.217+0000] {dag.py:3823} INFO - Setting next_dagrun for run_dbt_models_after_ingestion to None, run_after=None
[2025-05-21T16:22:01.233+0000] {processor.py:183} INFO - Processing /opt/airflow/dags/dbt_model_dag.py took 0.121 seconds
[2025-05-21T16:27:16.437+0000] {processor.py:161} INFO - Started process (PID=25386) to work on /opt/airflow/dags/dbt_model_dag.py
[2025-05-21T16:27:16.439+0000] {processor.py:830} INFO - Processing file /opt/airflow/dags/dbt_model_dag.py for tasks to queue
[2025-05-21T16:27:16.441+0000] {logging_mixin.py:188} INFO - [2025-05-21T16:27:16.440+0000] {dagbag.py:538} INFO - Filling up the DagBag from /opt/airflow/dags/dbt_model_dag.py
[2025-05-21T16:27:16.467+0000] {processor.py:840} INFO - DAG(s) 'run_dbt_models_after_ingestion' retrieved from /opt/airflow/dags/dbt_model_dag.py
[2025-05-21T16:27:16.506+0000] {logging_mixin.py:188} INFO - [2025-05-21T16:27:16.506+0000] {dag.py:3036} INFO - Sync 1 DAGs
[2025-05-21T16:27:16.522+0000] {logging_mixin.py:188} INFO - [2025-05-21T16:27:16.521+0000] {dag.py:3823} INFO - Setting next_dagrun for run_dbt_models_after_ingestion to None, run_after=None
[2025-05-21T16:27:16.545+0000] {processor.py:183} INFO - Processing /opt/airflow/dags/dbt_model_dag.py took 0.116 seconds
[2025-05-21T16:32:19.350+0000] {processor.py:161} INFO - Started process (PID=25397) to work on /opt/airflow/dags/dbt_model_dag.py
[2025-05-21T16:32:19.352+0000] {processor.py:830} INFO - Processing file /opt/airflow/dags/dbt_model_dag.py for tasks to queue
[2025-05-21T16:32:19.353+0000] {logging_mixin.py:188} INFO - [2025-05-21T16:32:19.353+0000] {dagbag.py:538} INFO - Filling up the DagBag from /opt/airflow/dags/dbt_model_dag.py
[2025-05-21T16:32:19.380+0000] {processor.py:840} INFO - DAG(s) 'run_dbt_models_after_ingestion' retrieved from /opt/airflow/dags/dbt_model_dag.py
[2025-05-21T16:32:19.423+0000] {logging_mixin.py:188} INFO - [2025-05-21T16:32:19.423+0000] {dag.py:3036} INFO - Sync 1 DAGs
[2025-05-21T16:32:19.442+0000] {logging_mixin.py:188} INFO - [2025-05-21T16:32:19.441+0000] {dag.py:3823} INFO - Setting next_dagrun for run_dbt_models_after_ingestion to None, run_after=None
[2025-05-21T16:32:19.471+0000] {processor.py:183} INFO - Processing /opt/airflow/dags/dbt_model_dag.py took 0.129 seconds
[2025-05-21T16:39:05.304+0000] {processor.py:161} INFO - Started process (PID=25407) to work on /opt/airflow/dags/dbt_model_dag.py
[2025-05-21T16:39:05.306+0000] {processor.py:830} INFO - Processing file /opt/airflow/dags/dbt_model_dag.py for tasks to queue
[2025-05-21T16:39:05.307+0000] {logging_mixin.py:188} INFO - [2025-05-21T16:39:05.307+0000] {dagbag.py:538} INFO - Filling up the DagBag from /opt/airflow/dags/dbt_model_dag.py
[2025-05-21T16:39:05.337+0000] {processor.py:840} INFO - DAG(s) 'run_dbt_models_after_ingestion' retrieved from /opt/airflow/dags/dbt_model_dag.py
[2025-05-21T16:39:05.382+0000] {logging_mixin.py:188} INFO - [2025-05-21T16:39:05.381+0000] {dag.py:3036} INFO - Sync 1 DAGs
[2025-05-21T16:39:05.399+0000] {logging_mixin.py:188} INFO - [2025-05-21T16:39:05.399+0000] {dag.py:3823} INFO - Setting next_dagrun for run_dbt_models_after_ingestion to None, run_after=None
[2025-05-21T16:39:05.437+0000] {processor.py:183} INFO - Processing /opt/airflow/dags/dbt_model_dag.py took 0.141 seconds
[2025-05-21T16:44:36.144+0000] {processor.py:161} INFO - Started process (PID=25419) to work on /opt/airflow/dags/dbt_model_dag.py
[2025-05-21T16:44:36.147+0000] {processor.py:830} INFO - Processing file /opt/airflow/dags/dbt_model_dag.py for tasks to queue
[2025-05-21T16:44:36.148+0000] {logging_mixin.py:188} INFO - [2025-05-21T16:44:36.148+0000] {dagbag.py:538} INFO - Filling up the DagBag from /opt/airflow/dags/dbt_model_dag.py
[2025-05-21T16:44:36.178+0000] {processor.py:840} INFO - DAG(s) 'run_dbt_models_after_ingestion' retrieved from /opt/airflow/dags/dbt_model_dag.py
[2025-05-21T16:44:36.219+0000] {logging_mixin.py:188} INFO - [2025-05-21T16:44:36.219+0000] {dag.py:3036} INFO - Sync 1 DAGs
[2025-05-21T16:44:36.230+0000] {logging_mixin.py:188} INFO - [2025-05-21T16:44:36.230+0000] {dag.py:3823} INFO - Setting next_dagrun for run_dbt_models_after_ingestion to None, run_after=None
[2025-05-21T16:44:36.246+0000] {processor.py:183} INFO - Processing /opt/airflow/dags/dbt_model_dag.py took 0.113 seconds
[2025-05-21T16:53:52.896+0000] {processor.py:161} INFO - Started process (PID=25429) to work on /opt/airflow/dags/dbt_model_dag.py
[2025-05-21T16:53:52.899+0000] {processor.py:830} INFO - Processing file /opt/airflow/dags/dbt_model_dag.py for tasks to queue
[2025-05-21T16:53:52.903+0000] {logging_mixin.py:188} INFO - [2025-05-21T16:53:52.902+0000] {dagbag.py:538} INFO - Filling up the DagBag from /opt/airflow/dags/dbt_model_dag.py
[2025-05-21T16:53:52.956+0000] {processor.py:840} INFO - DAG(s) 'run_dbt_models_after_ingestion' retrieved from /opt/airflow/dags/dbt_model_dag.py
[2025-05-21T16:53:53.047+0000] {logging_mixin.py:188} INFO - [2025-05-21T16:53:53.047+0000] {dag.py:3036} INFO - Sync 1 DAGs
[2025-05-21T16:53:53.078+0000] {logging_mixin.py:188} INFO - [2025-05-21T16:53:53.077+0000] {dag.py:3823} INFO - Setting next_dagrun for run_dbt_models_after_ingestion to None, run_after=None
[2025-05-21T16:53:53.117+0000] {processor.py:183} INFO - Processing /opt/airflow/dags/dbt_model_dag.py took 0.234 seconds
[2025-05-21T17:01:24.267+0000] {processor.py:161} INFO - Started process (PID=25439) to work on /opt/airflow/dags/dbt_model_dag.py
[2025-05-21T17:01:24.270+0000] {processor.py:830} INFO - Processing file /opt/airflow/dags/dbt_model_dag.py for tasks to queue
[2025-05-21T17:01:24.272+0000] {logging_mixin.py:188} INFO - [2025-05-21T17:01:24.271+0000] {dagbag.py:538} INFO - Filling up the DagBag from /opt/airflow/dags/dbt_model_dag.py
[2025-05-21T17:01:24.314+0000] {processor.py:840} INFO - DAG(s) 'run_dbt_models_after_ingestion' retrieved from /opt/airflow/dags/dbt_model_dag.py
[2025-05-21T17:01:24.385+0000] {logging_mixin.py:188} INFO - [2025-05-21T17:01:24.385+0000] {dag.py:3036} INFO - Sync 1 DAGs
[2025-05-21T17:01:24.400+0000] {logging_mixin.py:188} INFO - [2025-05-21T17:01:24.400+0000] {dag.py:3823} INFO - Setting next_dagrun for run_dbt_models_after_ingestion to None, run_after=None
[2025-05-21T17:01:24.434+0000] {processor.py:183} INFO - Processing /opt/airflow/dags/dbt_model_dag.py took 0.185 seconds
[2025-05-21T17:06:15.551+0000] {processor.py:161} INFO - Started process (PID=25449) to work on /opt/airflow/dags/dbt_model_dag.py
[2025-05-21T17:06:15.554+0000] {processor.py:830} INFO - Processing file /opt/airflow/dags/dbt_model_dag.py for tasks to queue
[2025-05-21T17:06:15.555+0000] {logging_mixin.py:188} INFO - [2025-05-21T17:06:15.554+0000] {dagbag.py:538} INFO - Filling up the DagBag from /opt/airflow/dags/dbt_model_dag.py
[2025-05-21T17:06:15.582+0000] {processor.py:840} INFO - DAG(s) 'run_dbt_models_after_ingestion' retrieved from /opt/airflow/dags/dbt_model_dag.py
[2025-05-21T17:06:15.619+0000] {logging_mixin.py:188} INFO - [2025-05-21T17:06:15.619+0000] {dag.py:3036} INFO - Sync 1 DAGs
[2025-05-21T17:06:15.633+0000] {logging_mixin.py:188} INFO - [2025-05-21T17:06:15.633+0000] {dag.py:3823} INFO - Setting next_dagrun for run_dbt_models_after_ingestion to None, run_after=None
[2025-05-21T17:06:15.646+0000] {processor.py:183} INFO - Processing /opt/airflow/dags/dbt_model_dag.py took 0.106 seconds
[2025-05-21T17:09:40.400+0000] {processor.py:161} INFO - Started process (PID=25459) to work on /opt/airflow/dags/dbt_model_dag.py
[2025-05-21T17:09:40.403+0000] {processor.py:830} INFO - Processing file /opt/airflow/dags/dbt_model_dag.py for tasks to queue
[2025-05-21T17:09:40.404+0000] {logging_mixin.py:188} INFO - [2025-05-21T17:09:40.404+0000] {dagbag.py:538} INFO - Filling up the DagBag from /opt/airflow/dags/dbt_model_dag.py
[2025-05-21T17:09:40.447+0000] {processor.py:840} INFO - DAG(s) 'run_dbt_models_after_ingestion' retrieved from /opt/airflow/dags/dbt_model_dag.py
[2025-05-21T17:09:40.577+0000] {logging_mixin.py:188} INFO - [2025-05-21T17:09:40.577+0000] {dag.py:3036} INFO - Sync 1 DAGs
[2025-05-21T17:09:40.631+0000] {logging_mixin.py:188} INFO - [2025-05-21T17:09:40.630+0000] {dag.py:3823} INFO - Setting next_dagrun for run_dbt_models_after_ingestion to None, run_after=None
[2025-05-21T17:09:40.686+0000] {processor.py:183} INFO - Processing /opt/airflow/dags/dbt_model_dag.py took 0.297 seconds
[2025-05-21T17:10:11.258+0000] {processor.py:161} INFO - Started process (PID=25469) to work on /opt/airflow/dags/dbt_model_dag.py
[2025-05-21T17:10:11.261+0000] {processor.py:830} INFO - Processing file /opt/airflow/dags/dbt_model_dag.py for tasks to queue
[2025-05-21T17:10:11.262+0000] {logging_mixin.py:188} INFO - [2025-05-21T17:10:11.262+0000] {dagbag.py:538} INFO - Filling up the DagBag from /opt/airflow/dags/dbt_model_dag.py
[2025-05-21T17:10:11.291+0000] {processor.py:840} INFO - DAG(s) 'run_dbt_models_after_ingestion' retrieved from /opt/airflow/dags/dbt_model_dag.py
[2025-05-21T17:10:11.335+0000] {logging_mixin.py:188} INFO - [2025-05-21T17:10:11.335+0000] {dag.py:3036} INFO - Sync 1 DAGs
[2025-05-21T17:10:11.347+0000] {logging_mixin.py:188} INFO - [2025-05-21T17:10:11.347+0000] {dag.py:3823} INFO - Setting next_dagrun for run_dbt_models_after_ingestion to None, run_after=None
[2025-05-21T17:10:11.367+0000] {processor.py:183} INFO - Processing /opt/airflow/dags/dbt_model_dag.py took 0.122 seconds
[2025-05-21T17:10:41.934+0000] {processor.py:161} INFO - Started process (PID=25479) to work on /opt/airflow/dags/dbt_model_dag.py
[2025-05-21T17:10:41.942+0000] {processor.py:830} INFO - Processing file /opt/airflow/dags/dbt_model_dag.py for tasks to queue
[2025-05-21T17:10:41.950+0000] {logging_mixin.py:188} INFO - [2025-05-21T17:10:41.945+0000] {dagbag.py:538} INFO - Filling up the DagBag from /opt/airflow/dags/dbt_model_dag.py
[2025-05-21T17:10:42.036+0000] {processor.py:840} INFO - DAG(s) 'run_dbt_models_after_ingestion' retrieved from /opt/airflow/dags/dbt_model_dag.py
[2025-05-21T17:10:42.105+0000] {logging_mixin.py:188} INFO - [2025-05-21T17:10:42.105+0000] {dag.py:3036} INFO - Sync 1 DAGs
[2025-05-21T17:10:42.125+0000] {logging_mixin.py:188} INFO - [2025-05-21T17:10:42.124+0000] {dag.py:3823} INFO - Setting next_dagrun for run_dbt_models_after_ingestion to None, run_after=None
[2025-05-21T17:10:42.152+0000] {processor.py:183} INFO - Processing /opt/airflow/dags/dbt_model_dag.py took 0.253 seconds
[2025-05-21T17:11:12.805+0000] {processor.py:161} INFO - Started process (PID=25489) to work on /opt/airflow/dags/dbt_model_dag.py
[2025-05-21T17:11:12.808+0000] {processor.py:830} INFO - Processing file /opt/airflow/dags/dbt_model_dag.py for tasks to queue
[2025-05-21T17:11:12.812+0000] {logging_mixin.py:188} INFO - [2025-05-21T17:11:12.811+0000] {dagbag.py:538} INFO - Filling up the DagBag from /opt/airflow/dags/dbt_model_dag.py
[2025-05-21T17:11:12.841+0000] {processor.py:840} INFO - DAG(s) 'run_dbt_models_after_ingestion' retrieved from /opt/airflow/dags/dbt_model_dag.py
[2025-05-21T17:11:12.885+0000] {logging_mixin.py:188} INFO - [2025-05-21T17:11:12.885+0000] {dag.py:3036} INFO - Sync 1 DAGs
[2025-05-21T17:11:12.901+0000] {logging_mixin.py:188} INFO - [2025-05-21T17:11:12.901+0000] {dag.py:3823} INFO - Setting next_dagrun for run_dbt_models_after_ingestion to None, run_after=None
[2025-05-21T17:11:12.922+0000] {processor.py:183} INFO - Processing /opt/airflow/dags/dbt_model_dag.py took 0.133 seconds
[2025-05-21T17:11:43.388+0000] {processor.py:161} INFO - Started process (PID=25499) to work on /opt/airflow/dags/dbt_model_dag.py
[2025-05-21T17:11:43.389+0000] {processor.py:830} INFO - Processing file /opt/airflow/dags/dbt_model_dag.py for tasks to queue
[2025-05-21T17:11:43.390+0000] {logging_mixin.py:188} INFO - [2025-05-21T17:11:43.390+0000] {dagbag.py:538} INFO - Filling up the DagBag from /opt/airflow/dags/dbt_model_dag.py
[2025-05-21T17:11:43.422+0000] {processor.py:840} INFO - DAG(s) 'run_dbt_models_after_ingestion' retrieved from /opt/airflow/dags/dbt_model_dag.py
[2025-05-21T17:11:43.474+0000] {logging_mixin.py:188} INFO - [2025-05-21T17:11:43.474+0000] {dag.py:3036} INFO - Sync 1 DAGs
[2025-05-21T17:11:43.491+0000] {logging_mixin.py:188} INFO - [2025-05-21T17:11:43.491+0000] {dag.py:3823} INFO - Setting next_dagrun for run_dbt_models_after_ingestion to None, run_after=None
[2025-05-21T17:11:43.507+0000] {processor.py:183} INFO - Processing /opt/airflow/dags/dbt_model_dag.py took 0.136 seconds
[2025-05-21T17:12:13.967+0000] {processor.py:161} INFO - Started process (PID=25509) to work on /opt/airflow/dags/dbt_model_dag.py
[2025-05-21T17:12:13.971+0000] {processor.py:830} INFO - Processing file /opt/airflow/dags/dbt_model_dag.py for tasks to queue
[2025-05-21T17:12:13.973+0000] {logging_mixin.py:188} INFO - [2025-05-21T17:12:13.972+0000] {dagbag.py:538} INFO - Filling up the DagBag from /opt/airflow/dags/dbt_model_dag.py
[2025-05-21T17:12:14.000+0000] {processor.py:840} INFO - DAG(s) 'run_dbt_models_after_ingestion' retrieved from /opt/airflow/dags/dbt_model_dag.py
[2025-05-21T17:12:14.051+0000] {logging_mixin.py:188} INFO - [2025-05-21T17:12:14.050+0000] {dag.py:3036} INFO - Sync 1 DAGs
[2025-05-21T17:12:14.066+0000] {logging_mixin.py:188} INFO - [2025-05-21T17:12:14.066+0000] {dag.py:3823} INFO - Setting next_dagrun for run_dbt_models_after_ingestion to None, run_after=None
[2025-05-21T17:12:14.079+0000] {processor.py:183} INFO - Processing /opt/airflow/dags/dbt_model_dag.py took 0.133 seconds
[2025-05-21T17:12:44.488+0000] {processor.py:161} INFO - Started process (PID=25519) to work on /opt/airflow/dags/dbt_model_dag.py
[2025-05-21T17:12:44.490+0000] {processor.py:830} INFO - Processing file /opt/airflow/dags/dbt_model_dag.py for tasks to queue
[2025-05-21T17:12:44.491+0000] {logging_mixin.py:188} INFO - [2025-05-21T17:12:44.491+0000] {dagbag.py:538} INFO - Filling up the DagBag from /opt/airflow/dags/dbt_model_dag.py
[2025-05-21T17:12:44.519+0000] {processor.py:840} INFO - DAG(s) 'run_dbt_models_after_ingestion' retrieved from /opt/airflow/dags/dbt_model_dag.py
[2025-05-21T17:12:44.567+0000] {logging_mixin.py:188} INFO - [2025-05-21T17:12:44.567+0000] {dag.py:3036} INFO - Sync 1 DAGs
[2025-05-21T17:12:44.582+0000] {logging_mixin.py:188} INFO - [2025-05-21T17:12:44.582+0000] {dag.py:3823} INFO - Setting next_dagrun for run_dbt_models_after_ingestion to None, run_after=None
[2025-05-21T17:12:44.599+0000] {processor.py:183} INFO - Processing /opt/airflow/dags/dbt_model_dag.py took 0.127 seconds
[2025-05-21T17:13:15.020+0000] {processor.py:161} INFO - Started process (PID=25529) to work on /opt/airflow/dags/dbt_model_dag.py
[2025-05-21T17:13:15.022+0000] {processor.py:830} INFO - Processing file /opt/airflow/dags/dbt_model_dag.py for tasks to queue
[2025-05-21T17:13:15.024+0000] {logging_mixin.py:188} INFO - [2025-05-21T17:13:15.023+0000] {dagbag.py:538} INFO - Filling up the DagBag from /opt/airflow/dags/dbt_model_dag.py
[2025-05-21T17:13:15.051+0000] {processor.py:840} INFO - DAG(s) 'run_dbt_models_after_ingestion' retrieved from /opt/airflow/dags/dbt_model_dag.py
[2025-05-21T17:13:15.098+0000] {logging_mixin.py:188} INFO - [2025-05-21T17:13:15.097+0000] {dag.py:3036} INFO - Sync 1 DAGs
[2025-05-21T17:13:15.112+0000] {logging_mixin.py:188} INFO - [2025-05-21T17:13:15.112+0000] {dag.py:3823} INFO - Setting next_dagrun for run_dbt_models_after_ingestion to None, run_after=None
[2025-05-21T17:13:15.130+0000] {processor.py:183} INFO - Processing /opt/airflow/dags/dbt_model_dag.py took 0.128 seconds
[2025-05-21T17:13:45.592+0000] {processor.py:161} INFO - Started process (PID=25539) to work on /opt/airflow/dags/dbt_model_dag.py
[2025-05-21T17:13:45.596+0000] {processor.py:830} INFO - Processing file /opt/airflow/dags/dbt_model_dag.py for tasks to queue
[2025-05-21T17:13:45.599+0000] {logging_mixin.py:188} INFO - [2025-05-21T17:13:45.597+0000] {dagbag.py:538} INFO - Filling up the DagBag from /opt/airflow/dags/dbt_model_dag.py
[2025-05-21T17:13:45.624+0000] {processor.py:840} INFO - DAG(s) 'run_dbt_models_after_ingestion' retrieved from /opt/airflow/dags/dbt_model_dag.py
[2025-05-21T17:13:45.665+0000] {logging_mixin.py:188} INFO - [2025-05-21T17:13:45.665+0000] {dag.py:3036} INFO - Sync 1 DAGs
[2025-05-21T17:13:45.680+0000] {logging_mixin.py:188} INFO - [2025-05-21T17:13:45.680+0000] {dag.py:3823} INFO - Setting next_dagrun for run_dbt_models_after_ingestion to None, run_after=None
[2025-05-21T17:13:45.694+0000] {processor.py:183} INFO - Processing /opt/airflow/dags/dbt_model_dag.py took 0.116 seconds
[2025-05-21T17:14:16.110+0000] {processor.py:161} INFO - Started process (PID=25549) to work on /opt/airflow/dags/dbt_model_dag.py
[2025-05-21T17:14:16.113+0000] {processor.py:830} INFO - Processing file /opt/airflow/dags/dbt_model_dag.py for tasks to queue
[2025-05-21T17:14:16.116+0000] {logging_mixin.py:188} INFO - [2025-05-21T17:14:16.116+0000] {dagbag.py:538} INFO - Filling up the DagBag from /opt/airflow/dags/dbt_model_dag.py
[2025-05-21T17:14:16.143+0000] {processor.py:840} INFO - DAG(s) 'run_dbt_models_after_ingestion' retrieved from /opt/airflow/dags/dbt_model_dag.py
[2025-05-21T17:14:16.184+0000] {logging_mixin.py:188} INFO - [2025-05-21T17:14:16.183+0000] {dag.py:3036} INFO - Sync 1 DAGs
[2025-05-21T17:14:16.198+0000] {logging_mixin.py:188} INFO - [2025-05-21T17:14:16.198+0000] {dag.py:3823} INFO - Setting next_dagrun for run_dbt_models_after_ingestion to None, run_after=None
[2025-05-21T17:14:16.212+0000] {processor.py:183} INFO - Processing /opt/airflow/dags/dbt_model_dag.py took 0.114 seconds
[2025-05-21T17:14:46.607+0000] {processor.py:161} INFO - Started process (PID=25559) to work on /opt/airflow/dags/dbt_model_dag.py
[2025-05-21T17:14:46.609+0000] {processor.py:830} INFO - Processing file /opt/airflow/dags/dbt_model_dag.py for tasks to queue
[2025-05-21T17:14:46.610+0000] {logging_mixin.py:188} INFO - [2025-05-21T17:14:46.610+0000] {dagbag.py:538} INFO - Filling up the DagBag from /opt/airflow/dags/dbt_model_dag.py
[2025-05-21T17:14:46.638+0000] {processor.py:840} INFO - DAG(s) 'run_dbt_models_after_ingestion' retrieved from /opt/airflow/dags/dbt_model_dag.py
[2025-05-21T17:14:46.679+0000] {logging_mixin.py:188} INFO - [2025-05-21T17:14:46.679+0000] {dag.py:3036} INFO - Sync 1 DAGs
[2025-05-21T17:14:46.693+0000] {logging_mixin.py:188} INFO - [2025-05-21T17:14:46.693+0000] {dag.py:3823} INFO - Setting next_dagrun for run_dbt_models_after_ingestion to None, run_after=None
[2025-05-21T17:14:46.712+0000] {processor.py:183} INFO - Processing /opt/airflow/dags/dbt_model_dag.py took 0.119 seconds
[2025-05-21T17:15:17.205+0000] {processor.py:161} INFO - Started process (PID=25569) to work on /opt/airflow/dags/dbt_model_dag.py
[2025-05-21T17:15:17.207+0000] {processor.py:830} INFO - Processing file /opt/airflow/dags/dbt_model_dag.py for tasks to queue
[2025-05-21T17:15:17.210+0000] {logging_mixin.py:188} INFO - [2025-05-21T17:15:17.209+0000] {dagbag.py:538} INFO - Filling up the DagBag from /opt/airflow/dags/dbt_model_dag.py
[2025-05-21T17:15:17.237+0000] {processor.py:840} INFO - DAG(s) 'run_dbt_models_after_ingestion' retrieved from /opt/airflow/dags/dbt_model_dag.py
[2025-05-21T17:15:17.279+0000] {logging_mixin.py:188} INFO - [2025-05-21T17:15:17.279+0000] {dag.py:3036} INFO - Sync 1 DAGs
[2025-05-21T17:15:17.294+0000] {logging_mixin.py:188} INFO - [2025-05-21T17:15:17.294+0000] {dag.py:3823} INFO - Setting next_dagrun for run_dbt_models_after_ingestion to None, run_after=None
[2025-05-21T17:15:17.311+0000] {processor.py:183} INFO - Processing /opt/airflow/dags/dbt_model_dag.py took 0.123 seconds
[2025-05-21T17:15:47.777+0000] {processor.py:161} INFO - Started process (PID=25579) to work on /opt/airflow/dags/dbt_model_dag.py
[2025-05-21T17:15:47.781+0000] {processor.py:830} INFO - Processing file /opt/airflow/dags/dbt_model_dag.py for tasks to queue
[2025-05-21T17:15:47.784+0000] {logging_mixin.py:188} INFO - [2025-05-21T17:15:47.784+0000] {dagbag.py:538} INFO - Filling up the DagBag from /opt/airflow/dags/dbt_model_dag.py
[2025-05-21T17:15:47.807+0000] {processor.py:840} INFO - DAG(s) 'run_dbt_models_after_ingestion' retrieved from /opt/airflow/dags/dbt_model_dag.py
[2025-05-21T17:15:47.847+0000] {logging_mixin.py:188} INFO - [2025-05-21T17:15:47.847+0000] {dag.py:3036} INFO - Sync 1 DAGs
[2025-05-21T17:15:47.865+0000] {logging_mixin.py:188} INFO - [2025-05-21T17:15:47.865+0000] {dag.py:3823} INFO - Setting next_dagrun for run_dbt_models_after_ingestion to None, run_after=None
[2025-05-21T17:15:47.883+0000] {processor.py:183} INFO - Processing /opt/airflow/dags/dbt_model_dag.py took 0.118 seconds
[2025-05-21T17:16:18.302+0000] {processor.py:161} INFO - Started process (PID=25589) to work on /opt/airflow/dags/dbt_model_dag.py
[2025-05-21T17:16:18.305+0000] {processor.py:830} INFO - Processing file /opt/airflow/dags/dbt_model_dag.py for tasks to queue
[2025-05-21T17:16:18.306+0000] {logging_mixin.py:188} INFO - [2025-05-21T17:16:18.306+0000] {dagbag.py:538} INFO - Filling up the DagBag from /opt/airflow/dags/dbt_model_dag.py
[2025-05-21T17:16:18.333+0000] {processor.py:840} INFO - DAG(s) 'run_dbt_models_after_ingestion' retrieved from /opt/airflow/dags/dbt_model_dag.py
[2025-05-21T17:16:18.370+0000] {logging_mixin.py:188} INFO - [2025-05-21T17:16:18.370+0000] {dag.py:3036} INFO - Sync 1 DAGs
[2025-05-21T17:16:18.385+0000] {logging_mixin.py:188} INFO - [2025-05-21T17:16:18.385+0000] {dag.py:3823} INFO - Setting next_dagrun for run_dbt_models_after_ingestion to None, run_after=None
[2025-05-21T17:16:18.403+0000] {processor.py:183} INFO - Processing /opt/airflow/dags/dbt_model_dag.py took 0.119 seconds
[2025-05-21T17:16:48.864+0000] {processor.py:161} INFO - Started process (PID=25599) to work on /opt/airflow/dags/dbt_model_dag.py
[2025-05-21T17:16:48.867+0000] {processor.py:830} INFO - Processing file /opt/airflow/dags/dbt_model_dag.py for tasks to queue
[2025-05-21T17:16:48.868+0000] {logging_mixin.py:188} INFO - [2025-05-21T17:16:48.868+0000] {dagbag.py:538} INFO - Filling up the DagBag from /opt/airflow/dags/dbt_model_dag.py
[2025-05-21T17:16:48.893+0000] {processor.py:840} INFO - DAG(s) 'run_dbt_models_after_ingestion' retrieved from /opt/airflow/dags/dbt_model_dag.py
[2025-05-21T17:16:48.934+0000] {logging_mixin.py:188} INFO - [2025-05-21T17:16:48.934+0000] {dag.py:3036} INFO - Sync 1 DAGs
[2025-05-21T17:16:48.950+0000] {logging_mixin.py:188} INFO - [2025-05-21T17:16:48.949+0000] {dag.py:3823} INFO - Setting next_dagrun for run_dbt_models_after_ingestion to None, run_after=None
[2025-05-21T17:16:48.964+0000] {processor.py:183} INFO - Processing /opt/airflow/dags/dbt_model_dag.py took 0.117 seconds
[2025-05-21T17:17:19.506+0000] {processor.py:161} INFO - Started process (PID=25609) to work on /opt/airflow/dags/dbt_model_dag.py
[2025-05-21T17:17:19.509+0000] {processor.py:830} INFO - Processing file /opt/airflow/dags/dbt_model_dag.py for tasks to queue
[2025-05-21T17:17:19.510+0000] {logging_mixin.py:188} INFO - [2025-05-21T17:17:19.510+0000] {dagbag.py:538} INFO - Filling up the DagBag from /opt/airflow/dags/dbt_model_dag.py
[2025-05-21T17:17:19.540+0000] {processor.py:840} INFO - DAG(s) 'run_dbt_models_after_ingestion' retrieved from /opt/airflow/dags/dbt_model_dag.py
[2025-05-21T17:17:19.584+0000] {logging_mixin.py:188} INFO - [2025-05-21T17:17:19.584+0000] {dag.py:3036} INFO - Sync 1 DAGs
[2025-05-21T17:17:19.597+0000] {logging_mixin.py:188} INFO - [2025-05-21T17:17:19.597+0000] {dag.py:3823} INFO - Setting next_dagrun for run_dbt_models_after_ingestion to None, run_after=None
[2025-05-21T17:17:19.613+0000] {processor.py:183} INFO - Processing /opt/airflow/dags/dbt_model_dag.py took 0.116 seconds
[2025-05-21T17:17:50.161+0000] {processor.py:161} INFO - Started process (PID=25619) to work on /opt/airflow/dags/dbt_model_dag.py
[2025-05-21T17:17:50.163+0000] {processor.py:830} INFO - Processing file /opt/airflow/dags/dbt_model_dag.py for tasks to queue
[2025-05-21T17:17:50.165+0000] {logging_mixin.py:188} INFO - [2025-05-21T17:17:50.164+0000] {dagbag.py:538} INFO - Filling up the DagBag from /opt/airflow/dags/dbt_model_dag.py
[2025-05-21T17:17:50.193+0000] {processor.py:840} INFO - DAG(s) 'run_dbt_models_after_ingestion' retrieved from /opt/airflow/dags/dbt_model_dag.py
[2025-05-21T17:17:50.230+0000] {logging_mixin.py:188} INFO - [2025-05-21T17:17:50.230+0000] {dag.py:3036} INFO - Sync 1 DAGs
[2025-05-21T17:17:50.245+0000] {logging_mixin.py:188} INFO - [2025-05-21T17:17:50.245+0000] {dag.py:3823} INFO - Setting next_dagrun for run_dbt_models_after_ingestion to None, run_after=None
[2025-05-21T17:17:50.262+0000] {processor.py:183} INFO - Processing /opt/airflow/dags/dbt_model_dag.py took 0.120 seconds
[2025-05-21T17:18:20.773+0000] {processor.py:161} INFO - Started process (PID=25629) to work on /opt/airflow/dags/dbt_model_dag.py
[2025-05-21T17:18:20.777+0000] {processor.py:830} INFO - Processing file /opt/airflow/dags/dbt_model_dag.py for tasks to queue
[2025-05-21T17:18:20.779+0000] {logging_mixin.py:188} INFO - [2025-05-21T17:18:20.778+0000] {dagbag.py:538} INFO - Filling up the DagBag from /opt/airflow/dags/dbt_model_dag.py
[2025-05-21T17:18:20.803+0000] {processor.py:840} INFO - DAG(s) 'run_dbt_models_after_ingestion' retrieved from /opt/airflow/dags/dbt_model_dag.py
[2025-05-21T17:18:20.845+0000] {logging_mixin.py:188} INFO - [2025-05-21T17:18:20.844+0000] {dag.py:3036} INFO - Sync 1 DAGs
[2025-05-21T17:18:20.859+0000] {logging_mixin.py:188} INFO - [2025-05-21T17:18:20.859+0000] {dag.py:3823} INFO - Setting next_dagrun for run_dbt_models_after_ingestion to None, run_after=None
[2025-05-21T17:18:20.875+0000] {processor.py:183} INFO - Processing /opt/airflow/dags/dbt_model_dag.py took 0.124 seconds
[2025-05-21T17:18:51.359+0000] {processor.py:161} INFO - Started process (PID=25639) to work on /opt/airflow/dags/dbt_model_dag.py
[2025-05-21T17:18:51.361+0000] {processor.py:830} INFO - Processing file /opt/airflow/dags/dbt_model_dag.py for tasks to queue
[2025-05-21T17:18:51.368+0000] {logging_mixin.py:188} INFO - [2025-05-21T17:18:51.367+0000] {dagbag.py:538} INFO - Filling up the DagBag from /opt/airflow/dags/dbt_model_dag.py
[2025-05-21T17:18:51.393+0000] {processor.py:840} INFO - DAG(s) 'run_dbt_models_after_ingestion' retrieved from /opt/airflow/dags/dbt_model_dag.py
[2025-05-21T17:18:51.428+0000] {logging_mixin.py:188} INFO - [2025-05-21T17:18:51.428+0000] {dag.py:3036} INFO - Sync 1 DAGs
[2025-05-21T17:18:51.445+0000] {logging_mixin.py:188} INFO - [2025-05-21T17:18:51.445+0000] {dag.py:3823} INFO - Setting next_dagrun for run_dbt_models_after_ingestion to None, run_after=None
[2025-05-21T17:18:51.460+0000] {processor.py:183} INFO - Processing /opt/airflow/dags/dbt_model_dag.py took 0.113 seconds
[2025-05-21T17:19:21.952+0000] {processor.py:161} INFO - Started process (PID=25649) to work on /opt/airflow/dags/dbt_model_dag.py
[2025-05-21T17:19:21.956+0000] {processor.py:830} INFO - Processing file /opt/airflow/dags/dbt_model_dag.py for tasks to queue
[2025-05-21T17:19:21.959+0000] {logging_mixin.py:188} INFO - [2025-05-21T17:19:21.959+0000] {dagbag.py:538} INFO - Filling up the DagBag from /opt/airflow/dags/dbt_model_dag.py
[2025-05-21T17:19:21.989+0000] {processor.py:840} INFO - DAG(s) 'run_dbt_models_after_ingestion' retrieved from /opt/airflow/dags/dbt_model_dag.py
[2025-05-21T17:19:22.030+0000] {logging_mixin.py:188} INFO - [2025-05-21T17:19:22.030+0000] {dag.py:3036} INFO - Sync 1 DAGs
[2025-05-21T17:19:22.044+0000] {logging_mixin.py:188} INFO - [2025-05-21T17:19:22.044+0000] {dag.py:3823} INFO - Setting next_dagrun for run_dbt_models_after_ingestion to None, run_after=None
[2025-05-21T17:19:22.061+0000] {processor.py:183} INFO - Processing /opt/airflow/dags/dbt_model_dag.py took 0.126 seconds
[2025-05-21T17:19:52.557+0000] {processor.py:161} INFO - Started process (PID=25659) to work on /opt/airflow/dags/dbt_model_dag.py
[2025-05-21T17:19:52.562+0000] {processor.py:830} INFO - Processing file /opt/airflow/dags/dbt_model_dag.py for tasks to queue
[2025-05-21T17:19:52.563+0000] {logging_mixin.py:188} INFO - [2025-05-21T17:19:52.563+0000] {dagbag.py:538} INFO - Filling up the DagBag from /opt/airflow/dags/dbt_model_dag.py
[2025-05-21T17:19:52.588+0000] {processor.py:840} INFO - DAG(s) 'run_dbt_models_after_ingestion' retrieved from /opt/airflow/dags/dbt_model_dag.py
[2025-05-21T17:19:52.632+0000] {logging_mixin.py:188} INFO - [2025-05-21T17:19:52.632+0000] {dag.py:3036} INFO - Sync 1 DAGs
[2025-05-21T17:19:52.646+0000] {logging_mixin.py:188} INFO - [2025-05-21T17:19:52.646+0000] {dag.py:3823} INFO - Setting next_dagrun for run_dbt_models_after_ingestion to None, run_after=None
[2025-05-21T17:19:52.660+0000] {processor.py:183} INFO - Processing /opt/airflow/dags/dbt_model_dag.py took 0.117 seconds
[2025-05-21T17:20:23.184+0000] {processor.py:161} INFO - Started process (PID=25669) to work on /opt/airflow/dags/dbt_model_dag.py
[2025-05-21T17:20:23.189+0000] {processor.py:830} INFO - Processing file /opt/airflow/dags/dbt_model_dag.py for tasks to queue
[2025-05-21T17:20:23.191+0000] {logging_mixin.py:188} INFO - [2025-05-21T17:20:23.190+0000] {dagbag.py:538} INFO - Filling up the DagBag from /opt/airflow/dags/dbt_model_dag.py
[2025-05-21T17:20:23.223+0000] {processor.py:840} INFO - DAG(s) 'run_dbt_models_after_ingestion' retrieved from /opt/airflow/dags/dbt_model_dag.py
[2025-05-21T17:20:23.263+0000] {logging_mixin.py:188} INFO - [2025-05-21T17:20:23.263+0000] {dag.py:3036} INFO - Sync 1 DAGs
[2025-05-21T17:20:23.276+0000] {logging_mixin.py:188} INFO - [2025-05-21T17:20:23.276+0000] {dag.py:3823} INFO - Setting next_dagrun for run_dbt_models_after_ingestion to None, run_after=None
[2025-05-21T17:20:23.294+0000] {processor.py:183} INFO - Processing /opt/airflow/dags/dbt_model_dag.py took 0.123 seconds
[2025-05-21T17:20:53.891+0000] {processor.py:161} INFO - Started process (PID=25679) to work on /opt/airflow/dags/dbt_model_dag.py
[2025-05-21T17:20:53.894+0000] {processor.py:830} INFO - Processing file /opt/airflow/dags/dbt_model_dag.py for tasks to queue
[2025-05-21T17:20:53.895+0000] {logging_mixin.py:188} INFO - [2025-05-21T17:20:53.895+0000] {dagbag.py:538} INFO - Filling up the DagBag from /opt/airflow/dags/dbt_model_dag.py
[2025-05-21T17:20:53.920+0000] {processor.py:840} INFO - DAG(s) 'run_dbt_models_after_ingestion' retrieved from /opt/airflow/dags/dbt_model_dag.py
[2025-05-21T17:20:53.959+0000] {logging_mixin.py:188} INFO - [2025-05-21T17:20:53.959+0000] {dag.py:3036} INFO - Sync 1 DAGs
[2025-05-21T17:20:53.974+0000] {logging_mixin.py:188} INFO - [2025-05-21T17:20:53.973+0000] {dag.py:3823} INFO - Setting next_dagrun for run_dbt_models_after_ingestion to None, run_after=None
[2025-05-21T17:20:53.988+0000] {processor.py:183} INFO - Processing /opt/airflow/dags/dbt_model_dag.py took 0.113 seconds
[2025-05-21T17:21:24.533+0000] {processor.py:161} INFO - Started process (PID=25689) to work on /opt/airflow/dags/dbt_model_dag.py
[2025-05-21T17:21:24.537+0000] {processor.py:830} INFO - Processing file /opt/airflow/dags/dbt_model_dag.py for tasks to queue
[2025-05-21T17:21:24.539+0000] {logging_mixin.py:188} INFO - [2025-05-21T17:21:24.538+0000] {dagbag.py:538} INFO - Filling up the DagBag from /opt/airflow/dags/dbt_model_dag.py
[2025-05-21T17:21:24.566+0000] {processor.py:840} INFO - DAG(s) 'run_dbt_models_after_ingestion' retrieved from /opt/airflow/dags/dbt_model_dag.py
[2025-05-21T17:21:24.610+0000] {logging_mixin.py:188} INFO - [2025-05-21T17:21:24.610+0000] {dag.py:3036} INFO - Sync 1 DAGs
[2025-05-21T17:21:24.622+0000] {logging_mixin.py:188} INFO - [2025-05-21T17:21:24.621+0000] {dag.py:3823} INFO - Setting next_dagrun for run_dbt_models_after_ingestion to None, run_after=None
[2025-05-21T17:21:24.642+0000] {processor.py:183} INFO - Processing /opt/airflow/dags/dbt_model_dag.py took 0.125 seconds
[2025-05-21T17:21:55.169+0000] {processor.py:161} INFO - Started process (PID=25699) to work on /opt/airflow/dags/dbt_model_dag.py
[2025-05-21T17:21:55.171+0000] {processor.py:830} INFO - Processing file /opt/airflow/dags/dbt_model_dag.py for tasks to queue
[2025-05-21T17:21:55.174+0000] {logging_mixin.py:188} INFO - [2025-05-21T17:21:55.173+0000] {dagbag.py:538} INFO - Filling up the DagBag from /opt/airflow/dags/dbt_model_dag.py
[2025-05-21T17:21:55.203+0000] {processor.py:840} INFO - DAG(s) 'run_dbt_models_after_ingestion' retrieved from /opt/airflow/dags/dbt_model_dag.py
[2025-05-21T17:21:55.247+0000] {logging_mixin.py:188} INFO - [2025-05-21T17:21:55.247+0000] {dag.py:3036} INFO - Sync 1 DAGs
[2025-05-21T17:21:55.260+0000] {logging_mixin.py:188} INFO - [2025-05-21T17:21:55.260+0000] {dag.py:3823} INFO - Setting next_dagrun for run_dbt_models_after_ingestion to None, run_after=None
[2025-05-21T17:21:55.278+0000] {processor.py:183} INFO - Processing /opt/airflow/dags/dbt_model_dag.py took 0.124 seconds
[2025-05-21T17:22:25.815+0000] {processor.py:161} INFO - Started process (PID=25709) to work on /opt/airflow/dags/dbt_model_dag.py
[2025-05-21T17:22:25.817+0000] {processor.py:830} INFO - Processing file /opt/airflow/dags/dbt_model_dag.py for tasks to queue
[2025-05-21T17:22:25.820+0000] {logging_mixin.py:188} INFO - [2025-05-21T17:22:25.819+0000] {dagbag.py:538} INFO - Filling up the DagBag from /opt/airflow/dags/dbt_model_dag.py
[2025-05-21T17:22:25.842+0000] {processor.py:840} INFO - DAG(s) 'run_dbt_models_after_ingestion' retrieved from /opt/airflow/dags/dbt_model_dag.py
[2025-05-21T17:22:25.879+0000] {logging_mixin.py:188} INFO - [2025-05-21T17:22:25.879+0000] {dag.py:3036} INFO - Sync 1 DAGs
[2025-05-21T17:22:25.893+0000] {logging_mixin.py:188} INFO - [2025-05-21T17:22:25.893+0000] {dag.py:3823} INFO - Setting next_dagrun for run_dbt_models_after_ingestion to None, run_after=None
[2025-05-21T17:22:25.914+0000] {processor.py:183} INFO - Processing /opt/airflow/dags/dbt_model_dag.py took 0.116 seconds
[2025-05-21T17:22:56.374+0000] {processor.py:161} INFO - Started process (PID=25719) to work on /opt/airflow/dags/dbt_model_dag.py
[2025-05-21T17:22:56.376+0000] {processor.py:830} INFO - Processing file /opt/airflow/dags/dbt_model_dag.py for tasks to queue
[2025-05-21T17:22:56.378+0000] {logging_mixin.py:188} INFO - [2025-05-21T17:22:56.377+0000] {dagbag.py:538} INFO - Filling up the DagBag from /opt/airflow/dags/dbt_model_dag.py
[2025-05-21T17:22:56.402+0000] {processor.py:840} INFO - DAG(s) 'run_dbt_models_after_ingestion' retrieved from /opt/airflow/dags/dbt_model_dag.py
[2025-05-21T17:22:56.444+0000] {logging_mixin.py:188} INFO - [2025-05-21T17:22:56.444+0000] {dag.py:3036} INFO - Sync 1 DAGs
[2025-05-21T17:22:56.460+0000] {logging_mixin.py:188} INFO - [2025-05-21T17:22:56.459+0000] {dag.py:3823} INFO - Setting next_dagrun for run_dbt_models_after_ingestion to None, run_after=None
[2025-05-21T17:22:56.474+0000] {processor.py:183} INFO - Processing /opt/airflow/dags/dbt_model_dag.py took 0.118 seconds
[2025-05-21T17:23:26.879+0000] {processor.py:161} INFO - Started process (PID=25729) to work on /opt/airflow/dags/dbt_model_dag.py
[2025-05-21T17:23:26.883+0000] {processor.py:830} INFO - Processing file /opt/airflow/dags/dbt_model_dag.py for tasks to queue
[2025-05-21T17:23:26.885+0000] {logging_mixin.py:188} INFO - [2025-05-21T17:23:26.884+0000] {dagbag.py:538} INFO - Filling up the DagBag from /opt/airflow/dags/dbt_model_dag.py
[2025-05-21T17:23:26.911+0000] {processor.py:840} INFO - DAG(s) 'run_dbt_models_after_ingestion' retrieved from /opt/airflow/dags/dbt_model_dag.py
[2025-05-21T17:23:26.957+0000] {logging_mixin.py:188} INFO - [2025-05-21T17:23:26.957+0000] {dag.py:3036} INFO - Sync 1 DAGs
[2025-05-21T17:23:26.973+0000] {logging_mixin.py:188} INFO - [2025-05-21T17:23:26.973+0000] {dag.py:3823} INFO - Setting next_dagrun for run_dbt_models_after_ingestion to None, run_after=None
[2025-05-21T17:23:26.991+0000] {processor.py:183} INFO - Processing /opt/airflow/dags/dbt_model_dag.py took 0.124 seconds
[2025-05-21T17:23:57.504+0000] {processor.py:161} INFO - Started process (PID=25739) to work on /opt/airflow/dags/dbt_model_dag.py
[2025-05-21T17:23:57.509+0000] {processor.py:830} INFO - Processing file /opt/airflow/dags/dbt_model_dag.py for tasks to queue
[2025-05-21T17:23:57.512+0000] {logging_mixin.py:188} INFO - [2025-05-21T17:23:57.510+0000] {dagbag.py:538} INFO - Filling up the DagBag from /opt/airflow/dags/dbt_model_dag.py
[2025-05-21T17:23:57.542+0000] {processor.py:840} INFO - DAG(s) 'run_dbt_models_after_ingestion' retrieved from /opt/airflow/dags/dbt_model_dag.py
[2025-05-21T17:23:57.630+0000] {logging_mixin.py:188} INFO - [2025-05-21T17:23:57.630+0000] {dag.py:3036} INFO - Sync 1 DAGs
[2025-05-21T17:23:57.650+0000] {logging_mixin.py:188} INFO - [2025-05-21T17:23:57.649+0000] {dag.py:3823} INFO - Setting next_dagrun for run_dbt_models_after_ingestion to None, run_after=None
[2025-05-21T17:23:57.670+0000] {processor.py:183} INFO - Processing /opt/airflow/dags/dbt_model_dag.py took 0.179 seconds
[2025-05-21T17:24:28.181+0000] {processor.py:161} INFO - Started process (PID=25749) to work on /opt/airflow/dags/dbt_model_dag.py
[2025-05-21T17:24:28.184+0000] {processor.py:830} INFO - Processing file /opt/airflow/dags/dbt_model_dag.py for tasks to queue
[2025-05-21T17:24:28.188+0000] {logging_mixin.py:188} INFO - [2025-05-21T17:24:28.186+0000] {dagbag.py:538} INFO - Filling up the DagBag from /opt/airflow/dags/dbt_model_dag.py
[2025-05-21T17:24:28.219+0000] {processor.py:840} INFO - DAG(s) 'run_dbt_models_after_ingestion' retrieved from /opt/airflow/dags/dbt_model_dag.py
[2025-05-21T17:24:28.261+0000] {logging_mixin.py:188} INFO - [2025-05-21T17:24:28.261+0000] {dag.py:3036} INFO - Sync 1 DAGs
[2025-05-21T17:24:28.275+0000] {logging_mixin.py:188} INFO - [2025-05-21T17:24:28.275+0000] {dag.py:3823} INFO - Setting next_dagrun for run_dbt_models_after_ingestion to None, run_after=None
[2025-05-21T17:24:28.296+0000] {processor.py:183} INFO - Processing /opt/airflow/dags/dbt_model_dag.py took 0.127 seconds
[2025-05-21T17:24:58.825+0000] {processor.py:161} INFO - Started process (PID=25759) to work on /opt/airflow/dags/dbt_model_dag.py
[2025-05-21T17:24:58.828+0000] {processor.py:830} INFO - Processing file /opt/airflow/dags/dbt_model_dag.py for tasks to queue
[2025-05-21T17:24:58.829+0000] {logging_mixin.py:188} INFO - [2025-05-21T17:24:58.828+0000] {dagbag.py:538} INFO - Filling up the DagBag from /opt/airflow/dags/dbt_model_dag.py
[2025-05-21T17:24:58.858+0000] {processor.py:840} INFO - DAG(s) 'run_dbt_models_after_ingestion' retrieved from /opt/airflow/dags/dbt_model_dag.py
[2025-05-21T17:24:58.903+0000] {logging_mixin.py:188} INFO - [2025-05-21T17:24:58.903+0000] {dag.py:3036} INFO - Sync 1 DAGs
[2025-05-21T17:24:58.920+0000] {logging_mixin.py:188} INFO - [2025-05-21T17:24:58.920+0000] {dag.py:3823} INFO - Setting next_dagrun for run_dbt_models_after_ingestion to None, run_after=None
[2025-05-21T17:24:58.937+0000] {processor.py:183} INFO - Processing /opt/airflow/dags/dbt_model_dag.py took 0.124 seconds
[2025-05-21T17:25:29.468+0000] {processor.py:161} INFO - Started process (PID=25769) to work on /opt/airflow/dags/dbt_model_dag.py
[2025-05-21T17:25:29.471+0000] {processor.py:830} INFO - Processing file /opt/airflow/dags/dbt_model_dag.py for tasks to queue
[2025-05-21T17:25:29.473+0000] {logging_mixin.py:188} INFO - [2025-05-21T17:25:29.472+0000] {dagbag.py:538} INFO - Filling up the DagBag from /opt/airflow/dags/dbt_model_dag.py
[2025-05-21T17:25:29.502+0000] {processor.py:840} INFO - DAG(s) 'run_dbt_models_after_ingestion' retrieved from /opt/airflow/dags/dbt_model_dag.py
[2025-05-21T17:25:29.543+0000] {logging_mixin.py:188} INFO - [2025-05-21T17:25:29.543+0000] {dag.py:3036} INFO - Sync 1 DAGs
[2025-05-21T17:25:29.557+0000] {logging_mixin.py:188} INFO - [2025-05-21T17:25:29.557+0000] {dag.py:3823} INFO - Setting next_dagrun for run_dbt_models_after_ingestion to None, run_after=None
[2025-05-21T17:25:29.574+0000] {processor.py:183} INFO - Processing /opt/airflow/dags/dbt_model_dag.py took 0.125 seconds
[2025-05-21T17:26:00.061+0000] {processor.py:161} INFO - Started process (PID=25779) to work on /opt/airflow/dags/dbt_model_dag.py
[2025-05-21T17:26:00.065+0000] {processor.py:830} INFO - Processing file /opt/airflow/dags/dbt_model_dag.py for tasks to queue
[2025-05-21T17:26:00.068+0000] {logging_mixin.py:188} INFO - [2025-05-21T17:26:00.067+0000] {dagbag.py:538} INFO - Filling up the DagBag from /opt/airflow/dags/dbt_model_dag.py
[2025-05-21T17:26:00.093+0000] {processor.py:840} INFO - DAG(s) 'run_dbt_models_after_ingestion' retrieved from /opt/airflow/dags/dbt_model_dag.py
[2025-05-21T17:26:00.137+0000] {logging_mixin.py:188} INFO - [2025-05-21T17:26:00.136+0000] {dag.py:3036} INFO - Sync 1 DAGs
[2025-05-21T17:26:00.157+0000] {logging_mixin.py:188} INFO - [2025-05-21T17:26:00.157+0000] {dag.py:3823} INFO - Setting next_dagrun for run_dbt_models_after_ingestion to None, run_after=None
[2025-05-21T17:26:00.170+0000] {processor.py:183} INFO - Processing /opt/airflow/dags/dbt_model_dag.py took 0.123 seconds
[2025-05-21T17:26:30.647+0000] {processor.py:161} INFO - Started process (PID=25789) to work on /opt/airflow/dags/dbt_model_dag.py
[2025-05-21T17:26:30.649+0000] {processor.py:830} INFO - Processing file /opt/airflow/dags/dbt_model_dag.py for tasks to queue
[2025-05-21T17:26:30.650+0000] {logging_mixin.py:188} INFO - [2025-05-21T17:26:30.650+0000] {dagbag.py:538} INFO - Filling up the DagBag from /opt/airflow/dags/dbt_model_dag.py
[2025-05-21T17:26:30.676+0000] {processor.py:840} INFO - DAG(s) 'run_dbt_models_after_ingestion' retrieved from /opt/airflow/dags/dbt_model_dag.py
[2025-05-21T17:26:30.717+0000] {logging_mixin.py:188} INFO - [2025-05-21T17:26:30.717+0000] {dag.py:3036} INFO - Sync 1 DAGs
[2025-05-21T17:26:30.730+0000] {logging_mixin.py:188} INFO - [2025-05-21T17:26:30.730+0000] {dag.py:3823} INFO - Setting next_dagrun for run_dbt_models_after_ingestion to None, run_after=None
[2025-05-21T17:26:30.746+0000] {processor.py:183} INFO - Processing /opt/airflow/dags/dbt_model_dag.py took 0.115 seconds
[2025-05-21T17:27:01.222+0000] {processor.py:161} INFO - Started process (PID=25799) to work on /opt/airflow/dags/dbt_model_dag.py
[2025-05-21T17:27:01.225+0000] {processor.py:830} INFO - Processing file /opt/airflow/dags/dbt_model_dag.py for tasks to queue
[2025-05-21T17:27:01.226+0000] {logging_mixin.py:188} INFO - [2025-05-21T17:27:01.226+0000] {dagbag.py:538} INFO - Filling up the DagBag from /opt/airflow/dags/dbt_model_dag.py
[2025-05-21T17:27:01.255+0000] {processor.py:840} INFO - DAG(s) 'run_dbt_models_after_ingestion' retrieved from /opt/airflow/dags/dbt_model_dag.py
[2025-05-21T17:27:01.299+0000] {logging_mixin.py:188} INFO - [2025-05-21T17:27:01.299+0000] {dag.py:3036} INFO - Sync 1 DAGs
[2025-05-21T17:27:01.316+0000] {logging_mixin.py:188} INFO - [2025-05-21T17:27:01.316+0000] {dag.py:3823} INFO - Setting next_dagrun for run_dbt_models_after_ingestion to None, run_after=None
[2025-05-21T17:27:01.333+0000] {processor.py:183} INFO - Processing /opt/airflow/dags/dbt_model_dag.py took 0.124 seconds
[2025-05-21T17:27:31.773+0000] {processor.py:161} INFO - Started process (PID=25809) to work on /opt/airflow/dags/dbt_model_dag.py
[2025-05-21T17:27:31.775+0000] {processor.py:830} INFO - Processing file /opt/airflow/dags/dbt_model_dag.py for tasks to queue
[2025-05-21T17:27:31.776+0000] {logging_mixin.py:188} INFO - [2025-05-21T17:27:31.776+0000] {dagbag.py:538} INFO - Filling up the DagBag from /opt/airflow/dags/dbt_model_dag.py
[2025-05-21T17:27:31.801+0000] {processor.py:840} INFO - DAG(s) 'run_dbt_models_after_ingestion' retrieved from /opt/airflow/dags/dbt_model_dag.py
[2025-05-21T17:27:31.843+0000] {logging_mixin.py:188} INFO - [2025-05-21T17:27:31.842+0000] {dag.py:3036} INFO - Sync 1 DAGs
[2025-05-21T17:27:31.856+0000] {logging_mixin.py:188} INFO - [2025-05-21T17:27:31.856+0000] {dag.py:3823} INFO - Setting next_dagrun for run_dbt_models_after_ingestion to None, run_after=None
[2025-05-21T17:27:31.872+0000] {processor.py:183} INFO - Processing /opt/airflow/dags/dbt_model_dag.py took 0.112 seconds
[2025-05-21T17:28:02.303+0000] {processor.py:161} INFO - Started process (PID=25819) to work on /opt/airflow/dags/dbt_model_dag.py
[2025-05-21T17:28:02.305+0000] {processor.py:830} INFO - Processing file /opt/airflow/dags/dbt_model_dag.py for tasks to queue
[2025-05-21T17:28:02.306+0000] {logging_mixin.py:188} INFO - [2025-05-21T17:28:02.306+0000] {dagbag.py:538} INFO - Filling up the DagBag from /opt/airflow/dags/dbt_model_dag.py
[2025-05-21T17:28:02.336+0000] {processor.py:840} INFO - DAG(s) 'run_dbt_models_after_ingestion' retrieved from /opt/airflow/dags/dbt_model_dag.py
[2025-05-21T17:28:02.385+0000] {logging_mixin.py:188} INFO - [2025-05-21T17:28:02.384+0000] {dag.py:3036} INFO - Sync 1 DAGs
[2025-05-21T17:28:02.398+0000] {logging_mixin.py:188} INFO - [2025-05-21T17:28:02.398+0000] {dag.py:3823} INFO - Setting next_dagrun for run_dbt_models_after_ingestion to None, run_after=None
[2025-05-21T17:28:02.417+0000] {processor.py:183} INFO - Processing /opt/airflow/dags/dbt_model_dag.py took 0.126 seconds
[2025-05-21T17:28:32.842+0000] {processor.py:161} INFO - Started process (PID=25829) to work on /opt/airflow/dags/dbt_model_dag.py
[2025-05-21T17:28:32.845+0000] {processor.py:830} INFO - Processing file /opt/airflow/dags/dbt_model_dag.py for tasks to queue
[2025-05-21T17:28:32.846+0000] {logging_mixin.py:188} INFO - [2025-05-21T17:28:32.846+0000] {dagbag.py:538} INFO - Filling up the DagBag from /opt/airflow/dags/dbt_model_dag.py
[2025-05-21T17:28:32.874+0000] {processor.py:840} INFO - DAG(s) 'run_dbt_models_after_ingestion' retrieved from /opt/airflow/dags/dbt_model_dag.py
[2025-05-21T17:28:32.924+0000] {logging_mixin.py:188} INFO - [2025-05-21T17:28:32.924+0000] {dag.py:3036} INFO - Sync 1 DAGs
[2025-05-21T17:28:32.939+0000] {logging_mixin.py:188} INFO - [2025-05-21T17:28:32.939+0000] {dag.py:3823} INFO - Setting next_dagrun for run_dbt_models_after_ingestion to None, run_after=None
[2025-05-21T17:28:32.951+0000] {processor.py:183} INFO - Processing /opt/airflow/dags/dbt_model_dag.py took 0.120 seconds
[2025-05-21T17:29:03.414+0000] {processor.py:161} INFO - Started process (PID=25839) to work on /opt/airflow/dags/dbt_model_dag.py
[2025-05-21T17:29:03.420+0000] {processor.py:830} INFO - Processing file /opt/airflow/dags/dbt_model_dag.py for tasks to queue
[2025-05-21T17:29:03.421+0000] {logging_mixin.py:188} INFO - [2025-05-21T17:29:03.420+0000] {dagbag.py:538} INFO - Filling up the DagBag from /opt/airflow/dags/dbt_model_dag.py
[2025-05-21T17:29:03.444+0000] {processor.py:840} INFO - DAG(s) 'run_dbt_models_after_ingestion' retrieved from /opt/airflow/dags/dbt_model_dag.py
[2025-05-21T17:29:03.485+0000] {logging_mixin.py:188} INFO - [2025-05-21T17:29:03.485+0000] {dag.py:3036} INFO - Sync 1 DAGs
[2025-05-21T17:29:03.502+0000] {logging_mixin.py:188} INFO - [2025-05-21T17:29:03.502+0000] {dag.py:3823} INFO - Setting next_dagrun for run_dbt_models_after_ingestion to None, run_after=None
[2025-05-21T17:29:03.515+0000] {processor.py:183} INFO - Processing /opt/airflow/dags/dbt_model_dag.py took 0.115 seconds
[2025-05-21T17:29:33.993+0000] {processor.py:161} INFO - Started process (PID=25849) to work on /opt/airflow/dags/dbt_model_dag.py
[2025-05-21T17:29:33.996+0000] {processor.py:830} INFO - Processing file /opt/airflow/dags/dbt_model_dag.py for tasks to queue
[2025-05-21T17:29:33.997+0000] {logging_mixin.py:188} INFO - [2025-05-21T17:29:33.997+0000] {dagbag.py:538} INFO - Filling up the DagBag from /opt/airflow/dags/dbt_model_dag.py
[2025-05-21T17:29:34.023+0000] {processor.py:840} INFO - DAG(s) 'run_dbt_models_after_ingestion' retrieved from /opt/airflow/dags/dbt_model_dag.py
[2025-05-21T17:29:34.071+0000] {logging_mixin.py:188} INFO - [2025-05-21T17:29:34.070+0000] {dag.py:3036} INFO - Sync 1 DAGs
[2025-05-21T17:29:34.085+0000] {logging_mixin.py:188} INFO - [2025-05-21T17:29:34.085+0000] {dag.py:3823} INFO - Setting next_dagrun for run_dbt_models_after_ingestion to None, run_after=None
[2025-05-21T17:29:34.100+0000] {processor.py:183} INFO - Processing /opt/airflow/dags/dbt_model_dag.py took 0.123 seconds
[2025-05-21T17:30:04.532+0000] {processor.py:161} INFO - Started process (PID=25859) to work on /opt/airflow/dags/dbt_model_dag.py
[2025-05-21T17:30:04.535+0000] {processor.py:830} INFO - Processing file /opt/airflow/dags/dbt_model_dag.py for tasks to queue
[2025-05-21T17:30:04.537+0000] {logging_mixin.py:188} INFO - [2025-05-21T17:30:04.535+0000] {dagbag.py:538} INFO - Filling up the DagBag from /opt/airflow/dags/dbt_model_dag.py
[2025-05-21T17:30:04.568+0000] {processor.py:840} INFO - DAG(s) 'run_dbt_models_after_ingestion' retrieved from /opt/airflow/dags/dbt_model_dag.py
[2025-05-21T17:30:04.615+0000] {logging_mixin.py:188} INFO - [2025-05-21T17:30:04.614+0000] {dag.py:3036} INFO - Sync 1 DAGs
[2025-05-21T17:30:04.631+0000] {logging_mixin.py:188} INFO - [2025-05-21T17:30:04.631+0000] {dag.py:3823} INFO - Setting next_dagrun for run_dbt_models_after_ingestion to None, run_after=None
[2025-05-21T17:30:04.647+0000] {processor.py:183} INFO - Processing /opt/airflow/dags/dbt_model_dag.py took 0.124 seconds
[2025-05-21T17:30:35.063+0000] {processor.py:161} INFO - Started process (PID=25869) to work on /opt/airflow/dags/dbt_model_dag.py
[2025-05-21T17:30:35.065+0000] {processor.py:830} INFO - Processing file /opt/airflow/dags/dbt_model_dag.py for tasks to queue
[2025-05-21T17:30:35.066+0000] {logging_mixin.py:188} INFO - [2025-05-21T17:30:35.066+0000] {dagbag.py:538} INFO - Filling up the DagBag from /opt/airflow/dags/dbt_model_dag.py
[2025-05-21T17:30:35.091+0000] {processor.py:840} INFO - DAG(s) 'run_dbt_models_after_ingestion' retrieved from /opt/airflow/dags/dbt_model_dag.py
[2025-05-21T17:30:35.133+0000] {logging_mixin.py:188} INFO - [2025-05-21T17:30:35.132+0000] {dag.py:3036} INFO - Sync 1 DAGs
[2025-05-21T17:30:35.150+0000] {logging_mixin.py:188} INFO - [2025-05-21T17:30:35.150+0000] {dag.py:3823} INFO - Setting next_dagrun for run_dbt_models_after_ingestion to None, run_after=None
[2025-05-21T17:30:35.165+0000] {processor.py:183} INFO - Processing /opt/airflow/dags/dbt_model_dag.py took 0.114 seconds
[2025-05-21T17:31:05.650+0000] {processor.py:161} INFO - Started process (PID=25879) to work on /opt/airflow/dags/dbt_model_dag.py
[2025-05-21T17:31:05.653+0000] {processor.py:830} INFO - Processing file /opt/airflow/dags/dbt_model_dag.py for tasks to queue
[2025-05-21T17:31:05.655+0000] {logging_mixin.py:188} INFO - [2025-05-21T17:31:05.655+0000] {dagbag.py:538} INFO - Filling up the DagBag from /opt/airflow/dags/dbt_model_dag.py
[2025-05-21T17:31:05.682+0000] {processor.py:840} INFO - DAG(s) 'run_dbt_models_after_ingestion' retrieved from /opt/airflow/dags/dbt_model_dag.py
[2025-05-21T17:31:05.735+0000] {logging_mixin.py:188} INFO - [2025-05-21T17:31:05.735+0000] {dag.py:3036} INFO - Sync 1 DAGs
[2025-05-21T17:31:05.752+0000] {logging_mixin.py:188} INFO - [2025-05-21T17:31:05.752+0000] {dag.py:3823} INFO - Setting next_dagrun for run_dbt_models_after_ingestion to None, run_after=None
[2025-05-21T17:31:05.773+0000] {processor.py:183} INFO - Processing /opt/airflow/dags/dbt_model_dag.py took 0.142 seconds
[2025-05-21T17:31:36.253+0000] {processor.py:161} INFO - Started process (PID=25889) to work on /opt/airflow/dags/dbt_model_dag.py
[2025-05-21T17:31:36.259+0000] {processor.py:830} INFO - Processing file /opt/airflow/dags/dbt_model_dag.py for tasks to queue
[2025-05-21T17:31:36.260+0000] {logging_mixin.py:188} INFO - [2025-05-21T17:31:36.260+0000] {dagbag.py:538} INFO - Filling up the DagBag from /opt/airflow/dags/dbt_model_dag.py
[2025-05-21T17:31:36.288+0000] {processor.py:840} INFO - DAG(s) 'run_dbt_models_after_ingestion' retrieved from /opt/airflow/dags/dbt_model_dag.py
[2025-05-21T17:31:36.342+0000] {logging_mixin.py:188} INFO - [2025-05-21T17:31:36.342+0000] {dag.py:3036} INFO - Sync 1 DAGs
[2025-05-21T17:31:36.358+0000] {logging_mixin.py:188} INFO - [2025-05-21T17:31:36.358+0000] {dag.py:3823} INFO - Setting next_dagrun for run_dbt_models_after_ingestion to None, run_after=None
[2025-05-21T17:31:36.374+0000] {processor.py:183} INFO - Processing /opt/airflow/dags/dbt_model_dag.py took 0.133 seconds
[2025-05-21T17:32:06.850+0000] {processor.py:161} INFO - Started process (PID=25899) to work on /opt/airflow/dags/dbt_model_dag.py
[2025-05-21T17:32:06.855+0000] {processor.py:830} INFO - Processing file /opt/airflow/dags/dbt_model_dag.py for tasks to queue
[2025-05-21T17:32:06.856+0000] {logging_mixin.py:188} INFO - [2025-05-21T17:32:06.856+0000] {dagbag.py:538} INFO - Filling up the DagBag from /opt/airflow/dags/dbt_model_dag.py
[2025-05-21T17:32:06.887+0000] {processor.py:840} INFO - DAG(s) 'run_dbt_models_after_ingestion' retrieved from /opt/airflow/dags/dbt_model_dag.py
[2025-05-21T17:32:06.925+0000] {logging_mixin.py:188} INFO - [2025-05-21T17:32:06.925+0000] {dag.py:3036} INFO - Sync 1 DAGs
[2025-05-21T17:32:06.941+0000] {logging_mixin.py:188} INFO - [2025-05-21T17:32:06.941+0000] {dag.py:3823} INFO - Setting next_dagrun for run_dbt_models_after_ingestion to None, run_after=None
[2025-05-21T17:32:06.956+0000] {processor.py:183} INFO - Processing /opt/airflow/dags/dbt_model_dag.py took 0.122 seconds
[2025-05-21T17:32:37.491+0000] {processor.py:161} INFO - Started process (PID=25909) to work on /opt/airflow/dags/dbt_model_dag.py
[2025-05-21T17:32:37.494+0000] {processor.py:830} INFO - Processing file /opt/airflow/dags/dbt_model_dag.py for tasks to queue
[2025-05-21T17:32:37.496+0000] {logging_mixin.py:188} INFO - [2025-05-21T17:32:37.495+0000] {dagbag.py:538} INFO - Filling up the DagBag from /opt/airflow/dags/dbt_model_dag.py
[2025-05-21T17:32:37.524+0000] {processor.py:840} INFO - DAG(s) 'run_dbt_models_after_ingestion' retrieved from /opt/airflow/dags/dbt_model_dag.py
[2025-05-21T17:32:37.567+0000] {logging_mixin.py:188} INFO - [2025-05-21T17:32:37.567+0000] {dag.py:3036} INFO - Sync 1 DAGs
[2025-05-21T17:32:37.581+0000] {logging_mixin.py:188} INFO - [2025-05-21T17:32:37.581+0000] {dag.py:3823} INFO - Setting next_dagrun for run_dbt_models_after_ingestion to None, run_after=None
[2025-05-21T17:32:37.597+0000] {processor.py:183} INFO - Processing /opt/airflow/dags/dbt_model_dag.py took 0.120 seconds
[2025-05-21T17:33:08.108+0000] {processor.py:161} INFO - Started process (PID=25919) to work on /opt/airflow/dags/dbt_model_dag.py
[2025-05-21T17:33:08.113+0000] {processor.py:830} INFO - Processing file /opt/airflow/dags/dbt_model_dag.py for tasks to queue
[2025-05-21T17:33:08.115+0000] {logging_mixin.py:188} INFO - [2025-05-21T17:33:08.114+0000] {dagbag.py:538} INFO - Filling up the DagBag from /opt/airflow/dags/dbt_model_dag.py
[2025-05-21T17:33:08.143+0000] {processor.py:840} INFO - DAG(s) 'run_dbt_models_after_ingestion' retrieved from /opt/airflow/dags/dbt_model_dag.py
[2025-05-21T17:33:08.187+0000] {logging_mixin.py:188} INFO - [2025-05-21T17:33:08.186+0000] {dag.py:3036} INFO - Sync 1 DAGs
[2025-05-21T17:33:08.205+0000] {logging_mixin.py:188} INFO - [2025-05-21T17:33:08.204+0000] {dag.py:3823} INFO - Setting next_dagrun for run_dbt_models_after_ingestion to None, run_after=None
[2025-05-21T17:33:08.220+0000] {processor.py:183} INFO - Processing /opt/airflow/dags/dbt_model_dag.py took 0.128 seconds
[2025-05-21T17:33:38.761+0000] {processor.py:161} INFO - Started process (PID=25929) to work on /opt/airflow/dags/dbt_model_dag.py
[2025-05-21T17:33:38.764+0000] {processor.py:830} INFO - Processing file /opt/airflow/dags/dbt_model_dag.py for tasks to queue
[2025-05-21T17:33:38.766+0000] {logging_mixin.py:188} INFO - [2025-05-21T17:33:38.765+0000] {dagbag.py:538} INFO - Filling up the DagBag from /opt/airflow/dags/dbt_model_dag.py
[2025-05-21T17:33:38.794+0000] {processor.py:840} INFO - DAG(s) 'run_dbt_models_after_ingestion' retrieved from /opt/airflow/dags/dbt_model_dag.py
[2025-05-21T17:33:38.831+0000] {logging_mixin.py:188} INFO - [2025-05-21T17:33:38.831+0000] {dag.py:3036} INFO - Sync 1 DAGs
[2025-05-21T17:33:38.849+0000] {logging_mixin.py:188} INFO - [2025-05-21T17:33:38.849+0000] {dag.py:3823} INFO - Setting next_dagrun for run_dbt_models_after_ingestion to None, run_after=None
[2025-05-21T17:33:38.866+0000] {processor.py:183} INFO - Processing /opt/airflow/dags/dbt_model_dag.py took 0.121 seconds
[2025-05-21T17:34:09.319+0000] {processor.py:161} INFO - Started process (PID=25939) to work on /opt/airflow/dags/dbt_model_dag.py
[2025-05-21T17:34:09.322+0000] {processor.py:830} INFO - Processing file /opt/airflow/dags/dbt_model_dag.py for tasks to queue
[2025-05-21T17:34:09.324+0000] {logging_mixin.py:188} INFO - [2025-05-21T17:34:09.324+0000] {dagbag.py:538} INFO - Filling up the DagBag from /opt/airflow/dags/dbt_model_dag.py
[2025-05-21T17:34:09.350+0000] {processor.py:840} INFO - DAG(s) 'run_dbt_models_after_ingestion' retrieved from /opt/airflow/dags/dbt_model_dag.py
[2025-05-21T17:34:09.402+0000] {logging_mixin.py:188} INFO - [2025-05-21T17:34:09.402+0000] {dag.py:3036} INFO - Sync 1 DAGs
[2025-05-21T17:34:09.416+0000] {logging_mixin.py:188} INFO - [2025-05-21T17:34:09.416+0000] {dag.py:3823} INFO - Setting next_dagrun for run_dbt_models_after_ingestion to None, run_after=None
[2025-05-21T17:34:09.436+0000] {processor.py:183} INFO - Processing /opt/airflow/dags/dbt_model_dag.py took 0.135 seconds
[2025-05-21T17:34:39.948+0000] {processor.py:161} INFO - Started process (PID=25949) to work on /opt/airflow/dags/dbt_model_dag.py
[2025-05-21T17:34:39.954+0000] {processor.py:830} INFO - Processing file /opt/airflow/dags/dbt_model_dag.py for tasks to queue
[2025-05-21T17:34:39.955+0000] {logging_mixin.py:188} INFO - [2025-05-21T17:34:39.955+0000] {dagbag.py:538} INFO - Filling up the DagBag from /opt/airflow/dags/dbt_model_dag.py
[2025-05-21T17:34:39.991+0000] {processor.py:840} INFO - DAG(s) 'run_dbt_models_after_ingestion' retrieved from /opt/airflow/dags/dbt_model_dag.py
[2025-05-21T17:34:40.041+0000] {logging_mixin.py:188} INFO - [2025-05-21T17:34:40.041+0000] {dag.py:3036} INFO - Sync 1 DAGs
[2025-05-21T17:34:40.058+0000] {logging_mixin.py:188} INFO - [2025-05-21T17:34:40.058+0000] {dag.py:3823} INFO - Setting next_dagrun for run_dbt_models_after_ingestion to None, run_after=None
[2025-05-21T17:34:40.077+0000] {processor.py:183} INFO - Processing /opt/airflow/dags/dbt_model_dag.py took 0.144 seconds
[2025-05-21T17:35:10.582+0000] {processor.py:161} INFO - Started process (PID=25959) to work on /opt/airflow/dags/dbt_model_dag.py
[2025-05-21T17:35:10.584+0000] {processor.py:830} INFO - Processing file /opt/airflow/dags/dbt_model_dag.py for tasks to queue
[2025-05-21T17:35:10.586+0000] {logging_mixin.py:188} INFO - [2025-05-21T17:35:10.585+0000] {dagbag.py:538} INFO - Filling up the DagBag from /opt/airflow/dags/dbt_model_dag.py
[2025-05-21T17:35:10.616+0000] {processor.py:840} INFO - DAG(s) 'run_dbt_models_after_ingestion' retrieved from /opt/airflow/dags/dbt_model_dag.py
[2025-05-21T17:35:10.656+0000] {logging_mixin.py:188} INFO - [2025-05-21T17:35:10.656+0000] {dag.py:3036} INFO - Sync 1 DAGs
[2025-05-21T17:35:10.671+0000] {logging_mixin.py:188} INFO - [2025-05-21T17:35:10.670+0000] {dag.py:3823} INFO - Setting next_dagrun for run_dbt_models_after_ingestion to None, run_after=None
[2025-05-21T17:35:10.688+0000] {processor.py:183} INFO - Processing /opt/airflow/dags/dbt_model_dag.py took 0.122 seconds
[2025-05-21T17:35:41.156+0000] {processor.py:161} INFO - Started process (PID=25969) to work on /opt/airflow/dags/dbt_model_dag.py
[2025-05-21T17:35:41.160+0000] {processor.py:830} INFO - Processing file /opt/airflow/dags/dbt_model_dag.py for tasks to queue
[2025-05-21T17:35:41.162+0000] {logging_mixin.py:188} INFO - [2025-05-21T17:35:41.161+0000] {dagbag.py:538} INFO - Filling up the DagBag from /opt/airflow/dags/dbt_model_dag.py
[2025-05-21T17:35:41.192+0000] {processor.py:840} INFO - DAG(s) 'run_dbt_models_after_ingestion' retrieved from /opt/airflow/dags/dbt_model_dag.py
[2025-05-21T17:35:41.244+0000] {logging_mixin.py:188} INFO - [2025-05-21T17:35:41.244+0000] {dag.py:3036} INFO - Sync 1 DAGs
[2025-05-21T17:35:41.256+0000] {logging_mixin.py:188} INFO - [2025-05-21T17:35:41.256+0000] {dag.py:3823} INFO - Setting next_dagrun for run_dbt_models_after_ingestion to None, run_after=None
[2025-05-21T17:35:41.273+0000] {processor.py:183} INFO - Processing /opt/airflow/dags/dbt_model_dag.py took 0.129 seconds
[2025-05-21T17:36:11.781+0000] {processor.py:161} INFO - Started process (PID=25979) to work on /opt/airflow/dags/dbt_model_dag.py
[2025-05-21T17:36:11.784+0000] {processor.py:830} INFO - Processing file /opt/airflow/dags/dbt_model_dag.py for tasks to queue
[2025-05-21T17:36:11.789+0000] {logging_mixin.py:188} INFO - [2025-05-21T17:36:11.787+0000] {dagbag.py:538} INFO - Filling up the DagBag from /opt/airflow/dags/dbt_model_dag.py
[2025-05-21T17:36:11.817+0000] {processor.py:840} INFO - DAG(s) 'run_dbt_models_after_ingestion' retrieved from /opt/airflow/dags/dbt_model_dag.py
[2025-05-21T17:36:11.863+0000] {logging_mixin.py:188} INFO - [2025-05-21T17:36:11.863+0000] {dag.py:3036} INFO - Sync 1 DAGs
[2025-05-21T17:36:11.878+0000] {logging_mixin.py:188} INFO - [2025-05-21T17:36:11.877+0000] {dag.py:3823} INFO - Setting next_dagrun for run_dbt_models_after_ingestion to None, run_after=None
[2025-05-21T17:36:11.897+0000] {processor.py:183} INFO - Processing /opt/airflow/dags/dbt_model_dag.py took 0.129 seconds
[2025-05-21T17:36:42.418+0000] {processor.py:161} INFO - Started process (PID=25989) to work on /opt/airflow/dags/dbt_model_dag.py
[2025-05-21T17:36:42.421+0000] {processor.py:830} INFO - Processing file /opt/airflow/dags/dbt_model_dag.py for tasks to queue
[2025-05-21T17:36:42.424+0000] {logging_mixin.py:188} INFO - [2025-05-21T17:36:42.423+0000] {dagbag.py:538} INFO - Filling up the DagBag from /opt/airflow/dags/dbt_model_dag.py
[2025-05-21T17:36:42.451+0000] {processor.py:840} INFO - DAG(s) 'run_dbt_models_after_ingestion' retrieved from /opt/airflow/dags/dbt_model_dag.py
[2025-05-21T17:36:42.498+0000] {logging_mixin.py:188} INFO - [2025-05-21T17:36:42.498+0000] {dag.py:3036} INFO - Sync 1 DAGs
[2025-05-21T17:36:42.515+0000] {logging_mixin.py:188} INFO - [2025-05-21T17:36:42.515+0000] {dag.py:3823} INFO - Setting next_dagrun for run_dbt_models_after_ingestion to None, run_after=None
[2025-05-21T17:36:42.537+0000] {processor.py:183} INFO - Processing /opt/airflow/dags/dbt_model_dag.py took 0.132 seconds
[2025-05-21T17:37:13.050+0000] {processor.py:161} INFO - Started process (PID=25999) to work on /opt/airflow/dags/dbt_model_dag.py
[2025-05-21T17:37:13.055+0000] {processor.py:830} INFO - Processing file /opt/airflow/dags/dbt_model_dag.py for tasks to queue
[2025-05-21T17:37:13.056+0000] {logging_mixin.py:188} INFO - [2025-05-21T17:37:13.056+0000] {dagbag.py:538} INFO - Filling up the DagBag from /opt/airflow/dags/dbt_model_dag.py
[2025-05-21T17:37:13.085+0000] {processor.py:840} INFO - DAG(s) 'run_dbt_models_after_ingestion' retrieved from /opt/airflow/dags/dbt_model_dag.py
[2025-05-21T17:37:13.132+0000] {logging_mixin.py:188} INFO - [2025-05-21T17:37:13.132+0000] {dag.py:3036} INFO - Sync 1 DAGs
[2025-05-21T17:37:13.146+0000] {logging_mixin.py:188} INFO - [2025-05-21T17:37:13.146+0000] {dag.py:3823} INFO - Setting next_dagrun for run_dbt_models_after_ingestion to None, run_after=None
[2025-05-21T17:37:13.163+0000] {processor.py:183} INFO - Processing /opt/airflow/dags/dbt_model_dag.py took 0.125 seconds
[2025-05-21T17:37:43.688+0000] {processor.py:161} INFO - Started process (PID=26009) to work on /opt/airflow/dags/dbt_model_dag.py
[2025-05-21T17:37:43.690+0000] {processor.py:830} INFO - Processing file /opt/airflow/dags/dbt_model_dag.py for tasks to queue
[2025-05-21T17:37:43.691+0000] {logging_mixin.py:188} INFO - [2025-05-21T17:37:43.690+0000] {dagbag.py:538} INFO - Filling up the DagBag from /opt/airflow/dags/dbt_model_dag.py
[2025-05-21T17:37:43.718+0000] {processor.py:840} INFO - DAG(s) 'run_dbt_models_after_ingestion' retrieved from /opt/airflow/dags/dbt_model_dag.py
[2025-05-21T17:37:43.762+0000] {logging_mixin.py:188} INFO - [2025-05-21T17:37:43.762+0000] {dag.py:3036} INFO - Sync 1 DAGs
[2025-05-21T17:37:43.778+0000] {logging_mixin.py:188} INFO - [2025-05-21T17:37:43.778+0000] {dag.py:3823} INFO - Setting next_dagrun for run_dbt_models_after_ingestion to None, run_after=None
[2025-05-21T17:37:43.793+0000] {processor.py:183} INFO - Processing /opt/airflow/dags/dbt_model_dag.py took 0.122 seconds
[2025-05-21T17:38:14.236+0000] {processor.py:161} INFO - Started process (PID=26019) to work on /opt/airflow/dags/dbt_model_dag.py
[2025-05-21T17:38:14.238+0000] {processor.py:830} INFO - Processing file /opt/airflow/dags/dbt_model_dag.py for tasks to queue
[2025-05-21T17:38:14.242+0000] {logging_mixin.py:188} INFO - [2025-05-21T17:38:14.240+0000] {dagbag.py:538} INFO - Filling up the DagBag from /opt/airflow/dags/dbt_model_dag.py
[2025-05-21T17:38:14.271+0000] {processor.py:840} INFO - DAG(s) 'run_dbt_models_after_ingestion' retrieved from /opt/airflow/dags/dbt_model_dag.py
[2025-05-21T17:38:14.320+0000] {logging_mixin.py:188} INFO - [2025-05-21T17:38:14.320+0000] {dag.py:3036} INFO - Sync 1 DAGs
[2025-05-21T17:38:14.333+0000] {logging_mixin.py:188} INFO - [2025-05-21T17:38:14.333+0000] {dag.py:3823} INFO - Setting next_dagrun for run_dbt_models_after_ingestion to None, run_after=None
[2025-05-21T17:38:14.351+0000] {processor.py:183} INFO - Processing /opt/airflow/dags/dbt_model_dag.py took 0.128 seconds
[2025-05-21T17:38:44.868+0000] {processor.py:161} INFO - Started process (PID=26029) to work on /opt/airflow/dags/dbt_model_dag.py
[2025-05-21T17:38:44.872+0000] {processor.py:830} INFO - Processing file /opt/airflow/dags/dbt_model_dag.py for tasks to queue
[2025-05-21T17:38:44.874+0000] {logging_mixin.py:188} INFO - [2025-05-21T17:38:44.874+0000] {dagbag.py:538} INFO - Filling up the DagBag from /opt/airflow/dags/dbt_model_dag.py
[2025-05-21T17:38:44.906+0000] {processor.py:840} INFO - DAG(s) 'run_dbt_models_after_ingestion' retrieved from /opt/airflow/dags/dbt_model_dag.py
[2025-05-21T17:38:44.952+0000] {logging_mixin.py:188} INFO - [2025-05-21T17:38:44.952+0000] {dag.py:3036} INFO - Sync 1 DAGs
[2025-05-21T17:38:44.967+0000] {logging_mixin.py:188} INFO - [2025-05-21T17:38:44.967+0000] {dag.py:3823} INFO - Setting next_dagrun for run_dbt_models_after_ingestion to None, run_after=None
[2025-05-21T17:38:44.983+0000] {processor.py:183} INFO - Processing /opt/airflow/dags/dbt_model_dag.py took 0.127 seconds
[2025-05-21T17:39:15.487+0000] {processor.py:161} INFO - Started process (PID=26039) to work on /opt/airflow/dags/dbt_model_dag.py
[2025-05-21T17:39:15.489+0000] {processor.py:830} INFO - Processing file /opt/airflow/dags/dbt_model_dag.py for tasks to queue
[2025-05-21T17:39:15.491+0000] {logging_mixin.py:188} INFO - [2025-05-21T17:39:15.490+0000] {dagbag.py:538} INFO - Filling up the DagBag from /opt/airflow/dags/dbt_model_dag.py
[2025-05-21T17:39:15.519+0000] {processor.py:840} INFO - DAG(s) 'run_dbt_models_after_ingestion' retrieved from /opt/airflow/dags/dbt_model_dag.py
[2025-05-21T17:39:15.569+0000] {logging_mixin.py:188} INFO - [2025-05-21T17:39:15.568+0000] {dag.py:3036} INFO - Sync 1 DAGs
[2025-05-21T17:39:15.584+0000] {logging_mixin.py:188} INFO - [2025-05-21T17:39:15.584+0000] {dag.py:3823} INFO - Setting next_dagrun for run_dbt_models_after_ingestion to None, run_after=None
[2025-05-21T17:39:15.599+0000] {processor.py:183} INFO - Processing /opt/airflow/dags/dbt_model_dag.py took 0.129 seconds
[2025-05-21T17:39:46.127+0000] {processor.py:161} INFO - Started process (PID=26049) to work on /opt/airflow/dags/dbt_model_dag.py
[2025-05-21T17:39:46.132+0000] {processor.py:830} INFO - Processing file /opt/airflow/dags/dbt_model_dag.py for tasks to queue
[2025-05-21T17:39:46.134+0000] {logging_mixin.py:188} INFO - [2025-05-21T17:39:46.133+0000] {dagbag.py:538} INFO - Filling up the DagBag from /opt/airflow/dags/dbt_model_dag.py
[2025-05-21T17:39:46.165+0000] {processor.py:840} INFO - DAG(s) 'run_dbt_models_after_ingestion' retrieved from /opt/airflow/dags/dbt_model_dag.py
[2025-05-21T17:39:46.213+0000] {logging_mixin.py:188} INFO - [2025-05-21T17:39:46.213+0000] {dag.py:3036} INFO - Sync 1 DAGs
[2025-05-21T17:39:46.229+0000] {logging_mixin.py:188} INFO - [2025-05-21T17:39:46.228+0000] {dag.py:3823} INFO - Setting next_dagrun for run_dbt_models_after_ingestion to None, run_after=None
[2025-05-21T17:39:46.249+0000] {processor.py:183} INFO - Processing /opt/airflow/dags/dbt_model_dag.py took 0.132 seconds
[2025-05-21T17:40:16.755+0000] {processor.py:161} INFO - Started process (PID=26059) to work on /opt/airflow/dags/dbt_model_dag.py
[2025-05-21T17:40:16.760+0000] {processor.py:830} INFO - Processing file /opt/airflow/dags/dbt_model_dag.py for tasks to queue
[2025-05-21T17:40:16.761+0000] {logging_mixin.py:188} INFO - [2025-05-21T17:40:16.761+0000] {dagbag.py:538} INFO - Filling up the DagBag from /opt/airflow/dags/dbt_model_dag.py
[2025-05-21T17:40:16.789+0000] {processor.py:840} INFO - DAG(s) 'run_dbt_models_after_ingestion' retrieved from /opt/airflow/dags/dbt_model_dag.py
[2025-05-21T17:40:16.832+0000] {logging_mixin.py:188} INFO - [2025-05-21T17:40:16.832+0000] {dag.py:3036} INFO - Sync 1 DAGs
[2025-05-21T17:40:16.845+0000] {logging_mixin.py:188} INFO - [2025-05-21T17:40:16.845+0000] {dag.py:3823} INFO - Setting next_dagrun for run_dbt_models_after_ingestion to None, run_after=None
[2025-05-21T17:40:16.861+0000] {processor.py:183} INFO - Processing /opt/airflow/dags/dbt_model_dag.py took 0.117 seconds
[2025-05-21T17:40:47.378+0000] {processor.py:161} INFO - Started process (PID=26069) to work on /opt/airflow/dags/dbt_model_dag.py
[2025-05-21T17:40:47.383+0000] {processor.py:830} INFO - Processing file /opt/airflow/dags/dbt_model_dag.py for tasks to queue
[2025-05-21T17:40:47.385+0000] {logging_mixin.py:188} INFO - [2025-05-21T17:40:47.385+0000] {dagbag.py:538} INFO - Filling up the DagBag from /opt/airflow/dags/dbt_model_dag.py
[2025-05-21T17:40:47.411+0000] {processor.py:840} INFO - DAG(s) 'run_dbt_models_after_ingestion' retrieved from /opt/airflow/dags/dbt_model_dag.py
[2025-05-21T17:40:47.452+0000] {logging_mixin.py:188} INFO - [2025-05-21T17:40:47.452+0000] {dag.py:3036} INFO - Sync 1 DAGs
[2025-05-21T17:40:47.466+0000] {logging_mixin.py:188} INFO - [2025-05-21T17:40:47.466+0000] {dag.py:3823} INFO - Setting next_dagrun for run_dbt_models_after_ingestion to None, run_after=None
[2025-05-21T17:40:47.481+0000] {processor.py:183} INFO - Processing /opt/airflow/dags/dbt_model_dag.py took 0.123 seconds
[2025-05-21T17:41:17.995+0000] {processor.py:161} INFO - Started process (PID=26079) to work on /opt/airflow/dags/dbt_model_dag.py
[2025-05-21T17:41:17.998+0000] {processor.py:830} INFO - Processing file /opt/airflow/dags/dbt_model_dag.py for tasks to queue
[2025-05-21T17:41:17.999+0000] {logging_mixin.py:188} INFO - [2025-05-21T17:41:17.999+0000] {dagbag.py:538} INFO - Filling up the DagBag from /opt/airflow/dags/dbt_model_dag.py
[2025-05-21T17:41:18.024+0000] {processor.py:840} INFO - DAG(s) 'run_dbt_models_after_ingestion' retrieved from /opt/airflow/dags/dbt_model_dag.py
[2025-05-21T17:41:18.071+0000] {logging_mixin.py:188} INFO - [2025-05-21T17:41:18.071+0000] {dag.py:3036} INFO - Sync 1 DAGs
[2025-05-21T17:41:18.086+0000] {logging_mixin.py:188} INFO - [2025-05-21T17:41:18.086+0000] {dag.py:3823} INFO - Setting next_dagrun for run_dbt_models_after_ingestion to None, run_after=None
[2025-05-21T17:41:18.100+0000] {processor.py:183} INFO - Processing /opt/airflow/dags/dbt_model_dag.py took 0.115 seconds
[2025-05-21T17:41:48.600+0000] {processor.py:161} INFO - Started process (PID=26089) to work on /opt/airflow/dags/dbt_model_dag.py
[2025-05-21T17:41:48.603+0000] {processor.py:830} INFO - Processing file /opt/airflow/dags/dbt_model_dag.py for tasks to queue
[2025-05-21T17:41:48.604+0000] {logging_mixin.py:188} INFO - [2025-05-21T17:41:48.604+0000] {dagbag.py:538} INFO - Filling up the DagBag from /opt/airflow/dags/dbt_model_dag.py
[2025-05-21T17:41:48.634+0000] {processor.py:840} INFO - DAG(s) 'run_dbt_models_after_ingestion' retrieved from /opt/airflow/dags/dbt_model_dag.py
[2025-05-21T17:41:48.673+0000] {logging_mixin.py:188} INFO - [2025-05-21T17:41:48.673+0000] {dag.py:3036} INFO - Sync 1 DAGs
[2025-05-21T17:41:48.687+0000] {logging_mixin.py:188} INFO - [2025-05-21T17:41:48.687+0000] {dag.py:3823} INFO - Setting next_dagrun for run_dbt_models_after_ingestion to None, run_after=None
[2025-05-21T17:41:48.704+0000] {processor.py:183} INFO - Processing /opt/airflow/dags/dbt_model_dag.py took 0.116 seconds
[2025-05-21T17:42:19.215+0000] {processor.py:161} INFO - Started process (PID=26099) to work on /opt/airflow/dags/dbt_model_dag.py
[2025-05-21T17:42:19.219+0000] {processor.py:830} INFO - Processing file /opt/airflow/dags/dbt_model_dag.py for tasks to queue
[2025-05-21T17:42:19.221+0000] {logging_mixin.py:188} INFO - [2025-05-21T17:42:19.220+0000] {dagbag.py:538} INFO - Filling up the DagBag from /opt/airflow/dags/dbt_model_dag.py
[2025-05-21T17:42:19.248+0000] {processor.py:840} INFO - DAG(s) 'run_dbt_models_after_ingestion' retrieved from /opt/airflow/dags/dbt_model_dag.py
[2025-05-21T17:42:19.289+0000] {logging_mixin.py:188} INFO - [2025-05-21T17:42:19.289+0000] {dag.py:3036} INFO - Sync 1 DAGs
[2025-05-21T17:42:19.306+0000] {logging_mixin.py:188} INFO - [2025-05-21T17:42:19.305+0000] {dag.py:3823} INFO - Setting next_dagrun for run_dbt_models_after_ingestion to None, run_after=None
[2025-05-21T17:42:19.322+0000] {processor.py:183} INFO - Processing /opt/airflow/dags/dbt_model_dag.py took 0.121 seconds
[2025-05-21T17:42:49.809+0000] {processor.py:161} INFO - Started process (PID=26109) to work on /opt/airflow/dags/dbt_model_dag.py
[2025-05-21T17:42:49.810+0000] {processor.py:830} INFO - Processing file /opt/airflow/dags/dbt_model_dag.py for tasks to queue
[2025-05-21T17:42:49.812+0000] {logging_mixin.py:188} INFO - [2025-05-21T17:42:49.812+0000] {dagbag.py:538} INFO - Filling up the DagBag from /opt/airflow/dags/dbt_model_dag.py
[2025-05-21T17:42:49.841+0000] {processor.py:840} INFO - DAG(s) 'run_dbt_models_after_ingestion' retrieved from /opt/airflow/dags/dbt_model_dag.py
[2025-05-21T17:42:49.879+0000] {logging_mixin.py:188} INFO - [2025-05-21T17:42:49.879+0000] {dag.py:3036} INFO - Sync 1 DAGs
[2025-05-21T17:42:49.893+0000] {logging_mixin.py:188} INFO - [2025-05-21T17:42:49.893+0000] {dag.py:3823} INFO - Setting next_dagrun for run_dbt_models_after_ingestion to None, run_after=None
[2025-05-21T17:42:49.905+0000] {processor.py:183} INFO - Processing /opt/airflow/dags/dbt_model_dag.py took 0.102 seconds
[2025-05-21T17:43:20.433+0000] {processor.py:161} INFO - Started process (PID=26119) to work on /opt/airflow/dags/dbt_model_dag.py
[2025-05-21T17:43:20.435+0000] {processor.py:830} INFO - Processing file /opt/airflow/dags/dbt_model_dag.py for tasks to queue
[2025-05-21T17:43:20.437+0000] {logging_mixin.py:188} INFO - [2025-05-21T17:43:20.436+0000] {dagbag.py:538} INFO - Filling up the DagBag from /opt/airflow/dags/dbt_model_dag.py
[2025-05-21T17:43:20.470+0000] {processor.py:840} INFO - DAG(s) 'run_dbt_models_after_ingestion' retrieved from /opt/airflow/dags/dbt_model_dag.py
[2025-05-21T17:43:20.517+0000] {logging_mixin.py:188} INFO - [2025-05-21T17:43:20.517+0000] {dag.py:3036} INFO - Sync 1 DAGs
[2025-05-21T17:43:20.540+0000] {logging_mixin.py:188} INFO - [2025-05-21T17:43:20.540+0000] {dag.py:3823} INFO - Setting next_dagrun for run_dbt_models_after_ingestion to None, run_after=None
[2025-05-21T17:43:20.555+0000] {processor.py:183} INFO - Processing /opt/airflow/dags/dbt_model_dag.py took 0.140 seconds
[2025-05-21T17:43:51.055+0000] {processor.py:161} INFO - Started process (PID=26129) to work on /opt/airflow/dags/dbt_model_dag.py
[2025-05-21T17:43:51.058+0000] {processor.py:830} INFO - Processing file /opt/airflow/dags/dbt_model_dag.py for tasks to queue
[2025-05-21T17:43:51.062+0000] {logging_mixin.py:188} INFO - [2025-05-21T17:43:51.060+0000] {dagbag.py:538} INFO - Filling up the DagBag from /opt/airflow/dags/dbt_model_dag.py
[2025-05-21T17:43:51.090+0000] {processor.py:840} INFO - DAG(s) 'run_dbt_models_after_ingestion' retrieved from /opt/airflow/dags/dbt_model_dag.py
[2025-05-21T17:43:51.134+0000] {logging_mixin.py:188} INFO - [2025-05-21T17:43:51.134+0000] {dag.py:3036} INFO - Sync 1 DAGs
[2025-05-21T17:43:51.146+0000] {logging_mixin.py:188} INFO - [2025-05-21T17:43:51.146+0000] {dag.py:3823} INFO - Setting next_dagrun for run_dbt_models_after_ingestion to None, run_after=None
[2025-05-21T17:43:51.163+0000] {processor.py:183} INFO - Processing /opt/airflow/dags/dbt_model_dag.py took 0.124 seconds
[2025-05-21T17:44:21.695+0000] {processor.py:161} INFO - Started process (PID=26139) to work on /opt/airflow/dags/dbt_model_dag.py
[2025-05-21T17:44:21.698+0000] {processor.py:830} INFO - Processing file /opt/airflow/dags/dbt_model_dag.py for tasks to queue
[2025-05-21T17:44:21.700+0000] {logging_mixin.py:188} INFO - [2025-05-21T17:44:21.699+0000] {dagbag.py:538} INFO - Filling up the DagBag from /opt/airflow/dags/dbt_model_dag.py
[2025-05-21T17:44:21.733+0000] {processor.py:840} INFO - DAG(s) 'run_dbt_models_after_ingestion' retrieved from /opt/airflow/dags/dbt_model_dag.py
[2025-05-21T17:44:21.774+0000] {logging_mixin.py:188} INFO - [2025-05-21T17:44:21.774+0000] {dag.py:3036} INFO - Sync 1 DAGs
[2025-05-21T17:44:21.789+0000] {logging_mixin.py:188} INFO - [2025-05-21T17:44:21.789+0000] {dag.py:3823} INFO - Setting next_dagrun for run_dbt_models_after_ingestion to None, run_after=None
[2025-05-21T17:44:21.810+0000] {processor.py:183} INFO - Processing /opt/airflow/dags/dbt_model_dag.py took 0.127 seconds
[2025-05-21T17:44:52.303+0000] {processor.py:161} INFO - Started process (PID=26149) to work on /opt/airflow/dags/dbt_model_dag.py
[2025-05-21T17:44:52.307+0000] {processor.py:830} INFO - Processing file /opt/airflow/dags/dbt_model_dag.py for tasks to queue
[2025-05-21T17:44:52.308+0000] {logging_mixin.py:188} INFO - [2025-05-21T17:44:52.308+0000] {dagbag.py:538} INFO - Filling up the DagBag from /opt/airflow/dags/dbt_model_dag.py
[2025-05-21T17:44:52.335+0000] {processor.py:840} INFO - DAG(s) 'run_dbt_models_after_ingestion' retrieved from /opt/airflow/dags/dbt_model_dag.py
[2025-05-21T17:44:52.382+0000] {logging_mixin.py:188} INFO - [2025-05-21T17:44:52.382+0000] {dag.py:3036} INFO - Sync 1 DAGs
[2025-05-21T17:44:52.401+0000] {logging_mixin.py:188} INFO - [2025-05-21T17:44:52.401+0000] {dag.py:3823} INFO - Setting next_dagrun for run_dbt_models_after_ingestion to None, run_after=None
[2025-05-21T17:44:52.417+0000] {processor.py:183} INFO - Processing /opt/airflow/dags/dbt_model_dag.py took 0.127 seconds
[2025-05-21T17:45:22.901+0000] {processor.py:161} INFO - Started process (PID=26159) to work on /opt/airflow/dags/dbt_model_dag.py
[2025-05-21T17:45:22.904+0000] {processor.py:830} INFO - Processing file /opt/airflow/dags/dbt_model_dag.py for tasks to queue
[2025-05-21T17:45:22.905+0000] {logging_mixin.py:188} INFO - [2025-05-21T17:45:22.905+0000] {dagbag.py:538} INFO - Filling up the DagBag from /opt/airflow/dags/dbt_model_dag.py
[2025-05-21T17:45:22.931+0000] {processor.py:840} INFO - DAG(s) 'run_dbt_models_after_ingestion' retrieved from /opt/airflow/dags/dbt_model_dag.py
[2025-05-21T17:45:22.974+0000] {logging_mixin.py:188} INFO - [2025-05-21T17:45:22.974+0000] {dag.py:3036} INFO - Sync 1 DAGs
[2025-05-21T17:45:22.989+0000] {logging_mixin.py:188} INFO - [2025-05-21T17:45:22.988+0000] {dag.py:3823} INFO - Setting next_dagrun for run_dbt_models_after_ingestion to None, run_after=None
[2025-05-21T17:45:23.003+0000] {processor.py:183} INFO - Processing /opt/airflow/dags/dbt_model_dag.py took 0.121 seconds
[2025-05-21T17:45:53.540+0000] {processor.py:161} INFO - Started process (PID=26169) to work on /opt/airflow/dags/dbt_model_dag.py
[2025-05-21T17:45:53.547+0000] {processor.py:830} INFO - Processing file /opt/airflow/dags/dbt_model_dag.py for tasks to queue
[2025-05-21T17:45:53.550+0000] {logging_mixin.py:188} INFO - [2025-05-21T17:45:53.549+0000] {dagbag.py:538} INFO - Filling up the DagBag from /opt/airflow/dags/dbt_model_dag.py
[2025-05-21T17:45:53.579+0000] {processor.py:840} INFO - DAG(s) 'run_dbt_models_after_ingestion' retrieved from /opt/airflow/dags/dbt_model_dag.py
[2025-05-21T17:45:53.623+0000] {logging_mixin.py:188} INFO - [2025-05-21T17:45:53.623+0000] {dag.py:3036} INFO - Sync 1 DAGs
[2025-05-21T17:45:53.642+0000] {logging_mixin.py:188} INFO - [2025-05-21T17:45:53.642+0000] {dag.py:3823} INFO - Setting next_dagrun for run_dbt_models_after_ingestion to None, run_after=None
[2025-05-21T17:45:53.658+0000] {processor.py:183} INFO - Processing /opt/airflow/dags/dbt_model_dag.py took 0.132 seconds
[2025-05-21T17:46:24.174+0000] {processor.py:161} INFO - Started process (PID=26179) to work on /opt/airflow/dags/dbt_model_dag.py
[2025-05-21T17:46:24.177+0000] {processor.py:830} INFO - Processing file /opt/airflow/dags/dbt_model_dag.py for tasks to queue
[2025-05-21T17:46:24.179+0000] {logging_mixin.py:188} INFO - [2025-05-21T17:46:24.179+0000] {dagbag.py:538} INFO - Filling up the DagBag from /opt/airflow/dags/dbt_model_dag.py
[2025-05-21T17:46:24.207+0000] {processor.py:840} INFO - DAG(s) 'run_dbt_models_after_ingestion' retrieved from /opt/airflow/dags/dbt_model_dag.py
[2025-05-21T17:46:24.254+0000] {logging_mixin.py:188} INFO - [2025-05-21T17:46:24.254+0000] {dag.py:3036} INFO - Sync 1 DAGs
[2025-05-21T17:46:24.268+0000] {logging_mixin.py:188} INFO - [2025-05-21T17:46:24.267+0000] {dag.py:3823} INFO - Setting next_dagrun for run_dbt_models_after_ingestion to None, run_after=None
[2025-05-21T17:46:24.284+0000] {processor.py:183} INFO - Processing /opt/airflow/dags/dbt_model_dag.py took 0.122 seconds
[2025-05-21T17:46:54.728+0000] {processor.py:161} INFO - Started process (PID=26189) to work on /opt/airflow/dags/dbt_model_dag.py
[2025-05-21T17:46:54.733+0000] {processor.py:830} INFO - Processing file /opt/airflow/dags/dbt_model_dag.py for tasks to queue
[2025-05-21T17:46:54.736+0000] {logging_mixin.py:188} INFO - [2025-05-21T17:46:54.735+0000] {dagbag.py:538} INFO - Filling up the DagBag from /opt/airflow/dags/dbt_model_dag.py
[2025-05-21T17:46:54.761+0000] {processor.py:840} INFO - DAG(s) 'run_dbt_models_after_ingestion' retrieved from /opt/airflow/dags/dbt_model_dag.py
[2025-05-21T17:46:54.800+0000] {logging_mixin.py:188} INFO - [2025-05-21T17:46:54.800+0000] {dag.py:3036} INFO - Sync 1 DAGs
[2025-05-21T17:46:54.816+0000] {logging_mixin.py:188} INFO - [2025-05-21T17:46:54.816+0000] {dag.py:3823} INFO - Setting next_dagrun for run_dbt_models_after_ingestion to None, run_after=None
[2025-05-21T17:46:54.835+0000] {processor.py:183} INFO - Processing /opt/airflow/dags/dbt_model_dag.py took 0.121 seconds
[2025-05-21T17:47:25.381+0000] {processor.py:161} INFO - Started process (PID=26199) to work on /opt/airflow/dags/dbt_model_dag.py
[2025-05-21T17:47:25.386+0000] {processor.py:830} INFO - Processing file /opt/airflow/dags/dbt_model_dag.py for tasks to queue
[2025-05-21T17:47:25.389+0000] {logging_mixin.py:188} INFO - [2025-05-21T17:47:25.387+0000] {dagbag.py:538} INFO - Filling up the DagBag from /opt/airflow/dags/dbt_model_dag.py
[2025-05-21T17:47:25.418+0000] {processor.py:840} INFO - DAG(s) 'run_dbt_models_after_ingestion' retrieved from /opt/airflow/dags/dbt_model_dag.py
[2025-05-21T17:47:25.461+0000] {logging_mixin.py:188} INFO - [2025-05-21T17:47:25.461+0000] {dag.py:3036} INFO - Sync 1 DAGs
[2025-05-21T17:47:25.476+0000] {logging_mixin.py:188} INFO - [2025-05-21T17:47:25.476+0000] {dag.py:3823} INFO - Setting next_dagrun for run_dbt_models_after_ingestion to None, run_after=None
[2025-05-21T17:47:25.495+0000] {processor.py:183} INFO - Processing /opt/airflow/dags/dbt_model_dag.py took 0.130 seconds
[2025-05-21T17:47:56.066+0000] {processor.py:161} INFO - Started process (PID=26209) to work on /opt/airflow/dags/dbt_model_dag.py
[2025-05-21T17:47:56.067+0000] {processor.py:830} INFO - Processing file /opt/airflow/dags/dbt_model_dag.py for tasks to queue
[2025-05-21T17:47:56.069+0000] {logging_mixin.py:188} INFO - [2025-05-21T17:47:56.069+0000] {dagbag.py:538} INFO - Filling up the DagBag from /opt/airflow/dags/dbt_model_dag.py
[2025-05-21T17:47:56.095+0000] {processor.py:840} INFO - DAG(s) 'run_dbt_models_after_ingestion' retrieved from /opt/airflow/dags/dbt_model_dag.py
[2025-05-21T17:47:56.133+0000] {logging_mixin.py:188} INFO - [2025-05-21T17:47:56.133+0000] {dag.py:3036} INFO - Sync 1 DAGs
[2025-05-21T17:47:56.149+0000] {logging_mixin.py:188} INFO - [2025-05-21T17:47:56.149+0000] {dag.py:3823} INFO - Setting next_dagrun for run_dbt_models_after_ingestion to None, run_after=None
[2025-05-21T17:47:56.166+0000] {processor.py:183} INFO - Processing /opt/airflow/dags/dbt_model_dag.py took 0.111 seconds
[2025-05-21T17:48:26.675+0000] {processor.py:161} INFO - Started process (PID=26219) to work on /opt/airflow/dags/dbt_model_dag.py
[2025-05-21T17:48:26.679+0000] {processor.py:830} INFO - Processing file /opt/airflow/dags/dbt_model_dag.py for tasks to queue
[2025-05-21T17:48:26.681+0000] {logging_mixin.py:188} INFO - [2025-05-21T17:48:26.681+0000] {dagbag.py:538} INFO - Filling up the DagBag from /opt/airflow/dags/dbt_model_dag.py
[2025-05-21T17:48:26.711+0000] {processor.py:840} INFO - DAG(s) 'run_dbt_models_after_ingestion' retrieved from /opt/airflow/dags/dbt_model_dag.py
[2025-05-21T17:48:26.753+0000] {logging_mixin.py:188} INFO - [2025-05-21T17:48:26.753+0000] {dag.py:3036} INFO - Sync 1 DAGs
[2025-05-21T17:48:26.769+0000] {logging_mixin.py:188} INFO - [2025-05-21T17:48:26.768+0000] {dag.py:3823} INFO - Setting next_dagrun for run_dbt_models_after_ingestion to None, run_after=None
[2025-05-21T17:48:26.783+0000] {processor.py:183} INFO - Processing /opt/airflow/dags/dbt_model_dag.py took 0.120 seconds
[2025-05-21T17:48:57.338+0000] {processor.py:161} INFO - Started process (PID=26229) to work on /opt/airflow/dags/dbt_model_dag.py
[2025-05-21T17:48:57.341+0000] {processor.py:830} INFO - Processing file /opt/airflow/dags/dbt_model_dag.py for tasks to queue
[2025-05-21T17:48:57.343+0000] {logging_mixin.py:188} INFO - [2025-05-21T17:48:57.342+0000] {dagbag.py:538} INFO - Filling up the DagBag from /opt/airflow/dags/dbt_model_dag.py
[2025-05-21T17:48:57.373+0000] {processor.py:840} INFO - DAG(s) 'run_dbt_models_after_ingestion' retrieved from /opt/airflow/dags/dbt_model_dag.py
[2025-05-21T17:48:57.416+0000] {logging_mixin.py:188} INFO - [2025-05-21T17:48:57.416+0000] {dag.py:3036} INFO - Sync 1 DAGs
[2025-05-21T17:48:57.429+0000] {logging_mixin.py:188} INFO - [2025-05-21T17:48:57.429+0000] {dag.py:3823} INFO - Setting next_dagrun for run_dbt_models_after_ingestion to None, run_after=None
[2025-05-21T17:48:57.445+0000] {processor.py:183} INFO - Processing /opt/airflow/dags/dbt_model_dag.py took 0.124 seconds
[2025-05-21T17:49:27.958+0000] {processor.py:161} INFO - Started process (PID=26239) to work on /opt/airflow/dags/dbt_model_dag.py
[2025-05-21T17:49:27.960+0000] {processor.py:830} INFO - Processing file /opt/airflow/dags/dbt_model_dag.py for tasks to queue
[2025-05-21T17:49:27.962+0000] {logging_mixin.py:188} INFO - [2025-05-21T17:49:27.961+0000] {dagbag.py:538} INFO - Filling up the DagBag from /opt/airflow/dags/dbt_model_dag.py
[2025-05-21T17:49:27.991+0000] {processor.py:840} INFO - DAG(s) 'run_dbt_models_after_ingestion' retrieved from /opt/airflow/dags/dbt_model_dag.py
[2025-05-21T17:49:28.034+0000] {logging_mixin.py:188} INFO - [2025-05-21T17:49:28.033+0000] {dag.py:3036} INFO - Sync 1 DAGs
[2025-05-21T17:49:28.054+0000] {logging_mixin.py:188} INFO - [2025-05-21T17:49:28.053+0000] {dag.py:3823} INFO - Setting next_dagrun for run_dbt_models_after_ingestion to None, run_after=None
[2025-05-21T17:49:28.072+0000] {processor.py:183} INFO - Processing /opt/airflow/dags/dbt_model_dag.py took 0.130 seconds
[2025-05-21T17:49:58.542+0000] {processor.py:161} INFO - Started process (PID=26249) to work on /opt/airflow/dags/dbt_model_dag.py
[2025-05-21T17:49:58.544+0000] {processor.py:830} INFO - Processing file /opt/airflow/dags/dbt_model_dag.py for tasks to queue
[2025-05-21T17:49:58.545+0000] {logging_mixin.py:188} INFO - [2025-05-21T17:49:58.545+0000] {dagbag.py:538} INFO - Filling up the DagBag from /opt/airflow/dags/dbt_model_dag.py
[2025-05-21T17:49:58.572+0000] {processor.py:840} INFO - DAG(s) 'run_dbt_models_after_ingestion' retrieved from /opt/airflow/dags/dbt_model_dag.py
[2025-05-21T17:49:58.615+0000] {logging_mixin.py:188} INFO - [2025-05-21T17:49:58.615+0000] {dag.py:3036} INFO - Sync 1 DAGs
[2025-05-21T17:49:58.630+0000] {logging_mixin.py:188} INFO - [2025-05-21T17:49:58.629+0000] {dag.py:3823} INFO - Setting next_dagrun for run_dbt_models_after_ingestion to None, run_after=None
[2025-05-21T17:49:58.645+0000] {processor.py:183} INFO - Processing /opt/airflow/dags/dbt_model_dag.py took 0.117 seconds
[2025-05-21T17:50:29.195+0000] {processor.py:161} INFO - Started process (PID=26259) to work on /opt/airflow/dags/dbt_model_dag.py
[2025-05-21T17:50:29.198+0000] {processor.py:830} INFO - Processing file /opt/airflow/dags/dbt_model_dag.py for tasks to queue
[2025-05-21T17:50:29.199+0000] {logging_mixin.py:188} INFO - [2025-05-21T17:50:29.199+0000] {dagbag.py:538} INFO - Filling up the DagBag from /opt/airflow/dags/dbt_model_dag.py
[2025-05-21T17:50:29.225+0000] {processor.py:840} INFO - DAG(s) 'run_dbt_models_after_ingestion' retrieved from /opt/airflow/dags/dbt_model_dag.py
[2025-05-21T17:50:29.271+0000] {logging_mixin.py:188} INFO - [2025-05-21T17:50:29.271+0000] {dag.py:3036} INFO - Sync 1 DAGs
[2025-05-21T17:50:29.286+0000] {logging_mixin.py:188} INFO - [2025-05-21T17:50:29.286+0000] {dag.py:3823} INFO - Setting next_dagrun for run_dbt_models_after_ingestion to None, run_after=None
[2025-05-21T17:50:29.302+0000] {processor.py:183} INFO - Processing /opt/airflow/dags/dbt_model_dag.py took 0.122 seconds
[2025-05-21T17:50:59.852+0000] {processor.py:161} INFO - Started process (PID=26269) to work on /opt/airflow/dags/dbt_model_dag.py
[2025-05-21T17:50:59.855+0000] {processor.py:830} INFO - Processing file /opt/airflow/dags/dbt_model_dag.py for tasks to queue
[2025-05-21T17:50:59.858+0000] {logging_mixin.py:188} INFO - [2025-05-21T17:50:59.858+0000] {dagbag.py:538} INFO - Filling up the DagBag from /opt/airflow/dags/dbt_model_dag.py
[2025-05-21T17:50:59.879+0000] {processor.py:840} INFO - DAG(s) 'run_dbt_models_after_ingestion' retrieved from /opt/airflow/dags/dbt_model_dag.py
[2025-05-21T17:50:59.928+0000] {logging_mixin.py:188} INFO - [2025-05-21T17:50:59.927+0000] {dag.py:3036} INFO - Sync 1 DAGs
[2025-05-21T17:50:59.940+0000] {logging_mixin.py:188} INFO - [2025-05-21T17:50:59.940+0000] {dag.py:3823} INFO - Setting next_dagrun for run_dbt_models_after_ingestion to None, run_after=None
[2025-05-21T17:50:59.959+0000] {processor.py:183} INFO - Processing /opt/airflow/dags/dbt_model_dag.py took 0.114 seconds
[2025-05-21T17:51:30.479+0000] {processor.py:161} INFO - Started process (PID=26279) to work on /opt/airflow/dags/dbt_model_dag.py
[2025-05-21T17:51:30.485+0000] {processor.py:830} INFO - Processing file /opt/airflow/dags/dbt_model_dag.py for tasks to queue
[2025-05-21T17:51:30.487+0000] {logging_mixin.py:188} INFO - [2025-05-21T17:51:30.486+0000] {dagbag.py:538} INFO - Filling up the DagBag from /opt/airflow/dags/dbt_model_dag.py
[2025-05-21T17:51:30.515+0000] {processor.py:840} INFO - DAG(s) 'run_dbt_models_after_ingestion' retrieved from /opt/airflow/dags/dbt_model_dag.py
[2025-05-21T17:51:30.559+0000] {logging_mixin.py:188} INFO - [2025-05-21T17:51:30.559+0000] {dag.py:3036} INFO - Sync 1 DAGs
[2025-05-21T17:51:30.576+0000] {logging_mixin.py:188} INFO - [2025-05-21T17:51:30.576+0000] {dag.py:3823} INFO - Setting next_dagrun for run_dbt_models_after_ingestion to None, run_after=None
[2025-05-21T17:51:30.592+0000] {processor.py:183} INFO - Processing /opt/airflow/dags/dbt_model_dag.py took 0.123 seconds
[2025-05-21T17:52:01.124+0000] {processor.py:161} INFO - Started process (PID=26289) to work on /opt/airflow/dags/dbt_model_dag.py
[2025-05-21T17:52:01.127+0000] {processor.py:830} INFO - Processing file /opt/airflow/dags/dbt_model_dag.py for tasks to queue
[2025-05-21T17:52:01.129+0000] {logging_mixin.py:188} INFO - [2025-05-21T17:52:01.128+0000] {dagbag.py:538} INFO - Filling up the DagBag from /opt/airflow/dags/dbt_model_dag.py
[2025-05-21T17:52:01.161+0000] {processor.py:840} INFO - DAG(s) 'run_dbt_models_after_ingestion' retrieved from /opt/airflow/dags/dbt_model_dag.py
[2025-05-21T17:52:01.209+0000] {logging_mixin.py:188} INFO - [2025-05-21T17:52:01.209+0000] {dag.py:3036} INFO - Sync 1 DAGs
[2025-05-21T17:52:01.222+0000] {logging_mixin.py:188} INFO - [2025-05-21T17:52:01.222+0000] {dag.py:3823} INFO - Setting next_dagrun for run_dbt_models_after_ingestion to None, run_after=None
[2025-05-21T17:52:01.240+0000] {processor.py:183} INFO - Processing /opt/airflow/dags/dbt_model_dag.py took 0.131 seconds
[2025-05-21T17:52:31.733+0000] {processor.py:161} INFO - Started process (PID=26299) to work on /opt/airflow/dags/dbt_model_dag.py
[2025-05-21T17:52:31.736+0000] {processor.py:830} INFO - Processing file /opt/airflow/dags/dbt_model_dag.py for tasks to queue
[2025-05-21T17:52:31.740+0000] {logging_mixin.py:188} INFO - [2025-05-21T17:52:31.740+0000] {dagbag.py:538} INFO - Filling up the DagBag from /opt/airflow/dags/dbt_model_dag.py
[2025-05-21T17:52:31.768+0000] {processor.py:840} INFO - DAG(s) 'run_dbt_models_after_ingestion' retrieved from /opt/airflow/dags/dbt_model_dag.py
[2025-05-21T17:52:31.813+0000] {logging_mixin.py:188} INFO - [2025-05-21T17:52:31.813+0000] {dag.py:3036} INFO - Sync 1 DAGs
[2025-05-21T17:52:31.828+0000] {logging_mixin.py:188} INFO - [2025-05-21T17:52:31.828+0000] {dag.py:3823} INFO - Setting next_dagrun for run_dbt_models_after_ingestion to None, run_after=None
[2025-05-21T17:52:31.852+0000] {processor.py:183} INFO - Processing /opt/airflow/dags/dbt_model_dag.py took 0.127 seconds
[2025-05-21T17:53:02.301+0000] {processor.py:161} INFO - Started process (PID=26309) to work on /opt/airflow/dags/dbt_model_dag.py
[2025-05-21T17:53:02.303+0000] {processor.py:830} INFO - Processing file /opt/airflow/dags/dbt_model_dag.py for tasks to queue
[2025-05-21T17:53:02.305+0000] {logging_mixin.py:188} INFO - [2025-05-21T17:53:02.304+0000] {dagbag.py:538} INFO - Filling up the DagBag from /opt/airflow/dags/dbt_model_dag.py
[2025-05-21T17:53:02.336+0000] {processor.py:840} INFO - DAG(s) 'run_dbt_models_after_ingestion' retrieved from /opt/airflow/dags/dbt_model_dag.py
[2025-05-21T17:53:02.379+0000] {logging_mixin.py:188} INFO - [2025-05-21T17:53:02.379+0000] {dag.py:3036} INFO - Sync 1 DAGs
[2025-05-21T17:53:02.393+0000] {logging_mixin.py:188} INFO - [2025-05-21T17:53:02.393+0000] {dag.py:3823} INFO - Setting next_dagrun for run_dbt_models_after_ingestion to None, run_after=None
[2025-05-21T17:53:02.413+0000] {processor.py:183} INFO - Processing /opt/airflow/dags/dbt_model_dag.py took 0.123 seconds
[2025-05-21T17:53:32.945+0000] {processor.py:161} INFO - Started process (PID=26319) to work on /opt/airflow/dags/dbt_model_dag.py
[2025-05-21T17:53:32.948+0000] {processor.py:830} INFO - Processing file /opt/airflow/dags/dbt_model_dag.py for tasks to queue
[2025-05-21T17:53:32.949+0000] {logging_mixin.py:188} INFO - [2025-05-21T17:53:32.949+0000] {dagbag.py:538} INFO - Filling up the DagBag from /opt/airflow/dags/dbt_model_dag.py
[2025-05-21T17:53:32.979+0000] {processor.py:840} INFO - DAG(s) 'run_dbt_models_after_ingestion' retrieved from /opt/airflow/dags/dbt_model_dag.py
[2025-05-21T17:53:33.014+0000] {logging_mixin.py:188} INFO - [2025-05-21T17:53:33.014+0000] {dag.py:3036} INFO - Sync 1 DAGs
[2025-05-21T17:53:33.028+0000] {logging_mixin.py:188} INFO - [2025-05-21T17:53:33.028+0000] {dag.py:3823} INFO - Setting next_dagrun for run_dbt_models_after_ingestion to None, run_after=None
[2025-05-21T17:53:33.044+0000] {processor.py:183} INFO - Processing /opt/airflow/dags/dbt_model_dag.py took 0.123 seconds
[2025-05-21T17:54:03.557+0000] {processor.py:161} INFO - Started process (PID=26329) to work on /opt/airflow/dags/dbt_model_dag.py
[2025-05-21T17:54:03.562+0000] {processor.py:830} INFO - Processing file /opt/airflow/dags/dbt_model_dag.py for tasks to queue
[2025-05-21T17:54:03.564+0000] {logging_mixin.py:188} INFO - [2025-05-21T17:54:03.563+0000] {dagbag.py:538} INFO - Filling up the DagBag from /opt/airflow/dags/dbt_model_dag.py
[2025-05-21T17:54:03.589+0000] {processor.py:840} INFO - DAG(s) 'run_dbt_models_after_ingestion' retrieved from /opt/airflow/dags/dbt_model_dag.py
[2025-05-21T17:54:03.641+0000] {logging_mixin.py:188} INFO - [2025-05-21T17:54:03.640+0000] {dag.py:3036} INFO - Sync 1 DAGs
[2025-05-21T17:54:03.654+0000] {logging_mixin.py:188} INFO - [2025-05-21T17:54:03.654+0000] {dag.py:3823} INFO - Setting next_dagrun for run_dbt_models_after_ingestion to None, run_after=None
[2025-05-21T17:54:03.671+0000] {processor.py:183} INFO - Processing /opt/airflow/dags/dbt_model_dag.py took 0.124 seconds
[2025-05-21T17:54:34.092+0000] {processor.py:161} INFO - Started process (PID=26339) to work on /opt/airflow/dags/dbt_model_dag.py
[2025-05-21T17:54:34.095+0000] {processor.py:830} INFO - Processing file /opt/airflow/dags/dbt_model_dag.py for tasks to queue
[2025-05-21T17:54:34.097+0000] {logging_mixin.py:188} INFO - [2025-05-21T17:54:34.096+0000] {dagbag.py:538} INFO - Filling up the DagBag from /opt/airflow/dags/dbt_model_dag.py
[2025-05-21T17:54:34.127+0000] {processor.py:840} INFO - DAG(s) 'run_dbt_models_after_ingestion' retrieved from /opt/airflow/dags/dbt_model_dag.py
[2025-05-21T17:54:34.165+0000] {logging_mixin.py:188} INFO - [2025-05-21T17:54:34.165+0000] {dag.py:3036} INFO - Sync 1 DAGs
[2025-05-21T17:54:34.183+0000] {logging_mixin.py:188} INFO - [2025-05-21T17:54:34.183+0000] {dag.py:3823} INFO - Setting next_dagrun for run_dbt_models_after_ingestion to None, run_after=None
[2025-05-21T17:54:34.199+0000] {processor.py:183} INFO - Processing /opt/airflow/dags/dbt_model_dag.py took 0.121 seconds
[2025-05-21T17:55:04.697+0000] {processor.py:161} INFO - Started process (PID=26349) to work on /opt/airflow/dags/dbt_model_dag.py
[2025-05-21T17:55:04.700+0000] {processor.py:830} INFO - Processing file /opt/airflow/dags/dbt_model_dag.py for tasks to queue
[2025-05-21T17:55:04.704+0000] {logging_mixin.py:188} INFO - [2025-05-21T17:55:04.703+0000] {dagbag.py:538} INFO - Filling up the DagBag from /opt/airflow/dags/dbt_model_dag.py
[2025-05-21T17:55:04.729+0000] {processor.py:840} INFO - DAG(s) 'run_dbt_models_after_ingestion' retrieved from /opt/airflow/dags/dbt_model_dag.py
[2025-05-21T17:55:04.773+0000] {logging_mixin.py:188} INFO - [2025-05-21T17:55:04.772+0000] {dag.py:3036} INFO - Sync 1 DAGs
[2025-05-21T17:55:04.788+0000] {logging_mixin.py:188} INFO - [2025-05-21T17:55:04.788+0000] {dag.py:3823} INFO - Setting next_dagrun for run_dbt_models_after_ingestion to None, run_after=None
[2025-05-21T17:55:04.808+0000] {processor.py:183} INFO - Processing /opt/airflow/dags/dbt_model_dag.py took 0.121 seconds
[2025-05-21T17:55:35.346+0000] {processor.py:161} INFO - Started process (PID=26359) to work on /opt/airflow/dags/dbt_model_dag.py
[2025-05-21T17:55:35.350+0000] {processor.py:830} INFO - Processing file /opt/airflow/dags/dbt_model_dag.py for tasks to queue
[2025-05-21T17:55:35.351+0000] {logging_mixin.py:188} INFO - [2025-05-21T17:55:35.351+0000] {dagbag.py:538} INFO - Filling up the DagBag from /opt/airflow/dags/dbt_model_dag.py
[2025-05-21T17:55:35.385+0000] {processor.py:840} INFO - DAG(s) 'run_dbt_models_after_ingestion' retrieved from /opt/airflow/dags/dbt_model_dag.py
[2025-05-21T17:55:35.426+0000] {logging_mixin.py:188} INFO - [2025-05-21T17:55:35.426+0000] {dag.py:3036} INFO - Sync 1 DAGs
[2025-05-21T17:55:35.442+0000] {logging_mixin.py:188} INFO - [2025-05-21T17:55:35.442+0000] {dag.py:3823} INFO - Setting next_dagrun for run_dbt_models_after_ingestion to None, run_after=None
[2025-05-21T17:55:35.458+0000] {processor.py:183} INFO - Processing /opt/airflow/dags/dbt_model_dag.py took 0.121 seconds
[2025-05-21T17:56:06.009+0000] {processor.py:161} INFO - Started process (PID=26369) to work on /opt/airflow/dags/dbt_model_dag.py
[2025-05-21T17:56:06.011+0000] {processor.py:830} INFO - Processing file /opt/airflow/dags/dbt_model_dag.py for tasks to queue
[2025-05-21T17:56:06.012+0000] {logging_mixin.py:188} INFO - [2025-05-21T17:56:06.012+0000] {dagbag.py:538} INFO - Filling up the DagBag from /opt/airflow/dags/dbt_model_dag.py
[2025-05-21T17:56:06.039+0000] {processor.py:840} INFO - DAG(s) 'run_dbt_models_after_ingestion' retrieved from /opt/airflow/dags/dbt_model_dag.py
[2025-05-21T17:56:06.082+0000] {logging_mixin.py:188} INFO - [2025-05-21T17:56:06.082+0000] {dag.py:3036} INFO - Sync 1 DAGs
[2025-05-21T17:56:06.100+0000] {logging_mixin.py:188} INFO - [2025-05-21T17:56:06.100+0000] {dag.py:3823} INFO - Setting next_dagrun for run_dbt_models_after_ingestion to None, run_after=None
[2025-05-21T17:56:06.118+0000] {processor.py:183} INFO - Processing /opt/airflow/dags/dbt_model_dag.py took 0.127 seconds
[2025-05-21T17:56:36.655+0000] {processor.py:161} INFO - Started process (PID=26379) to work on /opt/airflow/dags/dbt_model_dag.py
[2025-05-21T17:56:36.661+0000] {processor.py:830} INFO - Processing file /opt/airflow/dags/dbt_model_dag.py for tasks to queue
[2025-05-21T17:56:36.663+0000] {logging_mixin.py:188} INFO - [2025-05-21T17:56:36.663+0000] {dagbag.py:538} INFO - Filling up the DagBag from /opt/airflow/dags/dbt_model_dag.py
[2025-05-21T17:56:36.692+0000] {processor.py:840} INFO - DAG(s) 'run_dbt_models_after_ingestion' retrieved from /opt/airflow/dags/dbt_model_dag.py
[2025-05-21T17:56:36.738+0000] {logging_mixin.py:188} INFO - [2025-05-21T17:56:36.738+0000] {dag.py:3036} INFO - Sync 1 DAGs
[2025-05-21T17:56:36.752+0000] {logging_mixin.py:188} INFO - [2025-05-21T17:56:36.752+0000] {dag.py:3823} INFO - Setting next_dagrun for run_dbt_models_after_ingestion to None, run_after=None
[2025-05-21T17:56:36.769+0000] {processor.py:183} INFO - Processing /opt/airflow/dags/dbt_model_dag.py took 0.130 seconds
[2025-05-21T17:57:07.278+0000] {processor.py:161} INFO - Started process (PID=26389) to work on /opt/airflow/dags/dbt_model_dag.py
[2025-05-21T17:57:07.283+0000] {processor.py:830} INFO - Processing file /opt/airflow/dags/dbt_model_dag.py for tasks to queue
[2025-05-21T17:57:07.286+0000] {logging_mixin.py:188} INFO - [2025-05-21T17:57:07.285+0000] {dagbag.py:538} INFO - Filling up the DagBag from /opt/airflow/dags/dbt_model_dag.py
[2025-05-21T17:57:07.319+0000] {processor.py:840} INFO - DAG(s) 'run_dbt_models_after_ingestion' retrieved from /opt/airflow/dags/dbt_model_dag.py
[2025-05-21T17:57:07.367+0000] {logging_mixin.py:188} INFO - [2025-05-21T17:57:07.367+0000] {dag.py:3036} INFO - Sync 1 DAGs
[2025-05-21T17:57:07.381+0000] {logging_mixin.py:188} INFO - [2025-05-21T17:57:07.381+0000] {dag.py:3823} INFO - Setting next_dagrun for run_dbt_models_after_ingestion to None, run_after=None
[2025-05-21T17:57:07.398+0000] {processor.py:183} INFO - Processing /opt/airflow/dags/dbt_model_dag.py took 0.133 seconds
[2025-05-21T17:57:37.867+0000] {processor.py:161} INFO - Started process (PID=26399) to work on /opt/airflow/dags/dbt_model_dag.py
[2025-05-21T17:57:37.871+0000] {processor.py:830} INFO - Processing file /opt/airflow/dags/dbt_model_dag.py for tasks to queue
[2025-05-21T17:57:37.872+0000] {logging_mixin.py:188} INFO - [2025-05-21T17:57:37.872+0000] {dagbag.py:538} INFO - Filling up the DagBag from /opt/airflow/dags/dbt_model_dag.py
[2025-05-21T17:57:37.908+0000] {processor.py:840} INFO - DAG(s) 'run_dbt_models_after_ingestion' retrieved from /opt/airflow/dags/dbt_model_dag.py
[2025-05-21T17:57:37.969+0000] {logging_mixin.py:188} INFO - [2025-05-21T17:57:37.969+0000] {dag.py:3036} INFO - Sync 1 DAGs
[2025-05-21T17:57:37.985+0000] {logging_mixin.py:188} INFO - [2025-05-21T17:57:37.985+0000] {dag.py:3823} INFO - Setting next_dagrun for run_dbt_models_after_ingestion to None, run_after=None
[2025-05-21T17:57:38.005+0000] {processor.py:183} INFO - Processing /opt/airflow/dags/dbt_model_dag.py took 0.150 seconds
[2025-05-21T17:58:09.010+0000] {processor.py:161} INFO - Started process (PID=26409) to work on /opt/airflow/dags/dbt_model_dag.py
[2025-05-21T17:58:09.015+0000] {processor.py:830} INFO - Processing file /opt/airflow/dags/dbt_model_dag.py for tasks to queue
[2025-05-21T17:58:09.017+0000] {logging_mixin.py:188} INFO - [2025-05-21T17:58:09.017+0000] {dagbag.py:538} INFO - Filling up the DagBag from /opt/airflow/dags/dbt_model_dag.py
[2025-05-21T17:58:09.043+0000] {processor.py:840} INFO - DAG(s) 'run_dbt_models_after_ingestion' retrieved from /opt/airflow/dags/dbt_model_dag.py
[2025-05-21T17:58:09.095+0000] {logging_mixin.py:188} INFO - [2025-05-21T17:58:09.095+0000] {dag.py:3036} INFO - Sync 1 DAGs
[2025-05-21T17:58:09.118+0000] {logging_mixin.py:188} INFO - [2025-05-21T17:58:09.118+0000] {dag.py:3823} INFO - Setting next_dagrun for run_dbt_models_after_ingestion to None, run_after=None
[2025-05-21T17:58:09.138+0000] {processor.py:183} INFO - Processing /opt/airflow/dags/dbt_model_dag.py took 0.140 seconds
[2025-05-21T18:13:27.796+0000] {processor.py:161} INFO - Started process (PID=26419) to work on /opt/airflow/dags/dbt_model_dag.py
[2025-05-21T18:13:27.801+0000] {processor.py:830} INFO - Processing file /opt/airflow/dags/dbt_model_dag.py for tasks to queue
[2025-05-21T18:13:27.802+0000] {logging_mixin.py:188} INFO - [2025-05-21T18:13:27.801+0000] {dagbag.py:538} INFO - Filling up the DagBag from /opt/airflow/dags/dbt_model_dag.py
[2025-05-21T18:13:27.865+0000] {processor.py:840} INFO - DAG(s) 'run_dbt_models_after_ingestion' retrieved from /opt/airflow/dags/dbt_model_dag.py
[2025-05-21T18:13:27.918+0000] {logging_mixin.py:188} INFO - [2025-05-21T18:13:27.918+0000] {dag.py:3036} INFO - Sync 1 DAGs
[2025-05-21T18:13:27.937+0000] {logging_mixin.py:188} INFO - [2025-05-21T18:13:27.937+0000] {dag.py:3823} INFO - Setting next_dagrun for run_dbt_models_after_ingestion to None, run_after=None
[2025-05-21T18:13:27.982+0000] {processor.py:183} INFO - Processing /opt/airflow/dags/dbt_model_dag.py took 0.199 seconds
[2025-05-21T18:13:59.953+0000] {processor.py:161} INFO - Started process (PID=26431) to work on /opt/airflow/dags/dbt_model_dag.py
[2025-05-21T18:13:59.970+0000] {processor.py:830} INFO - Processing file /opt/airflow/dags/dbt_model_dag.py for tasks to queue
[2025-05-21T18:13:59.980+0000] {logging_mixin.py:188} INFO - [2025-05-21T18:13:59.974+0000] {dagbag.py:538} INFO - Filling up the DagBag from /opt/airflow/dags/dbt_model_dag.py
[2025-05-21T18:31:16.433+0000] {processor.py:840} INFO - DAG(s) 'run_dbt_models_after_ingestion' retrieved from /opt/airflow/dags/dbt_model_dag.py
[2025-05-21T18:31:21.345+0000] {logging_mixin.py:188} INFO - [2025-05-21T18:31:21.300+0000] {dag.py:3036} INFO - Sync 1 DAGs
[2025-05-21T18:31:21.692+0000] {logging_mixin.py:188} INFO - [2025-05-21T18:31:21.692+0000] {dag.py:3823} INFO - Setting next_dagrun for run_dbt_models_after_ingestion to None, run_after=None
[2025-05-21T19:20:59.777+0000] {processor.py:161} INFO - Started process (PID=26441) to work on /opt/airflow/dags/dbt_model_dag.py
[2025-05-21T19:20:59.780+0000] {processor.py:830} INFO - Processing file /opt/airflow/dags/dbt_model_dag.py for tasks to queue
[2025-05-21T19:20:59.783+0000] {logging_mixin.py:188} INFO - [2025-05-21T19:20:59.782+0000] {dagbag.py:538} INFO - Filling up the DagBag from /opt/airflow/dags/dbt_model_dag.py
[2025-05-21T19:20:59.845+0000] {processor.py:840} INFO - DAG(s) 'run_dbt_models_after_ingestion' retrieved from /opt/airflow/dags/dbt_model_dag.py
[2025-05-21T19:21:00.190+0000] {logging_mixin.py:188} INFO - [2025-05-21T19:21:00.190+0000] {dag.py:3036} INFO - Sync 1 DAGs
[2025-05-21T19:21:00.208+0000] {logging_mixin.py:188} INFO - [2025-05-21T19:21:00.208+0000] {dag.py:3823} INFO - Setting next_dagrun for run_dbt_models_after_ingestion to None, run_after=None
[2025-05-21T19:21:00.264+0000] {processor.py:183} INFO - Processing /opt/airflow/dags/dbt_model_dag.py took 0.499 seconds
[2025-05-21T19:21:30.767+0000] {processor.py:161} INFO - Started process (PID=26451) to work on /opt/airflow/dags/dbt_model_dag.py
[2025-05-21T19:21:30.773+0000] {processor.py:830} INFO - Processing file /opt/airflow/dags/dbt_model_dag.py for tasks to queue
[2025-05-21T19:21:30.775+0000] {logging_mixin.py:188} INFO - [2025-05-21T19:21:30.774+0000] {dagbag.py:538} INFO - Filling up the DagBag from /opt/airflow/dags/dbt_model_dag.py
[2025-05-21T19:21:30.815+0000] {processor.py:840} INFO - DAG(s) 'run_dbt_models_after_ingestion' retrieved from /opt/airflow/dags/dbt_model_dag.py
[2025-05-21T19:21:30.881+0000] {logging_mixin.py:188} INFO - [2025-05-21T19:21:30.881+0000] {dag.py:3036} INFO - Sync 1 DAGs
[2025-05-21T19:21:30.904+0000] {logging_mixin.py:188} INFO - [2025-05-21T19:21:30.904+0000] {dag.py:3823} INFO - Setting next_dagrun for run_dbt_models_after_ingestion to None, run_after=None
[2025-05-21T19:21:30.929+0000] {processor.py:183} INFO - Processing /opt/airflow/dags/dbt_model_dag.py took 0.183 seconds
[2025-05-21T19:22:01.403+0000] {processor.py:161} INFO - Started process (PID=26461) to work on /opt/airflow/dags/dbt_model_dag.py
[2025-05-21T19:22:01.404+0000] {processor.py:830} INFO - Processing file /opt/airflow/dags/dbt_model_dag.py for tasks to queue
[2025-05-21T19:22:01.406+0000] {logging_mixin.py:188} INFO - [2025-05-21T19:22:01.405+0000] {dagbag.py:538} INFO - Filling up the DagBag from /opt/airflow/dags/dbt_model_dag.py
[2025-05-21T19:22:01.428+0000] {processor.py:840} INFO - DAG(s) 'run_dbt_models_after_ingestion' retrieved from /opt/airflow/dags/dbt_model_dag.py
[2025-05-21T19:22:01.464+0000] {logging_mixin.py:188} INFO - [2025-05-21T19:22:01.464+0000] {dag.py:3036} INFO - Sync 1 DAGs
[2025-05-21T19:22:01.474+0000] {logging_mixin.py:188} INFO - [2025-05-21T19:22:01.474+0000] {dag.py:3823} INFO - Setting next_dagrun for run_dbt_models_after_ingestion to None, run_after=None
[2025-05-21T19:22:01.489+0000] {processor.py:183} INFO - Processing /opt/airflow/dags/dbt_model_dag.py took 0.094 seconds
[2025-05-21T19:22:31.992+0000] {processor.py:161} INFO - Started process (PID=26471) to work on /opt/airflow/dags/dbt_model_dag.py
[2025-05-21T19:22:31.994+0000] {processor.py:830} INFO - Processing file /opt/airflow/dags/dbt_model_dag.py for tasks to queue
[2025-05-21T19:22:31.995+0000] {logging_mixin.py:188} INFO - [2025-05-21T19:22:31.995+0000] {dagbag.py:538} INFO - Filling up the DagBag from /opt/airflow/dags/dbt_model_dag.py
[2025-05-21T19:22:32.006+0000] {processor.py:840} INFO - DAG(s) 'run_dbt_models_after_ingestion' retrieved from /opt/airflow/dags/dbt_model_dag.py
[2025-05-21T19:22:32.030+0000] {logging_mixin.py:188} INFO - [2025-05-21T19:22:32.030+0000] {dag.py:3036} INFO - Sync 1 DAGs
[2025-05-21T19:22:32.039+0000] {logging_mixin.py:188} INFO - [2025-05-21T19:22:32.039+0000] {dag.py:3823} INFO - Setting next_dagrun for run_dbt_models_after_ingestion to None, run_after=None
[2025-05-21T19:22:32.055+0000] {processor.py:183} INFO - Processing /opt/airflow/dags/dbt_model_dag.py took 0.069 seconds
[2025-05-21T19:23:02.551+0000] {processor.py:161} INFO - Started process (PID=26481) to work on /opt/airflow/dags/dbt_model_dag.py
[2025-05-21T19:23:02.553+0000] {processor.py:830} INFO - Processing file /opt/airflow/dags/dbt_model_dag.py for tasks to queue
[2025-05-21T19:23:02.554+0000] {logging_mixin.py:188} INFO - [2025-05-21T19:23:02.554+0000] {dagbag.py:538} INFO - Filling up the DagBag from /opt/airflow/dags/dbt_model_dag.py
[2025-05-21T19:23:02.572+0000] {processor.py:840} INFO - DAG(s) 'run_dbt_models_after_ingestion' retrieved from /opt/airflow/dags/dbt_model_dag.py
[2025-05-21T19:23:02.603+0000] {logging_mixin.py:188} INFO - [2025-05-21T19:23:02.603+0000] {dag.py:3036} INFO - Sync 1 DAGs
[2025-05-21T19:23:02.615+0000] {logging_mixin.py:188} INFO - [2025-05-21T19:23:02.615+0000] {dag.py:3823} INFO - Setting next_dagrun for run_dbt_models_after_ingestion to None, run_after=None
[2025-05-21T19:23:02.642+0000] {processor.py:183} INFO - Processing /opt/airflow/dags/dbt_model_dag.py took 0.098 seconds
[2025-05-21T19:40:35.452+0000] {processor.py:161} INFO - Started process (PID=26491) to work on /opt/airflow/dags/dbt_model_dag.py
[2025-05-21T19:40:35.454+0000] {processor.py:830} INFO - Processing file /opt/airflow/dags/dbt_model_dag.py for tasks to queue
[2025-05-21T19:40:35.455+0000] {logging_mixin.py:188} INFO - [2025-05-21T19:40:35.455+0000] {dagbag.py:538} INFO - Filling up the DagBag from /opt/airflow/dags/dbt_model_dag.py
[2025-05-21T19:40:35.476+0000] {processor.py:840} INFO - DAG(s) 'run_dbt_models_after_ingestion' retrieved from /opt/airflow/dags/dbt_model_dag.py
[2025-05-21T19:40:35.514+0000] {logging_mixin.py:188} INFO - [2025-05-21T19:40:35.513+0000] {dag.py:3036} INFO - Sync 1 DAGs
[2025-05-21T19:40:35.545+0000] {logging_mixin.py:188} INFO - [2025-05-21T19:40:35.545+0000] {dag.py:3823} INFO - Setting next_dagrun for run_dbt_models_after_ingestion to None, run_after=None
[2025-05-21T19:40:35.575+0000] {processor.py:183} INFO - Processing /opt/airflow/dags/dbt_model_dag.py took 0.130 seconds
[2025-05-21T20:14:47.256+0000] {processor.py:161} INFO - Started process (PID=26501) to work on /opt/airflow/dags/dbt_model_dag.py
[2025-05-21T20:14:47.260+0000] {processor.py:830} INFO - Processing file /opt/airflow/dags/dbt_model_dag.py for tasks to queue
[2025-05-21T20:14:47.263+0000] {logging_mixin.py:188} INFO - [2025-05-21T20:14:47.262+0000] {dagbag.py:538} INFO - Filling up the DagBag from /opt/airflow/dags/dbt_model_dag.py
[2025-05-21T20:14:47.311+0000] {processor.py:840} INFO - DAG(s) 'run_dbt_models_after_ingestion' retrieved from /opt/airflow/dags/dbt_model_dag.py
[2025-05-21T20:14:47.388+0000] {logging_mixin.py:188} INFO - [2025-05-21T20:14:47.388+0000] {dag.py:3036} INFO - Sync 1 DAGs
[2025-05-21T20:14:47.412+0000] {logging_mixin.py:188} INFO - [2025-05-21T20:14:47.411+0000] {dag.py:3823} INFO - Setting next_dagrun for run_dbt_models_after_ingestion to None, run_after=None
[2025-05-21T20:14:47.456+0000] {processor.py:183} INFO - Processing /opt/airflow/dags/dbt_model_dag.py took 0.212 seconds
[2025-05-21T20:33:07.077+0000] {processor.py:161} INFO - Started process (PID=26513) to work on /opt/airflow/dags/dbt_model_dag.py
[2025-05-21T20:33:07.080+0000] {processor.py:830} INFO - Processing file /opt/airflow/dags/dbt_model_dag.py for tasks to queue
[2025-05-21T20:33:07.082+0000] {logging_mixin.py:188} INFO - [2025-05-21T20:33:07.081+0000] {dagbag.py:538} INFO - Filling up the DagBag from /opt/airflow/dags/dbt_model_dag.py
[2025-05-21T20:33:07.105+0000] {processor.py:840} INFO - DAG(s) 'run_dbt_models_after_ingestion' retrieved from /opt/airflow/dags/dbt_model_dag.py
[2025-05-21T20:33:07.143+0000] {logging_mixin.py:188} INFO - [2025-05-21T20:33:07.143+0000] {dag.py:3036} INFO - Sync 1 DAGs
[2025-05-21T20:33:07.155+0000] {logging_mixin.py:188} INFO - [2025-05-21T20:33:07.155+0000] {dag.py:3823} INFO - Setting next_dagrun for run_dbt_models_after_ingestion to None, run_after=None
[2025-05-21T20:33:07.172+0000] {processor.py:183} INFO - Processing /opt/airflow/dags/dbt_model_dag.py took 0.106 seconds
[2025-05-21T21:00:12.130+0000] {processor.py:161} INFO - Started process (PID=26523) to work on /opt/airflow/dags/dbt_model_dag.py
[2025-05-21T21:00:12.131+0000] {processor.py:830} INFO - Processing file /opt/airflow/dags/dbt_model_dag.py for tasks to queue
[2025-05-21T21:00:12.137+0000] {logging_mixin.py:188} INFO - [2025-05-21T21:00:12.136+0000] {dagbag.py:538} INFO - Filling up the DagBag from /opt/airflow/dags/dbt_model_dag.py
[2025-05-21T21:00:12.163+0000] {processor.py:840} INFO - DAG(s) 'run_dbt_models_after_ingestion' retrieved from /opt/airflow/dags/dbt_model_dag.py
[2025-05-21T21:00:12.220+0000] {logging_mixin.py:188} INFO - [2025-05-21T21:00:12.220+0000] {dag.py:3036} INFO - Sync 1 DAGs
[2025-05-21T21:00:12.250+0000] {logging_mixin.py:188} INFO - [2025-05-21T21:00:12.249+0000] {dag.py:3823} INFO - Setting next_dagrun for run_dbt_models_after_ingestion to None, run_after=None
[2025-05-21T21:00:12.292+0000] {processor.py:183} INFO - Processing /opt/airflow/dags/dbt_model_dag.py took 0.170 seconds
[2025-05-21T21:16:16.218+0000] {processor.py:161} INFO - Started process (PID=26533) to work on /opt/airflow/dags/dbt_model_dag.py
[2025-05-21T21:16:16.220+0000] {processor.py:830} INFO - Processing file /opt/airflow/dags/dbt_model_dag.py for tasks to queue
[2025-05-21T21:16:16.222+0000] {logging_mixin.py:188} INFO - [2025-05-21T21:16:16.221+0000] {dagbag.py:538} INFO - Filling up the DagBag from /opt/airflow/dags/dbt_model_dag.py
[2025-05-21T21:16:16.281+0000] {processor.py:840} INFO - DAG(s) 'run_dbt_models_after_ingestion' retrieved from /opt/airflow/dags/dbt_model_dag.py
[2025-05-21T21:16:16.534+0000] {logging_mixin.py:188} INFO - [2025-05-21T21:16:16.534+0000] {dag.py:3036} INFO - Sync 1 DAGs
[2025-05-21T21:16:16.548+0000] {logging_mixin.py:188} INFO - [2025-05-21T21:16:16.548+0000] {dag.py:3823} INFO - Setting next_dagrun for run_dbt_models_after_ingestion to None, run_after=None
[2025-05-21T21:16:16.569+0000] {processor.py:183} INFO - Processing /opt/airflow/dags/dbt_model_dag.py took 0.361 seconds
[2025-05-21T21:47:30.883+0000] {processor.py:161} INFO - Started process (PID=26545) to work on /opt/airflow/dags/dbt_model_dag.py
[2025-05-21T21:47:30.884+0000] {processor.py:830} INFO - Processing file /opt/airflow/dags/dbt_model_dag.py for tasks to queue
[2025-05-21T21:47:30.885+0000] {logging_mixin.py:188} INFO - [2025-05-21T21:47:30.885+0000] {dagbag.py:538} INFO - Filling up the DagBag from /opt/airflow/dags/dbt_model_dag.py
[2025-05-21T21:47:30.907+0000] {processor.py:840} INFO - DAG(s) 'run_dbt_models_after_ingestion' retrieved from /opt/airflow/dags/dbt_model_dag.py
[2025-05-21T21:47:30.945+0000] {logging_mixin.py:188} INFO - [2025-05-21T21:47:30.945+0000] {dag.py:3036} INFO - Sync 1 DAGs
[2025-05-21T21:47:30.957+0000] {logging_mixin.py:188} INFO - [2025-05-21T21:47:30.956+0000] {dag.py:3823} INFO - Setting next_dagrun for run_dbt_models_after_ingestion to None, run_after=None
[2025-05-21T21:47:30.976+0000] {processor.py:183} INFO - Processing /opt/airflow/dags/dbt_model_dag.py took 0.103 seconds
[2025-05-21T22:16:48.174+0000] {processor.py:161} INFO - Started process (PID=26555) to work on /opt/airflow/dags/dbt_model_dag.py
[2025-05-21T22:16:48.176+0000] {processor.py:830} INFO - Processing file /opt/airflow/dags/dbt_model_dag.py for tasks to queue
[2025-05-21T22:16:48.177+0000] {logging_mixin.py:188} INFO - [2025-05-21T22:16:48.176+0000] {dagbag.py:538} INFO - Filling up the DagBag from /opt/airflow/dags/dbt_model_dag.py
[2025-05-21T22:16:48.198+0000] {processor.py:840} INFO - DAG(s) 'run_dbt_models_after_ingestion' retrieved from /opt/airflow/dags/dbt_model_dag.py
[2025-05-21T22:16:48.249+0000] {logging_mixin.py:188} INFO - [2025-05-21T22:16:48.249+0000] {dag.py:3036} INFO - Sync 1 DAGs
[2025-05-21T22:16:48.260+0000] {logging_mixin.py:188} INFO - [2025-05-21T22:16:48.260+0000] {dag.py:3823} INFO - Setting next_dagrun for run_dbt_models_after_ingestion to None, run_after=None
[2025-05-21T22:16:48.272+0000] {processor.py:183} INFO - Processing /opt/airflow/dags/dbt_model_dag.py took 0.107 seconds
[2025-05-21T22:17:19.286+0000] {processor.py:161} INFO - Started process (PID=26565) to work on /opt/airflow/dags/dbt_model_dag.py
[2025-05-21T22:17:19.289+0000] {processor.py:830} INFO - Processing file /opt/airflow/dags/dbt_model_dag.py for tasks to queue
[2025-05-21T22:17:19.292+0000] {logging_mixin.py:188} INFO - [2025-05-21T22:17:19.291+0000] {dagbag.py:538} INFO - Filling up the DagBag from /opt/airflow/dags/dbt_model_dag.py
[2025-05-21T22:17:19.316+0000] {processor.py:840} INFO - DAG(s) 'run_dbt_models_after_ingestion' retrieved from /opt/airflow/dags/dbt_model_dag.py
[2025-05-21T22:17:19.355+0000] {logging_mixin.py:188} INFO - [2025-05-21T22:17:19.355+0000] {dag.py:3036} INFO - Sync 1 DAGs
[2025-05-21T22:17:19.369+0000] {logging_mixin.py:188} INFO - [2025-05-21T22:17:19.369+0000] {dag.py:3823} INFO - Setting next_dagrun for run_dbt_models_after_ingestion to None, run_after=None
[2025-05-21T22:17:19.381+0000] {processor.py:183} INFO - Processing /opt/airflow/dags/dbt_model_dag.py took 0.105 seconds
[2025-05-21T22:48:06.720+0000] {processor.py:161} INFO - Started process (PID=26575) to work on /opt/airflow/dags/dbt_model_dag.py
[2025-05-21T22:48:06.722+0000] {processor.py:830} INFO - Processing file /opt/airflow/dags/dbt_model_dag.py for tasks to queue
[2025-05-21T22:48:06.723+0000] {logging_mixin.py:188} INFO - [2025-05-21T22:48:06.723+0000] {dagbag.py:538} INFO - Filling up the DagBag from /opt/airflow/dags/dbt_model_dag.py
[2025-05-21T22:48:06.754+0000] {processor.py:840} INFO - DAG(s) 'run_dbt_models_after_ingestion' retrieved from /opt/airflow/dags/dbt_model_dag.py
[2025-05-21T22:48:06.785+0000] {logging_mixin.py:188} INFO - [2025-05-21T22:48:06.785+0000] {dag.py:3036} INFO - Sync 1 DAGs
[2025-05-21T22:48:06.800+0000] {logging_mixin.py:188} INFO - [2025-05-21T22:48:06.800+0000] {dag.py:3823} INFO - Setting next_dagrun for run_dbt_models_after_ingestion to None, run_after=None
[2025-05-21T22:48:06.819+0000] {processor.py:183} INFO - Processing /opt/airflow/dags/dbt_model_dag.py took 0.109 seconds
[2025-05-21T23:02:03.476+0000] {processor.py:161} INFO - Started process (PID=26587) to work on /opt/airflow/dags/dbt_model_dag.py
[2025-05-21T23:02:03.480+0000] {processor.py:830} INFO - Processing file /opt/airflow/dags/dbt_model_dag.py for tasks to queue
[2025-05-21T23:02:03.484+0000] {logging_mixin.py:188} INFO - [2025-05-21T23:02:03.483+0000] {dagbag.py:538} INFO - Filling up the DagBag from /opt/airflow/dags/dbt_model_dag.py
[2025-05-21T23:02:03.524+0000] {processor.py:840} INFO - DAG(s) 'run_dbt_models_after_ingestion' retrieved from /opt/airflow/dags/dbt_model_dag.py
[2025-05-21T23:02:03.576+0000] {logging_mixin.py:188} INFO - [2025-05-21T23:02:03.576+0000] {dag.py:3036} INFO - Sync 1 DAGs
[2025-05-21T23:02:03.600+0000] {logging_mixin.py:188} INFO - [2025-05-21T23:02:03.599+0000] {dag.py:3823} INFO - Setting next_dagrun for run_dbt_models_after_ingestion to None, run_after=None
[2025-05-21T23:02:03.639+0000] {processor.py:183} INFO - Processing /opt/airflow/dags/dbt_model_dag.py took 0.179 seconds
