[2025-05-22T00:18:35.443+0000] {processor.py:161} INFO - Started process (PID=26597) to work on /opt/airflow/dags/dbt_model_dag.py
[2025-05-22T00:18:35.445+0000] {processor.py:830} INFO - Processing file /opt/airflow/dags/dbt_model_dag.py for tasks to queue
[2025-05-22T00:18:35.447+0000] {logging_mixin.py:188} INFO - [2025-05-22T00:18:35.446+0000] {dagbag.py:538} INFO - Filling up the DagBag from /opt/airflow/dags/dbt_model_dag.py
[2025-05-22T00:18:35.620+0000] {processor.py:840} INFO - DAG(s) 'run_dbt_models_after_ingestion' retrieved from /opt/airflow/dags/dbt_model_dag.py
[2025-05-22T00:18:35.739+0000] {logging_mixin.py:188} INFO - [2025-05-22T00:18:35.738+0000] {dag.py:3036} INFO - Sync 1 DAGs
[2025-05-22T00:18:35.762+0000] {logging_mixin.py:188} INFO - [2025-05-22T00:18:35.761+0000] {dag.py:3823} INFO - Setting next_dagrun for run_dbt_models_after_ingestion to None, run_after=None
[2025-05-22T00:18:35.806+0000] {processor.py:183} INFO - Processing /opt/airflow/dags/dbt_model_dag.py took 0.378 seconds
[2025-05-22T00:34:07.604+0000] {processor.py:161} INFO - Started process (PID=26607) to work on /opt/airflow/dags/dbt_model_dag.py
[2025-05-22T00:34:07.606+0000] {processor.py:830} INFO - Processing file /opt/airflow/dags/dbt_model_dag.py for tasks to queue
[2025-05-22T00:34:07.607+0000] {logging_mixin.py:188} INFO - [2025-05-22T00:34:07.607+0000] {dagbag.py:538} INFO - Filling up the DagBag from /opt/airflow/dags/dbt_model_dag.py
[2025-05-22T00:34:07.634+0000] {processor.py:840} INFO - DAG(s) 'run_dbt_models_after_ingestion' retrieved from /opt/airflow/dags/dbt_model_dag.py
[2025-05-22T00:34:07.692+0000] {logging_mixin.py:188} INFO - [2025-05-22T00:34:07.691+0000] {dag.py:3036} INFO - Sync 1 DAGs
[2025-05-22T00:34:07.717+0000] {logging_mixin.py:188} INFO - [2025-05-22T00:34:07.717+0000] {dag.py:3823} INFO - Setting next_dagrun for run_dbt_models_after_ingestion to None, run_after=None
[2025-05-22T00:34:07.750+0000] {processor.py:183} INFO - Processing /opt/airflow/dags/dbt_model_dag.py took 0.153 seconds
[2025-05-22T01:03:46.695+0000] {processor.py:161} INFO - Started process (PID=26617) to work on /opt/airflow/dags/dbt_model_dag.py
[2025-05-22T01:03:46.698+0000] {processor.py:830} INFO - Processing file /opt/airflow/dags/dbt_model_dag.py for tasks to queue
[2025-05-22T01:03:46.700+0000] {logging_mixin.py:188} INFO - [2025-05-22T01:03:46.699+0000] {dagbag.py:538} INFO - Filling up the DagBag from /opt/airflow/dags/dbt_model_dag.py
[2025-05-22T01:03:46.729+0000] {processor.py:840} INFO - DAG(s) 'run_dbt_models_after_ingestion' retrieved from /opt/airflow/dags/dbt_model_dag.py
[2025-05-22T01:03:46.820+0000] {logging_mixin.py:188} INFO - [2025-05-22T01:03:46.820+0000] {dag.py:3036} INFO - Sync 1 DAGs
[2025-05-22T01:03:46.859+0000] {logging_mixin.py:188} INFO - [2025-05-22T01:03:46.859+0000] {dag.py:3823} INFO - Setting next_dagrun for run_dbt_models_after_ingestion to None, run_after=None
[2025-05-22T01:03:46.919+0000] {processor.py:183} INFO - Processing /opt/airflow/dags/dbt_model_dag.py took 0.244 seconds
[2025-05-22T01:04:44.795+0000] {processor.py:161} INFO - Started process (PID=26627) to work on /opt/airflow/dags/dbt_model_dag.py
[2025-05-22T01:04:44.800+0000] {processor.py:830} INFO - Processing file /opt/airflow/dags/dbt_model_dag.py for tasks to queue
[2025-05-22T01:04:44.801+0000] {logging_mixin.py:188} INFO - [2025-05-22T01:04:44.801+0000] {dagbag.py:538} INFO - Filling up the DagBag from /opt/airflow/dags/dbt_model_dag.py
[2025-05-22T01:04:44.830+0000] {processor.py:840} INFO - DAG(s) 'run_dbt_models_after_ingestion' retrieved from /opt/airflow/dags/dbt_model_dag.py
[2025-05-22T01:04:44.871+0000] {logging_mixin.py:188} INFO - [2025-05-22T01:04:44.871+0000] {dag.py:3036} INFO - Sync 1 DAGs
[2025-05-22T01:04:44.884+0000] {logging_mixin.py:188} INFO - [2025-05-22T01:04:44.884+0000] {dag.py:3823} INFO - Setting next_dagrun for run_dbt_models_after_ingestion to None, run_after=None
[2025-05-22T01:04:44.898+0000] {processor.py:183} INFO - Processing /opt/airflow/dags/dbt_model_dag.py took 0.115 seconds
[2025-05-22T01:05:15.409+0000] {processor.py:161} INFO - Started process (PID=26637) to work on /opt/airflow/dags/dbt_model_dag.py
[2025-05-22T01:05:15.416+0000] {processor.py:830} INFO - Processing file /opt/airflow/dags/dbt_model_dag.py for tasks to queue
[2025-05-22T01:05:15.417+0000] {logging_mixin.py:188} INFO - [2025-05-22T01:05:15.417+0000] {dagbag.py:538} INFO - Filling up the DagBag from /opt/airflow/dags/dbt_model_dag.py
[2025-05-22T01:05:15.442+0000] {processor.py:840} INFO - DAG(s) 'run_dbt_models_after_ingestion' retrieved from /opt/airflow/dags/dbt_model_dag.py
[2025-05-22T01:05:15.485+0000] {logging_mixin.py:188} INFO - [2025-05-22T01:05:15.485+0000] {dag.py:3036} INFO - Sync 1 DAGs
[2025-05-22T01:05:15.502+0000] {logging_mixin.py:188} INFO - [2025-05-22T01:05:15.501+0000] {dag.py:3823} INFO - Setting next_dagrun for run_dbt_models_after_ingestion to None, run_after=None
[2025-05-22T01:05:15.517+0000] {processor.py:183} INFO - Processing /opt/airflow/dags/dbt_model_dag.py took 0.122 seconds
[2025-05-22T01:14:13.874+0000] {processor.py:161} INFO - Started process (PID=26647) to work on /opt/airflow/dags/dbt_model_dag.py
[2025-05-22T01:14:13.883+0000] {processor.py:830} INFO - Processing file /opt/airflow/dags/dbt_model_dag.py for tasks to queue
[2025-05-22T01:14:13.885+0000] {logging_mixin.py:188} INFO - [2025-05-22T01:14:13.884+0000] {dagbag.py:538} INFO - Filling up the DagBag from /opt/airflow/dags/dbt_model_dag.py
[2025-05-22T01:14:13.942+0000] {processor.py:840} INFO - DAG(s) 'run_dbt_models_after_ingestion' retrieved from /opt/airflow/dags/dbt_model_dag.py
[2025-05-22T01:14:14.022+0000] {logging_mixin.py:188} INFO - [2025-05-22T01:14:14.022+0000] {dag.py:3036} INFO - Sync 1 DAGs
[2025-05-22T01:14:14.046+0000] {logging_mixin.py:188} INFO - [2025-05-22T01:14:14.046+0000] {dag.py:3823} INFO - Setting next_dagrun for run_dbt_models_after_ingestion to None, run_after=None
[2025-05-22T01:14:14.082+0000] {processor.py:183} INFO - Processing /opt/airflow/dags/dbt_model_dag.py took 0.222 seconds
[2025-05-22T01:14:44.569+0000] {processor.py:161} INFO - Started process (PID=26657) to work on /opt/airflow/dags/dbt_model_dag.py
[2025-05-22T01:14:44.571+0000] {processor.py:830} INFO - Processing file /opt/airflow/dags/dbt_model_dag.py for tasks to queue
[2025-05-22T01:14:44.574+0000] {logging_mixin.py:188} INFO - [2025-05-22T01:14:44.572+0000] {dagbag.py:538} INFO - Filling up the DagBag from /opt/airflow/dags/dbt_model_dag.py
[2025-05-22T01:14:44.609+0000] {processor.py:840} INFO - DAG(s) 'run_dbt_models_after_ingestion' retrieved from /opt/airflow/dags/dbt_model_dag.py
[2025-05-22T01:14:44.651+0000] {logging_mixin.py:188} INFO - [2025-05-22T01:14:44.650+0000] {dag.py:3036} INFO - Sync 1 DAGs
[2025-05-22T01:14:44.663+0000] {logging_mixin.py:188} INFO - [2025-05-22T01:14:44.663+0000] {dag.py:3823} INFO - Setting next_dagrun for run_dbt_models_after_ingestion to None, run_after=None
[2025-05-22T01:14:44.685+0000] {processor.py:183} INFO - Processing /opt/airflow/dags/dbt_model_dag.py took 0.128 seconds
[2025-05-22T01:25:27.162+0000] {processor.py:161} INFO - Started process (PID=26667) to work on /opt/airflow/dags/dbt_model_dag.py
[2025-05-22T01:25:27.164+0000] {processor.py:830} INFO - Processing file /opt/airflow/dags/dbt_model_dag.py for tasks to queue
[2025-05-22T01:25:27.166+0000] {logging_mixin.py:188} INFO - [2025-05-22T01:25:27.165+0000] {dagbag.py:538} INFO - Filling up the DagBag from /opt/airflow/dags/dbt_model_dag.py
[2025-05-22T01:25:27.200+0000] {processor.py:840} INFO - DAG(s) 'run_dbt_models_after_ingestion' retrieved from /opt/airflow/dags/dbt_model_dag.py
[2025-05-22T01:25:27.256+0000] {logging_mixin.py:188} INFO - [2025-05-22T01:25:27.256+0000] {dag.py:3036} INFO - Sync 1 DAGs
[2025-05-22T01:25:27.269+0000] {logging_mixin.py:188} INFO - [2025-05-22T01:25:27.269+0000] {dag.py:3823} INFO - Setting next_dagrun for run_dbt_models_after_ingestion to None, run_after=None
[2025-05-22T01:25:27.300+0000] {processor.py:183} INFO - Processing /opt/airflow/dags/dbt_model_dag.py took 0.149 seconds
[2025-05-22T01:25:57.772+0000] {processor.py:161} INFO - Started process (PID=26677) to work on /opt/airflow/dags/dbt_model_dag.py
[2025-05-22T01:25:57.776+0000] {processor.py:830} INFO - Processing file /opt/airflow/dags/dbt_model_dag.py for tasks to queue
[2025-05-22T01:25:57.777+0000] {logging_mixin.py:188} INFO - [2025-05-22T01:25:57.777+0000] {dagbag.py:538} INFO - Filling up the DagBag from /opt/airflow/dags/dbt_model_dag.py
[2025-05-22T01:25:57.804+0000] {processor.py:840} INFO - DAG(s) 'run_dbt_models_after_ingestion' retrieved from /opt/airflow/dags/dbt_model_dag.py
[2025-05-22T01:25:57.847+0000] {logging_mixin.py:188} INFO - [2025-05-22T01:25:57.847+0000] {dag.py:3036} INFO - Sync 1 DAGs
[2025-05-22T01:25:57.861+0000] {logging_mixin.py:188} INFO - [2025-05-22T01:25:57.861+0000] {dag.py:3823} INFO - Setting next_dagrun for run_dbt_models_after_ingestion to None, run_after=None
[2025-05-22T01:25:57.881+0000] {processor.py:183} INFO - Processing /opt/airflow/dags/dbt_model_dag.py took 0.123 seconds
[2025-05-22T01:26:28.337+0000] {processor.py:161} INFO - Started process (PID=26687) to work on /opt/airflow/dags/dbt_model_dag.py
[2025-05-22T01:26:28.340+0000] {processor.py:830} INFO - Processing file /opt/airflow/dags/dbt_model_dag.py for tasks to queue
[2025-05-22T01:26:28.342+0000] {logging_mixin.py:188} INFO - [2025-05-22T01:26:28.342+0000] {dagbag.py:538} INFO - Filling up the DagBag from /opt/airflow/dags/dbt_model_dag.py
[2025-05-22T01:26:28.366+0000] {processor.py:840} INFO - DAG(s) 'run_dbt_models_after_ingestion' retrieved from /opt/airflow/dags/dbt_model_dag.py
[2025-05-22T01:26:28.401+0000] {logging_mixin.py:188} INFO - [2025-05-22T01:26:28.401+0000] {dag.py:3036} INFO - Sync 1 DAGs
[2025-05-22T01:26:28.418+0000] {logging_mixin.py:188} INFO - [2025-05-22T01:26:28.417+0000] {dag.py:3823} INFO - Setting next_dagrun for run_dbt_models_after_ingestion to None, run_after=None
[2025-05-22T01:26:28.435+0000] {processor.py:183} INFO - Processing /opt/airflow/dags/dbt_model_dag.py took 0.117 seconds
[2025-05-22T01:26:58.860+0000] {processor.py:161} INFO - Started process (PID=26697) to work on /opt/airflow/dags/dbt_model_dag.py
[2025-05-22T01:26:58.862+0000] {processor.py:830} INFO - Processing file /opt/airflow/dags/dbt_model_dag.py for tasks to queue
[2025-05-22T01:26:58.864+0000] {logging_mixin.py:188} INFO - [2025-05-22T01:26:58.863+0000] {dagbag.py:538} INFO - Filling up the DagBag from /opt/airflow/dags/dbt_model_dag.py
[2025-05-22T01:26:58.893+0000] {processor.py:840} INFO - DAG(s) 'run_dbt_models_after_ingestion' retrieved from /opt/airflow/dags/dbt_model_dag.py
[2025-05-22T01:26:58.931+0000] {logging_mixin.py:188} INFO - [2025-05-22T01:26:58.931+0000] {dag.py:3036} INFO - Sync 1 DAGs
[2025-05-22T01:26:58.942+0000] {logging_mixin.py:188} INFO - [2025-05-22T01:26:58.942+0000] {dag.py:3823} INFO - Setting next_dagrun for run_dbt_models_after_ingestion to None, run_after=None
[2025-05-22T01:26:58.961+0000] {processor.py:183} INFO - Processing /opt/airflow/dags/dbt_model_dag.py took 0.117 seconds
[2025-05-22T01:27:29.464+0000] {processor.py:161} INFO - Started process (PID=26707) to work on /opt/airflow/dags/dbt_model_dag.py
[2025-05-22T01:27:29.467+0000] {processor.py:830} INFO - Processing file /opt/airflow/dags/dbt_model_dag.py for tasks to queue
[2025-05-22T01:27:29.468+0000] {logging_mixin.py:188} INFO - [2025-05-22T01:27:29.467+0000] {dagbag.py:538} INFO - Filling up the DagBag from /opt/airflow/dags/dbt_model_dag.py
[2025-05-22T01:27:29.502+0000] {processor.py:840} INFO - DAG(s) 'run_dbt_models_after_ingestion' retrieved from /opt/airflow/dags/dbt_model_dag.py
[2025-05-22T01:27:29.550+0000] {logging_mixin.py:188} INFO - [2025-05-22T01:27:29.549+0000] {dag.py:3036} INFO - Sync 1 DAGs
[2025-05-22T01:27:29.564+0000] {logging_mixin.py:188} INFO - [2025-05-22T01:27:29.564+0000] {dag.py:3823} INFO - Setting next_dagrun for run_dbt_models_after_ingestion to None, run_after=None
[2025-05-22T01:27:29.584+0000] {processor.py:183} INFO - Processing /opt/airflow/dags/dbt_model_dag.py took 0.131 seconds
[2025-05-22T01:28:00.031+0000] {processor.py:161} INFO - Started process (PID=26717) to work on /opt/airflow/dags/dbt_model_dag.py
[2025-05-22T01:28:00.034+0000] {processor.py:830} INFO - Processing file /opt/airflow/dags/dbt_model_dag.py for tasks to queue
[2025-05-22T01:28:00.035+0000] {logging_mixin.py:188} INFO - [2025-05-22T01:28:00.034+0000] {dagbag.py:538} INFO - Filling up the DagBag from /opt/airflow/dags/dbt_model_dag.py
[2025-05-22T01:28:00.063+0000] {processor.py:840} INFO - DAG(s) 'run_dbt_models_after_ingestion' retrieved from /opt/airflow/dags/dbt_model_dag.py
[2025-05-22T01:28:00.109+0000] {logging_mixin.py:188} INFO - [2025-05-22T01:28:00.109+0000] {dag.py:3036} INFO - Sync 1 DAGs
[2025-05-22T01:28:00.123+0000] {logging_mixin.py:188} INFO - [2025-05-22T01:28:00.123+0000] {dag.py:3823} INFO - Setting next_dagrun for run_dbt_models_after_ingestion to None, run_after=None
[2025-05-22T01:28:00.137+0000] {processor.py:183} INFO - Processing /opt/airflow/dags/dbt_model_dag.py took 0.116 seconds
[2025-05-22T01:28:30.628+0000] {processor.py:161} INFO - Started process (PID=26727) to work on /opt/airflow/dags/dbt_model_dag.py
[2025-05-22T01:28:30.631+0000] {processor.py:830} INFO - Processing file /opt/airflow/dags/dbt_model_dag.py for tasks to queue
[2025-05-22T01:28:30.632+0000] {logging_mixin.py:188} INFO - [2025-05-22T01:28:30.632+0000] {dagbag.py:538} INFO - Filling up the DagBag from /opt/airflow/dags/dbt_model_dag.py
[2025-05-22T01:28:30.658+0000] {processor.py:840} INFO - DAG(s) 'run_dbt_models_after_ingestion' retrieved from /opt/airflow/dags/dbt_model_dag.py
[2025-05-22T01:28:30.694+0000] {logging_mixin.py:188} INFO - [2025-05-22T01:28:30.694+0000] {dag.py:3036} INFO - Sync 1 DAGs
[2025-05-22T01:28:30.707+0000] {logging_mixin.py:188} INFO - [2025-05-22T01:28:30.707+0000] {dag.py:3823} INFO - Setting next_dagrun for run_dbt_models_after_ingestion to None, run_after=None
[2025-05-22T01:28:30.720+0000] {processor.py:183} INFO - Processing /opt/airflow/dags/dbt_model_dag.py took 0.107 seconds
[2025-05-22T01:29:01.178+0000] {processor.py:161} INFO - Started process (PID=26737) to work on /opt/airflow/dags/dbt_model_dag.py
[2025-05-22T01:29:01.180+0000] {processor.py:830} INFO - Processing file /opt/airflow/dags/dbt_model_dag.py for tasks to queue
[2025-05-22T01:29:01.182+0000] {logging_mixin.py:188} INFO - [2025-05-22T01:29:01.182+0000] {dagbag.py:538} INFO - Filling up the DagBag from /opt/airflow/dags/dbt_model_dag.py
[2025-05-22T01:29:01.208+0000] {processor.py:840} INFO - DAG(s) 'run_dbt_models_after_ingestion' retrieved from /opt/airflow/dags/dbt_model_dag.py
[2025-05-22T01:29:01.243+0000] {logging_mixin.py:188} INFO - [2025-05-22T01:29:01.243+0000] {dag.py:3036} INFO - Sync 1 DAGs
[2025-05-22T01:29:01.257+0000] {logging_mixin.py:188} INFO - [2025-05-22T01:29:01.257+0000] {dag.py:3823} INFO - Setting next_dagrun for run_dbt_models_after_ingestion to None, run_after=None
[2025-05-22T01:29:01.269+0000] {processor.py:183} INFO - Processing /opt/airflow/dags/dbt_model_dag.py took 0.105 seconds
[2025-05-22T01:29:31.741+0000] {processor.py:161} INFO - Started process (PID=26747) to work on /opt/airflow/dags/dbt_model_dag.py
[2025-05-22T01:29:31.743+0000] {processor.py:830} INFO - Processing file /opt/airflow/dags/dbt_model_dag.py for tasks to queue
[2025-05-22T01:29:31.747+0000] {logging_mixin.py:188} INFO - [2025-05-22T01:29:31.746+0000] {dagbag.py:538} INFO - Filling up the DagBag from /opt/airflow/dags/dbt_model_dag.py
[2025-05-22T01:29:31.773+0000] {processor.py:840} INFO - DAG(s) 'run_dbt_models_after_ingestion' retrieved from /opt/airflow/dags/dbt_model_dag.py
[2025-05-22T01:29:31.808+0000] {logging_mixin.py:188} INFO - [2025-05-22T01:29:31.808+0000] {dag.py:3036} INFO - Sync 1 DAGs
[2025-05-22T01:29:31.820+0000] {logging_mixin.py:188} INFO - [2025-05-22T01:29:31.820+0000] {dag.py:3823} INFO - Setting next_dagrun for run_dbt_models_after_ingestion to None, run_after=None
[2025-05-22T01:29:31.832+0000] {processor.py:183} INFO - Processing /opt/airflow/dags/dbt_model_dag.py took 0.104 seconds
[2025-05-22T01:30:02.249+0000] {processor.py:161} INFO - Started process (PID=26757) to work on /opt/airflow/dags/dbt_model_dag.py
[2025-05-22T01:30:02.253+0000] {processor.py:830} INFO - Processing file /opt/airflow/dags/dbt_model_dag.py for tasks to queue
[2025-05-22T01:30:02.255+0000] {logging_mixin.py:188} INFO - [2025-05-22T01:30:02.255+0000] {dagbag.py:538} INFO - Filling up the DagBag from /opt/airflow/dags/dbt_model_dag.py
[2025-05-22T01:30:02.277+0000] {processor.py:840} INFO - DAG(s) 'run_dbt_models_after_ingestion' retrieved from /opt/airflow/dags/dbt_model_dag.py
[2025-05-22T01:30:02.318+0000] {logging_mixin.py:188} INFO - [2025-05-22T01:30:02.318+0000] {dag.py:3036} INFO - Sync 1 DAGs
[2025-05-22T01:30:02.335+0000] {logging_mixin.py:188} INFO - [2025-05-22T01:30:02.334+0000] {dag.py:3823} INFO - Setting next_dagrun for run_dbt_models_after_ingestion to None, run_after=None
[2025-05-22T01:30:02.350+0000] {processor.py:183} INFO - Processing /opt/airflow/dags/dbt_model_dag.py took 0.111 seconds
[2025-05-22T01:30:32.924+0000] {processor.py:161} INFO - Started process (PID=26767) to work on /opt/airflow/dags/dbt_model_dag.py
[2025-05-22T01:30:32.929+0000] {processor.py:830} INFO - Processing file /opt/airflow/dags/dbt_model_dag.py for tasks to queue
[2025-05-22T01:30:32.930+0000] {logging_mixin.py:188} INFO - [2025-05-22T01:30:32.930+0000] {dagbag.py:538} INFO - Filling up the DagBag from /opt/airflow/dags/dbt_model_dag.py
[2025-05-22T01:30:32.952+0000] {processor.py:840} INFO - DAG(s) 'run_dbt_models_after_ingestion' retrieved from /opt/airflow/dags/dbt_model_dag.py
[2025-05-22T01:30:32.998+0000] {logging_mixin.py:188} INFO - [2025-05-22T01:30:32.998+0000] {dag.py:3036} INFO - Sync 1 DAGs
[2025-05-22T01:30:33.008+0000] {logging_mixin.py:188} INFO - [2025-05-22T01:30:33.008+0000] {dag.py:3823} INFO - Setting next_dagrun for run_dbt_models_after_ingestion to None, run_after=None
[2025-05-22T01:30:33.026+0000] {processor.py:183} INFO - Processing /opt/airflow/dags/dbt_model_dag.py took 0.116 seconds
[2025-05-22T01:31:03.597+0000] {processor.py:161} INFO - Started process (PID=26777) to work on /opt/airflow/dags/dbt_model_dag.py
[2025-05-22T01:31:03.600+0000] {processor.py:830} INFO - Processing file /opt/airflow/dags/dbt_model_dag.py for tasks to queue
[2025-05-22T01:31:03.601+0000] {logging_mixin.py:188} INFO - [2025-05-22T01:31:03.601+0000] {dagbag.py:538} INFO - Filling up the DagBag from /opt/airflow/dags/dbt_model_dag.py
[2025-05-22T01:31:03.625+0000] {processor.py:840} INFO - DAG(s) 'run_dbt_models_after_ingestion' retrieved from /opt/airflow/dags/dbt_model_dag.py
[2025-05-22T01:31:03.669+0000] {logging_mixin.py:188} INFO - [2025-05-22T01:31:03.669+0000] {dag.py:3036} INFO - Sync 1 DAGs
[2025-05-22T01:31:03.683+0000] {logging_mixin.py:188} INFO - [2025-05-22T01:31:03.683+0000] {dag.py:3823} INFO - Setting next_dagrun for run_dbt_models_after_ingestion to None, run_after=None
[2025-05-22T01:31:03.697+0000] {processor.py:183} INFO - Processing /opt/airflow/dags/dbt_model_dag.py took 0.113 seconds
[2025-05-22T01:31:34.164+0000] {processor.py:161} INFO - Started process (PID=26787) to work on /opt/airflow/dags/dbt_model_dag.py
[2025-05-22T01:31:34.165+0000] {processor.py:830} INFO - Processing file /opt/airflow/dags/dbt_model_dag.py for tasks to queue
[2025-05-22T01:31:34.166+0000] {logging_mixin.py:188} INFO - [2025-05-22T01:31:34.166+0000] {dagbag.py:538} INFO - Filling up the DagBag from /opt/airflow/dags/dbt_model_dag.py
[2025-05-22T01:31:34.197+0000] {processor.py:840} INFO - DAG(s) 'run_dbt_models_after_ingestion' retrieved from /opt/airflow/dags/dbt_model_dag.py
[2025-05-22T01:31:34.235+0000] {logging_mixin.py:188} INFO - [2025-05-22T01:31:34.235+0000] {dag.py:3036} INFO - Sync 1 DAGs
[2025-05-22T01:31:34.246+0000] {logging_mixin.py:188} INFO - [2025-05-22T01:31:34.246+0000] {dag.py:3823} INFO - Setting next_dagrun for run_dbt_models_after_ingestion to None, run_after=None
[2025-05-22T01:31:34.259+0000] {processor.py:183} INFO - Processing /opt/airflow/dags/dbt_model_dag.py took 0.105 seconds
[2025-05-22T01:32:04.684+0000] {processor.py:161} INFO - Started process (PID=26797) to work on /opt/airflow/dags/dbt_model_dag.py
[2025-05-22T01:32:04.685+0000] {processor.py:830} INFO - Processing file /opt/airflow/dags/dbt_model_dag.py for tasks to queue
[2025-05-22T01:32:04.686+0000] {logging_mixin.py:188} INFO - [2025-05-22T01:32:04.686+0000] {dagbag.py:538} INFO - Filling up the DagBag from /opt/airflow/dags/dbt_model_dag.py
[2025-05-22T01:32:04.714+0000] {processor.py:840} INFO - DAG(s) 'run_dbt_models_after_ingestion' retrieved from /opt/airflow/dags/dbt_model_dag.py
[2025-05-22T01:32:04.752+0000] {logging_mixin.py:188} INFO - [2025-05-22T01:32:04.752+0000] {dag.py:3036} INFO - Sync 1 DAGs
[2025-05-22T01:32:04.765+0000] {logging_mixin.py:188} INFO - [2025-05-22T01:32:04.765+0000] {dag.py:3823} INFO - Setting next_dagrun for run_dbt_models_after_ingestion to None, run_after=None
[2025-05-22T01:32:04.777+0000] {processor.py:183} INFO - Processing /opt/airflow/dags/dbt_model_dag.py took 0.111 seconds
[2025-05-22T01:32:35.238+0000] {processor.py:161} INFO - Started process (PID=26807) to work on /opt/airflow/dags/dbt_model_dag.py
[2025-05-22T01:32:35.240+0000] {processor.py:830} INFO - Processing file /opt/airflow/dags/dbt_model_dag.py for tasks to queue
[2025-05-22T01:32:35.242+0000] {logging_mixin.py:188} INFO - [2025-05-22T01:32:35.242+0000] {dagbag.py:538} INFO - Filling up the DagBag from /opt/airflow/dags/dbt_model_dag.py
[2025-05-22T01:32:35.266+0000] {processor.py:840} INFO - DAG(s) 'run_dbt_models_after_ingestion' retrieved from /opt/airflow/dags/dbt_model_dag.py
[2025-05-22T01:32:35.301+0000] {logging_mixin.py:188} INFO - [2025-05-22T01:32:35.301+0000] {dag.py:3036} INFO - Sync 1 DAGs
[2025-05-22T01:32:35.313+0000] {logging_mixin.py:188} INFO - [2025-05-22T01:32:35.313+0000] {dag.py:3823} INFO - Setting next_dagrun for run_dbt_models_after_ingestion to None, run_after=None
[2025-05-22T01:32:35.324+0000] {processor.py:183} INFO - Processing /opt/airflow/dags/dbt_model_dag.py took 0.102 seconds
[2025-05-22T01:33:05.788+0000] {processor.py:161} INFO - Started process (PID=26817) to work on /opt/airflow/dags/dbt_model_dag.py
[2025-05-22T01:33:05.790+0000] {processor.py:830} INFO - Processing file /opt/airflow/dags/dbt_model_dag.py for tasks to queue
[2025-05-22T01:33:05.791+0000] {logging_mixin.py:188} INFO - [2025-05-22T01:33:05.790+0000] {dagbag.py:538} INFO - Filling up the DagBag from /opt/airflow/dags/dbt_model_dag.py
[2025-05-22T01:33:05.816+0000] {processor.py:840} INFO - DAG(s) 'run_dbt_models_after_ingestion' retrieved from /opt/airflow/dags/dbt_model_dag.py
[2025-05-22T01:33:05.852+0000] {logging_mixin.py:188} INFO - [2025-05-22T01:33:05.852+0000] {dag.py:3036} INFO - Sync 1 DAGs
[2025-05-22T01:33:05.867+0000] {logging_mixin.py:188} INFO - [2025-05-22T01:33:05.866+0000] {dag.py:3823} INFO - Setting next_dagrun for run_dbt_models_after_ingestion to None, run_after=None
[2025-05-22T01:33:05.878+0000] {processor.py:183} INFO - Processing /opt/airflow/dags/dbt_model_dag.py took 0.103 seconds
[2025-05-22T01:33:36.277+0000] {processor.py:161} INFO - Started process (PID=26827) to work on /opt/airflow/dags/dbt_model_dag.py
[2025-05-22T01:33:36.282+0000] {processor.py:830} INFO - Processing file /opt/airflow/dags/dbt_model_dag.py for tasks to queue
[2025-05-22T01:33:36.283+0000] {logging_mixin.py:188} INFO - [2025-05-22T01:33:36.282+0000] {dagbag.py:538} INFO - Filling up the DagBag from /opt/airflow/dags/dbt_model_dag.py
[2025-05-22T01:33:36.312+0000] {processor.py:840} INFO - DAG(s) 'run_dbt_models_after_ingestion' retrieved from /opt/airflow/dags/dbt_model_dag.py
[2025-05-22T01:33:36.350+0000] {logging_mixin.py:188} INFO - [2025-05-22T01:33:36.350+0000] {dag.py:3036} INFO - Sync 1 DAGs
[2025-05-22T01:33:36.361+0000] {logging_mixin.py:188} INFO - [2025-05-22T01:33:36.361+0000] {dag.py:3823} INFO - Setting next_dagrun for run_dbt_models_after_ingestion to None, run_after=None
[2025-05-22T01:33:36.374+0000] {processor.py:183} INFO - Processing /opt/airflow/dags/dbt_model_dag.py took 0.107 seconds
[2025-05-22T01:34:06.978+0000] {processor.py:161} INFO - Started process (PID=26837) to work on /opt/airflow/dags/dbt_model_dag.py
[2025-05-22T01:34:06.981+0000] {processor.py:830} INFO - Processing file /opt/airflow/dags/dbt_model_dag.py for tasks to queue
[2025-05-22T01:34:06.983+0000] {logging_mixin.py:188} INFO - [2025-05-22T01:34:06.982+0000] {dagbag.py:538} INFO - Filling up the DagBag from /opt/airflow/dags/dbt_model_dag.py
[2025-05-22T01:34:07.010+0000] {processor.py:840} INFO - DAG(s) 'run_dbt_models_after_ingestion' retrieved from /opt/airflow/dags/dbt_model_dag.py
[2025-05-22T01:34:07.050+0000] {logging_mixin.py:188} INFO - [2025-05-22T01:34:07.050+0000] {dag.py:3036} INFO - Sync 1 DAGs
[2025-05-22T01:34:07.061+0000] {logging_mixin.py:188} INFO - [2025-05-22T01:34:07.061+0000] {dag.py:3823} INFO - Setting next_dagrun for run_dbt_models_after_ingestion to None, run_after=None
[2025-05-22T01:34:07.076+0000] {processor.py:183} INFO - Processing /opt/airflow/dags/dbt_model_dag.py took 0.112 seconds
[2025-05-22T01:34:37.584+0000] {processor.py:161} INFO - Started process (PID=26847) to work on /opt/airflow/dags/dbt_model_dag.py
[2025-05-22T01:34:37.586+0000] {processor.py:830} INFO - Processing file /opt/airflow/dags/dbt_model_dag.py for tasks to queue
[2025-05-22T01:34:37.587+0000] {logging_mixin.py:188} INFO - [2025-05-22T01:34:37.587+0000] {dagbag.py:538} INFO - Filling up the DagBag from /opt/airflow/dags/dbt_model_dag.py
[2025-05-22T01:34:37.610+0000] {processor.py:840} INFO - DAG(s) 'run_dbt_models_after_ingestion' retrieved from /opt/airflow/dags/dbt_model_dag.py
[2025-05-22T01:34:37.649+0000] {logging_mixin.py:188} INFO - [2025-05-22T01:34:37.648+0000] {dag.py:3036} INFO - Sync 1 DAGs
[2025-05-22T01:34:37.662+0000] {logging_mixin.py:188} INFO - [2025-05-22T01:34:37.661+0000] {dag.py:3823} INFO - Setting next_dagrun for run_dbt_models_after_ingestion to None, run_after=None
[2025-05-22T01:34:37.676+0000] {processor.py:183} INFO - Processing /opt/airflow/dags/dbt_model_dag.py took 0.105 seconds
[2025-05-22T01:35:08.089+0000] {processor.py:161} INFO - Started process (PID=26857) to work on /opt/airflow/dags/dbt_model_dag.py
[2025-05-22T01:35:08.091+0000] {processor.py:830} INFO - Processing file /opt/airflow/dags/dbt_model_dag.py for tasks to queue
[2025-05-22T01:35:08.092+0000] {logging_mixin.py:188} INFO - [2025-05-22T01:35:08.092+0000] {dagbag.py:538} INFO - Filling up the DagBag from /opt/airflow/dags/dbt_model_dag.py
[2025-05-22T01:35:08.115+0000] {processor.py:840} INFO - DAG(s) 'run_dbt_models_after_ingestion' retrieved from /opt/airflow/dags/dbt_model_dag.py
[2025-05-22T01:35:08.154+0000] {logging_mixin.py:188} INFO - [2025-05-22T01:35:08.154+0000] {dag.py:3036} INFO - Sync 1 DAGs
[2025-05-22T01:35:08.163+0000] {logging_mixin.py:188} INFO - [2025-05-22T01:35:08.163+0000] {dag.py:3823} INFO - Setting next_dagrun for run_dbt_models_after_ingestion to None, run_after=None
[2025-05-22T01:35:08.180+0000] {processor.py:183} INFO - Processing /opt/airflow/dags/dbt_model_dag.py took 0.102 seconds
[2025-05-22T01:35:38.529+0000] {processor.py:161} INFO - Started process (PID=26867) to work on /opt/airflow/dags/dbt_model_dag.py
[2025-05-22T01:35:38.533+0000] {processor.py:830} INFO - Processing file /opt/airflow/dags/dbt_model_dag.py for tasks to queue
[2025-05-22T01:35:38.534+0000] {logging_mixin.py:188} INFO - [2025-05-22T01:35:38.534+0000] {dagbag.py:538} INFO - Filling up the DagBag from /opt/airflow/dags/dbt_model_dag.py
[2025-05-22T01:35:38.557+0000] {processor.py:840} INFO - DAG(s) 'run_dbt_models_after_ingestion' retrieved from /opt/airflow/dags/dbt_model_dag.py
[2025-05-22T01:35:38.597+0000] {logging_mixin.py:188} INFO - [2025-05-22T01:35:38.597+0000] {dag.py:3036} INFO - Sync 1 DAGs
[2025-05-22T01:35:38.608+0000] {logging_mixin.py:188} INFO - [2025-05-22T01:35:38.608+0000] {dag.py:3823} INFO - Setting next_dagrun for run_dbt_models_after_ingestion to None, run_after=None
[2025-05-22T01:35:38.621+0000] {processor.py:183} INFO - Processing /opt/airflow/dags/dbt_model_dag.py took 0.104 seconds
[2025-05-22T01:36:09.048+0000] {processor.py:161} INFO - Started process (PID=26877) to work on /opt/airflow/dags/dbt_model_dag.py
[2025-05-22T01:36:09.050+0000] {processor.py:830} INFO - Processing file /opt/airflow/dags/dbt_model_dag.py for tasks to queue
[2025-05-22T01:36:09.051+0000] {logging_mixin.py:188} INFO - [2025-05-22T01:36:09.051+0000] {dagbag.py:538} INFO - Filling up the DagBag from /opt/airflow/dags/dbt_model_dag.py
[2025-05-22T01:36:09.077+0000] {processor.py:840} INFO - DAG(s) 'run_dbt_models_after_ingestion' retrieved from /opt/airflow/dags/dbt_model_dag.py
[2025-05-22T01:36:09.115+0000] {logging_mixin.py:188} INFO - [2025-05-22T01:36:09.115+0000] {dag.py:3036} INFO - Sync 1 DAGs
[2025-05-22T01:36:09.126+0000] {logging_mixin.py:188} INFO - [2025-05-22T01:36:09.126+0000] {dag.py:3823} INFO - Setting next_dagrun for run_dbt_models_after_ingestion to None, run_after=None
[2025-05-22T01:36:09.140+0000] {processor.py:183} INFO - Processing /opt/airflow/dags/dbt_model_dag.py took 0.105 seconds
[2025-05-22T01:36:39.570+0000] {processor.py:161} INFO - Started process (PID=26887) to work on /opt/airflow/dags/dbt_model_dag.py
[2025-05-22T01:36:39.571+0000] {processor.py:830} INFO - Processing file /opt/airflow/dags/dbt_model_dag.py for tasks to queue
[2025-05-22T01:36:39.572+0000] {logging_mixin.py:188} INFO - [2025-05-22T01:36:39.572+0000] {dagbag.py:538} INFO - Filling up the DagBag from /opt/airflow/dags/dbt_model_dag.py
[2025-05-22T01:36:39.601+0000] {processor.py:840} INFO - DAG(s) 'run_dbt_models_after_ingestion' retrieved from /opt/airflow/dags/dbt_model_dag.py
[2025-05-22T01:36:39.645+0000] {logging_mixin.py:188} INFO - [2025-05-22T01:36:39.645+0000] {dag.py:3036} INFO - Sync 1 DAGs
[2025-05-22T01:36:39.654+0000] {logging_mixin.py:188} INFO - [2025-05-22T01:36:39.654+0000] {dag.py:3823} INFO - Setting next_dagrun for run_dbt_models_after_ingestion to None, run_after=None
[2025-05-22T01:36:39.669+0000] {processor.py:183} INFO - Processing /opt/airflow/dags/dbt_model_dag.py took 0.112 seconds
[2025-05-22T01:37:10.102+0000] {processor.py:161} INFO - Started process (PID=26897) to work on /opt/airflow/dags/dbt_model_dag.py
[2025-05-22T01:37:10.104+0000] {processor.py:830} INFO - Processing file /opt/airflow/dags/dbt_model_dag.py for tasks to queue
[2025-05-22T01:37:10.105+0000] {logging_mixin.py:188} INFO - [2025-05-22T01:37:10.104+0000] {dagbag.py:538} INFO - Filling up the DagBag from /opt/airflow/dags/dbt_model_dag.py
[2025-05-22T01:37:10.130+0000] {processor.py:840} INFO - DAG(s) 'run_dbt_models_after_ingestion' retrieved from /opt/airflow/dags/dbt_model_dag.py
[2025-05-22T01:37:10.168+0000] {logging_mixin.py:188} INFO - [2025-05-22T01:37:10.168+0000] {dag.py:3036} INFO - Sync 1 DAGs
[2025-05-22T01:37:10.180+0000] {logging_mixin.py:188} INFO - [2025-05-22T01:37:10.180+0000] {dag.py:3823} INFO - Setting next_dagrun for run_dbt_models_after_ingestion to None, run_after=None
[2025-05-22T01:37:10.191+0000] {processor.py:183} INFO - Processing /opt/airflow/dags/dbt_model_dag.py took 0.103 seconds
[2025-05-22T01:37:40.611+0000] {processor.py:161} INFO - Started process (PID=26907) to work on /opt/airflow/dags/dbt_model_dag.py
[2025-05-22T01:37:40.614+0000] {processor.py:830} INFO - Processing file /opt/airflow/dags/dbt_model_dag.py for tasks to queue
[2025-05-22T01:37:40.615+0000] {logging_mixin.py:188} INFO - [2025-05-22T01:37:40.615+0000] {dagbag.py:538} INFO - Filling up the DagBag from /opt/airflow/dags/dbt_model_dag.py
[2025-05-22T01:37:40.639+0000] {processor.py:840} INFO - DAG(s) 'run_dbt_models_after_ingestion' retrieved from /opt/airflow/dags/dbt_model_dag.py
[2025-05-22T01:37:40.675+0000] {logging_mixin.py:188} INFO - [2025-05-22T01:37:40.675+0000] {dag.py:3036} INFO - Sync 1 DAGs
[2025-05-22T01:37:40.687+0000] {logging_mixin.py:188} INFO - [2025-05-22T01:37:40.687+0000] {dag.py:3823} INFO - Setting next_dagrun for run_dbt_models_after_ingestion to None, run_after=None
[2025-05-22T01:37:40.699+0000] {processor.py:183} INFO - Processing /opt/airflow/dags/dbt_model_dag.py took 0.098 seconds
[2025-05-22T01:38:11.139+0000] {processor.py:161} INFO - Started process (PID=26917) to work on /opt/airflow/dags/dbt_model_dag.py
[2025-05-22T01:38:11.141+0000] {processor.py:830} INFO - Processing file /opt/airflow/dags/dbt_model_dag.py for tasks to queue
[2025-05-22T01:38:11.142+0000] {logging_mixin.py:188} INFO - [2025-05-22T01:38:11.142+0000] {dagbag.py:538} INFO - Filling up the DagBag from /opt/airflow/dags/dbt_model_dag.py
[2025-05-22T01:38:11.166+0000] {processor.py:840} INFO - DAG(s) 'run_dbt_models_after_ingestion' retrieved from /opt/airflow/dags/dbt_model_dag.py
[2025-05-22T01:38:11.202+0000] {logging_mixin.py:188} INFO - [2025-05-22T01:38:11.202+0000] {dag.py:3036} INFO - Sync 1 DAGs
[2025-05-22T01:38:11.216+0000] {logging_mixin.py:188} INFO - [2025-05-22T01:38:11.216+0000] {dag.py:3823} INFO - Setting next_dagrun for run_dbt_models_after_ingestion to None, run_after=None
[2025-05-22T01:38:11.229+0000] {processor.py:183} INFO - Processing /opt/airflow/dags/dbt_model_dag.py took 0.103 seconds
[2025-05-22T01:38:41.675+0000] {processor.py:161} INFO - Started process (PID=26927) to work on /opt/airflow/dags/dbt_model_dag.py
[2025-05-22T01:38:41.677+0000] {processor.py:830} INFO - Processing file /opt/airflow/dags/dbt_model_dag.py for tasks to queue
[2025-05-22T01:38:41.679+0000] {logging_mixin.py:188} INFO - [2025-05-22T01:38:41.677+0000] {dagbag.py:538} INFO - Filling up the DagBag from /opt/airflow/dags/dbt_model_dag.py
[2025-05-22T01:38:41.704+0000] {processor.py:840} INFO - DAG(s) 'run_dbt_models_after_ingestion' retrieved from /opt/airflow/dags/dbt_model_dag.py
[2025-05-22T01:38:41.737+0000] {logging_mixin.py:188} INFO - [2025-05-22T01:38:41.737+0000] {dag.py:3036} INFO - Sync 1 DAGs
[2025-05-22T01:38:41.747+0000] {logging_mixin.py:188} INFO - [2025-05-22T01:38:41.747+0000] {dag.py:3823} INFO - Setting next_dagrun for run_dbt_models_after_ingestion to None, run_after=None
[2025-05-22T01:38:41.758+0000] {processor.py:183} INFO - Processing /opt/airflow/dags/dbt_model_dag.py took 0.100 seconds
[2025-05-22T01:39:12.237+0000] {processor.py:161} INFO - Started process (PID=26937) to work on /opt/airflow/dags/dbt_model_dag.py
[2025-05-22T01:39:12.238+0000] {processor.py:830} INFO - Processing file /opt/airflow/dags/dbt_model_dag.py for tasks to queue
[2025-05-22T01:39:12.239+0000] {logging_mixin.py:188} INFO - [2025-05-22T01:39:12.239+0000] {dagbag.py:538} INFO - Filling up the DagBag from /opt/airflow/dags/dbt_model_dag.py
[2025-05-22T01:39:12.267+0000] {processor.py:840} INFO - DAG(s) 'run_dbt_models_after_ingestion' retrieved from /opt/airflow/dags/dbt_model_dag.py
[2025-05-22T01:39:12.306+0000] {logging_mixin.py:188} INFO - [2025-05-22T01:39:12.306+0000] {dag.py:3036} INFO - Sync 1 DAGs
[2025-05-22T01:39:12.319+0000] {logging_mixin.py:188} INFO - [2025-05-22T01:39:12.319+0000] {dag.py:3823} INFO - Setting next_dagrun for run_dbt_models_after_ingestion to None, run_after=None
[2025-05-22T01:39:12.332+0000] {processor.py:183} INFO - Processing /opt/airflow/dags/dbt_model_dag.py took 0.107 seconds
[2025-05-22T01:39:42.726+0000] {processor.py:161} INFO - Started process (PID=26947) to work on /opt/airflow/dags/dbt_model_dag.py
[2025-05-22T01:39:42.728+0000] {processor.py:830} INFO - Processing file /opt/airflow/dags/dbt_model_dag.py for tasks to queue
[2025-05-22T01:39:42.729+0000] {logging_mixin.py:188} INFO - [2025-05-22T01:39:42.729+0000] {dagbag.py:538} INFO - Filling up the DagBag from /opt/airflow/dags/dbt_model_dag.py
[2025-05-22T01:39:42.758+0000] {processor.py:840} INFO - DAG(s) 'run_dbt_models_after_ingestion' retrieved from /opt/airflow/dags/dbt_model_dag.py
[2025-05-22T01:39:42.799+0000] {logging_mixin.py:188} INFO - [2025-05-22T01:39:42.799+0000] {dag.py:3036} INFO - Sync 1 DAGs
[2025-05-22T01:39:42.810+0000] {logging_mixin.py:188} INFO - [2025-05-22T01:39:42.810+0000] {dag.py:3823} INFO - Setting next_dagrun for run_dbt_models_after_ingestion to None, run_after=None
[2025-05-22T01:39:42.824+0000] {processor.py:183} INFO - Processing /opt/airflow/dags/dbt_model_dag.py took 0.112 seconds
[2025-05-22T01:40:13.291+0000] {processor.py:161} INFO - Started process (PID=26957) to work on /opt/airflow/dags/dbt_model_dag.py
[2025-05-22T01:40:13.292+0000] {processor.py:830} INFO - Processing file /opt/airflow/dags/dbt_model_dag.py for tasks to queue
[2025-05-22T01:40:13.293+0000] {logging_mixin.py:188} INFO - [2025-05-22T01:40:13.293+0000] {dagbag.py:538} INFO - Filling up the DagBag from /opt/airflow/dags/dbt_model_dag.py
[2025-05-22T01:40:13.320+0000] {processor.py:840} INFO - DAG(s) 'run_dbt_models_after_ingestion' retrieved from /opt/airflow/dags/dbt_model_dag.py
[2025-05-22T01:40:13.367+0000] {logging_mixin.py:188} INFO - [2025-05-22T01:40:13.367+0000] {dag.py:3036} INFO - Sync 1 DAGs
[2025-05-22T01:40:13.378+0000] {logging_mixin.py:188} INFO - [2025-05-22T01:40:13.377+0000] {dag.py:3823} INFO - Setting next_dagrun for run_dbt_models_after_ingestion to None, run_after=None
[2025-05-22T01:40:13.391+0000] {processor.py:183} INFO - Processing /opt/airflow/dags/dbt_model_dag.py took 0.113 seconds
[2025-05-22T01:40:43.907+0000] {processor.py:161} INFO - Started process (PID=26967) to work on /opt/airflow/dags/dbt_model_dag.py
[2025-05-22T01:40:43.911+0000] {processor.py:830} INFO - Processing file /opt/airflow/dags/dbt_model_dag.py for tasks to queue
[2025-05-22T01:40:43.912+0000] {logging_mixin.py:188} INFO - [2025-05-22T01:40:43.912+0000] {dagbag.py:538} INFO - Filling up the DagBag from /opt/airflow/dags/dbt_model_dag.py
[2025-05-22T01:40:43.938+0000] {processor.py:840} INFO - DAG(s) 'run_dbt_models_after_ingestion' retrieved from /opt/airflow/dags/dbt_model_dag.py
[2025-05-22T01:40:43.973+0000] {logging_mixin.py:188} INFO - [2025-05-22T01:40:43.973+0000] {dag.py:3036} INFO - Sync 1 DAGs
[2025-05-22T01:40:43.986+0000] {logging_mixin.py:188} INFO - [2025-05-22T01:40:43.986+0000] {dag.py:3823} INFO - Setting next_dagrun for run_dbt_models_after_ingestion to None, run_after=None
[2025-05-22T01:40:43.999+0000] {processor.py:183} INFO - Processing /opt/airflow/dags/dbt_model_dag.py took 0.108 seconds
[2025-05-22T01:41:14.442+0000] {processor.py:161} INFO - Started process (PID=26977) to work on /opt/airflow/dags/dbt_model_dag.py
[2025-05-22T01:41:14.444+0000] {processor.py:830} INFO - Processing file /opt/airflow/dags/dbt_model_dag.py for tasks to queue
[2025-05-22T01:41:14.445+0000] {logging_mixin.py:188} INFO - [2025-05-22T01:41:14.445+0000] {dagbag.py:538} INFO - Filling up the DagBag from /opt/airflow/dags/dbt_model_dag.py
[2025-05-22T01:41:14.471+0000] {processor.py:840} INFO - DAG(s) 'run_dbt_models_after_ingestion' retrieved from /opt/airflow/dags/dbt_model_dag.py
[2025-05-22T01:41:14.508+0000] {logging_mixin.py:188} INFO - [2025-05-22T01:41:14.508+0000] {dag.py:3036} INFO - Sync 1 DAGs
[2025-05-22T01:41:14.523+0000] {logging_mixin.py:188} INFO - [2025-05-22T01:41:14.522+0000] {dag.py:3823} INFO - Setting next_dagrun for run_dbt_models_after_ingestion to None, run_after=None
[2025-05-22T01:41:14.539+0000] {processor.py:183} INFO - Processing /opt/airflow/dags/dbt_model_dag.py took 0.110 seconds
[2025-05-22T01:41:44.955+0000] {processor.py:161} INFO - Started process (PID=26987) to work on /opt/airflow/dags/dbt_model_dag.py
[2025-05-22T01:41:44.958+0000] {processor.py:830} INFO - Processing file /opt/airflow/dags/dbt_model_dag.py for tasks to queue
[2025-05-22T01:41:44.961+0000] {logging_mixin.py:188} INFO - [2025-05-22T01:41:44.960+0000] {dagbag.py:538} INFO - Filling up the DagBag from /opt/airflow/dags/dbt_model_dag.py
[2025-05-22T01:41:44.990+0000] {processor.py:840} INFO - DAG(s) 'run_dbt_models_after_ingestion' retrieved from /opt/airflow/dags/dbt_model_dag.py
[2025-05-22T01:41:45.033+0000] {logging_mixin.py:188} INFO - [2025-05-22T01:41:45.033+0000] {dag.py:3036} INFO - Sync 1 DAGs
[2025-05-22T01:41:45.047+0000] {logging_mixin.py:188} INFO - [2025-05-22T01:41:45.046+0000] {dag.py:3823} INFO - Setting next_dagrun for run_dbt_models_after_ingestion to None, run_after=None
[2025-05-22T01:41:45.071+0000] {processor.py:183} INFO - Processing /opt/airflow/dags/dbt_model_dag.py took 0.132 seconds
[2025-05-22T01:42:15.551+0000] {processor.py:161} INFO - Started process (PID=26997) to work on /opt/airflow/dags/dbt_model_dag.py
[2025-05-22T01:42:15.554+0000] {processor.py:830} INFO - Processing file /opt/airflow/dags/dbt_model_dag.py for tasks to queue
[2025-05-22T01:42:15.555+0000] {logging_mixin.py:188} INFO - [2025-05-22T01:42:15.555+0000] {dagbag.py:538} INFO - Filling up the DagBag from /opt/airflow/dags/dbt_model_dag.py
[2025-05-22T01:42:15.577+0000] {processor.py:840} INFO - DAG(s) 'run_dbt_models_after_ingestion' retrieved from /opt/airflow/dags/dbt_model_dag.py
[2025-05-22T01:42:15.613+0000] {logging_mixin.py:188} INFO - [2025-05-22T01:42:15.612+0000] {dag.py:3036} INFO - Sync 1 DAGs
[2025-05-22T01:42:15.624+0000] {logging_mixin.py:188} INFO - [2025-05-22T01:42:15.624+0000] {dag.py:3823} INFO - Setting next_dagrun for run_dbt_models_after_ingestion to None, run_after=None
[2025-05-22T01:42:15.637+0000] {processor.py:183} INFO - Processing /opt/airflow/dags/dbt_model_dag.py took 0.100 seconds
[2025-05-22T01:42:46.163+0000] {processor.py:161} INFO - Started process (PID=27007) to work on /opt/airflow/dags/dbt_model_dag.py
[2025-05-22T01:42:46.165+0000] {processor.py:830} INFO - Processing file /opt/airflow/dags/dbt_model_dag.py for tasks to queue
[2025-05-22T01:42:46.166+0000] {logging_mixin.py:188} INFO - [2025-05-22T01:42:46.166+0000] {dagbag.py:538} INFO - Filling up the DagBag from /opt/airflow/dags/dbt_model_dag.py
[2025-05-22T01:42:46.189+0000] {processor.py:840} INFO - DAG(s) 'run_dbt_models_after_ingestion' retrieved from /opt/airflow/dags/dbt_model_dag.py
[2025-05-22T01:42:46.226+0000] {logging_mixin.py:188} INFO - [2025-05-22T01:42:46.226+0000] {dag.py:3036} INFO - Sync 1 DAGs
[2025-05-22T01:42:46.238+0000] {logging_mixin.py:188} INFO - [2025-05-22T01:42:46.238+0000] {dag.py:3823} INFO - Setting next_dagrun for run_dbt_models_after_ingestion to None, run_after=None
[2025-05-22T01:42:46.251+0000] {processor.py:183} INFO - Processing /opt/airflow/dags/dbt_model_dag.py took 0.103 seconds
[2025-05-22T01:43:16.649+0000] {processor.py:161} INFO - Started process (PID=27022) to work on /opt/airflow/dags/dbt_model_dag.py
[2025-05-22T01:43:16.650+0000] {processor.py:830} INFO - Processing file /opt/airflow/dags/dbt_model_dag.py for tasks to queue
[2025-05-22T01:43:16.651+0000] {logging_mixin.py:188} INFO - [2025-05-22T01:43:16.651+0000] {dagbag.py:538} INFO - Filling up the DagBag from /opt/airflow/dags/dbt_model_dag.py
[2025-05-22T01:43:16.659+0000] {processor.py:840} INFO - DAG(s) 'run_dbt_models_after_ingestion' retrieved from /opt/airflow/dags/dbt_model_dag.py
[2025-05-22T01:43:16.677+0000] {logging_mixin.py:188} INFO - [2025-05-22T01:43:16.677+0000] {dag.py:3036} INFO - Sync 1 DAGs
[2025-05-22T01:43:16.686+0000] {logging_mixin.py:188} INFO - [2025-05-22T01:43:16.686+0000] {dag.py:3823} INFO - Setting next_dagrun for run_dbt_models_after_ingestion to None, run_after=None
[2025-05-22T01:43:16.696+0000] {processor.py:183} INFO - Processing /opt/airflow/dags/dbt_model_dag.py took 0.050 seconds
[2025-05-22T01:43:17.698+0000] {processor.py:161} INFO - Started process (PID=27027) to work on /opt/airflow/dags/dbt_model_dag.py
[2025-05-22T01:43:17.701+0000] {processor.py:830} INFO - Processing file /opt/airflow/dags/dbt_model_dag.py for tasks to queue
[2025-05-22T01:43:17.703+0000] {logging_mixin.py:188} INFO - [2025-05-22T01:43:17.703+0000] {dagbag.py:538} INFO - Filling up the DagBag from /opt/airflow/dags/dbt_model_dag.py
[2025-05-22T01:43:17.745+0000] {processor.py:840} INFO - DAG(s) 'run_dbt_models_after_ingestion' retrieved from /opt/airflow/dags/dbt_model_dag.py
[2025-05-22T01:43:17.815+0000] {logging_mixin.py:188} INFO - [2025-05-22T01:43:17.814+0000] {dag.py:3036} INFO - Sync 1 DAGs
[2025-05-22T01:43:17.822+0000] {logging_mixin.py:188} INFO - [2025-05-22T01:43:17.822+0000] {dag.py:3823} INFO - Setting next_dagrun for run_dbt_models_after_ingestion to None, run_after=None
[2025-05-22T01:43:17.832+0000] {processor.py:183} INFO - Processing /opt/airflow/dags/dbt_model_dag.py took 0.141 seconds
[2025-05-22T01:43:48.183+0000] {processor.py:161} INFO - Started process (PID=27037) to work on /opt/airflow/dags/dbt_model_dag.py
[2025-05-22T01:43:48.185+0000] {processor.py:830} INFO - Processing file /opt/airflow/dags/dbt_model_dag.py for tasks to queue
[2025-05-22T01:43:48.186+0000] {logging_mixin.py:188} INFO - [2025-05-22T01:43:48.185+0000] {dagbag.py:538} INFO - Filling up the DagBag from /opt/airflow/dags/dbt_model_dag.py
[2025-05-22T01:43:48.196+0000] {processor.py:840} INFO - DAG(s) 'run_dbt_models_after_ingestion' retrieved from /opt/airflow/dags/dbt_model_dag.py
[2025-05-22T01:43:48.217+0000] {logging_mixin.py:188} INFO - [2025-05-22T01:43:48.217+0000] {dag.py:3036} INFO - Sync 1 DAGs
[2025-05-22T01:43:48.224+0000] {logging_mixin.py:188} INFO - [2025-05-22T01:43:48.223+0000] {dag.py:3823} INFO - Setting next_dagrun for run_dbt_models_after_ingestion to None, run_after=None
[2025-05-22T01:43:48.231+0000] {processor.py:183} INFO - Processing /opt/airflow/dags/dbt_model_dag.py took 0.056 seconds
[2025-05-22T01:44:18.594+0000] {processor.py:161} INFO - Started process (PID=27047) to work on /opt/airflow/dags/dbt_model_dag.py
[2025-05-22T01:44:18.596+0000] {processor.py:830} INFO - Processing file /opt/airflow/dags/dbt_model_dag.py for tasks to queue
[2025-05-22T01:44:18.597+0000] {logging_mixin.py:188} INFO - [2025-05-22T01:44:18.597+0000] {dagbag.py:538} INFO - Filling up the DagBag from /opt/airflow/dags/dbt_model_dag.py
[2025-05-22T01:44:18.609+0000] {processor.py:840} INFO - DAG(s) 'run_dbt_models_after_ingestion' retrieved from /opt/airflow/dags/dbt_model_dag.py
[2025-05-22T01:44:18.641+0000] {logging_mixin.py:188} INFO - [2025-05-22T01:44:18.641+0000] {dag.py:3036} INFO - Sync 1 DAGs
[2025-05-22T01:44:18.647+0000] {logging_mixin.py:188} INFO - [2025-05-22T01:44:18.647+0000] {dag.py:3823} INFO - Setting next_dagrun for run_dbt_models_after_ingestion to None, run_after=None
[2025-05-22T01:44:18.655+0000] {processor.py:183} INFO - Processing /opt/airflow/dags/dbt_model_dag.py took 0.066 seconds
[2025-05-22T01:44:49.034+0000] {processor.py:161} INFO - Started process (PID=27057) to work on /opt/airflow/dags/dbt_model_dag.py
[2025-05-22T01:44:49.036+0000] {processor.py:830} INFO - Processing file /opt/airflow/dags/dbt_model_dag.py for tasks to queue
[2025-05-22T01:44:49.036+0000] {logging_mixin.py:188} INFO - [2025-05-22T01:44:49.036+0000] {dagbag.py:538} INFO - Filling up the DagBag from /opt/airflow/dags/dbt_model_dag.py
[2025-05-22T01:44:49.046+0000] {processor.py:840} INFO - DAG(s) 'run_dbt_models_after_ingestion' retrieved from /opt/airflow/dags/dbt_model_dag.py
[2025-05-22T01:44:49.063+0000] {logging_mixin.py:188} INFO - [2025-05-22T01:44:49.063+0000] {dag.py:3036} INFO - Sync 1 DAGs
[2025-05-22T01:44:49.070+0000] {logging_mixin.py:188} INFO - [2025-05-22T01:44:49.069+0000] {dag.py:3823} INFO - Setting next_dagrun for run_dbt_models_after_ingestion to None, run_after=None
[2025-05-22T01:44:49.077+0000] {processor.py:183} INFO - Processing /opt/airflow/dags/dbt_model_dag.py took 0.047 seconds
[2025-05-22T01:45:19.466+0000] {processor.py:161} INFO - Started process (PID=27067) to work on /opt/airflow/dags/dbt_model_dag.py
[2025-05-22T01:45:19.468+0000] {processor.py:830} INFO - Processing file /opt/airflow/dags/dbt_model_dag.py for tasks to queue
[2025-05-22T01:45:19.469+0000] {logging_mixin.py:188} INFO - [2025-05-22T01:45:19.468+0000] {dagbag.py:538} INFO - Filling up the DagBag from /opt/airflow/dags/dbt_model_dag.py
[2025-05-22T01:45:19.479+0000] {processor.py:840} INFO - DAG(s) 'run_dbt_models_after_ingestion' retrieved from /opt/airflow/dags/dbt_model_dag.py
[2025-05-22T01:45:19.499+0000] {logging_mixin.py:188} INFO - [2025-05-22T01:45:19.499+0000] {dag.py:3036} INFO - Sync 1 DAGs
[2025-05-22T01:45:19.506+0000] {logging_mixin.py:188} INFO - [2025-05-22T01:45:19.506+0000] {dag.py:3823} INFO - Setting next_dagrun for run_dbt_models_after_ingestion to None, run_after=None
[2025-05-22T01:45:19.513+0000] {processor.py:183} INFO - Processing /opt/airflow/dags/dbt_model_dag.py took 0.052 seconds
[2025-05-22T01:45:49.894+0000] {processor.py:161} INFO - Started process (PID=27082) to work on /opt/airflow/dags/dbt_model_dag.py
[2025-05-22T01:45:49.895+0000] {processor.py:830} INFO - Processing file /opt/airflow/dags/dbt_model_dag.py for tasks to queue
[2025-05-22T01:45:49.896+0000] {logging_mixin.py:188} INFO - [2025-05-22T01:45:49.896+0000] {dagbag.py:538} INFO - Filling up the DagBag from /opt/airflow/dags/dbt_model_dag.py
[2025-05-22T01:45:49.907+0000] {processor.py:840} INFO - DAG(s) 'run_dbt_models_after_ingestion' retrieved from /opt/airflow/dags/dbt_model_dag.py
[2025-05-22T01:45:49.926+0000] {logging_mixin.py:188} INFO - [2025-05-22T01:45:49.926+0000] {dag.py:3036} INFO - Sync 1 DAGs
[2025-05-22T01:45:49.932+0000] {logging_mixin.py:188} INFO - [2025-05-22T01:45:49.932+0000] {dag.py:3823} INFO - Setting next_dagrun for run_dbt_models_after_ingestion to None, run_after=None
[2025-05-22T01:45:49.940+0000] {processor.py:183} INFO - Processing /opt/airflow/dags/dbt_model_dag.py took 0.050 seconds
[2025-05-22T01:46:20.368+0000] {processor.py:161} INFO - Started process (PID=27097) to work on /opt/airflow/dags/dbt_model_dag.py
[2025-05-22T01:46:20.371+0000] {processor.py:830} INFO - Processing file /opt/airflow/dags/dbt_model_dag.py for tasks to queue
[2025-05-22T01:46:20.376+0000] {logging_mixin.py:188} INFO - [2025-05-22T01:46:20.374+0000] {dagbag.py:538} INFO - Filling up the DagBag from /opt/airflow/dags/dbt_model_dag.py
[2025-05-22T01:46:20.400+0000] {processor.py:840} INFO - DAG(s) 'run_dbt_models_after_ingestion' retrieved from /opt/airflow/dags/dbt_model_dag.py
[2025-05-22T01:46:20.441+0000] {logging_mixin.py:188} INFO - [2025-05-22T01:46:20.441+0000] {dag.py:3036} INFO - Sync 1 DAGs
[2025-05-22T01:46:20.452+0000] {logging_mixin.py:188} INFO - [2025-05-22T01:46:20.451+0000] {dag.py:3823} INFO - Setting next_dagrun for run_dbt_models_after_ingestion to None, run_after=None
[2025-05-22T01:46:20.465+0000] {processor.py:183} INFO - Processing /opt/airflow/dags/dbt_model_dag.py took 0.113 seconds
[2025-05-22T01:46:50.957+0000] {processor.py:161} INFO - Started process (PID=27112) to work on /opt/airflow/dags/dbt_model_dag.py
[2025-05-22T01:46:50.958+0000] {processor.py:830} INFO - Processing file /opt/airflow/dags/dbt_model_dag.py for tasks to queue
[2025-05-22T01:46:50.959+0000] {logging_mixin.py:188} INFO - [2025-05-22T01:46:50.959+0000] {dagbag.py:538} INFO - Filling up the DagBag from /opt/airflow/dags/dbt_model_dag.py
[2025-05-22T01:46:50.969+0000] {processor.py:840} INFO - DAG(s) 'run_dbt_models_after_ingestion' retrieved from /opt/airflow/dags/dbt_model_dag.py
[2025-05-22T01:46:50.990+0000] {logging_mixin.py:188} INFO - [2025-05-22T01:46:50.990+0000] {dag.py:3036} INFO - Sync 1 DAGs
[2025-05-22T01:46:50.996+0000] {logging_mixin.py:188} INFO - [2025-05-22T01:46:50.996+0000] {dag.py:3823} INFO - Setting next_dagrun for run_dbt_models_after_ingestion to None, run_after=None
[2025-05-22T01:46:51.007+0000] {processor.py:183} INFO - Processing /opt/airflow/dags/dbt_model_dag.py took 0.054 seconds
[2025-05-22T01:47:21.463+0000] {processor.py:161} INFO - Started process (PID=27127) to work on /opt/airflow/dags/dbt_model_dag.py
[2025-05-22T01:47:21.464+0000] {processor.py:830} INFO - Processing file /opt/airflow/dags/dbt_model_dag.py for tasks to queue
[2025-05-22T01:47:21.465+0000] {logging_mixin.py:188} INFO - [2025-05-22T01:47:21.465+0000] {dagbag.py:538} INFO - Filling up the DagBag from /opt/airflow/dags/dbt_model_dag.py
[2025-05-22T01:47:21.476+0000] {processor.py:840} INFO - DAG(s) 'run_dbt_models_after_ingestion' retrieved from /opt/airflow/dags/dbt_model_dag.py
[2025-05-22T01:47:21.496+0000] {logging_mixin.py:188} INFO - [2025-05-22T01:47:21.496+0000] {dag.py:3036} INFO - Sync 1 DAGs
[2025-05-22T01:47:21.503+0000] {logging_mixin.py:188} INFO - [2025-05-22T01:47:21.503+0000] {dag.py:3823} INFO - Setting next_dagrun for run_dbt_models_after_ingestion to None, run_after=None
[2025-05-22T01:47:21.511+0000] {processor.py:183} INFO - Processing /opt/airflow/dags/dbt_model_dag.py took 0.052 seconds
[2025-05-22T01:47:51.956+0000] {processor.py:161} INFO - Started process (PID=27142) to work on /opt/airflow/dags/dbt_model_dag.py
[2025-05-22T01:47:51.957+0000] {processor.py:830} INFO - Processing file /opt/airflow/dags/dbt_model_dag.py for tasks to queue
[2025-05-22T01:47:51.958+0000] {logging_mixin.py:188} INFO - [2025-05-22T01:47:51.958+0000] {dagbag.py:538} INFO - Filling up the DagBag from /opt/airflow/dags/dbt_model_dag.py
[2025-05-22T01:47:51.964+0000] {processor.py:840} INFO - DAG(s) 'run_dbt_models_after_ingestion' retrieved from /opt/airflow/dags/dbt_model_dag.py
[2025-05-22T01:47:51.977+0000] {logging_mixin.py:188} INFO - [2025-05-22T01:47:51.977+0000] {dag.py:3036} INFO - Sync 1 DAGs
[2025-05-22T01:47:51.982+0000] {logging_mixin.py:188} INFO - [2025-05-22T01:47:51.982+0000] {dag.py:3823} INFO - Setting next_dagrun for run_dbt_models_after_ingestion to None, run_after=None
[2025-05-22T01:47:51.990+0000] {processor.py:183} INFO - Processing /opt/airflow/dags/dbt_model_dag.py took 0.037 seconds
[2025-05-22T01:48:22.478+0000] {processor.py:161} INFO - Started process (PID=27157) to work on /opt/airflow/dags/dbt_model_dag.py
[2025-05-22T01:48:22.480+0000] {processor.py:830} INFO - Processing file /opt/airflow/dags/dbt_model_dag.py for tasks to queue
[2025-05-22T01:48:22.481+0000] {logging_mixin.py:188} INFO - [2025-05-22T01:48:22.481+0000] {dagbag.py:538} INFO - Filling up the DagBag from /opt/airflow/dags/dbt_model_dag.py
[2025-05-22T01:48:22.489+0000] {processor.py:840} INFO - DAG(s) 'run_dbt_models_after_ingestion' retrieved from /opt/airflow/dags/dbt_model_dag.py
[2025-05-22T01:48:22.503+0000] {logging_mixin.py:188} INFO - [2025-05-22T01:48:22.503+0000] {dag.py:3036} INFO - Sync 1 DAGs
[2025-05-22T01:48:22.509+0000] {logging_mixin.py:188} INFO - [2025-05-22T01:48:22.509+0000] {dag.py:3823} INFO - Setting next_dagrun for run_dbt_models_after_ingestion to None, run_after=None
[2025-05-22T01:48:22.518+0000] {processor.py:183} INFO - Processing /opt/airflow/dags/dbt_model_dag.py took 0.043 seconds
[2025-05-22T01:48:52.834+0000] {processor.py:161} INFO - Started process (PID=27172) to work on /opt/airflow/dags/dbt_model_dag.py
[2025-05-22T01:48:52.835+0000] {processor.py:830} INFO - Processing file /opt/airflow/dags/dbt_model_dag.py for tasks to queue
[2025-05-22T01:48:52.836+0000] {logging_mixin.py:188} INFO - [2025-05-22T01:48:52.835+0000] {dagbag.py:538} INFO - Filling up the DagBag from /opt/airflow/dags/dbt_model_dag.py
[2025-05-22T01:48:52.858+0000] {processor.py:840} INFO - DAG(s) 'run_dbt_models_after_ingestion' retrieved from /opt/airflow/dags/dbt_model_dag.py
[2025-05-22T01:48:52.878+0000] {logging_mixin.py:188} INFO - [2025-05-22T01:48:52.878+0000] {dag.py:3036} INFO - Sync 1 DAGs
[2025-05-22T01:48:52.885+0000] {logging_mixin.py:188} INFO - [2025-05-22T01:48:52.885+0000] {dag.py:3823} INFO - Setting next_dagrun for run_dbt_models_after_ingestion to None, run_after=None
[2025-05-22T01:48:52.893+0000] {processor.py:183} INFO - Processing /opt/airflow/dags/dbt_model_dag.py took 0.067 seconds
[2025-05-22T01:49:23.363+0000] {processor.py:161} INFO - Started process (PID=27187) to work on /opt/airflow/dags/dbt_model_dag.py
[2025-05-22T01:49:23.367+0000] {processor.py:830} INFO - Processing file /opt/airflow/dags/dbt_model_dag.py for tasks to queue
[2025-05-22T01:49:23.368+0000] {logging_mixin.py:188} INFO - [2025-05-22T01:49:23.367+0000] {dagbag.py:538} INFO - Filling up the DagBag from /opt/airflow/dags/dbt_model_dag.py
[2025-05-22T01:49:23.379+0000] {processor.py:840} INFO - DAG(s) 'run_dbt_models_after_ingestion' retrieved from /opt/airflow/dags/dbt_model_dag.py
[2025-05-22T01:49:23.401+0000] {logging_mixin.py:188} INFO - [2025-05-22T01:49:23.401+0000] {dag.py:3036} INFO - Sync 1 DAGs
[2025-05-22T01:49:23.408+0000] {logging_mixin.py:188} INFO - [2025-05-22T01:49:23.408+0000] {dag.py:3823} INFO - Setting next_dagrun for run_dbt_models_after_ingestion to None, run_after=None
[2025-05-22T01:49:23.417+0000] {processor.py:183} INFO - Processing /opt/airflow/dags/dbt_model_dag.py took 0.058 seconds
[2025-05-22T01:49:53.899+0000] {processor.py:161} INFO - Started process (PID=27202) to work on /opt/airflow/dags/dbt_model_dag.py
[2025-05-22T01:49:53.901+0000] {processor.py:830} INFO - Processing file /opt/airflow/dags/dbt_model_dag.py for tasks to queue
[2025-05-22T01:49:53.902+0000] {logging_mixin.py:188} INFO - [2025-05-22T01:49:53.902+0000] {dagbag.py:538} INFO - Filling up the DagBag from /opt/airflow/dags/dbt_model_dag.py
[2025-05-22T01:49:53.913+0000] {processor.py:840} INFO - DAG(s) 'run_dbt_models_after_ingestion' retrieved from /opt/airflow/dags/dbt_model_dag.py
[2025-05-22T01:49:53.933+0000] {logging_mixin.py:188} INFO - [2025-05-22T01:49:53.933+0000] {dag.py:3036} INFO - Sync 1 DAGs
[2025-05-22T01:49:53.939+0000] {logging_mixin.py:188} INFO - [2025-05-22T01:49:53.939+0000] {dag.py:3823} INFO - Setting next_dagrun for run_dbt_models_after_ingestion to None, run_after=None
[2025-05-22T01:49:53.948+0000] {processor.py:183} INFO - Processing /opt/airflow/dags/dbt_model_dag.py took 0.053 seconds
[2025-05-22T01:50:24.405+0000] {processor.py:161} INFO - Started process (PID=27217) to work on /opt/airflow/dags/dbt_model_dag.py
[2025-05-22T01:50:24.406+0000] {processor.py:830} INFO - Processing file /opt/airflow/dags/dbt_model_dag.py for tasks to queue
[2025-05-22T01:50:24.407+0000] {logging_mixin.py:188} INFO - [2025-05-22T01:50:24.407+0000] {dagbag.py:538} INFO - Filling up the DagBag from /opt/airflow/dags/dbt_model_dag.py
[2025-05-22T01:50:24.415+0000] {processor.py:840} INFO - DAG(s) 'run_dbt_models_after_ingestion' retrieved from /opt/airflow/dags/dbt_model_dag.py
[2025-05-22T01:50:24.447+0000] {logging_mixin.py:188} INFO - [2025-05-22T01:50:24.447+0000] {dag.py:3036} INFO - Sync 1 DAGs
[2025-05-22T01:50:24.455+0000] {logging_mixin.py:188} INFO - [2025-05-22T01:50:24.455+0000] {dag.py:3823} INFO - Setting next_dagrun for run_dbt_models_after_ingestion to None, run_after=None
[2025-05-22T01:50:24.466+0000] {processor.py:183} INFO - Processing /opt/airflow/dags/dbt_model_dag.py took 0.064 seconds
[2025-05-22T01:50:54.985+0000] {processor.py:161} INFO - Started process (PID=27232) to work on /opt/airflow/dags/dbt_model_dag.py
[2025-05-22T01:50:54.986+0000] {processor.py:830} INFO - Processing file /opt/airflow/dags/dbt_model_dag.py for tasks to queue
[2025-05-22T01:50:54.987+0000] {logging_mixin.py:188} INFO - [2025-05-22T01:50:54.987+0000] {dagbag.py:538} INFO - Filling up the DagBag from /opt/airflow/dags/dbt_model_dag.py
[2025-05-22T01:50:54.997+0000] {processor.py:840} INFO - DAG(s) 'run_dbt_models_after_ingestion' retrieved from /opt/airflow/dags/dbt_model_dag.py
[2025-05-22T01:50:55.015+0000] {logging_mixin.py:188} INFO - [2025-05-22T01:50:55.015+0000] {dag.py:3036} INFO - Sync 1 DAGs
[2025-05-22T01:50:55.021+0000] {logging_mixin.py:188} INFO - [2025-05-22T01:50:55.021+0000] {dag.py:3823} INFO - Setting next_dagrun for run_dbt_models_after_ingestion to None, run_after=None
[2025-05-22T01:50:55.030+0000] {processor.py:183} INFO - Processing /opt/airflow/dags/dbt_model_dag.py took 0.049 seconds
[2025-05-22T01:51:25.443+0000] {processor.py:161} INFO - Started process (PID=27247) to work on /opt/airflow/dags/dbt_model_dag.py
[2025-05-22T01:51:25.444+0000] {processor.py:830} INFO - Processing file /opt/airflow/dags/dbt_model_dag.py for tasks to queue
[2025-05-22T01:51:25.445+0000] {logging_mixin.py:188} INFO - [2025-05-22T01:51:25.445+0000] {dagbag.py:538} INFO - Filling up the DagBag from /opt/airflow/dags/dbt_model_dag.py
[2025-05-22T01:51:25.456+0000] {processor.py:840} INFO - DAG(s) 'run_dbt_models_after_ingestion' retrieved from /opt/airflow/dags/dbt_model_dag.py
[2025-05-22T01:51:25.473+0000] {logging_mixin.py:188} INFO - [2025-05-22T01:51:25.473+0000] {dag.py:3036} INFO - Sync 1 DAGs
[2025-05-22T01:51:25.480+0000] {logging_mixin.py:188} INFO - [2025-05-22T01:51:25.480+0000] {dag.py:3823} INFO - Setting next_dagrun for run_dbt_models_after_ingestion to None, run_after=None
[2025-05-22T01:51:25.488+0000] {processor.py:183} INFO - Processing /opt/airflow/dags/dbt_model_dag.py took 0.051 seconds
[2025-05-22T01:51:55.990+0000] {processor.py:161} INFO - Started process (PID=27262) to work on /opt/airflow/dags/dbt_model_dag.py
[2025-05-22T01:51:55.993+0000] {processor.py:830} INFO - Processing file /opt/airflow/dags/dbt_model_dag.py for tasks to queue
[2025-05-22T01:51:55.994+0000] {logging_mixin.py:188} INFO - [2025-05-22T01:51:55.994+0000] {dagbag.py:538} INFO - Filling up the DagBag from /opt/airflow/dags/dbt_model_dag.py
[2025-05-22T01:51:56.020+0000] {processor.py:840} INFO - DAG(s) 'run_dbt_models_after_ingestion' retrieved from /opt/airflow/dags/dbt_model_dag.py
[2025-05-22T01:51:56.050+0000] {logging_mixin.py:188} INFO - [2025-05-22T01:51:56.050+0000] {dag.py:3036} INFO - Sync 1 DAGs
[2025-05-22T01:51:56.059+0000] {logging_mixin.py:188} INFO - [2025-05-22T01:51:56.059+0000] {dag.py:3823} INFO - Setting next_dagrun for run_dbt_models_after_ingestion to None, run_after=None
[2025-05-22T01:51:56.072+0000] {processor.py:183} INFO - Processing /opt/airflow/dags/dbt_model_dag.py took 0.090 seconds
[2025-05-22T01:52:26.537+0000] {processor.py:161} INFO - Started process (PID=27277) to work on /opt/airflow/dags/dbt_model_dag.py
[2025-05-22T01:52:26.539+0000] {processor.py:830} INFO - Processing file /opt/airflow/dags/dbt_model_dag.py for tasks to queue
[2025-05-22T01:52:26.540+0000] {logging_mixin.py:188} INFO - [2025-05-22T01:52:26.540+0000] {dagbag.py:538} INFO - Filling up the DagBag from /opt/airflow/dags/dbt_model_dag.py
[2025-05-22T01:52:26.549+0000] {processor.py:840} INFO - DAG(s) 'run_dbt_models_after_ingestion' retrieved from /opt/airflow/dags/dbt_model_dag.py
[2025-05-22T01:52:26.566+0000] {logging_mixin.py:188} INFO - [2025-05-22T01:52:26.566+0000] {dag.py:3036} INFO - Sync 1 DAGs
[2025-05-22T01:52:26.573+0000] {logging_mixin.py:188} INFO - [2025-05-22T01:52:26.572+0000] {dag.py:3823} INFO - Setting next_dagrun for run_dbt_models_after_ingestion to None, run_after=None
[2025-05-22T01:52:26.580+0000] {processor.py:183} INFO - Processing /opt/airflow/dags/dbt_model_dag.py took 0.047 seconds
[2025-05-22T01:52:57.033+0000] {processor.py:161} INFO - Started process (PID=27292) to work on /opt/airflow/dags/dbt_model_dag.py
[2025-05-22T01:52:57.035+0000] {processor.py:830} INFO - Processing file /opt/airflow/dags/dbt_model_dag.py for tasks to queue
[2025-05-22T01:52:57.036+0000] {logging_mixin.py:188} INFO - [2025-05-22T01:52:57.036+0000] {dagbag.py:538} INFO - Filling up the DagBag from /opt/airflow/dags/dbt_model_dag.py
[2025-05-22T01:52:57.048+0000] {processor.py:840} INFO - DAG(s) 'run_dbt_models_after_ingestion' retrieved from /opt/airflow/dags/dbt_model_dag.py
[2025-05-22T01:52:57.082+0000] {logging_mixin.py:188} INFO - [2025-05-22T01:52:57.082+0000] {dag.py:3036} INFO - Sync 1 DAGs
[2025-05-22T01:52:57.096+0000] {logging_mixin.py:188} INFO - [2025-05-22T01:52:57.096+0000] {dag.py:3823} INFO - Setting next_dagrun for run_dbt_models_after_ingestion to None, run_after=None
[2025-05-22T01:52:57.106+0000] {processor.py:183} INFO - Processing /opt/airflow/dags/dbt_model_dag.py took 0.080 seconds
[2025-05-22T01:53:27.488+0000] {processor.py:161} INFO - Started process (PID=27307) to work on /opt/airflow/dags/dbt_model_dag.py
[2025-05-22T01:53:27.490+0000] {processor.py:830} INFO - Processing file /opt/airflow/dags/dbt_model_dag.py for tasks to queue
[2025-05-22T01:53:27.490+0000] {logging_mixin.py:188} INFO - [2025-05-22T01:53:27.490+0000] {dagbag.py:538} INFO - Filling up the DagBag from /opt/airflow/dags/dbt_model_dag.py
[2025-05-22T01:53:27.498+0000] {processor.py:840} INFO - DAG(s) 'run_dbt_models_after_ingestion' retrieved from /opt/airflow/dags/dbt_model_dag.py
[2025-05-22T01:53:27.513+0000] {logging_mixin.py:188} INFO - [2025-05-22T01:53:27.513+0000] {dag.py:3036} INFO - Sync 1 DAGs
[2025-05-22T01:53:27.520+0000] {logging_mixin.py:188} INFO - [2025-05-22T01:53:27.520+0000] {dag.py:3823} INFO - Setting next_dagrun for run_dbt_models_after_ingestion to None, run_after=None
[2025-05-22T01:53:27.529+0000] {processor.py:183} INFO - Processing /opt/airflow/dags/dbt_model_dag.py took 0.045 seconds
[2025-05-22T01:53:57.958+0000] {processor.py:161} INFO - Started process (PID=27322) to work on /opt/airflow/dags/dbt_model_dag.py
[2025-05-22T01:53:57.960+0000] {processor.py:830} INFO - Processing file /opt/airflow/dags/dbt_model_dag.py for tasks to queue
[2025-05-22T01:53:57.961+0000] {logging_mixin.py:188} INFO - [2025-05-22T01:53:57.960+0000] {dagbag.py:538} INFO - Filling up the DagBag from /opt/airflow/dags/dbt_model_dag.py
[2025-05-22T01:53:57.973+0000] {processor.py:840} INFO - DAG(s) 'run_dbt_models_after_ingestion' retrieved from /opt/airflow/dags/dbt_model_dag.py
[2025-05-22T01:53:57.994+0000] {logging_mixin.py:188} INFO - [2025-05-22T01:53:57.994+0000] {dag.py:3036} INFO - Sync 1 DAGs
[2025-05-22T01:53:58.005+0000] {logging_mixin.py:188} INFO - [2025-05-22T01:53:58.005+0000] {dag.py:3823} INFO - Setting next_dagrun for run_dbt_models_after_ingestion to None, run_after=None
[2025-05-22T01:53:58.015+0000] {processor.py:183} INFO - Processing /opt/airflow/dags/dbt_model_dag.py took 0.062 seconds
[2025-05-22T01:54:28.424+0000] {processor.py:161} INFO - Started process (PID=27337) to work on /opt/airflow/dags/dbt_model_dag.py
[2025-05-22T01:54:28.425+0000] {processor.py:830} INFO - Processing file /opt/airflow/dags/dbt_model_dag.py for tasks to queue
[2025-05-22T01:54:28.426+0000] {logging_mixin.py:188} INFO - [2025-05-22T01:54:28.425+0000] {dagbag.py:538} INFO - Filling up the DagBag from /opt/airflow/dags/dbt_model_dag.py
[2025-05-22T01:54:28.436+0000] {processor.py:840} INFO - DAG(s) 'run_dbt_models_after_ingestion' retrieved from /opt/airflow/dags/dbt_model_dag.py
[2025-05-22T01:54:28.455+0000] {logging_mixin.py:188} INFO - [2025-05-22T01:54:28.455+0000] {dag.py:3036} INFO - Sync 1 DAGs
[2025-05-22T01:54:28.462+0000] {logging_mixin.py:188} INFO - [2025-05-22T01:54:28.462+0000] {dag.py:3823} INFO - Setting next_dagrun for run_dbt_models_after_ingestion to None, run_after=None
[2025-05-22T01:54:28.470+0000] {processor.py:183} INFO - Processing /opt/airflow/dags/dbt_model_dag.py took 0.050 seconds
[2025-05-22T01:54:58.887+0000] {processor.py:161} INFO - Started process (PID=27352) to work on /opt/airflow/dags/dbt_model_dag.py
[2025-05-22T01:54:58.889+0000] {processor.py:830} INFO - Processing file /opt/airflow/dags/dbt_model_dag.py for tasks to queue
[2025-05-22T01:54:58.890+0000] {logging_mixin.py:188} INFO - [2025-05-22T01:54:58.890+0000] {dagbag.py:538} INFO - Filling up the DagBag from /opt/airflow/dags/dbt_model_dag.py
[2025-05-22T01:54:58.901+0000] {processor.py:840} INFO - DAG(s) 'run_dbt_models_after_ingestion' retrieved from /opt/airflow/dags/dbt_model_dag.py
[2025-05-22T01:54:58.919+0000] {logging_mixin.py:188} INFO - [2025-05-22T01:54:58.919+0000] {dag.py:3036} INFO - Sync 1 DAGs
[2025-05-22T01:54:58.925+0000] {logging_mixin.py:188} INFO - [2025-05-22T01:54:58.925+0000] {dag.py:3823} INFO - Setting next_dagrun for run_dbt_models_after_ingestion to None, run_after=None
[2025-05-22T01:54:58.933+0000] {processor.py:183} INFO - Processing /opt/airflow/dags/dbt_model_dag.py took 0.052 seconds
[2025-05-22T01:55:29.312+0000] {processor.py:161} INFO - Started process (PID=27367) to work on /opt/airflow/dags/dbt_model_dag.py
[2025-05-22T01:55:29.313+0000] {processor.py:830} INFO - Processing file /opt/airflow/dags/dbt_model_dag.py for tasks to queue
[2025-05-22T01:55:29.314+0000] {logging_mixin.py:188} INFO - [2025-05-22T01:55:29.314+0000] {dagbag.py:538} INFO - Filling up the DagBag from /opt/airflow/dags/dbt_model_dag.py
[2025-05-22T01:55:29.322+0000] {processor.py:840} INFO - DAG(s) 'run_dbt_models_after_ingestion' retrieved from /opt/airflow/dags/dbt_model_dag.py
[2025-05-22T01:55:29.336+0000] {logging_mixin.py:188} INFO - [2025-05-22T01:55:29.336+0000] {dag.py:3036} INFO - Sync 1 DAGs
[2025-05-22T01:55:29.343+0000] {logging_mixin.py:188} INFO - [2025-05-22T01:55:29.343+0000] {dag.py:3823} INFO - Setting next_dagrun for run_dbt_models_after_ingestion to None, run_after=None
[2025-05-22T01:55:29.350+0000] {processor.py:183} INFO - Processing /opt/airflow/dags/dbt_model_dag.py took 0.041 seconds
[2025-05-22T01:55:59.775+0000] {processor.py:161} INFO - Started process (PID=27382) to work on /opt/airflow/dags/dbt_model_dag.py
[2025-05-22T01:55:59.777+0000] {processor.py:830} INFO - Processing file /opt/airflow/dags/dbt_model_dag.py for tasks to queue
[2025-05-22T01:55:59.778+0000] {logging_mixin.py:188} INFO - [2025-05-22T01:55:59.777+0000] {dagbag.py:538} INFO - Filling up the DagBag from /opt/airflow/dags/dbt_model_dag.py
[2025-05-22T01:55:59.788+0000] {processor.py:840} INFO - DAG(s) 'run_dbt_models_after_ingestion' retrieved from /opt/airflow/dags/dbt_model_dag.py
[2025-05-22T01:55:59.804+0000] {logging_mixin.py:188} INFO - [2025-05-22T01:55:59.804+0000] {dag.py:3036} INFO - Sync 1 DAGs
[2025-05-22T01:55:59.811+0000] {logging_mixin.py:188} INFO - [2025-05-22T01:55:59.810+0000] {dag.py:3823} INFO - Setting next_dagrun for run_dbt_models_after_ingestion to None, run_after=None
[2025-05-22T01:55:59.819+0000] {processor.py:183} INFO - Processing /opt/airflow/dags/dbt_model_dag.py took 0.049 seconds
[2025-05-22T01:56:30.154+0000] {processor.py:161} INFO - Started process (PID=27397) to work on /opt/airflow/dags/dbt_model_dag.py
[2025-05-22T01:56:30.157+0000] {processor.py:830} INFO - Processing file /opt/airflow/dags/dbt_model_dag.py for tasks to queue
[2025-05-22T01:56:30.158+0000] {logging_mixin.py:188} INFO - [2025-05-22T01:56:30.157+0000] {dagbag.py:538} INFO - Filling up the DagBag from /opt/airflow/dags/dbt_model_dag.py
[2025-05-22T01:56:30.170+0000] {processor.py:840} INFO - DAG(s) 'run_dbt_models_after_ingestion' retrieved from /opt/airflow/dags/dbt_model_dag.py
[2025-05-22T01:56:30.193+0000] {logging_mixin.py:188} INFO - [2025-05-22T01:56:30.193+0000] {dag.py:3036} INFO - Sync 1 DAGs
[2025-05-22T01:56:30.200+0000] {logging_mixin.py:188} INFO - [2025-05-22T01:56:30.200+0000] {dag.py:3823} INFO - Setting next_dagrun for run_dbt_models_after_ingestion to None, run_after=None
[2025-05-22T01:56:30.208+0000] {processor.py:183} INFO - Processing /opt/airflow/dags/dbt_model_dag.py took 0.059 seconds
[2025-05-22T01:57:00.698+0000] {processor.py:161} INFO - Started process (PID=27412) to work on /opt/airflow/dags/dbt_model_dag.py
[2025-05-22T01:57:00.701+0000] {processor.py:830} INFO - Processing file /opt/airflow/dags/dbt_model_dag.py for tasks to queue
[2025-05-22T01:57:00.703+0000] {logging_mixin.py:188} INFO - [2025-05-22T01:57:00.703+0000] {dagbag.py:538} INFO - Filling up the DagBag from /opt/airflow/dags/dbt_model_dag.py
[2025-05-22T01:57:00.727+0000] {processor.py:840} INFO - DAG(s) 'run_dbt_models_after_ingestion' retrieved from /opt/airflow/dags/dbt_model_dag.py
[2025-05-22T01:57:00.762+0000] {logging_mixin.py:188} INFO - [2025-05-22T01:57:00.762+0000] {dag.py:3036} INFO - Sync 1 DAGs
[2025-05-22T01:57:00.775+0000] {logging_mixin.py:188} INFO - [2025-05-22T01:57:00.775+0000] {dag.py:3823} INFO - Setting next_dagrun for run_dbt_models_after_ingestion to None, run_after=None
[2025-05-22T01:57:00.785+0000] {processor.py:183} INFO - Processing /opt/airflow/dags/dbt_model_dag.py took 0.094 seconds
[2025-05-22T01:57:31.256+0000] {processor.py:161} INFO - Started process (PID=27427) to work on /opt/airflow/dags/dbt_model_dag.py
[2025-05-22T01:57:31.259+0000] {processor.py:830} INFO - Processing file /opt/airflow/dags/dbt_model_dag.py for tasks to queue
[2025-05-22T01:57:31.260+0000] {logging_mixin.py:188} INFO - [2025-05-22T01:57:31.260+0000] {dagbag.py:538} INFO - Filling up the DagBag from /opt/airflow/dags/dbt_model_dag.py
[2025-05-22T01:57:31.271+0000] {processor.py:840} INFO - DAG(s) 'run_dbt_models_after_ingestion' retrieved from /opt/airflow/dags/dbt_model_dag.py
[2025-05-22T01:57:31.292+0000] {logging_mixin.py:188} INFO - [2025-05-22T01:57:31.292+0000] {dag.py:3036} INFO - Sync 1 DAGs
[2025-05-22T01:57:31.300+0000] {logging_mixin.py:188} INFO - [2025-05-22T01:57:31.299+0000] {dag.py:3823} INFO - Setting next_dagrun for run_dbt_models_after_ingestion to None, run_after=None
[2025-05-22T01:57:31.313+0000] {processor.py:183} INFO - Processing /opt/airflow/dags/dbt_model_dag.py took 0.065 seconds
[2025-05-22T01:58:01.708+0000] {processor.py:161} INFO - Started process (PID=27442) to work on /opt/airflow/dags/dbt_model_dag.py
[2025-05-22T01:58:01.710+0000] {processor.py:830} INFO - Processing file /opt/airflow/dags/dbt_model_dag.py for tasks to queue
[2025-05-22T01:58:01.711+0000] {logging_mixin.py:188} INFO - [2025-05-22T01:58:01.711+0000] {dagbag.py:538} INFO - Filling up the DagBag from /opt/airflow/dags/dbt_model_dag.py
[2025-05-22T01:58:01.722+0000] {processor.py:840} INFO - DAG(s) 'run_dbt_models_after_ingestion' retrieved from /opt/airflow/dags/dbt_model_dag.py
[2025-05-22T01:58:01.742+0000] {logging_mixin.py:188} INFO - [2025-05-22T01:58:01.742+0000] {dag.py:3036} INFO - Sync 1 DAGs
[2025-05-22T01:58:01.749+0000] {logging_mixin.py:188} INFO - [2025-05-22T01:58:01.749+0000] {dag.py:3823} INFO - Setting next_dagrun for run_dbt_models_after_ingestion to None, run_after=None
[2025-05-22T01:58:01.758+0000] {processor.py:183} INFO - Processing /opt/airflow/dags/dbt_model_dag.py took 0.056 seconds
[2025-05-22T01:58:32.156+0000] {processor.py:161} INFO - Started process (PID=27457) to work on /opt/airflow/dags/dbt_model_dag.py
[2025-05-22T01:58:32.160+0000] {processor.py:830} INFO - Processing file /opt/airflow/dags/dbt_model_dag.py for tasks to queue
[2025-05-22T01:58:32.161+0000] {logging_mixin.py:188} INFO - [2025-05-22T01:58:32.161+0000] {dagbag.py:538} INFO - Filling up the DagBag from /opt/airflow/dags/dbt_model_dag.py
[2025-05-22T01:58:32.178+0000] {processor.py:840} INFO - DAG(s) 'run_dbt_models_after_ingestion' retrieved from /opt/airflow/dags/dbt_model_dag.py
[2025-05-22T01:58:32.200+0000] {logging_mixin.py:188} INFO - [2025-05-22T01:58:32.200+0000] {dag.py:3036} INFO - Sync 1 DAGs
[2025-05-22T01:58:32.206+0000] {logging_mixin.py:188} INFO - [2025-05-22T01:58:32.206+0000] {dag.py:3823} INFO - Setting next_dagrun for run_dbt_models_after_ingestion to None, run_after=None
[2025-05-22T01:58:32.214+0000] {processor.py:183} INFO - Processing /opt/airflow/dags/dbt_model_dag.py took 0.064 seconds
[2025-05-22T01:59:02.697+0000] {processor.py:161} INFO - Started process (PID=27472) to work on /opt/airflow/dags/dbt_model_dag.py
[2025-05-22T01:59:02.699+0000] {processor.py:830} INFO - Processing file /opt/airflow/dags/dbt_model_dag.py for tasks to queue
[2025-05-22T01:59:02.700+0000] {logging_mixin.py:188} INFO - [2025-05-22T01:59:02.699+0000] {dagbag.py:538} INFO - Filling up the DagBag from /opt/airflow/dags/dbt_model_dag.py
[2025-05-22T01:59:02.711+0000] {processor.py:840} INFO - DAG(s) 'run_dbt_models_after_ingestion' retrieved from /opt/airflow/dags/dbt_model_dag.py
[2025-05-22T01:59:02.732+0000] {logging_mixin.py:188} INFO - [2025-05-22T01:59:02.732+0000] {dag.py:3036} INFO - Sync 1 DAGs
[2025-05-22T01:59:02.740+0000] {logging_mixin.py:188} INFO - [2025-05-22T01:59:02.740+0000] {dag.py:3823} INFO - Setting next_dagrun for run_dbt_models_after_ingestion to None, run_after=None
[2025-05-22T01:59:02.748+0000] {processor.py:183} INFO - Processing /opt/airflow/dags/dbt_model_dag.py took 0.056 seconds
[2025-05-22T01:59:33.328+0000] {processor.py:161} INFO - Started process (PID=27487) to work on /opt/airflow/dags/dbt_model_dag.py
[2025-05-22T01:59:33.334+0000] {processor.py:830} INFO - Processing file /opt/airflow/dags/dbt_model_dag.py for tasks to queue
[2025-05-22T01:59:33.335+0000] {logging_mixin.py:188} INFO - [2025-05-22T01:59:33.334+0000] {dagbag.py:538} INFO - Filling up the DagBag from /opt/airflow/dags/dbt_model_dag.py
[2025-05-22T01:59:33.357+0000] {processor.py:840} INFO - DAG(s) 'run_dbt_models_after_ingestion' retrieved from /opt/airflow/dags/dbt_model_dag.py
[2025-05-22T01:59:33.397+0000] {logging_mixin.py:188} INFO - [2025-05-22T01:59:33.397+0000] {dag.py:3036} INFO - Sync 1 DAGs
[2025-05-22T01:59:33.410+0000] {logging_mixin.py:188} INFO - [2025-05-22T01:59:33.410+0000] {dag.py:3823} INFO - Setting next_dagrun for run_dbt_models_after_ingestion to None, run_after=None
[2025-05-22T01:59:33.421+0000] {processor.py:183} INFO - Processing /opt/airflow/dags/dbt_model_dag.py took 0.108 seconds
[2025-05-22T02:00:03.833+0000] {processor.py:161} INFO - Started process (PID=27502) to work on /opt/airflow/dags/dbt_model_dag.py
[2025-05-22T02:00:03.835+0000] {processor.py:830} INFO - Processing file /opt/airflow/dags/dbt_model_dag.py for tasks to queue
[2025-05-22T02:00:03.835+0000] {logging_mixin.py:188} INFO - [2025-05-22T02:00:03.835+0000] {dagbag.py:538} INFO - Filling up the DagBag from /opt/airflow/dags/dbt_model_dag.py
[2025-05-22T02:00:03.846+0000] {processor.py:840} INFO - DAG(s) 'run_dbt_models_after_ingestion' retrieved from /opt/airflow/dags/dbt_model_dag.py
[2025-05-22T02:00:03.866+0000] {logging_mixin.py:188} INFO - [2025-05-22T02:00:03.866+0000] {dag.py:3036} INFO - Sync 1 DAGs
[2025-05-22T02:00:03.873+0000] {logging_mixin.py:188} INFO - [2025-05-22T02:00:03.873+0000] {dag.py:3823} INFO - Setting next_dagrun for run_dbt_models_after_ingestion to None, run_after=None
[2025-05-22T02:00:03.881+0000] {processor.py:183} INFO - Processing /opt/airflow/dags/dbt_model_dag.py took 0.052 seconds
[2025-05-22T02:00:34.346+0000] {processor.py:161} INFO - Started process (PID=27517) to work on /opt/airflow/dags/dbt_model_dag.py
[2025-05-22T02:00:34.355+0000] {processor.py:830} INFO - Processing file /opt/airflow/dags/dbt_model_dag.py for tasks to queue
[2025-05-22T02:00:34.356+0000] {logging_mixin.py:188} INFO - [2025-05-22T02:00:34.355+0000] {dagbag.py:538} INFO - Filling up the DagBag from /opt/airflow/dags/dbt_model_dag.py
[2025-05-22T02:00:34.366+0000] {processor.py:840} INFO - DAG(s) 'run_dbt_models_after_ingestion' retrieved from /opt/airflow/dags/dbt_model_dag.py
[2025-05-22T02:00:34.387+0000] {logging_mixin.py:188} INFO - [2025-05-22T02:00:34.387+0000] {dag.py:3036} INFO - Sync 1 DAGs
[2025-05-22T02:00:34.393+0000] {logging_mixin.py:188} INFO - [2025-05-22T02:00:34.393+0000] {dag.py:3823} INFO - Setting next_dagrun for run_dbt_models_after_ingestion to None, run_after=None
[2025-05-22T02:00:34.400+0000] {processor.py:183} INFO - Processing /opt/airflow/dags/dbt_model_dag.py took 0.059 seconds
[2025-05-22T02:01:04.779+0000] {processor.py:161} INFO - Started process (PID=27532) to work on /opt/airflow/dags/dbt_model_dag.py
[2025-05-22T02:01:04.782+0000] {processor.py:830} INFO - Processing file /opt/airflow/dags/dbt_model_dag.py for tasks to queue
[2025-05-22T02:01:04.784+0000] {logging_mixin.py:188} INFO - [2025-05-22T02:01:04.783+0000] {dagbag.py:538} INFO - Filling up the DagBag from /opt/airflow/dags/dbt_model_dag.py
[2025-05-22T02:01:04.799+0000] {processor.py:840} INFO - DAG(s) 'run_dbt_models_after_ingestion' retrieved from /opt/airflow/dags/dbt_model_dag.py
[2025-05-22T02:01:04.817+0000] {logging_mixin.py:188} INFO - [2025-05-22T02:01:04.816+0000] {dag.py:3036} INFO - Sync 1 DAGs
[2025-05-22T02:01:04.823+0000] {logging_mixin.py:188} INFO - [2025-05-22T02:01:04.823+0000] {dag.py:3823} INFO - Setting next_dagrun for run_dbt_models_after_ingestion to None, run_after=None
[2025-05-22T02:01:04.833+0000] {processor.py:183} INFO - Processing /opt/airflow/dags/dbt_model_dag.py took 0.063 seconds
[2025-05-22T02:01:35.243+0000] {processor.py:161} INFO - Started process (PID=27547) to work on /opt/airflow/dags/dbt_model_dag.py
[2025-05-22T02:01:35.245+0000] {processor.py:830} INFO - Processing file /opt/airflow/dags/dbt_model_dag.py for tasks to queue
[2025-05-22T02:01:35.246+0000] {logging_mixin.py:188} INFO - [2025-05-22T02:01:35.246+0000] {dagbag.py:538} INFO - Filling up the DagBag from /opt/airflow/dags/dbt_model_dag.py
[2025-05-22T02:01:35.256+0000] {processor.py:840} INFO - DAG(s) 'run_dbt_models_after_ingestion' retrieved from /opt/airflow/dags/dbt_model_dag.py
[2025-05-22T02:01:35.274+0000] {logging_mixin.py:188} INFO - [2025-05-22T02:01:35.274+0000] {dag.py:3036} INFO - Sync 1 DAGs
[2025-05-22T02:01:35.281+0000] {logging_mixin.py:188} INFO - [2025-05-22T02:01:35.281+0000] {dag.py:3823} INFO - Setting next_dagrun for run_dbt_models_after_ingestion to None, run_after=None
[2025-05-22T02:01:35.289+0000] {processor.py:183} INFO - Processing /opt/airflow/dags/dbt_model_dag.py took 0.050 seconds
[2025-05-22T02:02:05.719+0000] {processor.py:161} INFO - Started process (PID=27562) to work on /opt/airflow/dags/dbt_model_dag.py
[2025-05-22T02:02:05.722+0000] {processor.py:830} INFO - Processing file /opt/airflow/dags/dbt_model_dag.py for tasks to queue
[2025-05-22T02:02:05.722+0000] {logging_mixin.py:188} INFO - [2025-05-22T02:02:05.722+0000] {dagbag.py:538} INFO - Filling up the DagBag from /opt/airflow/dags/dbt_model_dag.py
[2025-05-22T02:02:05.730+0000] {processor.py:840} INFO - DAG(s) 'run_dbt_models_after_ingestion' retrieved from /opt/airflow/dags/dbt_model_dag.py
[2025-05-22T02:02:05.745+0000] {logging_mixin.py:188} INFO - [2025-05-22T02:02:05.745+0000] {dag.py:3036} INFO - Sync 1 DAGs
[2025-05-22T02:02:05.757+0000] {logging_mixin.py:188} INFO - [2025-05-22T02:02:05.757+0000] {dag.py:3823} INFO - Setting next_dagrun for run_dbt_models_after_ingestion to None, run_after=None
[2025-05-22T02:02:05.765+0000] {processor.py:183} INFO - Processing /opt/airflow/dags/dbt_model_dag.py took 0.048 seconds
[2025-05-22T02:02:36.201+0000] {processor.py:161} INFO - Started process (PID=27577) to work on /opt/airflow/dags/dbt_model_dag.py
[2025-05-22T02:02:36.203+0000] {processor.py:830} INFO - Processing file /opt/airflow/dags/dbt_model_dag.py for tasks to queue
[2025-05-22T02:02:36.205+0000] {logging_mixin.py:188} INFO - [2025-05-22T02:02:36.203+0000] {dagbag.py:538} INFO - Filling up the DagBag from /opt/airflow/dags/dbt_model_dag.py
[2025-05-22T02:02:36.235+0000] {processor.py:840} INFO - DAG(s) 'run_dbt_models_after_ingestion' retrieved from /opt/airflow/dags/dbt_model_dag.py
[2025-05-22T02:02:36.262+0000] {logging_mixin.py:188} INFO - [2025-05-22T02:02:36.262+0000] {dag.py:3036} INFO - Sync 1 DAGs
[2025-05-22T02:02:36.270+0000] {logging_mixin.py:188} INFO - [2025-05-22T02:02:36.270+0000] {dag.py:3823} INFO - Setting next_dagrun for run_dbt_models_after_ingestion to None, run_after=None
[2025-05-22T02:02:36.281+0000] {processor.py:183} INFO - Processing /opt/airflow/dags/dbt_model_dag.py took 0.087 seconds
[2025-05-22T02:03:06.708+0000] {processor.py:161} INFO - Started process (PID=27592) to work on /opt/airflow/dags/dbt_model_dag.py
[2025-05-22T02:03:06.710+0000] {processor.py:830} INFO - Processing file /opt/airflow/dags/dbt_model_dag.py for tasks to queue
[2025-05-22T02:03:06.711+0000] {logging_mixin.py:188} INFO - [2025-05-22T02:03:06.711+0000] {dagbag.py:538} INFO - Filling up the DagBag from /opt/airflow/dags/dbt_model_dag.py
[2025-05-22T02:03:06.721+0000] {processor.py:840} INFO - DAG(s) 'run_dbt_models_after_ingestion' retrieved from /opt/airflow/dags/dbt_model_dag.py
[2025-05-22T02:03:06.739+0000] {logging_mixin.py:188} INFO - [2025-05-22T02:03:06.739+0000] {dag.py:3036} INFO - Sync 1 DAGs
[2025-05-22T02:03:06.746+0000] {logging_mixin.py:188} INFO - [2025-05-22T02:03:06.746+0000] {dag.py:3823} INFO - Setting next_dagrun for run_dbt_models_after_ingestion to None, run_after=None
[2025-05-22T02:03:06.753+0000] {processor.py:183} INFO - Processing /opt/airflow/dags/dbt_model_dag.py took 0.049 seconds
[2025-05-22T02:03:37.167+0000] {processor.py:161} INFO - Started process (PID=27607) to work on /opt/airflow/dags/dbt_model_dag.py
[2025-05-22T02:03:37.168+0000] {processor.py:830} INFO - Processing file /opt/airflow/dags/dbt_model_dag.py for tasks to queue
[2025-05-22T02:03:37.169+0000] {logging_mixin.py:188} INFO - [2025-05-22T02:03:37.168+0000] {dagbag.py:538} INFO - Filling up the DagBag from /opt/airflow/dags/dbt_model_dag.py
[2025-05-22T02:03:37.179+0000] {processor.py:840} INFO - DAG(s) 'run_dbt_models_after_ingestion' retrieved from /opt/airflow/dags/dbt_model_dag.py
[2025-05-22T02:03:37.198+0000] {logging_mixin.py:188} INFO - [2025-05-22T02:03:37.198+0000] {dag.py:3036} INFO - Sync 1 DAGs
[2025-05-22T02:03:37.204+0000] {logging_mixin.py:188} INFO - [2025-05-22T02:03:37.204+0000] {dag.py:3823} INFO - Setting next_dagrun for run_dbt_models_after_ingestion to None, run_after=None
[2025-05-22T02:03:37.215+0000] {processor.py:183} INFO - Processing /opt/airflow/dags/dbt_model_dag.py took 0.053 seconds
[2025-05-22T02:04:07.665+0000] {processor.py:161} INFO - Started process (PID=27622) to work on /opt/airflow/dags/dbt_model_dag.py
[2025-05-22T02:04:07.667+0000] {processor.py:830} INFO - Processing file /opt/airflow/dags/dbt_model_dag.py for tasks to queue
[2025-05-22T02:04:07.667+0000] {logging_mixin.py:188} INFO - [2025-05-22T02:04:07.667+0000] {dagbag.py:538} INFO - Filling up the DagBag from /opt/airflow/dags/dbt_model_dag.py
[2025-05-22T02:04:07.678+0000] {processor.py:840} INFO - DAG(s) 'run_dbt_models_after_ingestion' retrieved from /opt/airflow/dags/dbt_model_dag.py
[2025-05-22T02:04:07.700+0000] {logging_mixin.py:188} INFO - [2025-05-22T02:04:07.700+0000] {dag.py:3036} INFO - Sync 1 DAGs
[2025-05-22T02:04:07.707+0000] {logging_mixin.py:188} INFO - [2025-05-22T02:04:07.707+0000] {dag.py:3823} INFO - Setting next_dagrun for run_dbt_models_after_ingestion to None, run_after=None
[2025-05-22T02:04:07.715+0000] {processor.py:183} INFO - Processing /opt/airflow/dags/dbt_model_dag.py took 0.055 seconds
[2025-05-22T02:04:38.221+0000] {processor.py:161} INFO - Started process (PID=27637) to work on /opt/airflow/dags/dbt_model_dag.py
[2025-05-22T02:04:38.222+0000] {processor.py:830} INFO - Processing file /opt/airflow/dags/dbt_model_dag.py for tasks to queue
[2025-05-22T02:04:38.223+0000] {logging_mixin.py:188} INFO - [2025-05-22T02:04:38.223+0000] {dagbag.py:538} INFO - Filling up the DagBag from /opt/airflow/dags/dbt_model_dag.py
[2025-05-22T02:04:38.232+0000] {processor.py:840} INFO - DAG(s) 'run_dbt_models_after_ingestion' retrieved from /opt/airflow/dags/dbt_model_dag.py
[2025-05-22T02:04:38.250+0000] {logging_mixin.py:188} INFO - [2025-05-22T02:04:38.250+0000] {dag.py:3036} INFO - Sync 1 DAGs
[2025-05-22T02:04:38.258+0000] {logging_mixin.py:188} INFO - [2025-05-22T02:04:38.258+0000] {dag.py:3823} INFO - Setting next_dagrun for run_dbt_models_after_ingestion to None, run_after=None
[2025-05-22T02:04:38.267+0000] {processor.py:183} INFO - Processing /opt/airflow/dags/dbt_model_dag.py took 0.049 seconds
[2025-05-22T02:05:08.754+0000] {processor.py:161} INFO - Started process (PID=27652) to work on /opt/airflow/dags/dbt_model_dag.py
[2025-05-22T02:05:08.758+0000] {processor.py:830} INFO - Processing file /opt/airflow/dags/dbt_model_dag.py for tasks to queue
[2025-05-22T02:05:08.759+0000] {logging_mixin.py:188} INFO - [2025-05-22T02:05:08.758+0000] {dagbag.py:538} INFO - Filling up the DagBag from /opt/airflow/dags/dbt_model_dag.py
[2025-05-22T02:05:08.771+0000] {processor.py:840} INFO - DAG(s) 'run_dbt_models_after_ingestion' retrieved from /opt/airflow/dags/dbt_model_dag.py
[2025-05-22T02:05:08.791+0000] {logging_mixin.py:188} INFO - [2025-05-22T02:05:08.791+0000] {dag.py:3036} INFO - Sync 1 DAGs
[2025-05-22T02:05:08.797+0000] {logging_mixin.py:188} INFO - [2025-05-22T02:05:08.797+0000] {dag.py:3823} INFO - Setting next_dagrun for run_dbt_models_after_ingestion to None, run_after=None
[2025-05-22T02:05:08.805+0000] {processor.py:183} INFO - Processing /opt/airflow/dags/dbt_model_dag.py took 0.056 seconds
[2025-05-22T02:05:39.195+0000] {processor.py:161} INFO - Started process (PID=27667) to work on /opt/airflow/dags/dbt_model_dag.py
[2025-05-22T02:05:39.197+0000] {processor.py:830} INFO - Processing file /opt/airflow/dags/dbt_model_dag.py for tasks to queue
[2025-05-22T02:05:39.197+0000] {logging_mixin.py:188} INFO - [2025-05-22T02:05:39.197+0000] {dagbag.py:538} INFO - Filling up the DagBag from /opt/airflow/dags/dbt_model_dag.py
[2025-05-22T02:05:39.210+0000] {processor.py:840} INFO - DAG(s) 'run_dbt_models_after_ingestion' retrieved from /opt/airflow/dags/dbt_model_dag.py
[2025-05-22T02:05:39.230+0000] {logging_mixin.py:188} INFO - [2025-05-22T02:05:39.230+0000] {dag.py:3036} INFO - Sync 1 DAGs
[2025-05-22T02:05:39.237+0000] {logging_mixin.py:188} INFO - [2025-05-22T02:05:39.237+0000] {dag.py:3823} INFO - Setting next_dagrun for run_dbt_models_after_ingestion to None, run_after=None
[2025-05-22T02:05:39.247+0000] {processor.py:183} INFO - Processing /opt/airflow/dags/dbt_model_dag.py took 0.056 seconds
[2025-05-22T02:06:09.675+0000] {processor.py:161} INFO - Started process (PID=27682) to work on /opt/airflow/dags/dbt_model_dag.py
[2025-05-22T02:06:09.677+0000] {processor.py:830} INFO - Processing file /opt/airflow/dags/dbt_model_dag.py for tasks to queue
[2025-05-22T02:06:09.678+0000] {logging_mixin.py:188} INFO - [2025-05-22T02:06:09.678+0000] {dagbag.py:538} INFO - Filling up the DagBag from /opt/airflow/dags/dbt_model_dag.py
[2025-05-22T02:06:09.688+0000] {processor.py:840} INFO - DAG(s) 'run_dbt_models_after_ingestion' retrieved from /opt/airflow/dags/dbt_model_dag.py
[2025-05-22T02:06:09.707+0000] {logging_mixin.py:188} INFO - [2025-05-22T02:06:09.706+0000] {dag.py:3036} INFO - Sync 1 DAGs
[2025-05-22T02:06:09.713+0000] {logging_mixin.py:188} INFO - [2025-05-22T02:06:09.712+0000] {dag.py:3823} INFO - Setting next_dagrun for run_dbt_models_after_ingestion to None, run_after=None
[2025-05-22T02:06:09.720+0000] {processor.py:183} INFO - Processing /opt/airflow/dags/dbt_model_dag.py took 0.049 seconds
[2025-05-22T02:06:40.116+0000] {processor.py:161} INFO - Started process (PID=27697) to work on /opt/airflow/dags/dbt_model_dag.py
[2025-05-22T02:06:40.118+0000] {processor.py:830} INFO - Processing file /opt/airflow/dags/dbt_model_dag.py for tasks to queue
[2025-05-22T02:06:40.119+0000] {logging_mixin.py:188} INFO - [2025-05-22T02:06:40.119+0000] {dagbag.py:538} INFO - Filling up the DagBag from /opt/airflow/dags/dbt_model_dag.py
[2025-05-22T02:06:40.130+0000] {processor.py:840} INFO - DAG(s) 'run_dbt_models_after_ingestion' retrieved from /opt/airflow/dags/dbt_model_dag.py
[2025-05-22T02:06:40.150+0000] {logging_mixin.py:188} INFO - [2025-05-22T02:06:40.150+0000] {dag.py:3036} INFO - Sync 1 DAGs
[2025-05-22T02:06:40.156+0000] {logging_mixin.py:188} INFO - [2025-05-22T02:06:40.156+0000] {dag.py:3823} INFO - Setting next_dagrun for run_dbt_models_after_ingestion to None, run_after=None
[2025-05-22T02:06:40.164+0000] {processor.py:183} INFO - Processing /opt/airflow/dags/dbt_model_dag.py took 0.053 seconds
[2025-05-22T02:07:10.622+0000] {processor.py:161} INFO - Started process (PID=27712) to work on /opt/airflow/dags/dbt_model_dag.py
[2025-05-22T02:07:10.624+0000] {processor.py:830} INFO - Processing file /opt/airflow/dags/dbt_model_dag.py for tasks to queue
[2025-05-22T02:07:10.624+0000] {logging_mixin.py:188} INFO - [2025-05-22T02:07:10.624+0000] {dagbag.py:538} INFO - Filling up the DagBag from /opt/airflow/dags/dbt_model_dag.py
[2025-05-22T02:07:10.634+0000] {processor.py:840} INFO - DAG(s) 'run_dbt_models_after_ingestion' retrieved from /opt/airflow/dags/dbt_model_dag.py
[2025-05-22T02:07:10.652+0000] {logging_mixin.py:188} INFO - [2025-05-22T02:07:10.652+0000] {dag.py:3036} INFO - Sync 1 DAGs
[2025-05-22T02:07:10.658+0000] {logging_mixin.py:188} INFO - [2025-05-22T02:07:10.658+0000] {dag.py:3823} INFO - Setting next_dagrun for run_dbt_models_after_ingestion to None, run_after=None
[2025-05-22T02:07:10.666+0000] {processor.py:183} INFO - Processing /opt/airflow/dags/dbt_model_dag.py took 0.047 seconds
[2025-05-22T02:07:41.193+0000] {processor.py:161} INFO - Started process (PID=27727) to work on /opt/airflow/dags/dbt_model_dag.py
[2025-05-22T02:07:41.195+0000] {processor.py:830} INFO - Processing file /opt/airflow/dags/dbt_model_dag.py for tasks to queue
[2025-05-22T02:07:41.196+0000] {logging_mixin.py:188} INFO - [2025-05-22T02:07:41.195+0000] {dagbag.py:538} INFO - Filling up the DagBag from /opt/airflow/dags/dbt_model_dag.py
[2025-05-22T02:07:41.207+0000] {processor.py:840} INFO - DAG(s) 'run_dbt_models_after_ingestion' retrieved from /opt/airflow/dags/dbt_model_dag.py
[2025-05-22T02:07:41.225+0000] {logging_mixin.py:188} INFO - [2025-05-22T02:07:41.225+0000] {dag.py:3036} INFO - Sync 1 DAGs
[2025-05-22T02:07:41.231+0000] {logging_mixin.py:188} INFO - [2025-05-22T02:07:41.231+0000] {dag.py:3823} INFO - Setting next_dagrun for run_dbt_models_after_ingestion to None, run_after=None
[2025-05-22T02:07:41.239+0000] {processor.py:183} INFO - Processing /opt/airflow/dags/dbt_model_dag.py took 0.051 seconds
[2025-05-22T02:08:11.745+0000] {processor.py:161} INFO - Started process (PID=27742) to work on /opt/airflow/dags/dbt_model_dag.py
[2025-05-22T02:08:11.747+0000] {processor.py:830} INFO - Processing file /opt/airflow/dags/dbt_model_dag.py for tasks to queue
[2025-05-22T02:08:11.749+0000] {logging_mixin.py:188} INFO - [2025-05-22T02:08:11.748+0000] {dagbag.py:538} INFO - Filling up the DagBag from /opt/airflow/dags/dbt_model_dag.py
[2025-05-22T02:08:11.758+0000] {processor.py:840} INFO - DAG(s) 'run_dbt_models_after_ingestion' retrieved from /opt/airflow/dags/dbt_model_dag.py
[2025-05-22T02:08:11.775+0000] {logging_mixin.py:188} INFO - [2025-05-22T02:08:11.775+0000] {dag.py:3036} INFO - Sync 1 DAGs
[2025-05-22T02:08:11.782+0000] {logging_mixin.py:188} INFO - [2025-05-22T02:08:11.782+0000] {dag.py:3823} INFO - Setting next_dagrun for run_dbt_models_after_ingestion to None, run_after=None
[2025-05-22T02:08:11.791+0000] {processor.py:183} INFO - Processing /opt/airflow/dags/dbt_model_dag.py took 0.050 seconds
[2025-05-22T02:08:42.220+0000] {processor.py:161} INFO - Started process (PID=27757) to work on /opt/airflow/dags/dbt_model_dag.py
[2025-05-22T02:08:42.223+0000] {processor.py:830} INFO - Processing file /opt/airflow/dags/dbt_model_dag.py for tasks to queue
[2025-05-22T02:08:42.224+0000] {logging_mixin.py:188} INFO - [2025-05-22T02:08:42.224+0000] {dagbag.py:538} INFO - Filling up the DagBag from /opt/airflow/dags/dbt_model_dag.py
[2025-05-22T02:08:42.237+0000] {processor.py:840} INFO - DAG(s) 'run_dbt_models_after_ingestion' retrieved from /opt/airflow/dags/dbt_model_dag.py
[2025-05-22T02:08:42.267+0000] {logging_mixin.py:188} INFO - [2025-05-22T02:08:42.267+0000] {dag.py:3036} INFO - Sync 1 DAGs
[2025-05-22T02:08:42.274+0000] {logging_mixin.py:188} INFO - [2025-05-22T02:08:42.274+0000] {dag.py:3823} INFO - Setting next_dagrun for run_dbt_models_after_ingestion to None, run_after=None
[2025-05-22T02:08:42.281+0000] {processor.py:183} INFO - Processing /opt/airflow/dags/dbt_model_dag.py took 0.067 seconds
[2025-05-22T02:09:12.767+0000] {processor.py:161} INFO - Started process (PID=27772) to work on /opt/airflow/dags/dbt_model_dag.py
[2025-05-22T02:09:12.771+0000] {processor.py:830} INFO - Processing file /opt/airflow/dags/dbt_model_dag.py for tasks to queue
[2025-05-22T02:09:12.773+0000] {logging_mixin.py:188} INFO - [2025-05-22T02:09:12.772+0000] {dagbag.py:538} INFO - Filling up the DagBag from /opt/airflow/dags/dbt_model_dag.py
[2025-05-22T02:09:12.857+0000] {processor.py:840} INFO - DAG(s) 'run_dbt_models_after_ingestion' retrieved from /opt/airflow/dags/dbt_model_dag.py
[2025-05-22T02:09:12.971+0000] {logging_mixin.py:188} INFO - [2025-05-22T02:09:12.970+0000] {dag.py:3036} INFO - Sync 1 DAGs
[2025-05-22T02:09:12.996+0000] {logging_mixin.py:188} INFO - [2025-05-22T02:09:12.995+0000] {dag.py:3823} INFO - Setting next_dagrun for run_dbt_models_after_ingestion to None, run_after=None
[2025-05-22T02:09:13.032+0000] {processor.py:183} INFO - Processing /opt/airflow/dags/dbt_model_dag.py took 0.278 seconds
[2025-05-22T02:09:43.241+0000] {processor.py:161} INFO - Started process (PID=27787) to work on /opt/airflow/dags/dbt_model_dag.py
[2025-05-22T02:09:43.242+0000] {processor.py:830} INFO - Processing file /opt/airflow/dags/dbt_model_dag.py for tasks to queue
[2025-05-22T02:09:43.243+0000] {logging_mixin.py:188} INFO - [2025-05-22T02:09:43.243+0000] {dagbag.py:538} INFO - Filling up the DagBag from /opt/airflow/dags/dbt_model_dag.py
[2025-05-22T02:09:43.253+0000] {processor.py:840} INFO - DAG(s) 'run_dbt_models_after_ingestion' retrieved from /opt/airflow/dags/dbt_model_dag.py
[2025-05-22T02:09:43.272+0000] {logging_mixin.py:188} INFO - [2025-05-22T02:09:43.272+0000] {dag.py:3036} INFO - Sync 1 DAGs
[2025-05-22T02:09:43.278+0000] {logging_mixin.py:188} INFO - [2025-05-22T02:09:43.278+0000] {dag.py:3823} INFO - Setting next_dagrun for run_dbt_models_after_ingestion to None, run_after=None
[2025-05-22T02:09:43.285+0000] {processor.py:183} INFO - Processing /opt/airflow/dags/dbt_model_dag.py took 0.049 seconds
[2025-05-22T02:10:13.715+0000] {processor.py:161} INFO - Started process (PID=27806) to work on /opt/airflow/dags/dbt_model_dag.py
[2025-05-22T02:10:13.717+0000] {processor.py:830} INFO - Processing file /opt/airflow/dags/dbt_model_dag.py for tasks to queue
[2025-05-22T02:10:13.718+0000] {logging_mixin.py:188} INFO - [2025-05-22T02:10:13.717+0000] {dagbag.py:538} INFO - Filling up the DagBag from /opt/airflow/dags/dbt_model_dag.py
[2025-05-22T02:10:13.736+0000] {processor.py:840} INFO - DAG(s) 'run_dbt_models_after_ingestion' retrieved from /opt/airflow/dags/dbt_model_dag.py
[2025-05-22T02:10:13.772+0000] {logging_mixin.py:188} INFO - [2025-05-22T02:10:13.772+0000] {dag.py:3036} INFO - Sync 1 DAGs
[2025-05-22T02:10:13.785+0000] {logging_mixin.py:188} INFO - [2025-05-22T02:10:13.785+0000] {dag.py:3823} INFO - Setting next_dagrun for run_dbt_models_after_ingestion to None, run_after=None
[2025-05-22T02:10:13.796+0000] {processor.py:183} INFO - Processing /opt/airflow/dags/dbt_model_dag.py took 0.087 seconds
[2025-05-22T02:10:44.223+0000] {processor.py:161} INFO - Started process (PID=27821) to work on /opt/airflow/dags/dbt_model_dag.py
[2025-05-22T02:10:44.226+0000] {processor.py:830} INFO - Processing file /opt/airflow/dags/dbt_model_dag.py for tasks to queue
[2025-05-22T02:10:44.226+0000] {logging_mixin.py:188} INFO - [2025-05-22T02:10:44.226+0000] {dagbag.py:538} INFO - Filling up the DagBag from /opt/airflow/dags/dbt_model_dag.py
[2025-05-22T02:10:44.237+0000] {processor.py:840} INFO - DAG(s) 'run_dbt_models_after_ingestion' retrieved from /opt/airflow/dags/dbt_model_dag.py
[2025-05-22T02:10:44.254+0000] {logging_mixin.py:188} INFO - [2025-05-22T02:10:44.254+0000] {dag.py:3036} INFO - Sync 1 DAGs
[2025-05-22T02:10:44.260+0000] {logging_mixin.py:188} INFO - [2025-05-22T02:10:44.260+0000] {dag.py:3823} INFO - Setting next_dagrun for run_dbt_models_after_ingestion to None, run_after=None
[2025-05-22T02:10:44.268+0000] {processor.py:183} INFO - Processing /opt/airflow/dags/dbt_model_dag.py took 0.051 seconds
[2025-05-22T02:11:14.694+0000] {processor.py:161} INFO - Started process (PID=27836) to work on /opt/airflow/dags/dbt_model_dag.py
[2025-05-22T02:11:14.696+0000] {processor.py:830} INFO - Processing file /opt/airflow/dags/dbt_model_dag.py for tasks to queue
[2025-05-22T02:11:14.697+0000] {logging_mixin.py:188} INFO - [2025-05-22T02:11:14.697+0000] {dagbag.py:538} INFO - Filling up the DagBag from /opt/airflow/dags/dbt_model_dag.py
[2025-05-22T02:11:14.709+0000] {processor.py:840} INFO - DAG(s) 'run_dbt_models_after_ingestion' retrieved from /opt/airflow/dags/dbt_model_dag.py
[2025-05-22T02:11:14.729+0000] {logging_mixin.py:188} INFO - [2025-05-22T02:11:14.729+0000] {dag.py:3036} INFO - Sync 1 DAGs
[2025-05-22T02:11:14.736+0000] {logging_mixin.py:188} INFO - [2025-05-22T02:11:14.736+0000] {dag.py:3823} INFO - Setting next_dagrun for run_dbt_models_after_ingestion to None, run_after=None
[2025-05-22T02:11:14.744+0000] {processor.py:183} INFO - Processing /opt/airflow/dags/dbt_model_dag.py took 0.055 seconds
[2025-05-22T02:11:45.093+0000] {processor.py:161} INFO - Started process (PID=27851) to work on /opt/airflow/dags/dbt_model_dag.py
[2025-05-22T02:11:45.095+0000] {processor.py:830} INFO - Processing file /opt/airflow/dags/dbt_model_dag.py for tasks to queue
[2025-05-22T02:11:45.095+0000] {logging_mixin.py:188} INFO - [2025-05-22T02:11:45.095+0000] {dagbag.py:538} INFO - Filling up the DagBag from /opt/airflow/dags/dbt_model_dag.py
[2025-05-22T02:11:45.107+0000] {processor.py:840} INFO - DAG(s) 'run_dbt_models_after_ingestion' retrieved from /opt/airflow/dags/dbt_model_dag.py
[2025-05-22T02:11:45.128+0000] {logging_mixin.py:188} INFO - [2025-05-22T02:11:45.128+0000] {dag.py:3036} INFO - Sync 1 DAGs
[2025-05-22T02:11:45.134+0000] {logging_mixin.py:188} INFO - [2025-05-22T02:11:45.134+0000] {dag.py:3823} INFO - Setting next_dagrun for run_dbt_models_after_ingestion to None, run_after=None
[2025-05-22T02:11:45.142+0000] {processor.py:183} INFO - Processing /opt/airflow/dags/dbt_model_dag.py took 0.053 seconds
[2025-05-22T02:12:15.552+0000] {processor.py:161} INFO - Started process (PID=27866) to work on /opt/airflow/dags/dbt_model_dag.py
[2025-05-22T02:12:15.554+0000] {processor.py:830} INFO - Processing file /opt/airflow/dags/dbt_model_dag.py for tasks to queue
[2025-05-22T02:12:15.554+0000] {logging_mixin.py:188} INFO - [2025-05-22T02:12:15.554+0000] {dagbag.py:538} INFO - Filling up the DagBag from /opt/airflow/dags/dbt_model_dag.py
[2025-05-22T02:12:15.565+0000] {processor.py:840} INFO - DAG(s) 'run_dbt_models_after_ingestion' retrieved from /opt/airflow/dags/dbt_model_dag.py
[2025-05-22T02:12:15.587+0000] {logging_mixin.py:188} INFO - [2025-05-22T02:12:15.586+0000] {dag.py:3036} INFO - Sync 1 DAGs
[2025-05-22T02:12:15.593+0000] {logging_mixin.py:188} INFO - [2025-05-22T02:12:15.593+0000] {dag.py:3823} INFO - Setting next_dagrun for run_dbt_models_after_ingestion to None, run_after=None
[2025-05-22T02:12:15.601+0000] {processor.py:183} INFO - Processing /opt/airflow/dags/dbt_model_dag.py took 0.054 seconds
[2025-05-22T02:12:45.901+0000] {processor.py:161} INFO - Started process (PID=27881) to work on /opt/airflow/dags/dbt_model_dag.py
[2025-05-22T02:12:45.902+0000] {processor.py:830} INFO - Processing file /opt/airflow/dags/dbt_model_dag.py for tasks to queue
[2025-05-22T02:12:45.902+0000] {logging_mixin.py:188} INFO - [2025-05-22T02:12:45.902+0000] {dagbag.py:538} INFO - Filling up the DagBag from /opt/airflow/dags/dbt_model_dag.py
[2025-05-22T02:12:45.911+0000] {processor.py:840} INFO - DAG(s) 'run_dbt_models_after_ingestion' retrieved from /opt/airflow/dags/dbt_model_dag.py
[2025-05-22T02:12:45.928+0000] {logging_mixin.py:188} INFO - [2025-05-22T02:12:45.928+0000] {dag.py:3036} INFO - Sync 1 DAGs
[2025-05-22T02:12:45.934+0000] {logging_mixin.py:188} INFO - [2025-05-22T02:12:45.934+0000] {dag.py:3823} INFO - Setting next_dagrun for run_dbt_models_after_ingestion to None, run_after=None
[2025-05-22T02:12:45.942+0000] {processor.py:183} INFO - Processing /opt/airflow/dags/dbt_model_dag.py took 0.045 seconds
[2025-05-22T02:13:16.306+0000] {processor.py:161} INFO - Started process (PID=27896) to work on /opt/airflow/dags/dbt_model_dag.py
[2025-05-22T02:13:16.307+0000] {processor.py:830} INFO - Processing file /opt/airflow/dags/dbt_model_dag.py for tasks to queue
[2025-05-22T02:13:16.308+0000] {logging_mixin.py:188} INFO - [2025-05-22T02:13:16.308+0000] {dagbag.py:538} INFO - Filling up the DagBag from /opt/airflow/dags/dbt_model_dag.py
[2025-05-22T02:13:16.317+0000] {processor.py:840} INFO - DAG(s) 'run_dbt_models_after_ingestion' retrieved from /opt/airflow/dags/dbt_model_dag.py
[2025-05-22T02:13:16.333+0000] {logging_mixin.py:188} INFO - [2025-05-22T02:13:16.333+0000] {dag.py:3036} INFO - Sync 1 DAGs
[2025-05-22T02:13:16.339+0000] {logging_mixin.py:188} INFO - [2025-05-22T02:13:16.339+0000] {dag.py:3823} INFO - Setting next_dagrun for run_dbt_models_after_ingestion to None, run_after=None
[2025-05-22T02:13:16.347+0000] {processor.py:183} INFO - Processing /opt/airflow/dags/dbt_model_dag.py took 0.044 seconds
[2025-05-22T02:13:46.752+0000] {processor.py:161} INFO - Started process (PID=27911) to work on /opt/airflow/dags/dbt_model_dag.py
[2025-05-22T02:13:46.755+0000] {processor.py:830} INFO - Processing file /opt/airflow/dags/dbt_model_dag.py for tasks to queue
[2025-05-22T02:13:46.755+0000] {logging_mixin.py:188} INFO - [2025-05-22T02:13:46.755+0000] {dagbag.py:538} INFO - Filling up the DagBag from /opt/airflow/dags/dbt_model_dag.py
[2025-05-22T02:13:46.767+0000] {processor.py:840} INFO - DAG(s) 'run_dbt_models_after_ingestion' retrieved from /opt/airflow/dags/dbt_model_dag.py
[2025-05-22T02:13:46.792+0000] {logging_mixin.py:188} INFO - [2025-05-22T02:13:46.792+0000] {dag.py:3036} INFO - Sync 1 DAGs
[2025-05-22T02:13:46.798+0000] {logging_mixin.py:188} INFO - [2025-05-22T02:13:46.798+0000] {dag.py:3823} INFO - Setting next_dagrun for run_dbt_models_after_ingestion to None, run_after=None
[2025-05-22T02:13:46.805+0000] {processor.py:183} INFO - Processing /opt/airflow/dags/dbt_model_dag.py took 0.058 seconds
[2025-05-22T02:14:17.292+0000] {processor.py:161} INFO - Started process (PID=27926) to work on /opt/airflow/dags/dbt_model_dag.py
[2025-05-22T02:14:17.294+0000] {processor.py:830} INFO - Processing file /opt/airflow/dags/dbt_model_dag.py for tasks to queue
[2025-05-22T02:14:17.294+0000] {logging_mixin.py:188} INFO - [2025-05-22T02:14:17.294+0000] {dagbag.py:538} INFO - Filling up the DagBag from /opt/airflow/dags/dbt_model_dag.py
[2025-05-22T02:14:17.305+0000] {processor.py:840} INFO - DAG(s) 'run_dbt_models_after_ingestion' retrieved from /opt/airflow/dags/dbt_model_dag.py
[2025-05-22T02:14:17.326+0000] {logging_mixin.py:188} INFO - [2025-05-22T02:14:17.325+0000] {dag.py:3036} INFO - Sync 1 DAGs
[2025-05-22T02:14:17.332+0000] {logging_mixin.py:188} INFO - [2025-05-22T02:14:17.332+0000] {dag.py:3823} INFO - Setting next_dagrun for run_dbt_models_after_ingestion to None, run_after=None
[2025-05-22T02:14:17.340+0000] {processor.py:183} INFO - Processing /opt/airflow/dags/dbt_model_dag.py took 0.051 seconds
[2025-05-22T02:14:47.768+0000] {processor.py:161} INFO - Started process (PID=27941) to work on /opt/airflow/dags/dbt_model_dag.py
[2025-05-22T02:14:47.769+0000] {processor.py:830} INFO - Processing file /opt/airflow/dags/dbt_model_dag.py for tasks to queue
[2025-05-22T02:14:47.770+0000] {logging_mixin.py:188} INFO - [2025-05-22T02:14:47.769+0000] {dagbag.py:538} INFO - Filling up the DagBag from /opt/airflow/dags/dbt_model_dag.py
[2025-05-22T02:14:47.781+0000] {processor.py:840} INFO - DAG(s) 'run_dbt_models_after_ingestion' retrieved from /opt/airflow/dags/dbt_model_dag.py
[2025-05-22T02:14:47.800+0000] {logging_mixin.py:188} INFO - [2025-05-22T02:14:47.800+0000] {dag.py:3036} INFO - Sync 1 DAGs
[2025-05-22T02:14:47.807+0000] {logging_mixin.py:188} INFO - [2025-05-22T02:14:47.806+0000] {dag.py:3823} INFO - Setting next_dagrun for run_dbt_models_after_ingestion to None, run_after=None
[2025-05-22T02:14:47.814+0000] {processor.py:183} INFO - Processing /opt/airflow/dags/dbt_model_dag.py took 0.050 seconds
[2025-05-22T02:15:18.212+0000] {processor.py:161} INFO - Started process (PID=27956) to work on /opt/airflow/dags/dbt_model_dag.py
[2025-05-22T02:15:18.213+0000] {processor.py:830} INFO - Processing file /opt/airflow/dags/dbt_model_dag.py for tasks to queue
[2025-05-22T02:15:18.214+0000] {logging_mixin.py:188} INFO - [2025-05-22T02:15:18.214+0000] {dagbag.py:538} INFO - Filling up the DagBag from /opt/airflow/dags/dbt_model_dag.py
[2025-05-22T02:15:18.224+0000] {processor.py:840} INFO - DAG(s) 'run_dbt_models_after_ingestion' retrieved from /opt/airflow/dags/dbt_model_dag.py
[2025-05-22T02:15:18.242+0000] {logging_mixin.py:188} INFO - [2025-05-22T02:15:18.242+0000] {dag.py:3036} INFO - Sync 1 DAGs
[2025-05-22T02:15:18.247+0000] {logging_mixin.py:188} INFO - [2025-05-22T02:15:18.247+0000] {dag.py:3823} INFO - Setting next_dagrun for run_dbt_models_after_ingestion to None, run_after=None
[2025-05-22T02:15:18.255+0000] {processor.py:183} INFO - Processing /opt/airflow/dags/dbt_model_dag.py took 0.046 seconds
[2025-05-22T02:15:48.617+0000] {processor.py:161} INFO - Started process (PID=27971) to work on /opt/airflow/dags/dbt_model_dag.py
[2025-05-22T02:15:48.618+0000] {processor.py:830} INFO - Processing file /opt/airflow/dags/dbt_model_dag.py for tasks to queue
[2025-05-22T02:15:48.619+0000] {logging_mixin.py:188} INFO - [2025-05-22T02:15:48.618+0000] {dagbag.py:538} INFO - Filling up the DagBag from /opt/airflow/dags/dbt_model_dag.py
[2025-05-22T02:15:48.629+0000] {processor.py:840} INFO - DAG(s) 'run_dbt_models_after_ingestion' retrieved from /opt/airflow/dags/dbt_model_dag.py
[2025-05-22T02:15:48.649+0000] {logging_mixin.py:188} INFO - [2025-05-22T02:15:48.648+0000] {dag.py:3036} INFO - Sync 1 DAGs
[2025-05-22T02:15:48.654+0000] {logging_mixin.py:188} INFO - [2025-05-22T02:15:48.654+0000] {dag.py:3823} INFO - Setting next_dagrun for run_dbt_models_after_ingestion to None, run_after=None
[2025-05-22T02:15:48.662+0000] {processor.py:183} INFO - Processing /opt/airflow/dags/dbt_model_dag.py took 0.049 seconds
[2025-05-22T02:16:19.010+0000] {processor.py:161} INFO - Started process (PID=27986) to work on /opt/airflow/dags/dbt_model_dag.py
[2025-05-22T02:16:19.012+0000] {processor.py:830} INFO - Processing file /opt/airflow/dags/dbt_model_dag.py for tasks to queue
[2025-05-22T02:16:19.013+0000] {logging_mixin.py:188} INFO - [2025-05-22T02:16:19.013+0000] {dagbag.py:538} INFO - Filling up the DagBag from /opt/airflow/dags/dbt_model_dag.py
[2025-05-22T02:16:19.024+0000] {processor.py:840} INFO - DAG(s) 'run_dbt_models_after_ingestion' retrieved from /opt/airflow/dags/dbt_model_dag.py
[2025-05-22T02:16:19.044+0000] {logging_mixin.py:188} INFO - [2025-05-22T02:16:19.043+0000] {dag.py:3036} INFO - Sync 1 DAGs
[2025-05-22T02:16:19.050+0000] {logging_mixin.py:188} INFO - [2025-05-22T02:16:19.050+0000] {dag.py:3823} INFO - Setting next_dagrun for run_dbt_models_after_ingestion to None, run_after=None
[2025-05-22T02:16:19.058+0000] {processor.py:183} INFO - Processing /opt/airflow/dags/dbt_model_dag.py took 0.053 seconds
[2025-05-22T02:16:49.442+0000] {processor.py:161} INFO - Started process (PID=28001) to work on /opt/airflow/dags/dbt_model_dag.py
[2025-05-22T02:16:49.443+0000] {processor.py:830} INFO - Processing file /opt/airflow/dags/dbt_model_dag.py for tasks to queue
[2025-05-22T02:16:49.444+0000] {logging_mixin.py:188} INFO - [2025-05-22T02:16:49.444+0000] {dagbag.py:538} INFO - Filling up the DagBag from /opt/airflow/dags/dbt_model_dag.py
[2025-05-22T02:16:49.454+0000] {processor.py:840} INFO - DAG(s) 'run_dbt_models_after_ingestion' retrieved from /opt/airflow/dags/dbt_model_dag.py
[2025-05-22T02:16:49.472+0000] {logging_mixin.py:188} INFO - [2025-05-22T02:16:49.472+0000] {dag.py:3036} INFO - Sync 1 DAGs
[2025-05-22T02:16:49.479+0000] {logging_mixin.py:188} INFO - [2025-05-22T02:16:49.479+0000] {dag.py:3823} INFO - Setting next_dagrun for run_dbt_models_after_ingestion to None, run_after=None
[2025-05-22T02:16:49.491+0000] {processor.py:183} INFO - Processing /opt/airflow/dags/dbt_model_dag.py took 0.054 seconds
[2025-05-22T02:17:19.874+0000] {processor.py:161} INFO - Started process (PID=28016) to work on /opt/airflow/dags/dbt_model_dag.py
[2025-05-22T02:17:19.877+0000] {processor.py:830} INFO - Processing file /opt/airflow/dags/dbt_model_dag.py for tasks to queue
[2025-05-22T02:17:19.877+0000] {logging_mixin.py:188} INFO - [2025-05-22T02:17:19.877+0000] {dagbag.py:538} INFO - Filling up the DagBag from /opt/airflow/dags/dbt_model_dag.py
[2025-05-22T02:17:19.891+0000] {processor.py:840} INFO - DAG(s) 'run_dbt_models_after_ingestion' retrieved from /opt/airflow/dags/dbt_model_dag.py
[2025-05-22T02:17:19.913+0000] {logging_mixin.py:188} INFO - [2025-05-22T02:17:19.913+0000] {dag.py:3036} INFO - Sync 1 DAGs
[2025-05-22T02:17:19.919+0000] {logging_mixin.py:188} INFO - [2025-05-22T02:17:19.919+0000] {dag.py:3823} INFO - Setting next_dagrun for run_dbt_models_after_ingestion to None, run_after=None
[2025-05-22T02:17:19.927+0000] {processor.py:183} INFO - Processing /opt/airflow/dags/dbt_model_dag.py took 0.058 seconds
[2025-05-22T02:17:50.318+0000] {processor.py:161} INFO - Started process (PID=28031) to work on /opt/airflow/dags/dbt_model_dag.py
[2025-05-22T02:17:50.320+0000] {processor.py:830} INFO - Processing file /opt/airflow/dags/dbt_model_dag.py for tasks to queue
[2025-05-22T02:17:50.321+0000] {logging_mixin.py:188} INFO - [2025-05-22T02:17:50.320+0000] {dagbag.py:538} INFO - Filling up the DagBag from /opt/airflow/dags/dbt_model_dag.py
[2025-05-22T02:17:50.330+0000] {processor.py:840} INFO - DAG(s) 'run_dbt_models_after_ingestion' retrieved from /opt/airflow/dags/dbt_model_dag.py
[2025-05-22T02:17:50.354+0000] {logging_mixin.py:188} INFO - [2025-05-22T02:17:50.354+0000] {dag.py:3036} INFO - Sync 1 DAGs
[2025-05-22T02:17:50.360+0000] {logging_mixin.py:188} INFO - [2025-05-22T02:17:50.360+0000] {dag.py:3823} INFO - Setting next_dagrun for run_dbt_models_after_ingestion to None, run_after=None
[2025-05-22T02:17:50.367+0000] {processor.py:183} INFO - Processing /opt/airflow/dags/dbt_model_dag.py took 0.054 seconds
[2025-05-22T02:18:20.806+0000] {processor.py:161} INFO - Started process (PID=28046) to work on /opt/airflow/dags/dbt_model_dag.py
[2025-05-22T02:18:20.809+0000] {processor.py:830} INFO - Processing file /opt/airflow/dags/dbt_model_dag.py for tasks to queue
[2025-05-22T02:18:20.810+0000] {logging_mixin.py:188} INFO - [2025-05-22T02:18:20.809+0000] {dagbag.py:538} INFO - Filling up the DagBag from /opt/airflow/dags/dbt_model_dag.py
[2025-05-22T02:18:20.827+0000] {processor.py:840} INFO - DAG(s) 'run_dbt_models_after_ingestion' retrieved from /opt/airflow/dags/dbt_model_dag.py
[2025-05-22T02:18:20.848+0000] {logging_mixin.py:188} INFO - [2025-05-22T02:18:20.848+0000] {dag.py:3036} INFO - Sync 1 DAGs
[2025-05-22T02:18:20.855+0000] {logging_mixin.py:188} INFO - [2025-05-22T02:18:20.855+0000] {dag.py:3823} INFO - Setting next_dagrun for run_dbt_models_after_ingestion to None, run_after=None
[2025-05-22T02:18:20.862+0000] {processor.py:183} INFO - Processing /opt/airflow/dags/dbt_model_dag.py took 0.063 seconds
[2025-05-22T02:18:51.259+0000] {processor.py:161} INFO - Started process (PID=28061) to work on /opt/airflow/dags/dbt_model_dag.py
[2025-05-22T02:18:51.262+0000] {processor.py:830} INFO - Processing file /opt/airflow/dags/dbt_model_dag.py for tasks to queue
[2025-05-22T02:18:51.264+0000] {logging_mixin.py:188} INFO - [2025-05-22T02:18:51.263+0000] {dagbag.py:538} INFO - Filling up the DagBag from /opt/airflow/dags/dbt_model_dag.py
[2025-05-22T02:18:51.278+0000] {processor.py:840} INFO - DAG(s) 'run_dbt_models_after_ingestion' retrieved from /opt/airflow/dags/dbt_model_dag.py
[2025-05-22T02:18:51.308+0000] {logging_mixin.py:188} INFO - [2025-05-22T02:18:51.308+0000] {dag.py:3036} INFO - Sync 1 DAGs
[2025-05-22T02:18:51.317+0000] {logging_mixin.py:188} INFO - [2025-05-22T02:18:51.316+0000] {dag.py:3823} INFO - Setting next_dagrun for run_dbt_models_after_ingestion to None, run_after=None
[2025-05-22T02:18:51.328+0000] {processor.py:183} INFO - Processing /opt/airflow/dags/dbt_model_dag.py took 0.076 seconds
[2025-05-22T02:19:21.787+0000] {processor.py:161} INFO - Started process (PID=28076) to work on /opt/airflow/dags/dbt_model_dag.py
[2025-05-22T02:19:21.788+0000] {processor.py:830} INFO - Processing file /opt/airflow/dags/dbt_model_dag.py for tasks to queue
[2025-05-22T02:19:21.789+0000] {logging_mixin.py:188} INFO - [2025-05-22T02:19:21.788+0000] {dagbag.py:538} INFO - Filling up the DagBag from /opt/airflow/dags/dbt_model_dag.py
[2025-05-22T02:19:21.798+0000] {processor.py:840} INFO - DAG(s) 'run_dbt_models_after_ingestion' retrieved from /opt/airflow/dags/dbt_model_dag.py
[2025-05-22T02:19:21.815+0000] {logging_mixin.py:188} INFO - [2025-05-22T02:19:21.814+0000] {dag.py:3036} INFO - Sync 1 DAGs
[2025-05-22T02:19:21.821+0000] {logging_mixin.py:188} INFO - [2025-05-22T02:19:21.821+0000] {dag.py:3823} INFO - Setting next_dagrun for run_dbt_models_after_ingestion to None, run_after=None
[2025-05-22T02:19:21.829+0000] {processor.py:183} INFO - Processing /opt/airflow/dags/dbt_model_dag.py took 0.046 seconds
[2025-05-22T02:19:52.326+0000] {processor.py:161} INFO - Started process (PID=28091) to work on /opt/airflow/dags/dbt_model_dag.py
[2025-05-22T02:19:52.327+0000] {processor.py:830} INFO - Processing file /opt/airflow/dags/dbt_model_dag.py for tasks to queue
[2025-05-22T02:19:52.328+0000] {logging_mixin.py:188} INFO - [2025-05-22T02:19:52.327+0000] {dagbag.py:538} INFO - Filling up the DagBag from /opt/airflow/dags/dbt_model_dag.py
[2025-05-22T02:19:52.337+0000] {processor.py:840} INFO - DAG(s) 'run_dbt_models_after_ingestion' retrieved from /opt/airflow/dags/dbt_model_dag.py
[2025-05-22T02:19:52.357+0000] {logging_mixin.py:188} INFO - [2025-05-22T02:19:52.357+0000] {dag.py:3036} INFO - Sync 1 DAGs
[2025-05-22T02:19:52.367+0000] {logging_mixin.py:188} INFO - [2025-05-22T02:19:52.367+0000] {dag.py:3823} INFO - Setting next_dagrun for run_dbt_models_after_ingestion to None, run_after=None
[2025-05-22T02:19:52.377+0000] {processor.py:183} INFO - Processing /opt/airflow/dags/dbt_model_dag.py took 0.054 seconds
[2025-05-22T02:20:22.855+0000] {processor.py:161} INFO - Started process (PID=28106) to work on /opt/airflow/dags/dbt_model_dag.py
[2025-05-22T02:20:22.857+0000] {processor.py:830} INFO - Processing file /opt/airflow/dags/dbt_model_dag.py for tasks to queue
[2025-05-22T02:20:22.858+0000] {logging_mixin.py:188} INFO - [2025-05-22T02:20:22.857+0000] {dagbag.py:538} INFO - Filling up the DagBag from /opt/airflow/dags/dbt_model_dag.py
[2025-05-22T02:20:22.868+0000] {processor.py:840} INFO - DAG(s) 'run_dbt_models_after_ingestion' retrieved from /opt/airflow/dags/dbt_model_dag.py
[2025-05-22T02:20:22.887+0000] {logging_mixin.py:188} INFO - [2025-05-22T02:20:22.887+0000] {dag.py:3036} INFO - Sync 1 DAGs
[2025-05-22T02:20:22.893+0000] {logging_mixin.py:188} INFO - [2025-05-22T02:20:22.893+0000] {dag.py:3823} INFO - Setting next_dagrun for run_dbt_models_after_ingestion to None, run_after=None
[2025-05-22T02:20:22.901+0000] {processor.py:183} INFO - Processing /opt/airflow/dags/dbt_model_dag.py took 0.051 seconds
[2025-05-22T02:20:53.371+0000] {processor.py:161} INFO - Started process (PID=28121) to work on /opt/airflow/dags/dbt_model_dag.py
[2025-05-22T02:20:53.372+0000] {processor.py:830} INFO - Processing file /opt/airflow/dags/dbt_model_dag.py for tasks to queue
[2025-05-22T02:20:53.372+0000] {logging_mixin.py:188} INFO - [2025-05-22T02:20:53.372+0000] {dagbag.py:538} INFO - Filling up the DagBag from /opt/airflow/dags/dbt_model_dag.py
[2025-05-22T02:20:53.379+0000] {processor.py:840} INFO - DAG(s) 'run_dbt_models_after_ingestion' retrieved from /opt/airflow/dags/dbt_model_dag.py
[2025-05-22T02:20:53.393+0000] {logging_mixin.py:188} INFO - [2025-05-22T02:20:53.393+0000] {dag.py:3036} INFO - Sync 1 DAGs
[2025-05-22T02:20:53.399+0000] {logging_mixin.py:188} INFO - [2025-05-22T02:20:53.399+0000] {dag.py:3823} INFO - Setting next_dagrun for run_dbt_models_after_ingestion to None, run_after=None
[2025-05-22T02:20:53.408+0000] {processor.py:183} INFO - Processing /opt/airflow/dags/dbt_model_dag.py took 0.039 seconds
[2025-05-22T02:21:23.827+0000] {processor.py:161} INFO - Started process (PID=28136) to work on /opt/airflow/dags/dbt_model_dag.py
[2025-05-22T02:21:23.828+0000] {processor.py:830} INFO - Processing file /opt/airflow/dags/dbt_model_dag.py for tasks to queue
[2025-05-22T02:21:23.829+0000] {logging_mixin.py:188} INFO - [2025-05-22T02:21:23.829+0000] {dagbag.py:538} INFO - Filling up the DagBag from /opt/airflow/dags/dbt_model_dag.py
[2025-05-22T02:21:23.856+0000] {processor.py:840} INFO - DAG(s) 'run_dbt_models_after_ingestion' retrieved from /opt/airflow/dags/dbt_model_dag.py
[2025-05-22T02:21:23.885+0000] {logging_mixin.py:188} INFO - [2025-05-22T02:21:23.885+0000] {dag.py:3036} INFO - Sync 1 DAGs
[2025-05-22T02:21:23.894+0000] {logging_mixin.py:188} INFO - [2025-05-22T02:21:23.893+0000] {dag.py:3823} INFO - Setting next_dagrun for run_dbt_models_after_ingestion to None, run_after=None
[2025-05-22T02:21:23.905+0000] {processor.py:183} INFO - Processing /opt/airflow/dags/dbt_model_dag.py took 0.087 seconds
[2025-05-22T02:21:54.231+0000] {processor.py:161} INFO - Started process (PID=28151) to work on /opt/airflow/dags/dbt_model_dag.py
[2025-05-22T02:21:54.233+0000] {processor.py:830} INFO - Processing file /opt/airflow/dags/dbt_model_dag.py for tasks to queue
[2025-05-22T02:21:54.236+0000] {logging_mixin.py:188} INFO - [2025-05-22T02:21:54.235+0000] {dagbag.py:538} INFO - Filling up the DagBag from /opt/airflow/dags/dbt_model_dag.py
[2025-05-22T02:21:54.262+0000] {processor.py:840} INFO - DAG(s) 'run_dbt_models_after_ingestion' retrieved from /opt/airflow/dags/dbt_model_dag.py
[2025-05-22T02:21:54.289+0000] {logging_mixin.py:188} INFO - [2025-05-22T02:21:54.289+0000] {dag.py:3036} INFO - Sync 1 DAGs
[2025-05-22T02:21:54.297+0000] {logging_mixin.py:188} INFO - [2025-05-22T02:21:54.297+0000] {dag.py:3823} INFO - Setting next_dagrun for run_dbt_models_after_ingestion to None, run_after=None
[2025-05-22T02:21:54.308+0000] {processor.py:183} INFO - Processing /opt/airflow/dags/dbt_model_dag.py took 0.089 seconds
[2025-05-22T02:22:24.678+0000] {processor.py:161} INFO - Started process (PID=28166) to work on /opt/airflow/dags/dbt_model_dag.py
[2025-05-22T02:22:24.679+0000] {processor.py:830} INFO - Processing file /opt/airflow/dags/dbt_model_dag.py for tasks to queue
[2025-05-22T02:22:24.680+0000] {logging_mixin.py:188} INFO - [2025-05-22T02:22:24.680+0000] {dagbag.py:538} INFO - Filling up the DagBag from /opt/airflow/dags/dbt_model_dag.py
[2025-05-22T02:22:24.697+0000] {processor.py:840} INFO - DAG(s) 'run_dbt_models_after_ingestion' retrieved from /opt/airflow/dags/dbt_model_dag.py
[2025-05-22T02:22:24.715+0000] {logging_mixin.py:188} INFO - [2025-05-22T02:22:24.715+0000] {dag.py:3036} INFO - Sync 1 DAGs
[2025-05-22T02:22:24.722+0000] {logging_mixin.py:188} INFO - [2025-05-22T02:22:24.722+0000] {dag.py:3823} INFO - Setting next_dagrun for run_dbt_models_after_ingestion to None, run_after=None
[2025-05-22T02:22:24.731+0000] {processor.py:183} INFO - Processing /opt/airflow/dags/dbt_model_dag.py took 0.062 seconds
[2025-05-22T02:22:55.590+0000] {processor.py:161} INFO - Started process (PID=28212) to work on /opt/airflow/dags/dbt_model_dag.py
[2025-05-22T02:22:55.598+0000] {processor.py:830} INFO - Processing file /opt/airflow/dags/dbt_model_dag.py for tasks to queue
[2025-05-22T02:22:55.603+0000] {logging_mixin.py:188} INFO - [2025-05-22T02:22:55.603+0000] {dagbag.py:538} INFO - Filling up the DagBag from /opt/airflow/dags/dbt_model_dag.py
[2025-05-22T02:22:55.823+0000] {processor.py:840} INFO - DAG(s) 'run_dbt_models_after_ingestion' retrieved from /opt/airflow/dags/dbt_model_dag.py
[2025-05-22T02:22:56.016+0000] {logging_mixin.py:188} INFO - [2025-05-22T02:22:56.015+0000] {dag.py:3036} INFO - Sync 1 DAGs
[2025-05-22T02:22:57.130+0000] {logging_mixin.py:188} INFO - [2025-05-22T02:22:57.130+0000] {dag.py:3823} INFO - Setting next_dagrun for run_dbt_models_after_ingestion to None, run_after=None
[2025-05-22T02:22:57.217+0000] {processor.py:183} INFO - Processing /opt/airflow/dags/dbt_model_dag.py took 1.750 seconds
[2025-05-22T02:23:27.591+0000] {processor.py:161} INFO - Started process (PID=28536) to work on /opt/airflow/dags/dbt_model_dag.py
[2025-05-22T02:23:27.593+0000] {processor.py:830} INFO - Processing file /opt/airflow/dags/dbt_model_dag.py for tasks to queue
[2025-05-22T02:23:27.596+0000] {logging_mixin.py:188} INFO - [2025-05-22T02:23:27.594+0000] {dagbag.py:538} INFO - Filling up the DagBag from /opt/airflow/dags/dbt_model_dag.py
[2025-05-22T02:23:27.613+0000] {processor.py:840} INFO - DAG(s) 'run_dbt_models_after_ingestion' retrieved from /opt/airflow/dags/dbt_model_dag.py
[2025-05-22T02:23:27.638+0000] {logging_mixin.py:188} INFO - [2025-05-22T02:23:27.638+0000] {dag.py:3036} INFO - Sync 1 DAGs
[2025-05-22T02:23:27.651+0000] {logging_mixin.py:188} INFO - [2025-05-22T02:23:27.651+0000] {dag.py:3823} INFO - Setting next_dagrun for run_dbt_models_after_ingestion to None, run_after=None
[2025-05-22T02:23:27.660+0000] {processor.py:183} INFO - Processing /opt/airflow/dags/dbt_model_dag.py took 0.075 seconds
[2025-05-22T02:23:58.173+0000] {processor.py:161} INFO - Started process (PID=28872) to work on /opt/airflow/dags/dbt_model_dag.py
[2025-05-22T02:23:58.178+0000] {processor.py:830} INFO - Processing file /opt/airflow/dags/dbt_model_dag.py for tasks to queue
[2025-05-22T02:23:58.179+0000] {logging_mixin.py:188} INFO - [2025-05-22T02:23:58.179+0000] {dagbag.py:538} INFO - Filling up the DagBag from /opt/airflow/dags/dbt_model_dag.py
[2025-05-22T02:23:58.208+0000] {processor.py:840} INFO - DAG(s) 'run_dbt_models_after_ingestion' retrieved from /opt/airflow/dags/dbt_model_dag.py
[2025-05-22T02:23:58.236+0000] {logging_mixin.py:188} INFO - [2025-05-22T02:23:58.236+0000] {dag.py:3036} INFO - Sync 1 DAGs
[2025-05-22T02:23:58.250+0000] {logging_mixin.py:188} INFO - [2025-05-22T02:23:58.249+0000] {dag.py:3823} INFO - Setting next_dagrun for run_dbt_models_after_ingestion to None, run_after=None
[2025-05-22T02:23:58.262+0000] {processor.py:183} INFO - Processing /opt/airflow/dags/dbt_model_dag.py took 0.093 seconds
[2025-05-22T02:24:28.781+0000] {processor.py:161} INFO - Started process (PID=28899) to work on /opt/airflow/dags/dbt_model_dag.py
[2025-05-22T02:24:28.783+0000] {processor.py:830} INFO - Processing file /opt/airflow/dags/dbt_model_dag.py for tasks to queue
[2025-05-22T02:24:28.784+0000] {logging_mixin.py:188} INFO - [2025-05-22T02:24:28.784+0000] {dagbag.py:538} INFO - Filling up the DagBag from /opt/airflow/dags/dbt_model_dag.py
[2025-05-22T02:24:28.798+0000] {processor.py:840} INFO - DAG(s) 'run_dbt_models_after_ingestion' retrieved from /opt/airflow/dags/dbt_model_dag.py
[2025-05-22T02:24:28.817+0000] {logging_mixin.py:188} INFO - [2025-05-22T02:24:28.817+0000] {dag.py:3036} INFO - Sync 1 DAGs
[2025-05-22T02:24:28.825+0000] {logging_mixin.py:188} INFO - [2025-05-22T02:24:28.825+0000] {dag.py:3823} INFO - Setting next_dagrun for run_dbt_models_after_ingestion to None, run_after=None
[2025-05-22T02:24:28.834+0000] {processor.py:183} INFO - Processing /opt/airflow/dags/dbt_model_dag.py took 0.060 seconds
[2025-05-22T02:24:59.260+0000] {processor.py:161} INFO - Started process (PID=28914) to work on /opt/airflow/dags/dbt_model_dag.py
[2025-05-22T02:24:59.262+0000] {processor.py:830} INFO - Processing file /opt/airflow/dags/dbt_model_dag.py for tasks to queue
[2025-05-22T02:24:59.263+0000] {logging_mixin.py:188} INFO - [2025-05-22T02:24:59.263+0000] {dagbag.py:538} INFO - Filling up the DagBag from /opt/airflow/dags/dbt_model_dag.py
[2025-05-22T02:24:59.273+0000] {processor.py:840} INFO - DAG(s) 'run_dbt_models_after_ingestion' retrieved from /opt/airflow/dags/dbt_model_dag.py
[2025-05-22T02:24:59.291+0000] {logging_mixin.py:188} INFO - [2025-05-22T02:24:59.290+0000] {dag.py:3036} INFO - Sync 1 DAGs
[2025-05-22T02:24:59.297+0000] {logging_mixin.py:188} INFO - [2025-05-22T02:24:59.297+0000] {dag.py:3823} INFO - Setting next_dagrun for run_dbt_models_after_ingestion to None, run_after=None
[2025-05-22T02:24:59.304+0000] {processor.py:183} INFO - Processing /opt/airflow/dags/dbt_model_dag.py took 0.047 seconds
[2025-05-22T02:25:29.710+0000] {processor.py:161} INFO - Started process (PID=28929) to work on /opt/airflow/dags/dbt_model_dag.py
[2025-05-22T02:25:29.712+0000] {processor.py:830} INFO - Processing file /opt/airflow/dags/dbt_model_dag.py for tasks to queue
[2025-05-22T02:25:29.712+0000] {logging_mixin.py:188} INFO - [2025-05-22T02:25:29.712+0000] {dagbag.py:538} INFO - Filling up the DagBag from /opt/airflow/dags/dbt_model_dag.py
[2025-05-22T02:25:29.722+0000] {processor.py:840} INFO - DAG(s) 'run_dbt_models_after_ingestion' retrieved from /opt/airflow/dags/dbt_model_dag.py
[2025-05-22T02:25:29.741+0000] {logging_mixin.py:188} INFO - [2025-05-22T02:25:29.741+0000] {dag.py:3036} INFO - Sync 1 DAGs
[2025-05-22T02:25:29.747+0000] {logging_mixin.py:188} INFO - [2025-05-22T02:25:29.747+0000] {dag.py:3823} INFO - Setting next_dagrun for run_dbt_models_after_ingestion to None, run_after=None
[2025-05-22T02:25:29.755+0000] {processor.py:183} INFO - Processing /opt/airflow/dags/dbt_model_dag.py took 0.049 seconds
[2025-05-22T02:26:00.250+0000] {processor.py:161} INFO - Started process (PID=28944) to work on /opt/airflow/dags/dbt_model_dag.py
[2025-05-22T02:26:00.252+0000] {processor.py:830} INFO - Processing file /opt/airflow/dags/dbt_model_dag.py for tasks to queue
[2025-05-22T02:26:00.252+0000] {logging_mixin.py:188} INFO - [2025-05-22T02:26:00.252+0000] {dagbag.py:538} INFO - Filling up the DagBag from /opt/airflow/dags/dbt_model_dag.py
[2025-05-22T02:26:00.262+0000] {processor.py:840} INFO - DAG(s) 'run_dbt_models_after_ingestion' retrieved from /opt/airflow/dags/dbt_model_dag.py
[2025-05-22T02:26:00.279+0000] {logging_mixin.py:188} INFO - [2025-05-22T02:26:00.279+0000] {dag.py:3036} INFO - Sync 1 DAGs
[2025-05-22T02:26:00.285+0000] {logging_mixin.py:188} INFO - [2025-05-22T02:26:00.285+0000] {dag.py:3823} INFO - Setting next_dagrun for run_dbt_models_after_ingestion to None, run_after=None
[2025-05-22T02:26:00.293+0000] {processor.py:183} INFO - Processing /opt/airflow/dags/dbt_model_dag.py took 0.046 seconds
[2025-05-22T02:26:30.736+0000] {processor.py:161} INFO - Started process (PID=28959) to work on /opt/airflow/dags/dbt_model_dag.py
[2025-05-22T02:26:30.738+0000] {processor.py:830} INFO - Processing file /opt/airflow/dags/dbt_model_dag.py for tasks to queue
[2025-05-22T02:26:30.739+0000] {logging_mixin.py:188} INFO - [2025-05-22T02:26:30.738+0000] {dagbag.py:538} INFO - Filling up the DagBag from /opt/airflow/dags/dbt_model_dag.py
[2025-05-22T02:26:30.748+0000] {processor.py:840} INFO - DAG(s) 'run_dbt_models_after_ingestion' retrieved from /opt/airflow/dags/dbt_model_dag.py
[2025-05-22T02:26:30.764+0000] {logging_mixin.py:188} INFO - [2025-05-22T02:26:30.763+0000] {dag.py:3036} INFO - Sync 1 DAGs
[2025-05-22T02:26:30.769+0000] {logging_mixin.py:188} INFO - [2025-05-22T02:26:30.769+0000] {dag.py:3823} INFO - Setting next_dagrun for run_dbt_models_after_ingestion to None, run_after=None
[2025-05-22T02:26:30.776+0000] {processor.py:183} INFO - Processing /opt/airflow/dags/dbt_model_dag.py took 0.043 seconds
[2025-05-22T02:27:01.350+0000] {processor.py:161} INFO - Started process (PID=28974) to work on /opt/airflow/dags/dbt_model_dag.py
[2025-05-22T02:27:01.354+0000] {processor.py:830} INFO - Processing file /opt/airflow/dags/dbt_model_dag.py for tasks to queue
[2025-05-22T02:27:01.355+0000] {logging_mixin.py:188} INFO - [2025-05-22T02:27:01.355+0000] {dagbag.py:538} INFO - Filling up the DagBag from /opt/airflow/dags/dbt_model_dag.py
[2025-05-22T02:27:01.376+0000] {processor.py:840} INFO - DAG(s) 'run_dbt_models_after_ingestion' retrieved from /opt/airflow/dags/dbt_model_dag.py
[2025-05-22T02:27:01.408+0000] {logging_mixin.py:188} INFO - [2025-05-22T02:27:01.408+0000] {dag.py:3036} INFO - Sync 1 DAGs
[2025-05-22T02:27:01.420+0000] {logging_mixin.py:188} INFO - [2025-05-22T02:27:01.420+0000] {dag.py:3823} INFO - Setting next_dagrun for run_dbt_models_after_ingestion to None, run_after=None
[2025-05-22T02:27:01.430+0000] {processor.py:183} INFO - Processing /opt/airflow/dags/dbt_model_dag.py took 0.089 seconds
[2025-05-22T02:27:55.989+0000] {processor.py:161} INFO - Started process (PID=28992) to work on /opt/airflow/dags/dbt_model_dag.py
[2025-05-22T02:27:55.991+0000] {processor.py:830} INFO - Processing file /opt/airflow/dags/dbt_model_dag.py for tasks to queue
[2025-05-22T02:27:55.992+0000] {logging_mixin.py:188} INFO - [2025-05-22T02:27:55.992+0000] {dagbag.py:538} INFO - Filling up the DagBag from /opt/airflow/dags/dbt_model_dag.py
[2025-05-22T02:27:55.998+0000] {processor.py:840} INFO - DAG(s) 'run_dbt_models_after_ingestion' retrieved from /opt/airflow/dags/dbt_model_dag.py
[2025-05-22T02:27:56.013+0000] {logging_mixin.py:188} INFO - [2025-05-22T02:27:56.013+0000] {dag.py:3036} INFO - Sync 1 DAGs
[2025-05-22T02:27:56.021+0000] {logging_mixin.py:188} INFO - [2025-05-22T02:27:56.021+0000] {dag.py:3823} INFO - Setting next_dagrun for run_dbt_models_after_ingestion to None, run_after=None
[2025-05-22T02:27:56.028+0000] {processor.py:183} INFO - Processing /opt/airflow/dags/dbt_model_dag.py took 0.042 seconds
[2025-05-22T02:43:24.542+0000] {processor.py:161} INFO - Started process (PID=29004) to work on /opt/airflow/dags/dbt_model_dag.py
[2025-05-22T02:43:24.545+0000] {processor.py:830} INFO - Processing file /opt/airflow/dags/dbt_model_dag.py for tasks to queue
[2025-05-22T02:43:24.548+0000] {logging_mixin.py:188} INFO - [2025-05-22T02:43:24.548+0000] {dagbag.py:538} INFO - Filling up the DagBag from /opt/airflow/dags/dbt_model_dag.py
[2025-05-22T02:43:24.576+0000] {processor.py:840} INFO - DAG(s) 'run_dbt_models_after_ingestion' retrieved from /opt/airflow/dags/dbt_model_dag.py
[2025-05-22T02:43:24.623+0000] {logging_mixin.py:188} INFO - [2025-05-22T02:43:24.623+0000] {dag.py:3036} INFO - Sync 1 DAGs
[2025-05-22T02:43:24.639+0000] {logging_mixin.py:188} INFO - [2025-05-22T02:43:24.639+0000] {dag.py:3823} INFO - Setting next_dagrun for run_dbt_models_after_ingestion to None, run_after=None
[2025-05-22T02:43:24.660+0000] {processor.py:183} INFO - Processing /opt/airflow/dags/dbt_model_dag.py took 0.125 seconds
[2025-05-22T02:43:55.201+0000] {processor.py:161} INFO - Started process (PID=29019) to work on /opt/airflow/dags/dbt_model_dag.py
[2025-05-22T02:43:55.202+0000] {processor.py:830} INFO - Processing file /opt/airflow/dags/dbt_model_dag.py for tasks to queue
[2025-05-22T02:43:55.203+0000] {logging_mixin.py:188} INFO - [2025-05-22T02:43:55.203+0000] {dagbag.py:538} INFO - Filling up the DagBag from /opt/airflow/dags/dbt_model_dag.py
[2025-05-22T02:43:55.228+0000] {processor.py:840} INFO - DAG(s) 'run_dbt_models_after_ingestion' retrieved from /opt/airflow/dags/dbt_model_dag.py
[2025-05-22T02:43:55.275+0000] {logging_mixin.py:188} INFO - [2025-05-22T02:43:55.275+0000] {dag.py:3036} INFO - Sync 1 DAGs
[2025-05-22T02:43:55.290+0000] {logging_mixin.py:188} INFO - [2025-05-22T02:43:55.290+0000] {dag.py:3823} INFO - Setting next_dagrun for run_dbt_models_after_ingestion to None, run_after=None
[2025-05-22T02:43:55.310+0000] {processor.py:183} INFO - Processing /opt/airflow/dags/dbt_model_dag.py took 0.117 seconds
[2025-05-22T02:55:24.559+0000] {processor.py:161} INFO - Started process (PID=29036) to work on /opt/airflow/dags/dbt_model_dag.py
[2025-05-22T02:55:24.560+0000] {processor.py:830} INFO - Processing file /opt/airflow/dags/dbt_model_dag.py for tasks to queue
[2025-05-22T02:55:24.562+0000] {logging_mixin.py:188} INFO - [2025-05-22T02:55:24.562+0000] {dagbag.py:538} INFO - Filling up the DagBag from /opt/airflow/dags/dbt_model_dag.py
[2025-05-22T02:55:24.583+0000] {processor.py:840} INFO - DAG(s) 'run_dbt_models_after_ingestion' retrieved from /opt/airflow/dags/dbt_model_dag.py
[2025-05-22T02:55:24.663+0000] {logging_mixin.py:188} INFO - [2025-05-22T02:55:24.662+0000] {dag.py:3036} INFO - Sync 1 DAGs
[2025-05-22T02:55:24.679+0000] {logging_mixin.py:188} INFO - [2025-05-22T02:55:24.679+0000] {dag.py:3823} INFO - Setting next_dagrun for run_dbt_models_after_ingestion to None, run_after=None
[2025-05-22T02:55:24.694+0000] {processor.py:183} INFO - Processing /opt/airflow/dags/dbt_model_dag.py took 0.140 seconds
[2025-05-22T03:10:51.136+0000] {processor.py:161} INFO - Started process (PID=29051) to work on /opt/airflow/dags/dbt_model_dag.py
[2025-05-22T03:10:51.139+0000] {processor.py:830} INFO - Processing file /opt/airflow/dags/dbt_model_dag.py for tasks to queue
[2025-05-22T03:10:51.142+0000] {logging_mixin.py:188} INFO - [2025-05-22T03:10:51.141+0000] {dagbag.py:538} INFO - Filling up the DagBag from /opt/airflow/dags/dbt_model_dag.py
[2025-05-22T03:10:51.190+0000] {processor.py:840} INFO - DAG(s) 'run_dbt_models_after_ingestion' retrieved from /opt/airflow/dags/dbt_model_dag.py
[2025-05-22T03:10:51.272+0000] {logging_mixin.py:188} INFO - [2025-05-22T03:10:51.272+0000] {dag.py:3036} INFO - Sync 1 DAGs
[2025-05-22T03:10:51.293+0000] {logging_mixin.py:188} INFO - [2025-05-22T03:10:51.293+0000] {dag.py:3823} INFO - Setting next_dagrun for run_dbt_models_after_ingestion to None, run_after=None
[2025-05-22T03:10:51.324+0000] {processor.py:183} INFO - Processing /opt/airflow/dags/dbt_model_dag.py took 0.196 seconds
[2025-05-22T03:11:59.926+0000] {processor.py:161} INFO - Started process (PID=29067) to work on /opt/airflow/dags/dbt_model_dag.py
[2025-05-22T03:11:59.929+0000] {processor.py:830} INFO - Processing file /opt/airflow/dags/dbt_model_dag.py for tasks to queue
[2025-05-22T03:11:59.929+0000] {logging_mixin.py:188} INFO - [2025-05-22T03:11:59.929+0000] {dagbag.py:538} INFO - Filling up the DagBag from /opt/airflow/dags/dbt_model_dag.py
[2025-05-22T03:11:59.954+0000] {processor.py:840} INFO - DAG(s) 'run_dbt_models_after_ingestion' retrieved from /opt/airflow/dags/dbt_model_dag.py
[2025-05-22T03:11:59.992+0000] {logging_mixin.py:188} INFO - [2025-05-22T03:11:59.992+0000] {dag.py:3036} INFO - Sync 1 DAGs
[2025-05-22T03:12:00.006+0000] {logging_mixin.py:188} INFO - [2025-05-22T03:12:00.006+0000] {dag.py:3823} INFO - Setting next_dagrun for run_dbt_models_after_ingestion to None, run_after=None
[2025-05-22T03:12:00.021+0000] {processor.py:183} INFO - Processing /opt/airflow/dags/dbt_model_dag.py took 0.105 seconds
[2025-05-22T03:47:30.476+0000] {processor.py:161} INFO - Started process (PID=29083) to work on /opt/airflow/dags/dbt_model_dag.py
[2025-05-22T03:47:30.478+0000] {processor.py:830} INFO - Processing file /opt/airflow/dags/dbt_model_dag.py for tasks to queue
[2025-05-22T03:47:30.481+0000] {logging_mixin.py:188} INFO - [2025-05-22T03:47:30.481+0000] {dagbag.py:538} INFO - Filling up the DagBag from /opt/airflow/dags/dbt_model_dag.py
[2025-05-22T03:47:30.524+0000] {processor.py:840} INFO - DAG(s) 'run_dbt_models_after_ingestion' retrieved from /opt/airflow/dags/dbt_model_dag.py
[2025-05-22T03:47:30.625+0000] {logging_mixin.py:188} INFO - [2025-05-22T03:47:30.624+0000] {dag.py:3036} INFO - Sync 1 DAGs
[2025-05-22T03:47:30.665+0000] {logging_mixin.py:188} INFO - [2025-05-22T03:47:30.664+0000] {dag.py:3823} INFO - Setting next_dagrun for run_dbt_models_after_ingestion to None, run_after=None
[2025-05-22T03:47:30.718+0000] {processor.py:183} INFO - Processing /opt/airflow/dags/dbt_model_dag.py took 0.250 seconds
[2025-05-22T03:48:01.309+0000] {processor.py:161} INFO - Started process (PID=29098) to work on /opt/airflow/dags/dbt_model_dag.py
[2025-05-22T03:48:01.311+0000] {processor.py:830} INFO - Processing file /opt/airflow/dags/dbt_model_dag.py for tasks to queue
[2025-05-22T03:48:01.311+0000] {logging_mixin.py:188} INFO - [2025-05-22T03:48:01.311+0000] {dagbag.py:538} INFO - Filling up the DagBag from /opt/airflow/dags/dbt_model_dag.py
[2025-05-22T03:48:01.337+0000] {processor.py:840} INFO - DAG(s) 'run_dbt_models_after_ingestion' retrieved from /opt/airflow/dags/dbt_model_dag.py
[2025-05-22T03:48:01.385+0000] {logging_mixin.py:188} INFO - [2025-05-22T03:48:01.384+0000] {dag.py:3036} INFO - Sync 1 DAGs
[2025-05-22T03:48:01.398+0000] {logging_mixin.py:188} INFO - [2025-05-22T03:48:01.398+0000] {dag.py:3823} INFO - Setting next_dagrun for run_dbt_models_after_ingestion to None, run_after=None
[2025-05-22T03:48:01.417+0000] {processor.py:183} INFO - Processing /opt/airflow/dags/dbt_model_dag.py took 0.116 seconds
[2025-05-22T04:21:18.532+0000] {processor.py:161} INFO - Started process (PID=29113) to work on /opt/airflow/dags/dbt_model_dag.py
[2025-05-22T04:21:18.535+0000] {processor.py:830} INFO - Processing file /opt/airflow/dags/dbt_model_dag.py for tasks to queue
[2025-05-22T04:21:18.536+0000] {logging_mixin.py:188} INFO - [2025-05-22T04:21:18.536+0000] {dagbag.py:538} INFO - Filling up the DagBag from /opt/airflow/dags/dbt_model_dag.py
[2025-05-22T04:21:18.588+0000] {processor.py:840} INFO - DAG(s) 'run_dbt_models_after_ingestion' retrieved from /opt/airflow/dags/dbt_model_dag.py
[2025-05-22T04:21:18.654+0000] {logging_mixin.py:188} INFO - [2025-05-22T04:21:18.654+0000] {dag.py:3036} INFO - Sync 1 DAGs
[2025-05-22T04:21:18.679+0000] {logging_mixin.py:188} INFO - [2025-05-22T04:21:18.678+0000] {dag.py:3823} INFO - Setting next_dagrun for run_dbt_models_after_ingestion to None, run_after=None
[2025-05-22T04:21:18.718+0000] {processor.py:183} INFO - Processing /opt/airflow/dags/dbt_model_dag.py took 0.203 seconds
[2025-05-22T05:17:19.088+0000] {processor.py:161} INFO - Started process (PID=29129) to work on /opt/airflow/dags/dbt_model_dag.py
[2025-05-22T05:17:19.090+0000] {processor.py:830} INFO - Processing file /opt/airflow/dags/dbt_model_dag.py for tasks to queue
[2025-05-22T05:17:19.090+0000] {logging_mixin.py:188} INFO - [2025-05-22T05:17:19.090+0000] {dagbag.py:538} INFO - Filling up the DagBag from /opt/airflow/dags/dbt_model_dag.py
[2025-05-22T05:17:19.115+0000] {processor.py:840} INFO - DAG(s) 'run_dbt_models_after_ingestion' retrieved from /opt/airflow/dags/dbt_model_dag.py
[2025-05-22T05:17:19.150+0000] {logging_mixin.py:188} INFO - [2025-05-22T05:17:19.150+0000] {dag.py:3036} INFO - Sync 1 DAGs
[2025-05-22T05:17:19.162+0000] {logging_mixin.py:188} INFO - [2025-05-22T05:17:19.162+0000] {dag.py:3823} INFO - Setting next_dagrun for run_dbt_models_after_ingestion to None, run_after=None
[2025-05-22T05:17:19.180+0000] {processor.py:183} INFO - Processing /opt/airflow/dags/dbt_model_dag.py took 0.099 seconds
[2025-05-22T05:29:02.508+0000] {processor.py:161} INFO - Started process (PID=29145) to work on /opt/airflow/dags/dbt_model_dag.py
[2025-05-22T05:29:02.510+0000] {processor.py:830} INFO - Processing file /opt/airflow/dags/dbt_model_dag.py for tasks to queue
[2025-05-22T05:29:02.513+0000] {logging_mixin.py:188} INFO - [2025-05-22T05:29:02.512+0000] {dagbag.py:538} INFO - Filling up the DagBag from /opt/airflow/dags/dbt_model_dag.py
[2025-05-22T05:29:02.543+0000] {processor.py:840} INFO - DAG(s) 'run_dbt_models_after_ingestion' retrieved from /opt/airflow/dags/dbt_model_dag.py
[2025-05-22T05:29:02.598+0000] {logging_mixin.py:188} INFO - [2025-05-22T05:29:02.598+0000] {dag.py:3036} INFO - Sync 1 DAGs
[2025-05-22T05:29:02.621+0000] {logging_mixin.py:188} INFO - [2025-05-22T05:29:02.621+0000] {dag.py:3823} INFO - Setting next_dagrun for run_dbt_models_after_ingestion to None, run_after=None
[2025-05-22T05:29:02.648+0000] {processor.py:183} INFO - Processing /opt/airflow/dags/dbt_model_dag.py took 0.145 seconds
[2025-05-22T06:19:52.843+0000] {processor.py:161} INFO - Started process (PID=29160) to work on /opt/airflow/dags/dbt_model_dag.py
[2025-05-22T06:19:52.845+0000] {processor.py:830} INFO - Processing file /opt/airflow/dags/dbt_model_dag.py for tasks to queue
[2025-05-22T06:19:52.848+0000] {logging_mixin.py:188} INFO - [2025-05-22T06:19:52.847+0000] {dagbag.py:538} INFO - Filling up the DagBag from /opt/airflow/dags/dbt_model_dag.py
[2025-05-22T06:19:52.869+0000] {processor.py:840} INFO - DAG(s) 'run_dbt_models_after_ingestion' retrieved from /opt/airflow/dags/dbt_model_dag.py
[2025-05-22T06:19:52.908+0000] {logging_mixin.py:188} INFO - [2025-05-22T06:19:52.908+0000] {dag.py:3036} INFO - Sync 1 DAGs
[2025-05-22T06:19:52.923+0000] {logging_mixin.py:188} INFO - [2025-05-22T06:19:52.923+0000] {dag.py:3823} INFO - Setting next_dagrun for run_dbt_models_after_ingestion to None, run_after=None
[2025-05-22T06:19:52.946+0000] {processor.py:183} INFO - Processing /opt/airflow/dags/dbt_model_dag.py took 0.108 seconds
[2025-05-22T06:58:17.474+0000] {processor.py:161} INFO - Started process (PID=29175) to work on /opt/airflow/dags/dbt_model_dag.py
[2025-05-22T06:58:17.476+0000] {processor.py:830} INFO - Processing file /opt/airflow/dags/dbt_model_dag.py for tasks to queue
[2025-05-22T06:58:17.476+0000] {logging_mixin.py:188} INFO - [2025-05-22T06:58:17.476+0000] {dagbag.py:538} INFO - Filling up the DagBag from /opt/airflow/dags/dbt_model_dag.py
[2025-05-22T06:58:17.503+0000] {processor.py:840} INFO - DAG(s) 'run_dbt_models_after_ingestion' retrieved from /opt/airflow/dags/dbt_model_dag.py
[2025-05-22T06:58:17.539+0000] {logging_mixin.py:188} INFO - [2025-05-22T06:58:17.539+0000] {dag.py:3036} INFO - Sync 1 DAGs
[2025-05-22T06:58:17.550+0000] {logging_mixin.py:188} INFO - [2025-05-22T06:58:17.550+0000] {dag.py:3823} INFO - Setting next_dagrun for run_dbt_models_after_ingestion to None, run_after=None
[2025-05-22T06:58:17.569+0000] {processor.py:183} INFO - Processing /opt/airflow/dags/dbt_model_dag.py took 0.103 seconds
[2025-05-22T06:58:48.227+0000] {processor.py:161} INFO - Started process (PID=29190) to work on /opt/airflow/dags/dbt_model_dag.py
[2025-05-22T06:58:48.230+0000] {processor.py:830} INFO - Processing file /opt/airflow/dags/dbt_model_dag.py for tasks to queue
[2025-05-22T06:58:48.231+0000] {logging_mixin.py:188} INFO - [2025-05-22T06:58:48.231+0000] {dagbag.py:538} INFO - Filling up the DagBag from /opt/airflow/dags/dbt_model_dag.py
[2025-05-22T06:58:48.259+0000] {processor.py:840} INFO - DAG(s) 'run_dbt_models_after_ingestion' retrieved from /opt/airflow/dags/dbt_model_dag.py
[2025-05-22T06:58:48.313+0000] {logging_mixin.py:188} INFO - [2025-05-22T06:58:48.313+0000] {dag.py:3036} INFO - Sync 1 DAGs
[2025-05-22T06:58:48.328+0000] {logging_mixin.py:188} INFO - [2025-05-22T06:58:48.328+0000] {dag.py:3823} INFO - Setting next_dagrun for run_dbt_models_after_ingestion to None, run_after=None
[2025-05-22T06:58:48.347+0000] {processor.py:183} INFO - Processing /opt/airflow/dags/dbt_model_dag.py took 0.127 seconds
[2025-05-22T06:59:19.054+0000] {processor.py:161} INFO - Started process (PID=29205) to work on /opt/airflow/dags/dbt_model_dag.py
[2025-05-22T06:59:19.056+0000] {processor.py:830} INFO - Processing file /opt/airflow/dags/dbt_model_dag.py for tasks to queue
[2025-05-22T06:59:19.059+0000] {logging_mixin.py:188} INFO - [2025-05-22T06:59:19.059+0000] {dagbag.py:538} INFO - Filling up the DagBag from /opt/airflow/dags/dbt_model_dag.py
[2025-05-22T06:59:19.090+0000] {processor.py:840} INFO - DAG(s) 'run_dbt_models_after_ingestion' retrieved from /opt/airflow/dags/dbt_model_dag.py
[2025-05-22T06:59:19.151+0000] {logging_mixin.py:188} INFO - [2025-05-22T06:59:19.151+0000] {dag.py:3036} INFO - Sync 1 DAGs
[2025-05-22T06:59:19.173+0000] {logging_mixin.py:188} INFO - [2025-05-22T06:59:19.173+0000] {dag.py:3823} INFO - Setting next_dagrun for run_dbt_models_after_ingestion to None, run_after=None
[2025-05-22T06:59:19.196+0000] {processor.py:183} INFO - Processing /opt/airflow/dags/dbt_model_dag.py took 0.150 seconds
[2025-05-22T06:59:49.623+0000] {processor.py:161} INFO - Started process (PID=29220) to work on /opt/airflow/dags/dbt_model_dag.py
[2025-05-22T06:59:49.625+0000] {processor.py:830} INFO - Processing file /opt/airflow/dags/dbt_model_dag.py for tasks to queue
[2025-05-22T06:59:49.626+0000] {logging_mixin.py:188} INFO - [2025-05-22T06:59:49.626+0000] {dagbag.py:538} INFO - Filling up the DagBag from /opt/airflow/dags/dbt_model_dag.py
[2025-05-22T06:59:49.700+0000] {processor.py:840} INFO - DAG(s) 'run_dbt_models_after_ingestion' retrieved from /opt/airflow/dags/dbt_model_dag.py
[2025-05-22T06:59:49.757+0000] {logging_mixin.py:188} INFO - [2025-05-22T06:59:49.756+0000] {dag.py:3036} INFO - Sync 1 DAGs
[2025-05-22T06:59:49.774+0000] {logging_mixin.py:188} INFO - [2025-05-22T06:59:49.774+0000] {dag.py:3823} INFO - Setting next_dagrun for run_dbt_models_after_ingestion to None, run_after=None
[2025-05-22T06:59:49.798+0000] {processor.py:183} INFO - Processing /opt/airflow/dags/dbt_model_dag.py took 0.184 seconds
[2025-05-22T07:00:20.212+0000] {processor.py:161} INFO - Started process (PID=29235) to work on /opt/airflow/dags/dbt_model_dag.py
[2025-05-22T07:00:20.214+0000] {processor.py:830} INFO - Processing file /opt/airflow/dags/dbt_model_dag.py for tasks to queue
[2025-05-22T07:00:20.215+0000] {logging_mixin.py:188} INFO - [2025-05-22T07:00:20.214+0000] {dagbag.py:538} INFO - Filling up the DagBag from /opt/airflow/dags/dbt_model_dag.py
[2025-05-22T07:00:20.240+0000] {processor.py:840} INFO - DAG(s) 'run_dbt_models_after_ingestion' retrieved from /opt/airflow/dags/dbt_model_dag.py
[2025-05-22T07:00:20.294+0000] {logging_mixin.py:188} INFO - [2025-05-22T07:00:20.294+0000] {dag.py:3036} INFO - Sync 1 DAGs
[2025-05-22T07:00:20.307+0000] {logging_mixin.py:188} INFO - [2025-05-22T07:00:20.306+0000] {dag.py:3823} INFO - Setting next_dagrun for run_dbt_models_after_ingestion to None, run_after=None
[2025-05-22T07:00:20.325+0000] {processor.py:183} INFO - Processing /opt/airflow/dags/dbt_model_dag.py took 0.123 seconds
[2025-05-22T07:00:50.752+0000] {processor.py:161} INFO - Started process (PID=29250) to work on /opt/airflow/dags/dbt_model_dag.py
[2025-05-22T07:00:50.754+0000] {processor.py:830} INFO - Processing file /opt/airflow/dags/dbt_model_dag.py for tasks to queue
[2025-05-22T07:00:50.756+0000] {logging_mixin.py:188} INFO - [2025-05-22T07:00:50.755+0000] {dagbag.py:538} INFO - Filling up the DagBag from /opt/airflow/dags/dbt_model_dag.py
[2025-05-22T07:00:50.786+0000] {processor.py:840} INFO - DAG(s) 'run_dbt_models_after_ingestion' retrieved from /opt/airflow/dags/dbt_model_dag.py
[2025-05-22T07:00:50.845+0000] {logging_mixin.py:188} INFO - [2025-05-22T07:00:50.845+0000] {dag.py:3036} INFO - Sync 1 DAGs
[2025-05-22T07:00:50.860+0000] {logging_mixin.py:188} INFO - [2025-05-22T07:00:50.859+0000] {dag.py:3823} INFO - Setting next_dagrun for run_dbt_models_after_ingestion to None, run_after=None
[2025-05-22T07:00:50.877+0000] {processor.py:183} INFO - Processing /opt/airflow/dags/dbt_model_dag.py took 0.133 seconds
[2025-05-22T07:01:21.243+0000] {processor.py:161} INFO - Started process (PID=29265) to work on /opt/airflow/dags/dbt_model_dag.py
[2025-05-22T07:01:21.245+0000] {processor.py:830} INFO - Processing file /opt/airflow/dags/dbt_model_dag.py for tasks to queue
[2025-05-22T07:01:21.245+0000] {logging_mixin.py:188} INFO - [2025-05-22T07:01:21.245+0000] {dagbag.py:538} INFO - Filling up the DagBag from /opt/airflow/dags/dbt_model_dag.py
[2025-05-22T07:01:21.285+0000] {processor.py:840} INFO - DAG(s) 'run_dbt_models_after_ingestion' retrieved from /opt/airflow/dags/dbt_model_dag.py
[2025-05-22T07:01:21.337+0000] {logging_mixin.py:188} INFO - [2025-05-22T07:01:21.337+0000] {dag.py:3036} INFO - Sync 1 DAGs
[2025-05-22T07:01:21.352+0000] {logging_mixin.py:188} INFO - [2025-05-22T07:01:21.352+0000] {dag.py:3823} INFO - Setting next_dagrun for run_dbt_models_after_ingestion to None, run_after=None
[2025-05-22T07:01:21.370+0000] {processor.py:183} INFO - Processing /opt/airflow/dags/dbt_model_dag.py took 0.134 seconds
[2025-05-22T07:01:51.725+0000] {processor.py:161} INFO - Started process (PID=29280) to work on /opt/airflow/dags/dbt_model_dag.py
[2025-05-22T07:01:51.731+0000] {processor.py:830} INFO - Processing file /opt/airflow/dags/dbt_model_dag.py for tasks to queue
[2025-05-22T07:01:51.733+0000] {logging_mixin.py:188} INFO - [2025-05-22T07:01:51.732+0000] {dagbag.py:538} INFO - Filling up the DagBag from /opt/airflow/dags/dbt_model_dag.py
[2025-05-22T07:01:51.762+0000] {processor.py:840} INFO - DAG(s) 'run_dbt_models_after_ingestion' retrieved from /opt/airflow/dags/dbt_model_dag.py
[2025-05-22T07:01:51.811+0000] {logging_mixin.py:188} INFO - [2025-05-22T07:01:51.811+0000] {dag.py:3036} INFO - Sync 1 DAGs
[2025-05-22T07:01:51.829+0000] {logging_mixin.py:188} INFO - [2025-05-22T07:01:51.829+0000] {dag.py:3823} INFO - Setting next_dagrun for run_dbt_models_after_ingestion to None, run_after=None
[2025-05-22T07:01:51.848+0000] {processor.py:183} INFO - Processing /opt/airflow/dags/dbt_model_dag.py took 0.130 seconds
[2025-05-22T07:02:22.147+0000] {processor.py:161} INFO - Started process (PID=29295) to work on /opt/airflow/dags/dbt_model_dag.py
[2025-05-22T07:02:22.150+0000] {processor.py:830} INFO - Processing file /opt/airflow/dags/dbt_model_dag.py for tasks to queue
[2025-05-22T07:02:22.152+0000] {logging_mixin.py:188} INFO - [2025-05-22T07:02:22.152+0000] {dagbag.py:538} INFO - Filling up the DagBag from /opt/airflow/dags/dbt_model_dag.py
[2025-05-22T07:02:22.178+0000] {processor.py:840} INFO - DAG(s) 'run_dbt_models_after_ingestion' retrieved from /opt/airflow/dags/dbt_model_dag.py
[2025-05-22T07:02:22.219+0000] {logging_mixin.py:188} INFO - [2025-05-22T07:02:22.219+0000] {dag.py:3036} INFO - Sync 1 DAGs
[2025-05-22T07:02:22.234+0000] {logging_mixin.py:188} INFO - [2025-05-22T07:02:22.234+0000] {dag.py:3823} INFO - Setting next_dagrun for run_dbt_models_after_ingestion to None, run_after=None
[2025-05-22T07:02:22.253+0000] {processor.py:183} INFO - Processing /opt/airflow/dags/dbt_model_dag.py took 0.109 seconds
[2025-05-22T07:02:52.589+0000] {processor.py:161} INFO - Started process (PID=29310) to work on /opt/airflow/dags/dbt_model_dag.py
[2025-05-22T07:02:52.594+0000] {processor.py:830} INFO - Processing file /opt/airflow/dags/dbt_model_dag.py for tasks to queue
[2025-05-22T07:02:52.595+0000] {logging_mixin.py:188} INFO - [2025-05-22T07:02:52.594+0000] {dagbag.py:538} INFO - Filling up the DagBag from /opt/airflow/dags/dbt_model_dag.py
[2025-05-22T07:02:52.622+0000] {processor.py:840} INFO - DAG(s) 'run_dbt_models_after_ingestion' retrieved from /opt/airflow/dags/dbt_model_dag.py
[2025-05-22T07:02:52.670+0000] {logging_mixin.py:188} INFO - [2025-05-22T07:02:52.669+0000] {dag.py:3036} INFO - Sync 1 DAGs
[2025-05-22T07:02:52.684+0000] {logging_mixin.py:188} INFO - [2025-05-22T07:02:52.684+0000] {dag.py:3823} INFO - Setting next_dagrun for run_dbt_models_after_ingestion to None, run_after=None
[2025-05-22T07:02:52.700+0000] {processor.py:183} INFO - Processing /opt/airflow/dags/dbt_model_dag.py took 0.118 seconds
[2025-05-22T07:03:23.076+0000] {processor.py:161} INFO - Started process (PID=29325) to work on /opt/airflow/dags/dbt_model_dag.py
[2025-05-22T07:03:23.078+0000] {processor.py:830} INFO - Processing file /opt/airflow/dags/dbt_model_dag.py for tasks to queue
[2025-05-22T07:03:23.079+0000] {logging_mixin.py:188} INFO - [2025-05-22T07:03:23.079+0000] {dagbag.py:538} INFO - Filling up the DagBag from /opt/airflow/dags/dbt_model_dag.py
[2025-05-22T07:03:23.106+0000] {processor.py:840} INFO - DAG(s) 'run_dbt_models_after_ingestion' retrieved from /opt/airflow/dags/dbt_model_dag.py
[2025-05-22T07:03:23.148+0000] {logging_mixin.py:188} INFO - [2025-05-22T07:03:23.147+0000] {dag.py:3036} INFO - Sync 1 DAGs
[2025-05-22T07:03:23.162+0000] {logging_mixin.py:188} INFO - [2025-05-22T07:03:23.162+0000] {dag.py:3823} INFO - Setting next_dagrun for run_dbt_models_after_ingestion to None, run_after=None
[2025-05-22T07:03:23.180+0000] {processor.py:183} INFO - Processing /opt/airflow/dags/dbt_model_dag.py took 0.112 seconds
[2025-05-22T07:03:53.551+0000] {processor.py:161} INFO - Started process (PID=29340) to work on /opt/airflow/dags/dbt_model_dag.py
[2025-05-22T07:03:53.555+0000] {processor.py:830} INFO - Processing file /opt/airflow/dags/dbt_model_dag.py for tasks to queue
[2025-05-22T07:03:53.555+0000] {logging_mixin.py:188} INFO - [2025-05-22T07:03:53.555+0000] {dagbag.py:538} INFO - Filling up the DagBag from /opt/airflow/dags/dbt_model_dag.py
[2025-05-22T07:03:53.579+0000] {processor.py:840} INFO - DAG(s) 'run_dbt_models_after_ingestion' retrieved from /opt/airflow/dags/dbt_model_dag.py
[2025-05-22T07:03:53.631+0000] {logging_mixin.py:188} INFO - [2025-05-22T07:03:53.631+0000] {dag.py:3036} INFO - Sync 1 DAGs
[2025-05-22T07:03:53.646+0000] {logging_mixin.py:188} INFO - [2025-05-22T07:03:53.646+0000] {dag.py:3823} INFO - Setting next_dagrun for run_dbt_models_after_ingestion to None, run_after=None
[2025-05-22T07:03:53.665+0000] {processor.py:183} INFO - Processing /opt/airflow/dags/dbt_model_dag.py took 0.119 seconds
[2025-05-22T07:04:24.018+0000] {processor.py:161} INFO - Started process (PID=29355) to work on /opt/airflow/dags/dbt_model_dag.py
[2025-05-22T07:04:24.021+0000] {processor.py:830} INFO - Processing file /opt/airflow/dags/dbt_model_dag.py for tasks to queue
[2025-05-22T07:04:24.022+0000] {logging_mixin.py:188} INFO - [2025-05-22T07:04:24.021+0000] {dagbag.py:538} INFO - Filling up the DagBag from /opt/airflow/dags/dbt_model_dag.py
[2025-05-22T07:04:24.049+0000] {processor.py:840} INFO - DAG(s) 'run_dbt_models_after_ingestion' retrieved from /opt/airflow/dags/dbt_model_dag.py
[2025-05-22T07:04:24.095+0000] {logging_mixin.py:188} INFO - [2025-05-22T07:04:24.095+0000] {dag.py:3036} INFO - Sync 1 DAGs
[2025-05-22T07:04:24.109+0000] {logging_mixin.py:188} INFO - [2025-05-22T07:04:24.109+0000] {dag.py:3823} INFO - Setting next_dagrun for run_dbt_models_after_ingestion to None, run_after=None
[2025-05-22T07:04:24.128+0000] {processor.py:183} INFO - Processing /opt/airflow/dags/dbt_model_dag.py took 0.120 seconds
[2025-05-22T07:04:54.425+0000] {processor.py:161} INFO - Started process (PID=29370) to work on /opt/airflow/dags/dbt_model_dag.py
[2025-05-22T07:04:54.427+0000] {processor.py:830} INFO - Processing file /opt/airflow/dags/dbt_model_dag.py for tasks to queue
[2025-05-22T07:04:54.429+0000] {logging_mixin.py:188} INFO - [2025-05-22T07:04:54.429+0000] {dagbag.py:538} INFO - Filling up the DagBag from /opt/airflow/dags/dbt_model_dag.py
[2025-05-22T07:04:54.456+0000] {processor.py:840} INFO - DAG(s) 'run_dbt_models_after_ingestion' retrieved from /opt/airflow/dags/dbt_model_dag.py
[2025-05-22T07:04:54.504+0000] {logging_mixin.py:188} INFO - [2025-05-22T07:04:54.504+0000] {dag.py:3036} INFO - Sync 1 DAGs
[2025-05-22T07:04:54.521+0000] {logging_mixin.py:188} INFO - [2025-05-22T07:04:54.521+0000] {dag.py:3823} INFO - Setting next_dagrun for run_dbt_models_after_ingestion to None, run_after=None
[2025-05-22T07:04:54.538+0000] {processor.py:183} INFO - Processing /opt/airflow/dags/dbt_model_dag.py took 0.120 seconds
[2025-05-22T07:05:24.892+0000] {processor.py:161} INFO - Started process (PID=29385) to work on /opt/airflow/dags/dbt_model_dag.py
[2025-05-22T07:05:24.896+0000] {processor.py:830} INFO - Processing file /opt/airflow/dags/dbt_model_dag.py for tasks to queue
[2025-05-22T07:05:24.898+0000] {logging_mixin.py:188} INFO - [2025-05-22T07:05:24.898+0000] {dagbag.py:538} INFO - Filling up the DagBag from /opt/airflow/dags/dbt_model_dag.py
[2025-05-22T07:05:24.926+0000] {processor.py:840} INFO - DAG(s) 'run_dbt_models_after_ingestion' retrieved from /opt/airflow/dags/dbt_model_dag.py
[2025-05-22T07:05:24.977+0000] {logging_mixin.py:188} INFO - [2025-05-22T07:05:24.977+0000] {dag.py:3036} INFO - Sync 1 DAGs
[2025-05-22T07:05:24.990+0000] {logging_mixin.py:188} INFO - [2025-05-22T07:05:24.990+0000] {dag.py:3823} INFO - Setting next_dagrun for run_dbt_models_after_ingestion to None, run_after=None
[2025-05-22T07:05:25.010+0000] {processor.py:183} INFO - Processing /opt/airflow/dags/dbt_model_dag.py took 0.122 seconds
[2025-05-22T07:05:55.363+0000] {processor.py:161} INFO - Started process (PID=29400) to work on /opt/airflow/dags/dbt_model_dag.py
[2025-05-22T07:05:55.364+0000] {processor.py:830} INFO - Processing file /opt/airflow/dags/dbt_model_dag.py for tasks to queue
[2025-05-22T07:05:55.366+0000] {logging_mixin.py:188} INFO - [2025-05-22T07:05:55.366+0000] {dagbag.py:538} INFO - Filling up the DagBag from /opt/airflow/dags/dbt_model_dag.py
[2025-05-22T07:05:55.400+0000] {processor.py:840} INFO - DAG(s) 'run_dbt_models_after_ingestion' retrieved from /opt/airflow/dags/dbt_model_dag.py
[2025-05-22T07:05:55.448+0000] {logging_mixin.py:188} INFO - [2025-05-22T07:05:55.448+0000] {dag.py:3036} INFO - Sync 1 DAGs
[2025-05-22T07:05:55.461+0000] {logging_mixin.py:188} INFO - [2025-05-22T07:05:55.461+0000] {dag.py:3823} INFO - Setting next_dagrun for run_dbt_models_after_ingestion to None, run_after=None
[2025-05-22T07:05:55.480+0000] {processor.py:183} INFO - Processing /opt/airflow/dags/dbt_model_dag.py took 0.125 seconds
[2025-05-22T07:06:25.863+0000] {processor.py:161} INFO - Started process (PID=29415) to work on /opt/airflow/dags/dbt_model_dag.py
[2025-05-22T07:06:25.865+0000] {processor.py:830} INFO - Processing file /opt/airflow/dags/dbt_model_dag.py for tasks to queue
[2025-05-22T07:06:25.866+0000] {logging_mixin.py:188} INFO - [2025-05-22T07:06:25.866+0000] {dagbag.py:538} INFO - Filling up the DagBag from /opt/airflow/dags/dbt_model_dag.py
[2025-05-22T07:06:25.895+0000] {processor.py:840} INFO - DAG(s) 'run_dbt_models_after_ingestion' retrieved from /opt/airflow/dags/dbt_model_dag.py
[2025-05-22T07:06:25.940+0000] {logging_mixin.py:188} INFO - [2025-05-22T07:06:25.939+0000] {dag.py:3036} INFO - Sync 1 DAGs
[2025-05-22T07:06:25.956+0000] {logging_mixin.py:188} INFO - [2025-05-22T07:06:25.956+0000] {dag.py:3823} INFO - Setting next_dagrun for run_dbt_models_after_ingestion to None, run_after=None
[2025-05-22T07:06:25.975+0000] {processor.py:183} INFO - Processing /opt/airflow/dags/dbt_model_dag.py took 0.122 seconds
[2025-05-22T07:06:56.328+0000] {processor.py:161} INFO - Started process (PID=29430) to work on /opt/airflow/dags/dbt_model_dag.py
[2025-05-22T07:06:56.330+0000] {processor.py:830} INFO - Processing file /opt/airflow/dags/dbt_model_dag.py for tasks to queue
[2025-05-22T07:06:56.331+0000] {logging_mixin.py:188} INFO - [2025-05-22T07:06:56.331+0000] {dagbag.py:538} INFO - Filling up the DagBag from /opt/airflow/dags/dbt_model_dag.py
[2025-05-22T07:06:56.358+0000] {processor.py:840} INFO - DAG(s) 'run_dbt_models_after_ingestion' retrieved from /opt/airflow/dags/dbt_model_dag.py
[2025-05-22T07:06:56.413+0000] {logging_mixin.py:188} INFO - [2025-05-22T07:06:56.413+0000] {dag.py:3036} INFO - Sync 1 DAGs
[2025-05-22T07:06:56.429+0000] {logging_mixin.py:188} INFO - [2025-05-22T07:06:56.429+0000] {dag.py:3823} INFO - Setting next_dagrun for run_dbt_models_after_ingestion to None, run_after=None
[2025-05-22T07:06:56.447+0000] {processor.py:183} INFO - Processing /opt/airflow/dags/dbt_model_dag.py took 0.127 seconds
[2025-05-22T07:07:26.827+0000] {processor.py:161} INFO - Started process (PID=29445) to work on /opt/airflow/dags/dbt_model_dag.py
[2025-05-22T07:07:26.831+0000] {processor.py:830} INFO - Processing file /opt/airflow/dags/dbt_model_dag.py for tasks to queue
[2025-05-22T07:07:26.832+0000] {logging_mixin.py:188} INFO - [2025-05-22T07:07:26.832+0000] {dagbag.py:538} INFO - Filling up the DagBag from /opt/airflow/dags/dbt_model_dag.py
[2025-05-22T07:07:26.861+0000] {processor.py:840} INFO - DAG(s) 'run_dbt_models_after_ingestion' retrieved from /opt/airflow/dags/dbt_model_dag.py
[2025-05-22T07:07:26.909+0000] {logging_mixin.py:188} INFO - [2025-05-22T07:07:26.909+0000] {dag.py:3036} INFO - Sync 1 DAGs
[2025-05-22T07:07:26.923+0000] {logging_mixin.py:188} INFO - [2025-05-22T07:07:26.923+0000] {dag.py:3823} INFO - Setting next_dagrun for run_dbt_models_after_ingestion to None, run_after=None
[2025-05-22T07:07:26.941+0000] {processor.py:183} INFO - Processing /opt/airflow/dags/dbt_model_dag.py took 0.123 seconds
[2025-05-22T07:07:57.282+0000] {processor.py:161} INFO - Started process (PID=29460) to work on /opt/airflow/dags/dbt_model_dag.py
[2025-05-22T07:07:57.283+0000] {processor.py:830} INFO - Processing file /opt/airflow/dags/dbt_model_dag.py for tasks to queue
[2025-05-22T07:07:57.285+0000] {logging_mixin.py:188} INFO - [2025-05-22T07:07:57.285+0000] {dagbag.py:538} INFO - Filling up the DagBag from /opt/airflow/dags/dbt_model_dag.py
[2025-05-22T07:07:57.315+0000] {processor.py:840} INFO - DAG(s) 'run_dbt_models_after_ingestion' retrieved from /opt/airflow/dags/dbt_model_dag.py
[2025-05-22T07:07:57.364+0000] {logging_mixin.py:188} INFO - [2025-05-22T07:07:57.363+0000] {dag.py:3036} INFO - Sync 1 DAGs
[2025-05-22T07:07:57.378+0000] {logging_mixin.py:188} INFO - [2025-05-22T07:07:57.377+0000] {dag.py:3823} INFO - Setting next_dagrun for run_dbt_models_after_ingestion to None, run_after=None
[2025-05-22T07:07:57.394+0000] {processor.py:183} INFO - Processing /opt/airflow/dags/dbt_model_dag.py took 0.120 seconds
[2025-05-22T07:08:27.803+0000] {processor.py:161} INFO - Started process (PID=29475) to work on /opt/airflow/dags/dbt_model_dag.py
[2025-05-22T07:08:27.808+0000] {processor.py:830} INFO - Processing file /opt/airflow/dags/dbt_model_dag.py for tasks to queue
[2025-05-22T07:08:27.810+0000] {logging_mixin.py:188} INFO - [2025-05-22T07:08:27.810+0000] {dagbag.py:538} INFO - Filling up the DagBag from /opt/airflow/dags/dbt_model_dag.py
[2025-05-22T07:08:27.838+0000] {processor.py:840} INFO - DAG(s) 'run_dbt_models_after_ingestion' retrieved from /opt/airflow/dags/dbt_model_dag.py
[2025-05-22T07:08:27.886+0000] {logging_mixin.py:188} INFO - [2025-05-22T07:08:27.886+0000] {dag.py:3036} INFO - Sync 1 DAGs
[2025-05-22T07:08:27.900+0000] {logging_mixin.py:188} INFO - [2025-05-22T07:08:27.900+0000] {dag.py:3823} INFO - Setting next_dagrun for run_dbt_models_after_ingestion to None, run_after=None
[2025-05-22T07:08:27.919+0000] {processor.py:183} INFO - Processing /opt/airflow/dags/dbt_model_dag.py took 0.121 seconds
[2025-05-22T07:08:58.293+0000] {processor.py:161} INFO - Started process (PID=29490) to work on /opt/airflow/dags/dbt_model_dag.py
[2025-05-22T07:08:58.297+0000] {processor.py:830} INFO - Processing file /opt/airflow/dags/dbt_model_dag.py for tasks to queue
[2025-05-22T07:08:58.298+0000] {logging_mixin.py:188} INFO - [2025-05-22T07:08:58.298+0000] {dagbag.py:538} INFO - Filling up the DagBag from /opt/airflow/dags/dbt_model_dag.py
[2025-05-22T07:08:58.325+0000] {processor.py:840} INFO - DAG(s) 'run_dbt_models_after_ingestion' retrieved from /opt/airflow/dags/dbt_model_dag.py
[2025-05-22T07:08:58.370+0000] {logging_mixin.py:188} INFO - [2025-05-22T07:08:58.370+0000] {dag.py:3036} INFO - Sync 1 DAGs
[2025-05-22T07:08:58.390+0000] {logging_mixin.py:188} INFO - [2025-05-22T07:08:58.389+0000] {dag.py:3823} INFO - Setting next_dagrun for run_dbt_models_after_ingestion to None, run_after=None
[2025-05-22T07:08:58.406+0000] {processor.py:183} INFO - Processing /opt/airflow/dags/dbt_model_dag.py took 0.118 seconds
[2025-05-22T07:09:28.811+0000] {processor.py:161} INFO - Started process (PID=29505) to work on /opt/airflow/dags/dbt_model_dag.py
[2025-05-22T07:09:28.816+0000] {processor.py:830} INFO - Processing file /opt/airflow/dags/dbt_model_dag.py for tasks to queue
[2025-05-22T07:09:28.817+0000] {logging_mixin.py:188} INFO - [2025-05-22T07:09:28.817+0000] {dagbag.py:538} INFO - Filling up the DagBag from /opt/airflow/dags/dbt_model_dag.py
[2025-05-22T07:09:28.844+0000] {processor.py:840} INFO - DAG(s) 'run_dbt_models_after_ingestion' retrieved from /opt/airflow/dags/dbt_model_dag.py
[2025-05-22T07:09:28.891+0000] {logging_mixin.py:188} INFO - [2025-05-22T07:09:28.891+0000] {dag.py:3036} INFO - Sync 1 DAGs
[2025-05-22T07:09:28.902+0000] {logging_mixin.py:188} INFO - [2025-05-22T07:09:28.902+0000] {dag.py:3823} INFO - Setting next_dagrun for run_dbt_models_after_ingestion to None, run_after=None
[2025-05-22T07:09:28.921+0000] {processor.py:183} INFO - Processing /opt/airflow/dags/dbt_model_dag.py took 0.121 seconds
[2025-05-22T07:09:59.372+0000] {processor.py:161} INFO - Started process (PID=29520) to work on /opt/airflow/dags/dbt_model_dag.py
[2025-05-22T07:09:59.375+0000] {processor.py:830} INFO - Processing file /opt/airflow/dags/dbt_model_dag.py for tasks to queue
[2025-05-22T07:09:59.376+0000] {logging_mixin.py:188} INFO - [2025-05-22T07:09:59.376+0000] {dagbag.py:538} INFO - Filling up the DagBag from /opt/airflow/dags/dbt_model_dag.py
[2025-05-22T07:09:59.406+0000] {processor.py:840} INFO - DAG(s) 'run_dbt_models_after_ingestion' retrieved from /opt/airflow/dags/dbt_model_dag.py
[2025-05-22T07:09:59.451+0000] {logging_mixin.py:188} INFO - [2025-05-22T07:09:59.451+0000] {dag.py:3036} INFO - Sync 1 DAGs
[2025-05-22T07:09:59.466+0000] {logging_mixin.py:188} INFO - [2025-05-22T07:09:59.466+0000] {dag.py:3823} INFO - Setting next_dagrun for run_dbt_models_after_ingestion to None, run_after=None
[2025-05-22T07:09:59.484+0000] {processor.py:183} INFO - Processing /opt/airflow/dags/dbt_model_dag.py took 0.119 seconds
[2025-05-22T07:10:29.917+0000] {processor.py:161} INFO - Started process (PID=29535) to work on /opt/airflow/dags/dbt_model_dag.py
[2025-05-22T07:10:29.920+0000] {processor.py:830} INFO - Processing file /opt/airflow/dags/dbt_model_dag.py for tasks to queue
[2025-05-22T07:10:29.922+0000] {logging_mixin.py:188} INFO - [2025-05-22T07:10:29.922+0000] {dagbag.py:538} INFO - Filling up the DagBag from /opt/airflow/dags/dbt_model_dag.py
[2025-05-22T07:10:29.950+0000] {processor.py:840} INFO - DAG(s) 'run_dbt_models_after_ingestion' retrieved from /opt/airflow/dags/dbt_model_dag.py
[2025-05-22T07:10:30.000+0000] {logging_mixin.py:188} INFO - [2025-05-22T07:10:30.000+0000] {dag.py:3036} INFO - Sync 1 DAGs
[2025-05-22T07:10:30.012+0000] {logging_mixin.py:188} INFO - [2025-05-22T07:10:30.012+0000] {dag.py:3823} INFO - Setting next_dagrun for run_dbt_models_after_ingestion to None, run_after=None
[2025-05-22T07:10:30.031+0000] {processor.py:183} INFO - Processing /opt/airflow/dags/dbt_model_dag.py took 0.121 seconds
[2025-05-22T07:11:00.399+0000] {processor.py:161} INFO - Started process (PID=29550) to work on /opt/airflow/dags/dbt_model_dag.py
[2025-05-22T07:11:00.400+0000] {processor.py:830} INFO - Processing file /opt/airflow/dags/dbt_model_dag.py for tasks to queue
[2025-05-22T07:11:00.402+0000] {logging_mixin.py:188} INFO - [2025-05-22T07:11:00.401+0000] {dagbag.py:538} INFO - Filling up the DagBag from /opt/airflow/dags/dbt_model_dag.py
[2025-05-22T07:11:00.433+0000] {processor.py:840} INFO - DAG(s) 'run_dbt_models_after_ingestion' retrieved from /opt/airflow/dags/dbt_model_dag.py
[2025-05-22T07:11:00.476+0000] {logging_mixin.py:188} INFO - [2025-05-22T07:11:00.476+0000] {dag.py:3036} INFO - Sync 1 DAGs
[2025-05-22T07:11:00.490+0000] {logging_mixin.py:188} INFO - [2025-05-22T07:11:00.490+0000] {dag.py:3823} INFO - Setting next_dagrun for run_dbt_models_after_ingestion to None, run_after=None
[2025-05-22T07:11:00.507+0000] {processor.py:183} INFO - Processing /opt/airflow/dags/dbt_model_dag.py took 0.114 seconds
[2025-05-22T07:11:30.916+0000] {processor.py:161} INFO - Started process (PID=29565) to work on /opt/airflow/dags/dbt_model_dag.py
[2025-05-22T07:11:30.923+0000] {processor.py:830} INFO - Processing file /opt/airflow/dags/dbt_model_dag.py for tasks to queue
[2025-05-22T07:11:30.925+0000] {logging_mixin.py:188} INFO - [2025-05-22T07:11:30.925+0000] {dagbag.py:538} INFO - Filling up the DagBag from /opt/airflow/dags/dbt_model_dag.py
[2025-05-22T07:11:30.951+0000] {processor.py:840} INFO - DAG(s) 'run_dbt_models_after_ingestion' retrieved from /opt/airflow/dags/dbt_model_dag.py
[2025-05-22T07:11:31.000+0000] {logging_mixin.py:188} INFO - [2025-05-22T07:11:31.000+0000] {dag.py:3036} INFO - Sync 1 DAGs
[2025-05-22T07:11:31.018+0000] {logging_mixin.py:188} INFO - [2025-05-22T07:11:31.018+0000] {dag.py:3823} INFO - Setting next_dagrun for run_dbt_models_after_ingestion to None, run_after=None
[2025-05-22T07:11:31.037+0000] {processor.py:183} INFO - Processing /opt/airflow/dags/dbt_model_dag.py took 0.135 seconds
[2025-05-22T07:12:01.485+0000] {processor.py:161} INFO - Started process (PID=29580) to work on /opt/airflow/dags/dbt_model_dag.py
[2025-05-22T07:12:01.488+0000] {processor.py:830} INFO - Processing file /opt/airflow/dags/dbt_model_dag.py for tasks to queue
[2025-05-22T07:12:01.489+0000] {logging_mixin.py:188} INFO - [2025-05-22T07:12:01.489+0000] {dagbag.py:538} INFO - Filling up the DagBag from /opt/airflow/dags/dbt_model_dag.py
[2025-05-22T07:12:01.518+0000] {processor.py:840} INFO - DAG(s) 'run_dbt_models_after_ingestion' retrieved from /opt/airflow/dags/dbt_model_dag.py
[2025-05-22T07:12:01.567+0000] {logging_mixin.py:188} INFO - [2025-05-22T07:12:01.567+0000] {dag.py:3036} INFO - Sync 1 DAGs
[2025-05-22T07:12:01.581+0000] {logging_mixin.py:188} INFO - [2025-05-22T07:12:01.581+0000] {dag.py:3823} INFO - Setting next_dagrun for run_dbt_models_after_ingestion to None, run_after=None
[2025-05-22T07:12:01.599+0000] {processor.py:183} INFO - Processing /opt/airflow/dags/dbt_model_dag.py took 0.119 seconds
[2025-05-22T07:12:32.057+0000] {processor.py:161} INFO - Started process (PID=29594) to work on /opt/airflow/dags/dbt_model_dag.py
[2025-05-22T07:12:32.060+0000] {processor.py:830} INFO - Processing file /opt/airflow/dags/dbt_model_dag.py for tasks to queue
[2025-05-22T07:12:32.062+0000] {logging_mixin.py:188} INFO - [2025-05-22T07:12:32.061+0000] {dagbag.py:538} INFO - Filling up the DagBag from /opt/airflow/dags/dbt_model_dag.py
[2025-05-22T07:12:32.091+0000] {processor.py:840} INFO - DAG(s) 'run_dbt_models_after_ingestion' retrieved from /opt/airflow/dags/dbt_model_dag.py
[2025-05-22T07:12:32.136+0000] {logging_mixin.py:188} INFO - [2025-05-22T07:12:32.136+0000] {dag.py:3036} INFO - Sync 1 DAGs
[2025-05-22T07:12:32.150+0000] {logging_mixin.py:188} INFO - [2025-05-22T07:12:32.150+0000] {dag.py:3823} INFO - Setting next_dagrun for run_dbt_models_after_ingestion to None, run_after=None
[2025-05-22T07:12:32.168+0000] {processor.py:183} INFO - Processing /opt/airflow/dags/dbt_model_dag.py took 0.118 seconds
[2025-05-22T07:13:02.521+0000] {processor.py:161} INFO - Started process (PID=29610) to work on /opt/airflow/dags/dbt_model_dag.py
[2025-05-22T07:13:02.524+0000] {processor.py:830} INFO - Processing file /opt/airflow/dags/dbt_model_dag.py for tasks to queue
[2025-05-22T07:13:02.526+0000] {logging_mixin.py:188} INFO - [2025-05-22T07:13:02.526+0000] {dagbag.py:538} INFO - Filling up the DagBag from /opt/airflow/dags/dbt_model_dag.py
[2025-05-22T07:13:02.557+0000] {processor.py:840} INFO - DAG(s) 'run_dbt_models_after_ingestion' retrieved from /opt/airflow/dags/dbt_model_dag.py
[2025-05-22T07:13:02.605+0000] {logging_mixin.py:188} INFO - [2025-05-22T07:13:02.605+0000] {dag.py:3036} INFO - Sync 1 DAGs
[2025-05-22T07:13:02.620+0000] {logging_mixin.py:188} INFO - [2025-05-22T07:13:02.620+0000] {dag.py:3823} INFO - Setting next_dagrun for run_dbt_models_after_ingestion to None, run_after=None
[2025-05-22T07:13:02.633+0000] {processor.py:183} INFO - Processing /opt/airflow/dags/dbt_model_dag.py took 0.124 seconds
[2025-05-22T07:13:33.087+0000] {processor.py:161} INFO - Started process (PID=29625) to work on /opt/airflow/dags/dbt_model_dag.py
[2025-05-22T07:13:33.091+0000] {processor.py:830} INFO - Processing file /opt/airflow/dags/dbt_model_dag.py for tasks to queue
[2025-05-22T07:13:33.092+0000] {logging_mixin.py:188} INFO - [2025-05-22T07:13:33.092+0000] {dagbag.py:538} INFO - Filling up the DagBag from /opt/airflow/dags/dbt_model_dag.py
[2025-05-22T07:13:33.123+0000] {processor.py:840} INFO - DAG(s) 'run_dbt_models_after_ingestion' retrieved from /opt/airflow/dags/dbt_model_dag.py
[2025-05-22T07:13:33.169+0000] {logging_mixin.py:188} INFO - [2025-05-22T07:13:33.169+0000] {dag.py:3036} INFO - Sync 1 DAGs
[2025-05-22T07:13:33.182+0000] {logging_mixin.py:188} INFO - [2025-05-22T07:13:33.182+0000] {dag.py:3823} INFO - Setting next_dagrun for run_dbt_models_after_ingestion to None, run_after=None
[2025-05-22T07:13:33.197+0000] {processor.py:183} INFO - Processing /opt/airflow/dags/dbt_model_dag.py took 0.116 seconds
[2025-05-22T07:14:03.617+0000] {processor.py:161} INFO - Started process (PID=29640) to work on /opt/airflow/dags/dbt_model_dag.py
[2025-05-22T07:14:03.619+0000] {processor.py:830} INFO - Processing file /opt/airflow/dags/dbt_model_dag.py for tasks to queue
[2025-05-22T07:14:03.621+0000] {logging_mixin.py:188} INFO - [2025-05-22T07:14:03.621+0000] {dagbag.py:538} INFO - Filling up the DagBag from /opt/airflow/dags/dbt_model_dag.py
[2025-05-22T07:14:03.651+0000] {processor.py:840} INFO - DAG(s) 'run_dbt_models_after_ingestion' retrieved from /opt/airflow/dags/dbt_model_dag.py
[2025-05-22T07:14:03.700+0000] {logging_mixin.py:188} INFO - [2025-05-22T07:14:03.700+0000] {dag.py:3036} INFO - Sync 1 DAGs
[2025-05-22T07:14:03.713+0000] {logging_mixin.py:188} INFO - [2025-05-22T07:14:03.713+0000] {dag.py:3823} INFO - Setting next_dagrun for run_dbt_models_after_ingestion to None, run_after=None
[2025-05-22T07:14:03.731+0000] {processor.py:183} INFO - Processing /opt/airflow/dags/dbt_model_dag.py took 0.125 seconds
[2025-05-22T07:14:34.185+0000] {processor.py:161} INFO - Started process (PID=29655) to work on /opt/airflow/dags/dbt_model_dag.py
[2025-05-22T07:14:34.187+0000] {processor.py:830} INFO - Processing file /opt/airflow/dags/dbt_model_dag.py for tasks to queue
[2025-05-22T07:14:34.189+0000] {logging_mixin.py:188} INFO - [2025-05-22T07:14:34.189+0000] {dagbag.py:538} INFO - Filling up the DagBag from /opt/airflow/dags/dbt_model_dag.py
[2025-05-22T07:14:34.218+0000] {processor.py:840} INFO - DAG(s) 'run_dbt_models_after_ingestion' retrieved from /opt/airflow/dags/dbt_model_dag.py
[2025-05-22T07:14:34.268+0000] {logging_mixin.py:188} INFO - [2025-05-22T07:14:34.268+0000] {dag.py:3036} INFO - Sync 1 DAGs
[2025-05-22T07:14:34.283+0000] {logging_mixin.py:188} INFO - [2025-05-22T07:14:34.283+0000] {dag.py:3823} INFO - Setting next_dagrun for run_dbt_models_after_ingestion to None, run_after=None
[2025-05-22T07:14:34.302+0000] {processor.py:183} INFO - Processing /opt/airflow/dags/dbt_model_dag.py took 0.123 seconds
[2025-05-22T07:15:04.697+0000] {processor.py:161} INFO - Started process (PID=29670) to work on /opt/airflow/dags/dbt_model_dag.py
[2025-05-22T07:15:04.699+0000] {processor.py:830} INFO - Processing file /opt/airflow/dags/dbt_model_dag.py for tasks to queue
[2025-05-22T07:15:04.700+0000] {logging_mixin.py:188} INFO - [2025-05-22T07:15:04.700+0000] {dagbag.py:538} INFO - Filling up the DagBag from /opt/airflow/dags/dbt_model_dag.py
[2025-05-22T07:15:04.723+0000] {processor.py:840} INFO - DAG(s) 'run_dbt_models_after_ingestion' retrieved from /opt/airflow/dags/dbt_model_dag.py
[2025-05-22T07:15:04.767+0000] {logging_mixin.py:188} INFO - [2025-05-22T07:15:04.767+0000] {dag.py:3036} INFO - Sync 1 DAGs
[2025-05-22T07:15:04.780+0000] {logging_mixin.py:188} INFO - [2025-05-22T07:15:04.780+0000] {dag.py:3823} INFO - Setting next_dagrun for run_dbt_models_after_ingestion to None, run_after=None
[2025-05-22T07:15:04.800+0000] {processor.py:183} INFO - Processing /opt/airflow/dags/dbt_model_dag.py took 0.106 seconds
[2025-05-22T07:15:35.209+0000] {processor.py:161} INFO - Started process (PID=29685) to work on /opt/airflow/dags/dbt_model_dag.py
[2025-05-22T07:15:35.212+0000] {processor.py:830} INFO - Processing file /opt/airflow/dags/dbt_model_dag.py for tasks to queue
[2025-05-22T07:15:35.213+0000] {logging_mixin.py:188} INFO - [2025-05-22T07:15:35.213+0000] {dagbag.py:538} INFO - Filling up the DagBag from /opt/airflow/dags/dbt_model_dag.py
[2025-05-22T07:15:35.240+0000] {processor.py:840} INFO - DAG(s) 'run_dbt_models_after_ingestion' retrieved from /opt/airflow/dags/dbt_model_dag.py
[2025-05-22T07:15:35.281+0000] {logging_mixin.py:188} INFO - [2025-05-22T07:15:35.281+0000] {dag.py:3036} INFO - Sync 1 DAGs
[2025-05-22T07:15:35.296+0000] {logging_mixin.py:188} INFO - [2025-05-22T07:15:35.296+0000] {dag.py:3823} INFO - Setting next_dagrun for run_dbt_models_after_ingestion to None, run_after=None
[2025-05-22T07:15:35.313+0000] {processor.py:183} INFO - Processing /opt/airflow/dags/dbt_model_dag.py took 0.114 seconds
[2025-05-22T07:16:05.739+0000] {processor.py:161} INFO - Started process (PID=29700) to work on /opt/airflow/dags/dbt_model_dag.py
[2025-05-22T07:16:05.741+0000] {processor.py:830} INFO - Processing file /opt/airflow/dags/dbt_model_dag.py for tasks to queue
[2025-05-22T07:16:05.742+0000] {logging_mixin.py:188} INFO - [2025-05-22T07:16:05.741+0000] {dagbag.py:538} INFO - Filling up the DagBag from /opt/airflow/dags/dbt_model_dag.py
[2025-05-22T07:16:05.767+0000] {processor.py:840} INFO - DAG(s) 'run_dbt_models_after_ingestion' retrieved from /opt/airflow/dags/dbt_model_dag.py
[2025-05-22T07:16:05.812+0000] {logging_mixin.py:188} INFO - [2025-05-22T07:16:05.812+0000] {dag.py:3036} INFO - Sync 1 DAGs
[2025-05-22T07:16:05.825+0000] {logging_mixin.py:188} INFO - [2025-05-22T07:16:05.825+0000] {dag.py:3823} INFO - Setting next_dagrun for run_dbt_models_after_ingestion to None, run_after=None
[2025-05-22T07:16:05.844+0000] {processor.py:183} INFO - Processing /opt/airflow/dags/dbt_model_dag.py took 0.116 seconds
[2025-05-22T07:16:36.388+0000] {processor.py:161} INFO - Started process (PID=29715) to work on /opt/airflow/dags/dbt_model_dag.py
[2025-05-22T07:16:36.393+0000] {processor.py:830} INFO - Processing file /opt/airflow/dags/dbt_model_dag.py for tasks to queue
[2025-05-22T07:16:36.395+0000] {logging_mixin.py:188} INFO - [2025-05-22T07:16:36.395+0000] {dagbag.py:538} INFO - Filling up the DagBag from /opt/airflow/dags/dbt_model_dag.py
[2025-05-22T07:16:36.433+0000] {processor.py:840} INFO - DAG(s) 'run_dbt_models_after_ingestion' retrieved from /opt/airflow/dags/dbt_model_dag.py
[2025-05-22T07:16:36.499+0000] {logging_mixin.py:188} INFO - [2025-05-22T07:16:36.499+0000] {dag.py:3036} INFO - Sync 1 DAGs
[2025-05-22T07:16:36.522+0000] {logging_mixin.py:188} INFO - [2025-05-22T07:16:36.522+0000] {dag.py:3823} INFO - Setting next_dagrun for run_dbt_models_after_ingestion to None, run_after=None
[2025-05-22T07:16:36.542+0000] {processor.py:183} INFO - Processing /opt/airflow/dags/dbt_model_dag.py took 0.167 seconds
[2025-05-22T07:17:07.027+0000] {processor.py:161} INFO - Started process (PID=29730) to work on /opt/airflow/dags/dbt_model_dag.py
[2025-05-22T07:17:07.031+0000] {processor.py:830} INFO - Processing file /opt/airflow/dags/dbt_model_dag.py for tasks to queue
[2025-05-22T07:17:07.032+0000] {logging_mixin.py:188} INFO - [2025-05-22T07:17:07.032+0000] {dagbag.py:538} INFO - Filling up the DagBag from /opt/airflow/dags/dbt_model_dag.py
[2025-05-22T07:17:07.063+0000] {processor.py:840} INFO - DAG(s) 'run_dbt_models_after_ingestion' retrieved from /opt/airflow/dags/dbt_model_dag.py
[2025-05-22T07:17:07.115+0000] {logging_mixin.py:188} INFO - [2025-05-22T07:17:07.114+0000] {dag.py:3036} INFO - Sync 1 DAGs
[2025-05-22T07:17:07.130+0000] {logging_mixin.py:188} INFO - [2025-05-22T07:17:07.130+0000] {dag.py:3823} INFO - Setting next_dagrun for run_dbt_models_after_ingestion to None, run_after=None
[2025-05-22T07:17:07.146+0000] {processor.py:183} INFO - Processing /opt/airflow/dags/dbt_model_dag.py took 0.130 seconds
[2025-05-22T07:17:37.595+0000] {processor.py:161} INFO - Started process (PID=29744) to work on /opt/airflow/dags/dbt_model_dag.py
[2025-05-22T07:17:37.599+0000] {processor.py:830} INFO - Processing file /opt/airflow/dags/dbt_model_dag.py for tasks to queue
[2025-05-22T07:17:37.601+0000] {logging_mixin.py:188} INFO - [2025-05-22T07:17:37.600+0000] {dagbag.py:538} INFO - Filling up the DagBag from /opt/airflow/dags/dbt_model_dag.py
[2025-05-22T07:17:37.627+0000] {processor.py:840} INFO - DAG(s) 'run_dbt_models_after_ingestion' retrieved from /opt/airflow/dags/dbt_model_dag.py
[2025-05-22T07:17:37.672+0000] {logging_mixin.py:188} INFO - [2025-05-22T07:17:37.672+0000] {dag.py:3036} INFO - Sync 1 DAGs
[2025-05-22T07:17:37.689+0000] {logging_mixin.py:188} INFO - [2025-05-22T07:17:37.689+0000] {dag.py:3823} INFO - Setting next_dagrun for run_dbt_models_after_ingestion to None, run_after=None
[2025-05-22T07:17:37.711+0000] {processor.py:183} INFO - Processing /opt/airflow/dags/dbt_model_dag.py took 0.127 seconds
[2025-05-22T07:18:08.154+0000] {processor.py:161} INFO - Started process (PID=29760) to work on /opt/airflow/dags/dbt_model_dag.py
[2025-05-22T07:18:08.156+0000] {processor.py:830} INFO - Processing file /opt/airflow/dags/dbt_model_dag.py for tasks to queue
[2025-05-22T07:18:08.157+0000] {logging_mixin.py:188} INFO - [2025-05-22T07:18:08.157+0000] {dagbag.py:538} INFO - Filling up the DagBag from /opt/airflow/dags/dbt_model_dag.py
[2025-05-22T07:18:08.182+0000] {processor.py:840} INFO - DAG(s) 'run_dbt_models_after_ingestion' retrieved from /opt/airflow/dags/dbt_model_dag.py
[2025-05-22T07:18:08.224+0000] {logging_mixin.py:188} INFO - [2025-05-22T07:18:08.224+0000] {dag.py:3036} INFO - Sync 1 DAGs
[2025-05-22T07:18:08.239+0000] {logging_mixin.py:188} INFO - [2025-05-22T07:18:08.238+0000] {dag.py:3823} INFO - Setting next_dagrun for run_dbt_models_after_ingestion to None, run_after=None
[2025-05-22T07:18:08.254+0000] {processor.py:183} INFO - Processing /opt/airflow/dags/dbt_model_dag.py took 0.109 seconds
[2025-05-22T07:18:38.832+0000] {processor.py:161} INFO - Started process (PID=29775) to work on /opt/airflow/dags/dbt_model_dag.py
[2025-05-22T07:18:38.834+0000] {processor.py:830} INFO - Processing file /opt/airflow/dags/dbt_model_dag.py for tasks to queue
[2025-05-22T07:18:38.835+0000] {logging_mixin.py:188} INFO - [2025-05-22T07:18:38.835+0000] {dagbag.py:538} INFO - Filling up the DagBag from /opt/airflow/dags/dbt_model_dag.py
[2025-05-22T07:18:38.863+0000] {processor.py:840} INFO - DAG(s) 'run_dbt_models_after_ingestion' retrieved from /opt/airflow/dags/dbt_model_dag.py
[2025-05-22T07:18:38.906+0000] {logging_mixin.py:188} INFO - [2025-05-22T07:18:38.906+0000] {dag.py:3036} INFO - Sync 1 DAGs
[2025-05-22T07:18:38.919+0000] {logging_mixin.py:188} INFO - [2025-05-22T07:18:38.919+0000] {dag.py:3823} INFO - Setting next_dagrun for run_dbt_models_after_ingestion to None, run_after=None
[2025-05-22T07:18:38.933+0000] {processor.py:183} INFO - Processing /opt/airflow/dags/dbt_model_dag.py took 0.111 seconds
[2025-05-22T07:19:09.354+0000] {processor.py:161} INFO - Started process (PID=29790) to work on /opt/airflow/dags/dbt_model_dag.py
[2025-05-22T07:19:09.358+0000] {processor.py:830} INFO - Processing file /opt/airflow/dags/dbt_model_dag.py for tasks to queue
[2025-05-22T07:19:09.359+0000] {logging_mixin.py:188} INFO - [2025-05-22T07:19:09.359+0000] {dagbag.py:538} INFO - Filling up the DagBag from /opt/airflow/dags/dbt_model_dag.py
[2025-05-22T07:19:09.388+0000] {processor.py:840} INFO - DAG(s) 'run_dbt_models_after_ingestion' retrieved from /opt/airflow/dags/dbt_model_dag.py
[2025-05-22T07:19:09.439+0000] {logging_mixin.py:188} INFO - [2025-05-22T07:19:09.439+0000] {dag.py:3036} INFO - Sync 1 DAGs
[2025-05-22T07:19:09.454+0000] {logging_mixin.py:188} INFO - [2025-05-22T07:19:09.454+0000] {dag.py:3823} INFO - Setting next_dagrun for run_dbt_models_after_ingestion to None, run_after=None
[2025-05-22T07:19:09.470+0000] {processor.py:183} INFO - Processing /opt/airflow/dags/dbt_model_dag.py took 0.122 seconds
[2025-05-22T07:19:39.838+0000] {processor.py:161} INFO - Started process (PID=29805) to work on /opt/airflow/dags/dbt_model_dag.py
[2025-05-22T07:19:39.842+0000] {processor.py:830} INFO - Processing file /opt/airflow/dags/dbt_model_dag.py for tasks to queue
[2025-05-22T07:19:39.845+0000] {logging_mixin.py:188} INFO - [2025-05-22T07:19:39.845+0000] {dagbag.py:538} INFO - Filling up the DagBag from /opt/airflow/dags/dbt_model_dag.py
[2025-05-22T07:19:39.867+0000] {processor.py:840} INFO - DAG(s) 'run_dbt_models_after_ingestion' retrieved from /opt/airflow/dags/dbt_model_dag.py
[2025-05-22T07:19:39.915+0000] {logging_mixin.py:188} INFO - [2025-05-22T07:19:39.915+0000] {dag.py:3036} INFO - Sync 1 DAGs
[2025-05-22T07:19:39.929+0000] {logging_mixin.py:188} INFO - [2025-05-22T07:19:39.929+0000] {dag.py:3823} INFO - Setting next_dagrun for run_dbt_models_after_ingestion to None, run_after=None
[2025-05-22T07:19:39.944+0000] {processor.py:183} INFO - Processing /opt/airflow/dags/dbt_model_dag.py took 0.113 seconds
[2025-05-22T07:20:10.259+0000] {processor.py:161} INFO - Started process (PID=29820) to work on /opt/airflow/dags/dbt_model_dag.py
[2025-05-22T07:20:10.260+0000] {processor.py:830} INFO - Processing file /opt/airflow/dags/dbt_model_dag.py for tasks to queue
[2025-05-22T07:20:10.262+0000] {logging_mixin.py:188} INFO - [2025-05-22T07:20:10.262+0000] {dagbag.py:538} INFO - Filling up the DagBag from /opt/airflow/dags/dbt_model_dag.py
[2025-05-22T07:20:10.292+0000] {processor.py:840} INFO - DAG(s) 'run_dbt_models_after_ingestion' retrieved from /opt/airflow/dags/dbt_model_dag.py
[2025-05-22T07:20:10.341+0000] {logging_mixin.py:188} INFO - [2025-05-22T07:20:10.341+0000] {dag.py:3036} INFO - Sync 1 DAGs
[2025-05-22T07:20:10.355+0000] {logging_mixin.py:188} INFO - [2025-05-22T07:20:10.355+0000] {dag.py:3823} INFO - Setting next_dagrun for run_dbt_models_after_ingestion to None, run_after=None
[2025-05-22T07:20:10.372+0000] {processor.py:183} INFO - Processing /opt/airflow/dags/dbt_model_dag.py took 0.118 seconds
[2025-05-22T07:20:40.776+0000] {processor.py:161} INFO - Started process (PID=29835) to work on /opt/airflow/dags/dbt_model_dag.py
[2025-05-22T07:20:40.778+0000] {processor.py:830} INFO - Processing file /opt/airflow/dags/dbt_model_dag.py for tasks to queue
[2025-05-22T07:20:40.779+0000] {logging_mixin.py:188} INFO - [2025-05-22T07:20:40.779+0000] {dagbag.py:538} INFO - Filling up the DagBag from /opt/airflow/dags/dbt_model_dag.py
[2025-05-22T07:20:40.805+0000] {processor.py:840} INFO - DAG(s) 'run_dbt_models_after_ingestion' retrieved from /opt/airflow/dags/dbt_model_dag.py
[2025-05-22T07:20:40.849+0000] {logging_mixin.py:188} INFO - [2025-05-22T07:20:40.849+0000] {dag.py:3036} INFO - Sync 1 DAGs
[2025-05-22T07:20:40.862+0000] {logging_mixin.py:188} INFO - [2025-05-22T07:20:40.862+0000] {dag.py:3823} INFO - Setting next_dagrun for run_dbt_models_after_ingestion to None, run_after=None
[2025-05-22T07:20:40.879+0000] {processor.py:183} INFO - Processing /opt/airflow/dags/dbt_model_dag.py took 0.115 seconds
[2025-05-22T07:21:11.257+0000] {processor.py:161} INFO - Started process (PID=29850) to work on /opt/airflow/dags/dbt_model_dag.py
[2025-05-22T07:21:11.259+0000] {processor.py:830} INFO - Processing file /opt/airflow/dags/dbt_model_dag.py for tasks to queue
[2025-05-22T07:21:11.260+0000] {logging_mixin.py:188} INFO - [2025-05-22T07:21:11.260+0000] {dagbag.py:538} INFO - Filling up the DagBag from /opt/airflow/dags/dbt_model_dag.py
[2025-05-22T07:21:11.286+0000] {processor.py:840} INFO - DAG(s) 'run_dbt_models_after_ingestion' retrieved from /opt/airflow/dags/dbt_model_dag.py
[2025-05-22T07:21:11.335+0000] {logging_mixin.py:188} INFO - [2025-05-22T07:21:11.335+0000] {dag.py:3036} INFO - Sync 1 DAGs
[2025-05-22T07:21:11.354+0000] {logging_mixin.py:188} INFO - [2025-05-22T07:21:11.353+0000] {dag.py:3823} INFO - Setting next_dagrun for run_dbt_models_after_ingestion to None, run_after=None
[2025-05-22T07:21:11.369+0000] {processor.py:183} INFO - Processing /opt/airflow/dags/dbt_model_dag.py took 0.118 seconds
[2025-05-22T07:21:41.843+0000] {processor.py:161} INFO - Started process (PID=29865) to work on /opt/airflow/dags/dbt_model_dag.py
[2025-05-22T07:21:41.851+0000] {processor.py:830} INFO - Processing file /opt/airflow/dags/dbt_model_dag.py for tasks to queue
[2025-05-22T07:21:41.853+0000] {logging_mixin.py:188} INFO - [2025-05-22T07:21:41.852+0000] {dagbag.py:538} INFO - Filling up the DagBag from /opt/airflow/dags/dbt_model_dag.py
[2025-05-22T07:21:41.881+0000] {processor.py:840} INFO - DAG(s) 'run_dbt_models_after_ingestion' retrieved from /opt/airflow/dags/dbt_model_dag.py
[2025-05-22T07:21:41.928+0000] {logging_mixin.py:188} INFO - [2025-05-22T07:21:41.927+0000] {dag.py:3036} INFO - Sync 1 DAGs
[2025-05-22T07:21:41.943+0000] {logging_mixin.py:188} INFO - [2025-05-22T07:21:41.943+0000] {dag.py:3823} INFO - Setting next_dagrun for run_dbt_models_after_ingestion to None, run_after=None
[2025-05-22T07:21:41.961+0000] {processor.py:183} INFO - Processing /opt/airflow/dags/dbt_model_dag.py took 0.124 seconds
[2025-05-22T07:22:12.401+0000] {processor.py:161} INFO - Started process (PID=29880) to work on /opt/airflow/dags/dbt_model_dag.py
[2025-05-22T07:22:12.403+0000] {processor.py:830} INFO - Processing file /opt/airflow/dags/dbt_model_dag.py for tasks to queue
[2025-05-22T07:22:12.405+0000] {logging_mixin.py:188} INFO - [2025-05-22T07:22:12.405+0000] {dagbag.py:538} INFO - Filling up the DagBag from /opt/airflow/dags/dbt_model_dag.py
[2025-05-22T07:22:12.434+0000] {processor.py:840} INFO - DAG(s) 'run_dbt_models_after_ingestion' retrieved from /opt/airflow/dags/dbt_model_dag.py
[2025-05-22T07:22:12.486+0000] {logging_mixin.py:188} INFO - [2025-05-22T07:22:12.485+0000] {dag.py:3036} INFO - Sync 1 DAGs
[2025-05-22T07:22:12.500+0000] {logging_mixin.py:188} INFO - [2025-05-22T07:22:12.500+0000] {dag.py:3823} INFO - Setting next_dagrun for run_dbt_models_after_ingestion to None, run_after=None
[2025-05-22T07:22:12.523+0000] {processor.py:183} INFO - Processing /opt/airflow/dags/dbt_model_dag.py took 0.128 seconds
[2025-05-22T07:22:43.389+0000] {processor.py:161} INFO - Started process (PID=29895) to work on /opt/airflow/dags/dbt_model_dag.py
[2025-05-22T07:22:43.391+0000] {processor.py:830} INFO - Processing file /opt/airflow/dags/dbt_model_dag.py for tasks to queue
[2025-05-22T07:22:43.392+0000] {logging_mixin.py:188} INFO - [2025-05-22T07:22:43.391+0000] {dagbag.py:538} INFO - Filling up the DagBag from /opt/airflow/dags/dbt_model_dag.py
[2025-05-22T07:22:43.423+0000] {processor.py:840} INFO - DAG(s) 'run_dbt_models_after_ingestion' retrieved from /opt/airflow/dags/dbt_model_dag.py
[2025-05-22T07:22:43.476+0000] {logging_mixin.py:188} INFO - [2025-05-22T07:22:43.476+0000] {dag.py:3036} INFO - Sync 1 DAGs
[2025-05-22T07:22:43.493+0000] {logging_mixin.py:188} INFO - [2025-05-22T07:22:43.493+0000] {dag.py:3823} INFO - Setting next_dagrun for run_dbt_models_after_ingestion to None, run_after=None
[2025-05-22T07:22:43.510+0000] {processor.py:183} INFO - Processing /opt/airflow/dags/dbt_model_dag.py took 0.127 seconds
[2025-05-22T07:23:13.982+0000] {processor.py:161} INFO - Started process (PID=29910) to work on /opt/airflow/dags/dbt_model_dag.py
[2025-05-22T07:23:13.987+0000] {processor.py:830} INFO - Processing file /opt/airflow/dags/dbt_model_dag.py for tasks to queue
[2025-05-22T07:23:13.988+0000] {logging_mixin.py:188} INFO - [2025-05-22T07:23:13.987+0000] {dagbag.py:538} INFO - Filling up the DagBag from /opt/airflow/dags/dbt_model_dag.py
[2025-05-22T07:23:14.011+0000] {processor.py:840} INFO - DAG(s) 'run_dbt_models_after_ingestion' retrieved from /opt/airflow/dags/dbt_model_dag.py
[2025-05-22T07:23:14.058+0000] {logging_mixin.py:188} INFO - [2025-05-22T07:23:14.058+0000] {dag.py:3036} INFO - Sync 1 DAGs
[2025-05-22T07:23:14.071+0000] {logging_mixin.py:188} INFO - [2025-05-22T07:23:14.071+0000] {dag.py:3823} INFO - Setting next_dagrun for run_dbt_models_after_ingestion to None, run_after=None
[2025-05-22T07:23:14.086+0000] {processor.py:183} INFO - Processing /opt/airflow/dags/dbt_model_dag.py took 0.110 seconds
[2025-05-22T07:25:30.658+0000] {processor.py:161} INFO - Started process (PID=29925) to work on /opt/airflow/dags/dbt_model_dag.py
[2025-05-22T07:25:30.660+0000] {processor.py:830} INFO - Processing file /opt/airflow/dags/dbt_model_dag.py for tasks to queue
[2025-05-22T07:25:30.661+0000] {logging_mixin.py:188} INFO - [2025-05-22T07:25:30.660+0000] {dagbag.py:538} INFO - Filling up the DagBag from /opt/airflow/dags/dbt_model_dag.py
[2025-05-22T07:25:30.687+0000] {processor.py:840} INFO - DAG(s) 'run_dbt_models_after_ingestion' retrieved from /opt/airflow/dags/dbt_model_dag.py
[2025-05-22T07:25:30.733+0000] {logging_mixin.py:188} INFO - [2025-05-22T07:25:30.733+0000] {dag.py:3036} INFO - Sync 1 DAGs
[2025-05-22T07:25:30.745+0000] {logging_mixin.py:188} INFO - [2025-05-22T07:25:30.745+0000] {dag.py:3823} INFO - Setting next_dagrun for run_dbt_models_after_ingestion to None, run_after=None
[2025-05-22T07:25:30.761+0000] {processor.py:183} INFO - Processing /opt/airflow/dags/dbt_model_dag.py took 0.110 seconds
[2025-05-22T07:35:02.638+0000] {processor.py:161} INFO - Started process (PID=29943) to work on /opt/airflow/dags/dbt_model_dag.py
[2025-05-22T07:35:02.644+0000] {processor.py:830} INFO - Processing file /opt/airflow/dags/dbt_model_dag.py for tasks to queue
[2025-05-22T07:35:02.647+0000] {logging_mixin.py:188} INFO - [2025-05-22T07:35:02.646+0000] {dagbag.py:538} INFO - Filling up the DagBag from /opt/airflow/dags/dbt_model_dag.py
[2025-05-22T07:35:02.705+0000] {processor.py:840} INFO - DAG(s) 'run_dbt_models_after_ingestion' retrieved from /opt/airflow/dags/dbt_model_dag.py
[2025-05-22T07:35:02.785+0000] {logging_mixin.py:188} INFO - [2025-05-22T07:35:02.784+0000] {dag.py:3036} INFO - Sync 1 DAGs
[2025-05-22T07:35:02.813+0000] {logging_mixin.py:188} INFO - [2025-05-22T07:35:02.813+0000] {dag.py:3823} INFO - Setting next_dagrun for run_dbt_models_after_ingestion to None, run_after=None
[2025-05-22T07:35:02.856+0000] {processor.py:183} INFO - Processing /opt/airflow/dags/dbt_model_dag.py took 0.240 seconds
[2025-05-22T07:35:33.451+0000] {processor.py:161} INFO - Started process (PID=29959) to work on /opt/airflow/dags/dbt_model_dag.py
[2025-05-22T07:35:33.454+0000] {processor.py:830} INFO - Processing file /opt/airflow/dags/dbt_model_dag.py for tasks to queue
[2025-05-22T07:35:33.454+0000] {logging_mixin.py:188} INFO - [2025-05-22T07:35:33.454+0000] {dagbag.py:538} INFO - Filling up the DagBag from /opt/airflow/dags/dbt_model_dag.py
[2025-05-22T07:35:33.482+0000] {processor.py:840} INFO - DAG(s) 'run_dbt_models_after_ingestion' retrieved from /opt/airflow/dags/dbt_model_dag.py
[2025-05-22T07:35:33.533+0000] {logging_mixin.py:188} INFO - [2025-05-22T07:35:33.533+0000] {dag.py:3036} INFO - Sync 1 DAGs
[2025-05-22T07:35:33.553+0000] {logging_mixin.py:188} INFO - [2025-05-22T07:35:33.552+0000] {dag.py:3823} INFO - Setting next_dagrun for run_dbt_models_after_ingestion to None, run_after=None
[2025-05-22T07:35:33.571+0000] {processor.py:183} INFO - Processing /opt/airflow/dags/dbt_model_dag.py took 0.133 seconds
[2025-05-22T08:43:25.449+0000] {processor.py:161} INFO - Started process (PID=29976) to work on /opt/airflow/dags/dbt_model_dag.py
[2025-05-22T08:43:25.451+0000] {processor.py:830} INFO - Processing file /opt/airflow/dags/dbt_model_dag.py for tasks to queue
[2025-05-22T08:43:25.452+0000] {logging_mixin.py:188} INFO - [2025-05-22T08:43:25.452+0000] {dagbag.py:538} INFO - Filling up the DagBag from /opt/airflow/dags/dbt_model_dag.py
[2025-05-22T08:43:25.489+0000] {processor.py:840} INFO - DAG(s) 'run_dbt_models_after_ingestion' retrieved from /opt/airflow/dags/dbt_model_dag.py
[2025-05-22T08:43:25.552+0000] {logging_mixin.py:188} INFO - [2025-05-22T08:43:25.551+0000] {dag.py:3036} INFO - Sync 1 DAGs
[2025-05-22T08:43:25.580+0000] {logging_mixin.py:188} INFO - [2025-05-22T08:43:25.579+0000] {dag.py:3823} INFO - Setting next_dagrun for run_dbt_models_after_ingestion to None, run_after=None
[2025-05-22T08:43:25.636+0000] {processor.py:183} INFO - Processing /opt/airflow/dags/dbt_model_dag.py took 0.194 seconds
[2025-05-22T09:39:09.144+0000] {processor.py:161} INFO - Started process (PID=29991) to work on /opt/airflow/dags/dbt_model_dag.py
[2025-05-22T09:39:09.146+0000] {processor.py:830} INFO - Processing file /opt/airflow/dags/dbt_model_dag.py for tasks to queue
[2025-05-22T09:39:09.148+0000] {logging_mixin.py:188} INFO - [2025-05-22T09:39:09.148+0000] {dagbag.py:538} INFO - Filling up the DagBag from /opt/airflow/dags/dbt_model_dag.py
[2025-05-22T09:39:09.171+0000] {processor.py:840} INFO - DAG(s) 'run_dbt_models_after_ingestion' retrieved from /opt/airflow/dags/dbt_model_dag.py
[2025-05-22T09:39:09.234+0000] {logging_mixin.py:188} INFO - [2025-05-22T09:39:09.234+0000] {dag.py:3036} INFO - Sync 1 DAGs
[2025-05-22T09:39:09.253+0000] {logging_mixin.py:188} INFO - [2025-05-22T09:39:09.253+0000] {dag.py:3823} INFO - Setting next_dagrun for run_dbt_models_after_ingestion to None, run_after=None
[2025-05-22T09:39:09.274+0000] {processor.py:183} INFO - Processing /opt/airflow/dags/dbt_model_dag.py took 0.157 seconds
[2025-05-22T09:41:56.935+0000] {processor.py:161} INFO - Started process (PID=30006) to work on /opt/airflow/dags/dbt_model_dag.py
[2025-05-22T09:41:56.937+0000] {processor.py:830} INFO - Processing file /opt/airflow/dags/dbt_model_dag.py for tasks to queue
[2025-05-22T09:41:56.938+0000] {logging_mixin.py:188} INFO - [2025-05-22T09:41:56.937+0000] {dagbag.py:538} INFO - Filling up the DagBag from /opt/airflow/dags/dbt_model_dag.py
[2025-05-22T09:41:56.963+0000] {processor.py:840} INFO - DAG(s) 'run_dbt_models_after_ingestion' retrieved from /opt/airflow/dags/dbt_model_dag.py
[2025-05-22T09:41:57.047+0000] {logging_mixin.py:188} INFO - [2025-05-22T09:41:57.047+0000] {dag.py:3036} INFO - Sync 1 DAGs
[2025-05-22T09:41:57.069+0000] {logging_mixin.py:188} INFO - [2025-05-22T09:41:57.068+0000] {dag.py:3823} INFO - Setting next_dagrun for run_dbt_models_after_ingestion to None, run_after=None
[2025-05-22T09:41:57.096+0000] {processor.py:183} INFO - Processing /opt/airflow/dags/dbt_model_dag.py took 0.165 seconds
[2025-05-22T09:59:49.227+0000] {processor.py:161} INFO - Started process (PID=30021) to work on /opt/airflow/dags/dbt_model_dag.py
[2025-05-22T09:59:49.229+0000] {processor.py:830} INFO - Processing file /opt/airflow/dags/dbt_model_dag.py for tasks to queue
[2025-05-22T09:59:49.233+0000] {logging_mixin.py:188} INFO - [2025-05-22T09:59:49.230+0000] {dagbag.py:538} INFO - Filling up the DagBag from /opt/airflow/dags/dbt_model_dag.py
[2025-05-22T09:59:49.267+0000] {processor.py:840} INFO - DAG(s) 'run_dbt_models_after_ingestion' retrieved from /opt/airflow/dags/dbt_model_dag.py
[2025-05-22T09:59:49.328+0000] {logging_mixin.py:188} INFO - [2025-05-22T09:59:49.328+0000] {dag.py:3036} INFO - Sync 1 DAGs
[2025-05-22T09:59:49.355+0000] {logging_mixin.py:188} INFO - [2025-05-22T09:59:49.354+0000] {dag.py:3823} INFO - Setting next_dagrun for run_dbt_models_after_ingestion to None, run_after=None
[2025-05-22T09:59:49.398+0000] {processor.py:183} INFO - Processing /opt/airflow/dags/dbt_model_dag.py took 0.180 seconds
[2025-05-22T10:24:50.212+0000] {processor.py:161} INFO - Started process (PID=30037) to work on /opt/airflow/dags/dbt_model_dag.py
[2025-05-22T10:24:50.213+0000] {processor.py:830} INFO - Processing file /opt/airflow/dags/dbt_model_dag.py for tasks to queue
[2025-05-22T10:24:50.215+0000] {logging_mixin.py:188} INFO - [2025-05-22T10:24:50.214+0000] {dagbag.py:538} INFO - Filling up the DagBag from /opt/airflow/dags/dbt_model_dag.py
[2025-05-22T10:24:50.247+0000] {processor.py:840} INFO - DAG(s) 'run_dbt_models_after_ingestion' retrieved from /opt/airflow/dags/dbt_model_dag.py
[2025-05-22T10:24:50.317+0000] {logging_mixin.py:188} INFO - [2025-05-22T10:24:50.316+0000] {dag.py:3036} INFO - Sync 1 DAGs
[2025-05-22T10:24:50.345+0000] {logging_mixin.py:188} INFO - [2025-05-22T10:24:50.345+0000] {dag.py:3823} INFO - Setting next_dagrun for run_dbt_models_after_ingestion to None, run_after=None
[2025-05-22T10:24:50.379+0000] {processor.py:183} INFO - Processing /opt/airflow/dags/dbt_model_dag.py took 0.174 seconds
[2025-05-22T10:35:27.418+0000] {processor.py:161} INFO - Started process (PID=30053) to work on /opt/airflow/dags/dbt_model_dag.py
[2025-05-22T10:35:27.421+0000] {processor.py:830} INFO - Processing file /opt/airflow/dags/dbt_model_dag.py for tasks to queue
[2025-05-22T10:35:27.424+0000] {logging_mixin.py:188} INFO - [2025-05-22T10:35:27.423+0000] {dagbag.py:538} INFO - Filling up the DagBag from /opt/airflow/dags/dbt_model_dag.py
[2025-05-22T10:35:27.463+0000] {processor.py:840} INFO - DAG(s) 'run_dbt_models_after_ingestion' retrieved from /opt/airflow/dags/dbt_model_dag.py
[2025-05-22T10:35:27.550+0000] {logging_mixin.py:188} INFO - [2025-05-22T10:35:27.549+0000] {dag.py:3036} INFO - Sync 1 DAGs
[2025-05-22T10:35:27.576+0000] {logging_mixin.py:188} INFO - [2025-05-22T10:35:27.576+0000] {dag.py:3823} INFO - Setting next_dagrun for run_dbt_models_after_ingestion to None, run_after=None
[2025-05-22T10:35:27.611+0000] {processor.py:183} INFO - Processing /opt/airflow/dags/dbt_model_dag.py took 0.201 seconds
[2025-05-22T10:47:24.453+0000] {processor.py:161} INFO - Started process (PID=30067) to work on /opt/airflow/dags/dbt_model_dag.py
[2025-05-22T10:47:24.456+0000] {processor.py:830} INFO - Processing file /opt/airflow/dags/dbt_model_dag.py for tasks to queue
[2025-05-22T10:47:24.458+0000] {logging_mixin.py:188} INFO - [2025-05-22T10:47:24.457+0000] {dagbag.py:538} INFO - Filling up the DagBag from /opt/airflow/dags/dbt_model_dag.py
[2025-05-22T10:47:24.494+0000] {processor.py:840} INFO - DAG(s) 'run_dbt_models_after_ingestion' retrieved from /opt/airflow/dags/dbt_model_dag.py
[2025-05-22T10:47:24.562+0000] {logging_mixin.py:188} INFO - [2025-05-22T10:47:24.561+0000] {dag.py:3036} INFO - Sync 1 DAGs
[2025-05-22T10:47:24.581+0000] {logging_mixin.py:188} INFO - [2025-05-22T10:47:24.581+0000] {dag.py:3823} INFO - Setting next_dagrun for run_dbt_models_after_ingestion to None, run_after=None
[2025-05-22T10:47:24.619+0000] {processor.py:183} INFO - Processing /opt/airflow/dags/dbt_model_dag.py took 0.172 seconds
[2025-05-22T11:08:37.832+0000] {processor.py:161} INFO - Started process (PID=30082) to work on /opt/airflow/dags/dbt_model_dag.py
[2025-05-22T11:08:37.833+0000] {processor.py:830} INFO - Processing file /opt/airflow/dags/dbt_model_dag.py for tasks to queue
[2025-05-22T11:08:37.837+0000] {logging_mixin.py:188} INFO - [2025-05-22T11:08:37.836+0000] {dagbag.py:538} INFO - Filling up the DagBag from /opt/airflow/dags/dbt_model_dag.py
[2025-05-22T11:08:37.872+0000] {processor.py:840} INFO - DAG(s) 'run_dbt_models_after_ingestion' retrieved from /opt/airflow/dags/dbt_model_dag.py
[2025-05-22T11:08:37.951+0000] {logging_mixin.py:188} INFO - [2025-05-22T11:08:37.951+0000] {dag.py:3036} INFO - Sync 1 DAGs
[2025-05-22T11:08:37.968+0000] {logging_mixin.py:188} INFO - [2025-05-22T11:08:37.968+0000] {dag.py:3823} INFO - Setting next_dagrun for run_dbt_models_after_ingestion to None, run_after=None
[2025-05-22T11:08:38.006+0000] {processor.py:183} INFO - Processing /opt/airflow/dags/dbt_model_dag.py took 0.182 seconds
[2025-05-22T11:25:49.981+0000] {processor.py:161} INFO - Started process (PID=30100) to work on /opt/airflow/dags/dbt_model_dag.py
[2025-05-22T11:25:49.983+0000] {processor.py:830} INFO - Processing file /opt/airflow/dags/dbt_model_dag.py for tasks to queue
[2025-05-22T11:25:49.985+0000] {logging_mixin.py:188} INFO - [2025-05-22T11:25:49.985+0000] {dagbag.py:538} INFO - Filling up the DagBag from /opt/airflow/dags/dbt_model_dag.py
[2025-05-22T11:25:50.008+0000] {processor.py:840} INFO - DAG(s) 'run_dbt_models_after_ingestion' retrieved from /opt/airflow/dags/dbt_model_dag.py
[2025-05-22T11:25:50.052+0000] {logging_mixin.py:188} INFO - [2025-05-22T11:25:50.052+0000] {dag.py:3036} INFO - Sync 1 DAGs
[2025-05-22T11:25:50.063+0000] {logging_mixin.py:188} INFO - [2025-05-22T11:25:50.063+0000] {dag.py:3823} INFO - Setting next_dagrun for run_dbt_models_after_ingestion to None, run_after=None
[2025-05-22T11:25:50.078+0000] {processor.py:183} INFO - Processing /opt/airflow/dags/dbt_model_dag.py took 0.106 seconds
[2025-05-22T11:46:21.646+0000] {processor.py:161} INFO - Started process (PID=30114) to work on /opt/airflow/dags/dbt_model_dag.py
[2025-05-22T11:46:21.649+0000] {processor.py:830} INFO - Processing file /opt/airflow/dags/dbt_model_dag.py for tasks to queue
[2025-05-22T11:46:21.653+0000] {logging_mixin.py:188} INFO - [2025-05-22T11:46:21.652+0000] {dagbag.py:538} INFO - Filling up the DagBag from /opt/airflow/dags/dbt_model_dag.py
[2025-05-22T11:46:21.706+0000] {processor.py:840} INFO - DAG(s) 'run_dbt_models_after_ingestion' retrieved from /opt/airflow/dags/dbt_model_dag.py
[2025-05-22T11:46:21.805+0000] {logging_mixin.py:188} INFO - [2025-05-22T11:46:21.804+0000] {dag.py:3036} INFO - Sync 1 DAGs
[2025-05-22T11:46:21.831+0000] {logging_mixin.py:188} INFO - [2025-05-22T11:46:21.831+0000] {dag.py:3823} INFO - Setting next_dagrun for run_dbt_models_after_ingestion to None, run_after=None
[2025-05-22T11:46:21.887+0000] {processor.py:183} INFO - Processing /opt/airflow/dags/dbt_model_dag.py took 0.252 seconds
[2025-05-22T11:49:21.756+0000] {processor.py:161} INFO - Started process (PID=30130) to work on /opt/airflow/dags/dbt_model_dag.py
[2025-05-22T11:49:21.757+0000] {processor.py:830} INFO - Processing file /opt/airflow/dags/dbt_model_dag.py for tasks to queue
[2025-05-22T11:49:21.759+0000] {logging_mixin.py:188} INFO - [2025-05-22T11:49:21.758+0000] {dagbag.py:538} INFO - Filling up the DagBag from /opt/airflow/dags/dbt_model_dag.py
[2025-05-22T11:49:21.779+0000] {processor.py:840} INFO - DAG(s) 'run_dbt_models_after_ingestion' retrieved from /opt/airflow/dags/dbt_model_dag.py
[2025-05-22T11:49:21.840+0000] {logging_mixin.py:188} INFO - [2025-05-22T11:49:21.839+0000] {dag.py:3036} INFO - Sync 1 DAGs
[2025-05-22T11:49:21.869+0000] {logging_mixin.py:188} INFO - [2025-05-22T11:49:21.869+0000] {dag.py:3823} INFO - Setting next_dagrun for run_dbt_models_after_ingestion to None, run_after=None
[2025-05-22T11:49:21.904+0000] {processor.py:183} INFO - Processing /opt/airflow/dags/dbt_model_dag.py took 0.153 seconds
[2025-05-22T12:26:29.622+0000] {processor.py:161} INFO - Started process (PID=30147) to work on /opt/airflow/dags/dbt_model_dag.py
[2025-05-22T12:26:29.626+0000] {processor.py:830} INFO - Processing file /opt/airflow/dags/dbt_model_dag.py for tasks to queue
[2025-05-22T12:26:29.627+0000] {logging_mixin.py:188} INFO - [2025-05-22T12:26:29.626+0000] {dagbag.py:538} INFO - Filling up the DagBag from /opt/airflow/dags/dbt_model_dag.py
[2025-05-22T12:26:29.664+0000] {processor.py:840} INFO - DAG(s) 'run_dbt_models_after_ingestion' retrieved from /opt/airflow/dags/dbt_model_dag.py
[2025-05-22T12:26:29.732+0000] {logging_mixin.py:188} INFO - [2025-05-22T12:26:29.732+0000] {dag.py:3036} INFO - Sync 1 DAGs
[2025-05-22T12:26:29.761+0000] {logging_mixin.py:188} INFO - [2025-05-22T12:26:29.761+0000] {dag.py:3823} INFO - Setting next_dagrun for run_dbt_models_after_ingestion to None, run_after=None
[2025-05-22T12:26:29.910+0000] {processor.py:183} INFO - Processing /opt/airflow/dags/dbt_model_dag.py took 0.295 seconds
[2025-05-22T12:33:36.437+0000] {processor.py:161} INFO - Started process (PID=30161) to work on /opt/airflow/dags/dbt_model_dag.py
[2025-05-22T12:33:36.440+0000] {processor.py:830} INFO - Processing file /opt/airflow/dags/dbt_model_dag.py for tasks to queue
[2025-05-22T12:33:36.442+0000] {logging_mixin.py:188} INFO - [2025-05-22T12:33:36.442+0000] {dagbag.py:538} INFO - Filling up the DagBag from /opt/airflow/dags/dbt_model_dag.py
[2025-05-22T12:33:36.467+0000] {processor.py:840} INFO - DAG(s) 'run_dbt_models_after_ingestion' retrieved from /opt/airflow/dags/dbt_model_dag.py
[2025-05-22T12:33:36.509+0000] {logging_mixin.py:188} INFO - [2025-05-22T12:33:36.508+0000] {dag.py:3036} INFO - Sync 1 DAGs
[2025-05-22T12:33:36.523+0000] {logging_mixin.py:188} INFO - [2025-05-22T12:33:36.523+0000] {dag.py:3823} INFO - Setting next_dagrun for run_dbt_models_after_ingestion to None, run_after=None
[2025-05-22T12:33:36.537+0000] {processor.py:183} INFO - Processing /opt/airflow/dags/dbt_model_dag.py took 0.110 seconds
[2025-05-22T12:49:32.875+0000] {processor.py:161} INFO - Started process (PID=30177) to work on /opt/airflow/dags/dbt_model_dag.py
[2025-05-22T12:49:32.877+0000] {processor.py:830} INFO - Processing file /opt/airflow/dags/dbt_model_dag.py for tasks to queue
[2025-05-22T12:49:32.880+0000] {logging_mixin.py:188} INFO - [2025-05-22T12:49:32.880+0000] {dagbag.py:538} INFO - Filling up the DagBag from /opt/airflow/dags/dbt_model_dag.py
[2025-05-22T12:49:32.900+0000] {processor.py:840} INFO - DAG(s) 'run_dbt_models_after_ingestion' retrieved from /opt/airflow/dags/dbt_model_dag.py
[2025-05-22T12:49:32.957+0000] {logging_mixin.py:188} INFO - [2025-05-22T12:49:32.957+0000] {dag.py:3036} INFO - Sync 1 DAGs
[2025-05-22T12:49:32.976+0000] {logging_mixin.py:188} INFO - [2025-05-22T12:49:32.976+0000] {dag.py:3823} INFO - Setting next_dagrun for run_dbt_models_after_ingestion to None, run_after=None
[2025-05-22T12:49:33.007+0000] {processor.py:183} INFO - Processing /opt/airflow/dags/dbt_model_dag.py took 0.138 seconds
[2025-05-22T12:50:10.959+0000] {processor.py:161} INFO - Started process (PID=30192) to work on /opt/airflow/dags/dbt_model_dag.py
[2025-05-22T12:50:10.962+0000] {processor.py:830} INFO - Processing file /opt/airflow/dags/dbt_model_dag.py for tasks to queue
[2025-05-22T12:50:10.963+0000] {logging_mixin.py:188} INFO - [2025-05-22T12:50:10.963+0000] {dagbag.py:538} INFO - Filling up the DagBag from /opt/airflow/dags/dbt_model_dag.py
[2025-05-22T12:50:10.984+0000] {processor.py:840} INFO - DAG(s) 'run_dbt_models_after_ingestion' retrieved from /opt/airflow/dags/dbt_model_dag.py
[2025-05-22T12:50:11.031+0000] {logging_mixin.py:188} INFO - [2025-05-22T12:50:11.031+0000] {dag.py:3036} INFO - Sync 1 DAGs
[2025-05-22T12:50:11.043+0000] {logging_mixin.py:188} INFO - [2025-05-22T12:50:11.043+0000] {dag.py:3823} INFO - Setting next_dagrun for run_dbt_models_after_ingestion to None, run_after=None
[2025-05-22T12:50:11.057+0000] {processor.py:183} INFO - Processing /opt/airflow/dags/dbt_model_dag.py took 0.105 seconds
[2025-05-22T13:27:33.322+0000] {processor.py:161} INFO - Started process (PID=30207) to work on /opt/airflow/dags/dbt_model_dag.py
[2025-05-22T13:27:33.325+0000] {processor.py:830} INFO - Processing file /opt/airflow/dags/dbt_model_dag.py for tasks to queue
[2025-05-22T13:27:33.327+0000] {logging_mixin.py:188} INFO - [2025-05-22T13:27:33.326+0000] {dagbag.py:538} INFO - Filling up the DagBag from /opt/airflow/dags/dbt_model_dag.py
[2025-05-22T13:27:33.368+0000] {processor.py:840} INFO - DAG(s) 'run_dbt_models_after_ingestion' retrieved from /opt/airflow/dags/dbt_model_dag.py
[2025-05-22T13:27:33.447+0000] {logging_mixin.py:188} INFO - [2025-05-22T13:27:33.447+0000] {dag.py:3036} INFO - Sync 1 DAGs
[2025-05-22T13:27:33.479+0000] {logging_mixin.py:188} INFO - [2025-05-22T13:27:33.479+0000] {dag.py:3823} INFO - Setting next_dagrun for run_dbt_models_after_ingestion to None, run_after=None
[2025-05-22T13:27:33.510+0000] {processor.py:183} INFO - Processing /opt/airflow/dags/dbt_model_dag.py took 0.192 seconds
[2025-05-22T13:43:48.115+0000] {processor.py:161} INFO - Started process (PID=30224) to work on /opt/airflow/dags/dbt_model_dag.py
[2025-05-22T13:43:48.117+0000] {processor.py:830} INFO - Processing file /opt/airflow/dags/dbt_model_dag.py for tasks to queue
[2025-05-22T13:43:48.117+0000] {logging_mixin.py:188} INFO - [2025-05-22T13:43:48.117+0000] {dagbag.py:538} INFO - Filling up the DagBag from /opt/airflow/dags/dbt_model_dag.py
[2025-05-22T13:43:48.141+0000] {processor.py:840} INFO - DAG(s) 'run_dbt_models_after_ingestion' retrieved from /opt/airflow/dags/dbt_model_dag.py
[2025-05-22T13:43:48.183+0000] {logging_mixin.py:188} INFO - [2025-05-22T13:43:48.183+0000] {dag.py:3036} INFO - Sync 1 DAGs
[2025-05-22T13:43:48.199+0000] {logging_mixin.py:188} INFO - [2025-05-22T13:43:48.199+0000] {dag.py:3823} INFO - Setting next_dagrun for run_dbt_models_after_ingestion to None, run_after=None
[2025-05-22T13:43:48.215+0000] {processor.py:183} INFO - Processing /opt/airflow/dags/dbt_model_dag.py took 0.108 seconds
[2025-05-22T14:17:33.998+0000] {processor.py:161} INFO - Started process (PID=30239) to work on /opt/airflow/dags/dbt_model_dag.py
[2025-05-22T14:17:34.000+0000] {processor.py:830} INFO - Processing file /opt/airflow/dags/dbt_model_dag.py for tasks to queue
[2025-05-22T14:17:34.003+0000] {logging_mixin.py:188} INFO - [2025-05-22T14:17:34.002+0000] {dagbag.py:538} INFO - Filling up the DagBag from /opt/airflow/dags/dbt_model_dag.py
[2025-05-22T14:17:34.060+0000] {processor.py:840} INFO - DAG(s) 'run_dbt_models_after_ingestion' retrieved from /opt/airflow/dags/dbt_model_dag.py
[2025-05-22T14:17:34.167+0000] {logging_mixin.py:188} INFO - [2025-05-22T14:17:34.166+0000] {dag.py:3036} INFO - Sync 1 DAGs
[2025-05-22T14:17:34.224+0000] {logging_mixin.py:188} INFO - [2025-05-22T14:17:34.223+0000] {dag.py:3823} INFO - Setting next_dagrun for run_dbt_models_after_ingestion to None, run_after=None
[2025-05-22T14:17:34.270+0000] {processor.py:183} INFO - Processing /opt/airflow/dags/dbt_model_dag.py took 0.286 seconds
[2025-05-22T14:45:42.147+0000] {processor.py:161} INFO - Started process (PID=30256) to work on /opt/airflow/dags/dbt_model_dag.py
[2025-05-22T14:45:42.148+0000] {processor.py:830} INFO - Processing file /opt/airflow/dags/dbt_model_dag.py for tasks to queue
[2025-05-22T14:45:42.149+0000] {logging_mixin.py:188} INFO - [2025-05-22T14:45:42.149+0000] {dagbag.py:538} INFO - Filling up the DagBag from /opt/airflow/dags/dbt_model_dag.py
[2025-05-22T14:45:42.171+0000] {processor.py:840} INFO - DAG(s) 'run_dbt_models_after_ingestion' retrieved from /opt/airflow/dags/dbt_model_dag.py
[2025-05-22T14:45:42.212+0000] {logging_mixin.py:188} INFO - [2025-05-22T14:45:42.212+0000] {dag.py:3036} INFO - Sync 1 DAGs
[2025-05-22T14:45:42.224+0000] {logging_mixin.py:188} INFO - [2025-05-22T14:45:42.224+0000] {dag.py:3823} INFO - Setting next_dagrun for run_dbt_models_after_ingestion to None, run_after=None
[2025-05-22T14:45:42.240+0000] {processor.py:183} INFO - Processing /opt/airflow/dags/dbt_model_dag.py took 0.098 seconds
[2025-05-22T15:01:38.662+0000] {processor.py:161} INFO - Started process (PID=30270) to work on /opt/airflow/dags/dbt_model_dag.py
[2025-05-22T15:01:38.664+0000] {processor.py:830} INFO - Processing file /opt/airflow/dags/dbt_model_dag.py for tasks to queue
[2025-05-22T15:01:38.665+0000] {logging_mixin.py:188} INFO - [2025-05-22T15:01:38.664+0000] {dagbag.py:538} INFO - Filling up the DagBag from /opt/airflow/dags/dbt_model_dag.py
[2025-05-22T15:01:38.690+0000] {processor.py:840} INFO - DAG(s) 'run_dbt_models_after_ingestion' retrieved from /opt/airflow/dags/dbt_model_dag.py
[2025-05-22T15:01:38.741+0000] {logging_mixin.py:188} INFO - [2025-05-22T15:01:38.740+0000] {dag.py:3036} INFO - Sync 1 DAGs
[2025-05-22T15:01:38.764+0000] {logging_mixin.py:188} INFO - [2025-05-22T15:01:38.763+0000] {dag.py:3823} INFO - Setting next_dagrun for run_dbt_models_after_ingestion to None, run_after=None
[2025-05-22T15:01:38.798+0000] {processor.py:183} INFO - Processing /opt/airflow/dags/dbt_model_dag.py took 0.143 seconds
[2025-05-22T15:02:09.308+0000] {processor.py:161} INFO - Started process (PID=30286) to work on /opt/airflow/dags/dbt_model_dag.py
[2025-05-22T15:02:09.309+0000] {processor.py:830} INFO - Processing file /opt/airflow/dags/dbt_model_dag.py for tasks to queue
[2025-05-22T15:02:09.310+0000] {logging_mixin.py:188} INFO - [2025-05-22T15:02:09.310+0000] {dagbag.py:538} INFO - Filling up the DagBag from /opt/airflow/dags/dbt_model_dag.py
[2025-05-22T15:02:09.334+0000] {processor.py:840} INFO - DAG(s) 'run_dbt_models_after_ingestion' retrieved from /opt/airflow/dags/dbt_model_dag.py
[2025-05-22T15:02:09.377+0000] {logging_mixin.py:188} INFO - [2025-05-22T15:02:09.376+0000] {dag.py:3036} INFO - Sync 1 DAGs
[2025-05-22T15:02:09.390+0000] {logging_mixin.py:188} INFO - [2025-05-22T15:02:09.390+0000] {dag.py:3823} INFO - Setting next_dagrun for run_dbt_models_after_ingestion to None, run_after=None
[2025-05-22T15:02:09.408+0000] {processor.py:183} INFO - Processing /opt/airflow/dags/dbt_model_dag.py took 0.107 seconds
[2025-05-22T15:24:52.338+0000] {processor.py:161} INFO - Started process (PID=30301) to work on /opt/airflow/dags/dbt_model_dag.py
[2025-05-22T15:24:52.342+0000] {processor.py:830} INFO - Processing file /opt/airflow/dags/dbt_model_dag.py for tasks to queue
[2025-05-22T15:24:52.346+0000] {logging_mixin.py:188} INFO - [2025-05-22T15:24:52.345+0000] {dagbag.py:538} INFO - Filling up the DagBag from /opt/airflow/dags/dbt_model_dag.py
[2025-05-22T15:24:52.412+0000] {processor.py:840} INFO - DAG(s) 'run_dbt_models_after_ingestion' retrieved from /opt/airflow/dags/dbt_model_dag.py
[2025-05-22T15:24:52.489+0000] {logging_mixin.py:188} INFO - [2025-05-22T15:24:52.488+0000] {dag.py:3036} INFO - Sync 1 DAGs
[2025-05-22T15:24:52.509+0000] {logging_mixin.py:188} INFO - [2025-05-22T15:24:52.509+0000] {dag.py:3823} INFO - Setting next_dagrun for run_dbt_models_after_ingestion to None, run_after=None
[2025-05-22T15:24:52.541+0000] {processor.py:183} INFO - Processing /opt/airflow/dags/dbt_model_dag.py took 0.219 seconds
[2025-05-22T15:42:08.720+0000] {processor.py:161} INFO - Started process (PID=30317) to work on /opt/airflow/dags/dbt_model_dag.py
[2025-05-22T15:42:08.723+0000] {processor.py:830} INFO - Processing file /opt/airflow/dags/dbt_model_dag.py for tasks to queue
[2025-05-22T15:42:08.729+0000] {logging_mixin.py:188} INFO - [2025-05-22T15:42:08.728+0000] {dagbag.py:538} INFO - Filling up the DagBag from /opt/airflow/dags/dbt_model_dag.py
[2025-05-22T15:42:08.780+0000] {processor.py:840} INFO - DAG(s) 'run_dbt_models_after_ingestion' retrieved from /opt/airflow/dags/dbt_model_dag.py
[2025-05-22T15:42:09.008+0000] {logging_mixin.py:188} INFO - [2025-05-22T15:42:09.007+0000] {dag.py:3036} INFO - Sync 1 DAGs
[2025-05-22T15:42:09.049+0000] {logging_mixin.py:188} INFO - [2025-05-22T15:42:09.049+0000] {dag.py:3823} INFO - Setting next_dagrun for run_dbt_models_after_ingestion to None, run_after=None
[2025-05-22T15:42:09.087+0000] {processor.py:183} INFO - Processing /opt/airflow/dags/dbt_model_dag.py took 0.380 seconds
[2025-05-22T15:58:42.277+0000] {processor.py:161} INFO - Started process (PID=30333) to work on /opt/airflow/dags/dbt_model_dag.py
[2025-05-22T15:58:42.282+0000] {processor.py:830} INFO - Processing file /opt/airflow/dags/dbt_model_dag.py for tasks to queue
[2025-05-22T15:58:42.284+0000] {logging_mixin.py:188} INFO - [2025-05-22T15:58:42.284+0000] {dagbag.py:538} INFO - Filling up the DagBag from /opt/airflow/dags/dbt_model_dag.py
[2025-05-22T15:58:42.354+0000] {processor.py:840} INFO - DAG(s) 'run_dbt_models_after_ingestion' retrieved from /opt/airflow/dags/dbt_model_dag.py
[2025-05-22T15:58:42.458+0000] {logging_mixin.py:188} INFO - [2025-05-22T15:58:42.457+0000] {dag.py:3036} INFO - Sync 1 DAGs
[2025-05-22T15:58:42.484+0000] {logging_mixin.py:188} INFO - [2025-05-22T15:58:42.483+0000] {dag.py:3823} INFO - Setting next_dagrun for run_dbt_models_after_ingestion to None, run_after=None
[2025-05-22T15:58:42.529+0000] {processor.py:183} INFO - Processing /opt/airflow/dags/dbt_model_dag.py took 0.267 seconds
[2025-05-22T15:59:12.979+0000] {processor.py:161} INFO - Started process (PID=30348) to work on /opt/airflow/dags/dbt_model_dag.py
[2025-05-22T15:59:12.982+0000] {processor.py:830} INFO - Processing file /opt/airflow/dags/dbt_model_dag.py for tasks to queue
[2025-05-22T15:59:12.984+0000] {logging_mixin.py:188} INFO - [2025-05-22T15:59:12.984+0000] {dagbag.py:538} INFO - Filling up the DagBag from /opt/airflow/dags/dbt_model_dag.py
[2025-05-22T15:59:13.008+0000] {processor.py:840} INFO - DAG(s) 'run_dbt_models_after_ingestion' retrieved from /opt/airflow/dags/dbt_model_dag.py
[2025-05-22T15:59:13.054+0000] {logging_mixin.py:188} INFO - [2025-05-22T15:59:13.054+0000] {dag.py:3036} INFO - Sync 1 DAGs
[2025-05-22T15:59:13.065+0000] {logging_mixin.py:188} INFO - [2025-05-22T15:59:13.065+0000] {dag.py:3823} INFO - Setting next_dagrun for run_dbt_models_after_ingestion to None, run_after=None
[2025-05-22T15:59:13.086+0000] {processor.py:183} INFO - Processing /opt/airflow/dags/dbt_model_dag.py took 0.115 seconds
[2025-05-22T15:59:43.496+0000] {processor.py:161} INFO - Started process (PID=30363) to work on /opt/airflow/dags/dbt_model_dag.py
[2025-05-22T15:59:43.498+0000] {processor.py:830} INFO - Processing file /opt/airflow/dags/dbt_model_dag.py for tasks to queue
[2025-05-22T15:59:43.499+0000] {logging_mixin.py:188} INFO - [2025-05-22T15:59:43.499+0000] {dagbag.py:538} INFO - Filling up the DagBag from /opt/airflow/dags/dbt_model_dag.py
[2025-05-22T15:59:43.537+0000] {processor.py:840} INFO - DAG(s) 'run_dbt_models_after_ingestion' retrieved from /opt/airflow/dags/dbt_model_dag.py
[2025-05-22T15:59:43.589+0000] {logging_mixin.py:188} INFO - [2025-05-22T15:59:43.589+0000] {dag.py:3036} INFO - Sync 1 DAGs
[2025-05-22T15:59:43.604+0000] {logging_mixin.py:188} INFO - [2025-05-22T15:59:43.604+0000] {dag.py:3823} INFO - Setting next_dagrun for run_dbt_models_after_ingestion to None, run_after=None
[2025-05-22T15:59:43.619+0000] {processor.py:183} INFO - Processing /opt/airflow/dags/dbt_model_dag.py took 0.127 seconds
[2025-05-22T16:00:13.982+0000] {processor.py:161} INFO - Started process (PID=30378) to work on /opt/airflow/dags/dbt_model_dag.py
[2025-05-22T16:00:13.984+0000] {processor.py:830} INFO - Processing file /opt/airflow/dags/dbt_model_dag.py for tasks to queue
[2025-05-22T16:00:13.985+0000] {logging_mixin.py:188} INFO - [2025-05-22T16:00:13.985+0000] {dagbag.py:538} INFO - Filling up the DagBag from /opt/airflow/dags/dbt_model_dag.py
[2025-05-22T16:00:14.010+0000] {processor.py:840} INFO - DAG(s) 'run_dbt_models_after_ingestion' retrieved from /opt/airflow/dags/dbt_model_dag.py
[2025-05-22T16:00:14.059+0000] {logging_mixin.py:188} INFO - [2025-05-22T16:00:14.059+0000] {dag.py:3036} INFO - Sync 1 DAGs
[2025-05-22T16:00:14.073+0000] {logging_mixin.py:188} INFO - [2025-05-22T16:00:14.073+0000] {dag.py:3823} INFO - Setting next_dagrun for run_dbt_models_after_ingestion to None, run_after=None
[2025-05-22T16:00:14.090+0000] {processor.py:183} INFO - Processing /opt/airflow/dags/dbt_model_dag.py took 0.117 seconds
[2025-05-22T16:00:44.494+0000] {processor.py:161} INFO - Started process (PID=30393) to work on /opt/airflow/dags/dbt_model_dag.py
[2025-05-22T16:00:44.498+0000] {processor.py:830} INFO - Processing file /opt/airflow/dags/dbt_model_dag.py for tasks to queue
[2025-05-22T16:00:44.499+0000] {logging_mixin.py:188} INFO - [2025-05-22T16:00:44.499+0000] {dagbag.py:538} INFO - Filling up the DagBag from /opt/airflow/dags/dbt_model_dag.py
[2025-05-22T16:00:44.527+0000] {processor.py:840} INFO - DAG(s) 'run_dbt_models_after_ingestion' retrieved from /opt/airflow/dags/dbt_model_dag.py
[2025-05-22T16:00:44.574+0000] {logging_mixin.py:188} INFO - [2025-05-22T16:00:44.574+0000] {dag.py:3036} INFO - Sync 1 DAGs
[2025-05-22T16:00:44.586+0000] {logging_mixin.py:188} INFO - [2025-05-22T16:00:44.586+0000] {dag.py:3823} INFO - Setting next_dagrun for run_dbt_models_after_ingestion to None, run_after=None
[2025-05-22T16:00:44.601+0000] {processor.py:183} INFO - Processing /opt/airflow/dags/dbt_model_dag.py took 0.113 seconds
[2025-05-22T16:01:15.050+0000] {processor.py:161} INFO - Started process (PID=30408) to work on /opt/airflow/dags/dbt_model_dag.py
[2025-05-22T16:01:15.054+0000] {processor.py:830} INFO - Processing file /opt/airflow/dags/dbt_model_dag.py for tasks to queue
[2025-05-22T16:01:15.056+0000] {logging_mixin.py:188} INFO - [2025-05-22T16:01:15.055+0000] {dagbag.py:538} INFO - Filling up the DagBag from /opt/airflow/dags/dbt_model_dag.py
[2025-05-22T16:01:15.093+0000] {processor.py:840} INFO - DAG(s) 'run_dbt_models_after_ingestion' retrieved from /opt/airflow/dags/dbt_model_dag.py
[2025-05-22T16:01:15.167+0000] {logging_mixin.py:188} INFO - [2025-05-22T16:01:15.166+0000] {dag.py:3036} INFO - Sync 1 DAGs
[2025-05-22T16:01:15.185+0000] {logging_mixin.py:188} INFO - [2025-05-22T16:01:15.185+0000] {dag.py:3823} INFO - Setting next_dagrun for run_dbt_models_after_ingestion to None, run_after=None
[2025-05-22T16:01:15.206+0000] {processor.py:183} INFO - Processing /opt/airflow/dags/dbt_model_dag.py took 0.168 seconds
[2025-05-22T16:01:45.773+0000] {processor.py:161} INFO - Started process (PID=30423) to work on /opt/airflow/dags/dbt_model_dag.py
[2025-05-22T16:01:45.774+0000] {processor.py:830} INFO - Processing file /opt/airflow/dags/dbt_model_dag.py for tasks to queue
[2025-05-22T16:01:45.776+0000] {logging_mixin.py:188} INFO - [2025-05-22T16:01:45.776+0000] {dagbag.py:538} INFO - Filling up the DagBag from /opt/airflow/dags/dbt_model_dag.py
[2025-05-22T16:01:45.800+0000] {processor.py:840} INFO - DAG(s) 'run_dbt_models_after_ingestion' retrieved from /opt/airflow/dags/dbt_model_dag.py
[2025-05-22T16:01:45.842+0000] {logging_mixin.py:188} INFO - [2025-05-22T16:01:45.842+0000] {dag.py:3036} INFO - Sync 1 DAGs
[2025-05-22T16:01:45.855+0000] {logging_mixin.py:188} INFO - [2025-05-22T16:01:45.855+0000] {dag.py:3823} INFO - Setting next_dagrun for run_dbt_models_after_ingestion to None, run_after=None
[2025-05-22T16:01:45.872+0000] {processor.py:183} INFO - Processing /opt/airflow/dags/dbt_model_dag.py took 0.106 seconds
[2025-05-22T16:02:16.324+0000] {processor.py:161} INFO - Started process (PID=30438) to work on /opt/airflow/dags/dbt_model_dag.py
[2025-05-22T16:02:16.327+0000] {processor.py:830} INFO - Processing file /opt/airflow/dags/dbt_model_dag.py for tasks to queue
[2025-05-22T16:02:16.329+0000] {logging_mixin.py:188} INFO - [2025-05-22T16:02:16.328+0000] {dagbag.py:538} INFO - Filling up the DagBag from /opt/airflow/dags/dbt_model_dag.py
[2025-05-22T16:02:16.353+0000] {processor.py:840} INFO - DAG(s) 'run_dbt_models_after_ingestion' retrieved from /opt/airflow/dags/dbt_model_dag.py
[2025-05-22T16:02:16.391+0000] {logging_mixin.py:188} INFO - [2025-05-22T16:02:16.391+0000] {dag.py:3036} INFO - Sync 1 DAGs
[2025-05-22T16:02:16.407+0000] {logging_mixin.py:188} INFO - [2025-05-22T16:02:16.406+0000] {dag.py:3823} INFO - Setting next_dagrun for run_dbt_models_after_ingestion to None, run_after=None
[2025-05-22T16:02:16.425+0000] {processor.py:183} INFO - Processing /opt/airflow/dags/dbt_model_dag.py took 0.108 seconds
[2025-05-22T16:02:46.924+0000] {processor.py:161} INFO - Started process (PID=30453) to work on /opt/airflow/dags/dbt_model_dag.py
[2025-05-22T16:02:46.927+0000] {processor.py:830} INFO - Processing file /opt/airflow/dags/dbt_model_dag.py for tasks to queue
[2025-05-22T16:02:46.931+0000] {logging_mixin.py:188} INFO - [2025-05-22T16:02:46.930+0000] {dagbag.py:538} INFO - Filling up the DagBag from /opt/airflow/dags/dbt_model_dag.py
[2025-05-22T16:02:46.957+0000] {processor.py:840} INFO - DAG(s) 'run_dbt_models_after_ingestion' retrieved from /opt/airflow/dags/dbt_model_dag.py
[2025-05-22T16:02:46.999+0000] {logging_mixin.py:188} INFO - [2025-05-22T16:02:46.999+0000] {dag.py:3036} INFO - Sync 1 DAGs
[2025-05-22T16:02:47.015+0000] {logging_mixin.py:188} INFO - [2025-05-22T16:02:47.015+0000] {dag.py:3823} INFO - Setting next_dagrun for run_dbt_models_after_ingestion to None, run_after=None
[2025-05-22T16:02:47.034+0000] {processor.py:183} INFO - Processing /opt/airflow/dags/dbt_model_dag.py took 0.115 seconds
[2025-05-22T16:03:17.464+0000] {processor.py:161} INFO - Started process (PID=30468) to work on /opt/airflow/dags/dbt_model_dag.py
[2025-05-22T16:03:17.467+0000] {processor.py:830} INFO - Processing file /opt/airflow/dags/dbt_model_dag.py for tasks to queue
[2025-05-22T16:03:17.469+0000] {logging_mixin.py:188} INFO - [2025-05-22T16:03:17.469+0000] {dagbag.py:538} INFO - Filling up the DagBag from /opt/airflow/dags/dbt_model_dag.py
[2025-05-22T16:03:17.498+0000] {processor.py:840} INFO - DAG(s) 'run_dbt_models_after_ingestion' retrieved from /opt/airflow/dags/dbt_model_dag.py
[2025-05-22T16:03:17.542+0000] {logging_mixin.py:188} INFO - [2025-05-22T16:03:17.542+0000] {dag.py:3036} INFO - Sync 1 DAGs
[2025-05-22T16:03:17.555+0000] {logging_mixin.py:188} INFO - [2025-05-22T16:03:17.554+0000] {dag.py:3823} INFO - Setting next_dagrun for run_dbt_models_after_ingestion to None, run_after=None
[2025-05-22T16:03:17.571+0000] {processor.py:183} INFO - Processing /opt/airflow/dags/dbt_model_dag.py took 0.114 seconds
[2025-05-22T16:03:48.065+0000] {processor.py:161} INFO - Started process (PID=30483) to work on /opt/airflow/dags/dbt_model_dag.py
[2025-05-22T16:03:48.067+0000] {processor.py:830} INFO - Processing file /opt/airflow/dags/dbt_model_dag.py for tasks to queue
[2025-05-22T16:03:48.068+0000] {logging_mixin.py:188} INFO - [2025-05-22T16:03:48.068+0000] {dagbag.py:538} INFO - Filling up the DagBag from /opt/airflow/dags/dbt_model_dag.py
[2025-05-22T16:03:48.088+0000] {processor.py:840} INFO - DAG(s) 'run_dbt_models_after_ingestion' retrieved from /opt/airflow/dags/dbt_model_dag.py
[2025-05-22T16:03:48.127+0000] {logging_mixin.py:188} INFO - [2025-05-22T16:03:48.126+0000] {dag.py:3036} INFO - Sync 1 DAGs
[2025-05-22T16:03:48.141+0000] {logging_mixin.py:188} INFO - [2025-05-22T16:03:48.141+0000] {dag.py:3823} INFO - Setting next_dagrun for run_dbt_models_after_ingestion to None, run_after=None
[2025-05-22T16:03:48.158+0000] {processor.py:183} INFO - Processing /opt/airflow/dags/dbt_model_dag.py took 0.102 seconds
[2025-05-22T16:04:18.661+0000] {processor.py:161} INFO - Started process (PID=30498) to work on /opt/airflow/dags/dbt_model_dag.py
[2025-05-22T16:04:18.662+0000] {processor.py:830} INFO - Processing file /opt/airflow/dags/dbt_model_dag.py for tasks to queue
[2025-05-22T16:04:18.663+0000] {logging_mixin.py:188} INFO - [2025-05-22T16:04:18.663+0000] {dagbag.py:538} INFO - Filling up the DagBag from /opt/airflow/dags/dbt_model_dag.py
[2025-05-22T16:04:18.687+0000] {processor.py:840} INFO - DAG(s) 'run_dbt_models_after_ingestion' retrieved from /opt/airflow/dags/dbt_model_dag.py
[2025-05-22T16:04:18.735+0000] {logging_mixin.py:188} INFO - [2025-05-22T16:04:18.734+0000] {dag.py:3036} INFO - Sync 1 DAGs
[2025-05-22T16:04:18.747+0000] {logging_mixin.py:188} INFO - [2025-05-22T16:04:18.747+0000] {dag.py:3823} INFO - Setting next_dagrun for run_dbt_models_after_ingestion to None, run_after=None
[2025-05-22T16:04:18.764+0000] {processor.py:183} INFO - Processing /opt/airflow/dags/dbt_model_dag.py took 0.111 seconds
[2025-05-22T16:04:49.266+0000] {processor.py:161} INFO - Started process (PID=30513) to work on /opt/airflow/dags/dbt_model_dag.py
[2025-05-22T16:04:49.268+0000] {processor.py:830} INFO - Processing file /opt/airflow/dags/dbt_model_dag.py for tasks to queue
[2025-05-22T16:04:49.270+0000] {logging_mixin.py:188} INFO - [2025-05-22T16:04:49.270+0000] {dagbag.py:538} INFO - Filling up the DagBag from /opt/airflow/dags/dbt_model_dag.py
[2025-05-22T16:04:49.299+0000] {processor.py:840} INFO - DAG(s) 'run_dbt_models_after_ingestion' retrieved from /opt/airflow/dags/dbt_model_dag.py
[2025-05-22T16:04:49.340+0000] {logging_mixin.py:188} INFO - [2025-05-22T16:04:49.340+0000] {dag.py:3036} INFO - Sync 1 DAGs
[2025-05-22T16:04:49.355+0000] {logging_mixin.py:188} INFO - [2025-05-22T16:04:49.355+0000] {dag.py:3823} INFO - Setting next_dagrun for run_dbt_models_after_ingestion to None, run_after=None
[2025-05-22T16:04:49.373+0000] {processor.py:183} INFO - Processing /opt/airflow/dags/dbt_model_dag.py took 0.115 seconds
[2025-05-22T16:05:19.789+0000] {processor.py:161} INFO - Started process (PID=30528) to work on /opt/airflow/dags/dbt_model_dag.py
[2025-05-22T16:05:19.790+0000] {processor.py:830} INFO - Processing file /opt/airflow/dags/dbt_model_dag.py for tasks to queue
[2025-05-22T16:05:19.792+0000] {logging_mixin.py:188} INFO - [2025-05-22T16:05:19.792+0000] {dagbag.py:538} INFO - Filling up the DagBag from /opt/airflow/dags/dbt_model_dag.py
[2025-05-22T16:05:19.819+0000] {processor.py:840} INFO - DAG(s) 'run_dbt_models_after_ingestion' retrieved from /opt/airflow/dags/dbt_model_dag.py
[2025-05-22T16:05:19.862+0000] {logging_mixin.py:188} INFO - [2025-05-22T16:05:19.862+0000] {dag.py:3036} INFO - Sync 1 DAGs
[2025-05-22T16:05:19.881+0000] {logging_mixin.py:188} INFO - [2025-05-22T16:05:19.881+0000] {dag.py:3823} INFO - Setting next_dagrun for run_dbt_models_after_ingestion to None, run_after=None
[2025-05-22T16:05:19.896+0000] {processor.py:183} INFO - Processing /opt/airflow/dags/dbt_model_dag.py took 0.110 seconds
[2025-05-22T16:05:50.420+0000] {processor.py:161} INFO - Started process (PID=30543) to work on /opt/airflow/dags/dbt_model_dag.py
[2025-05-22T16:05:50.421+0000] {processor.py:830} INFO - Processing file /opt/airflow/dags/dbt_model_dag.py for tasks to queue
[2025-05-22T16:05:50.422+0000] {logging_mixin.py:188} INFO - [2025-05-22T16:05:50.422+0000] {dagbag.py:538} INFO - Filling up the DagBag from /opt/airflow/dags/dbt_model_dag.py
[2025-05-22T16:05:50.446+0000] {processor.py:840} INFO - DAG(s) 'run_dbt_models_after_ingestion' retrieved from /opt/airflow/dags/dbt_model_dag.py
[2025-05-22T16:05:50.487+0000] {logging_mixin.py:188} INFO - [2025-05-22T16:05:50.487+0000] {dag.py:3036} INFO - Sync 1 DAGs
[2025-05-22T16:05:50.501+0000] {logging_mixin.py:188} INFO - [2025-05-22T16:05:50.501+0000] {dag.py:3823} INFO - Setting next_dagrun for run_dbt_models_after_ingestion to None, run_after=None
[2025-05-22T16:05:50.517+0000] {processor.py:183} INFO - Processing /opt/airflow/dags/dbt_model_dag.py took 0.108 seconds
[2025-05-22T16:06:20.982+0000] {processor.py:161} INFO - Started process (PID=30558) to work on /opt/airflow/dags/dbt_model_dag.py
[2025-05-22T16:06:20.984+0000] {processor.py:830} INFO - Processing file /opt/airflow/dags/dbt_model_dag.py for tasks to queue
[2025-05-22T16:06:20.986+0000] {logging_mixin.py:188} INFO - [2025-05-22T16:06:20.985+0000] {dagbag.py:538} INFO - Filling up the DagBag from /opt/airflow/dags/dbt_model_dag.py
[2025-05-22T16:06:21.013+0000] {processor.py:840} INFO - DAG(s) 'run_dbt_models_after_ingestion' retrieved from /opt/airflow/dags/dbt_model_dag.py
[2025-05-22T16:06:21.055+0000] {logging_mixin.py:188} INFO - [2025-05-22T16:06:21.055+0000] {dag.py:3036} INFO - Sync 1 DAGs
[2025-05-22T16:06:21.068+0000] {logging_mixin.py:188} INFO - [2025-05-22T16:06:21.068+0000] {dag.py:3823} INFO - Setting next_dagrun for run_dbt_models_after_ingestion to None, run_after=None
[2025-05-22T16:06:21.084+0000] {processor.py:183} INFO - Processing /opt/airflow/dags/dbt_model_dag.py took 0.110 seconds
[2025-05-22T16:06:51.494+0000] {processor.py:161} INFO - Started process (PID=30573) to work on /opt/airflow/dags/dbt_model_dag.py
[2025-05-22T16:06:51.498+0000] {processor.py:830} INFO - Processing file /opt/airflow/dags/dbt_model_dag.py for tasks to queue
[2025-05-22T16:06:51.500+0000] {logging_mixin.py:188} INFO - [2025-05-22T16:06:51.499+0000] {dagbag.py:538} INFO - Filling up the DagBag from /opt/airflow/dags/dbt_model_dag.py
[2025-05-22T16:06:51.523+0000] {processor.py:840} INFO - DAG(s) 'run_dbt_models_after_ingestion' retrieved from /opt/airflow/dags/dbt_model_dag.py
[2025-05-22T16:06:51.565+0000] {logging_mixin.py:188} INFO - [2025-05-22T16:06:51.564+0000] {dag.py:3036} INFO - Sync 1 DAGs
[2025-05-22T16:06:51.577+0000] {logging_mixin.py:188} INFO - [2025-05-22T16:06:51.577+0000] {dag.py:3823} INFO - Setting next_dagrun for run_dbt_models_after_ingestion to None, run_after=None
[2025-05-22T16:06:51.594+0000] {processor.py:183} INFO - Processing /opt/airflow/dags/dbt_model_dag.py took 0.109 seconds
[2025-05-22T16:07:22.062+0000] {processor.py:161} INFO - Started process (PID=30588) to work on /opt/airflow/dags/dbt_model_dag.py
[2025-05-22T16:07:22.063+0000] {processor.py:830} INFO - Processing file /opt/airflow/dags/dbt_model_dag.py for tasks to queue
[2025-05-22T16:07:22.064+0000] {logging_mixin.py:188} INFO - [2025-05-22T16:07:22.064+0000] {dagbag.py:538} INFO - Filling up the DagBag from /opt/airflow/dags/dbt_model_dag.py
[2025-05-22T16:07:22.095+0000] {processor.py:840} INFO - DAG(s) 'run_dbt_models_after_ingestion' retrieved from /opt/airflow/dags/dbt_model_dag.py
[2025-05-22T16:07:22.140+0000] {logging_mixin.py:188} INFO - [2025-05-22T16:07:22.140+0000] {dag.py:3036} INFO - Sync 1 DAGs
[2025-05-22T16:07:22.157+0000] {logging_mixin.py:188} INFO - [2025-05-22T16:07:22.157+0000] {dag.py:3823} INFO - Setting next_dagrun for run_dbt_models_after_ingestion to None, run_after=None
[2025-05-22T16:07:22.177+0000] {processor.py:183} INFO - Processing /opt/airflow/dags/dbt_model_dag.py took 0.123 seconds
[2025-05-22T16:07:52.677+0000] {processor.py:161} INFO - Started process (PID=30603) to work on /opt/airflow/dags/dbt_model_dag.py
[2025-05-22T16:07:52.680+0000] {processor.py:830} INFO - Processing file /opt/airflow/dags/dbt_model_dag.py for tasks to queue
[2025-05-22T16:07:52.681+0000] {logging_mixin.py:188} INFO - [2025-05-22T16:07:52.680+0000] {dagbag.py:538} INFO - Filling up the DagBag from /opt/airflow/dags/dbt_model_dag.py
[2025-05-22T16:07:52.708+0000] {processor.py:840} INFO - DAG(s) 'run_dbt_models_after_ingestion' retrieved from /opt/airflow/dags/dbt_model_dag.py
[2025-05-22T16:07:52.750+0000] {logging_mixin.py:188} INFO - [2025-05-22T16:07:52.750+0000] {dag.py:3036} INFO - Sync 1 DAGs
[2025-05-22T16:07:52.764+0000] {logging_mixin.py:188} INFO - [2025-05-22T16:07:52.764+0000] {dag.py:3823} INFO - Setting next_dagrun for run_dbt_models_after_ingestion to None, run_after=None
[2025-05-22T16:07:52.781+0000] {processor.py:183} INFO - Processing /opt/airflow/dags/dbt_model_dag.py took 0.114 seconds
[2025-05-22T16:08:23.281+0000] {processor.py:161} INFO - Started process (PID=30617) to work on /opt/airflow/dags/dbt_model_dag.py
[2025-05-22T16:08:23.284+0000] {processor.py:830} INFO - Processing file /opt/airflow/dags/dbt_model_dag.py for tasks to queue
[2025-05-22T16:08:23.285+0000] {logging_mixin.py:188} INFO - [2025-05-22T16:08:23.285+0000] {dagbag.py:538} INFO - Filling up the DagBag from /opt/airflow/dags/dbt_model_dag.py
[2025-05-22T16:08:23.318+0000] {processor.py:840} INFO - DAG(s) 'run_dbt_models_after_ingestion' retrieved from /opt/airflow/dags/dbt_model_dag.py
[2025-05-22T16:08:23.365+0000] {logging_mixin.py:188} INFO - [2025-05-22T16:08:23.365+0000] {dag.py:3036} INFO - Sync 1 DAGs
[2025-05-22T16:08:23.377+0000] {logging_mixin.py:188} INFO - [2025-05-22T16:08:23.377+0000] {dag.py:3823} INFO - Setting next_dagrun for run_dbt_models_after_ingestion to None, run_after=None
[2025-05-22T16:08:23.395+0000] {processor.py:183} INFO - Processing /opt/airflow/dags/dbt_model_dag.py took 0.125 seconds
[2025-05-22T16:08:53.897+0000] {processor.py:161} INFO - Started process (PID=30633) to work on /opt/airflow/dags/dbt_model_dag.py
[2025-05-22T16:08:53.899+0000] {processor.py:830} INFO - Processing file /opt/airflow/dags/dbt_model_dag.py for tasks to queue
[2025-05-22T16:08:53.901+0000] {logging_mixin.py:188} INFO - [2025-05-22T16:08:53.900+0000] {dagbag.py:538} INFO - Filling up the DagBag from /opt/airflow/dags/dbt_model_dag.py
[2025-05-22T16:08:53.925+0000] {processor.py:840} INFO - DAG(s) 'run_dbt_models_after_ingestion' retrieved from /opt/airflow/dags/dbt_model_dag.py
[2025-05-22T16:08:53.969+0000] {logging_mixin.py:188} INFO - [2025-05-22T16:08:53.969+0000] {dag.py:3036} INFO - Sync 1 DAGs
[2025-05-22T16:08:53.982+0000] {logging_mixin.py:188} INFO - [2025-05-22T16:08:53.982+0000] {dag.py:3823} INFO - Setting next_dagrun for run_dbt_models_after_ingestion to None, run_after=None
[2025-05-22T16:08:53.998+0000] {processor.py:183} INFO - Processing /opt/airflow/dags/dbt_model_dag.py took 0.110 seconds
[2025-05-22T16:09:24.460+0000] {processor.py:161} INFO - Started process (PID=30648) to work on /opt/airflow/dags/dbt_model_dag.py
[2025-05-22T16:09:24.462+0000] {processor.py:830} INFO - Processing file /opt/airflow/dags/dbt_model_dag.py for tasks to queue
[2025-05-22T16:09:24.463+0000] {logging_mixin.py:188} INFO - [2025-05-22T16:09:24.463+0000] {dagbag.py:538} INFO - Filling up the DagBag from /opt/airflow/dags/dbt_model_dag.py
[2025-05-22T16:09:24.493+0000] {processor.py:840} INFO - DAG(s) 'run_dbt_models_after_ingestion' retrieved from /opt/airflow/dags/dbt_model_dag.py
[2025-05-22T16:09:24.543+0000] {logging_mixin.py:188} INFO - [2025-05-22T16:09:24.543+0000] {dag.py:3036} INFO - Sync 1 DAGs
[2025-05-22T16:09:24.558+0000] {logging_mixin.py:188} INFO - [2025-05-22T16:09:24.558+0000] {dag.py:3823} INFO - Setting next_dagrun for run_dbt_models_after_ingestion to None, run_after=None
[2025-05-22T16:09:24.574+0000] {processor.py:183} INFO - Processing /opt/airflow/dags/dbt_model_dag.py took 0.120 seconds
[2025-05-22T16:09:55.070+0000] {processor.py:161} INFO - Started process (PID=30663) to work on /opt/airflow/dags/dbt_model_dag.py
[2025-05-22T16:09:55.074+0000] {processor.py:830} INFO - Processing file /opt/airflow/dags/dbt_model_dag.py for tasks to queue
[2025-05-22T16:09:55.075+0000] {logging_mixin.py:188} INFO - [2025-05-22T16:09:55.074+0000] {dagbag.py:538} INFO - Filling up the DagBag from /opt/airflow/dags/dbt_model_dag.py
[2025-05-22T16:09:55.100+0000] {processor.py:840} INFO - DAG(s) 'run_dbt_models_after_ingestion' retrieved from /opt/airflow/dags/dbt_model_dag.py
[2025-05-22T16:09:55.144+0000] {logging_mixin.py:188} INFO - [2025-05-22T16:09:55.144+0000] {dag.py:3036} INFO - Sync 1 DAGs
[2025-05-22T16:09:55.158+0000] {logging_mixin.py:188} INFO - [2025-05-22T16:09:55.158+0000] {dag.py:3823} INFO - Setting next_dagrun for run_dbt_models_after_ingestion to None, run_after=None
[2025-05-22T16:09:55.176+0000] {processor.py:183} INFO - Processing /opt/airflow/dags/dbt_model_dag.py took 0.111 seconds
[2025-05-22T16:10:25.620+0000] {processor.py:161} INFO - Started process (PID=30678) to work on /opt/airflow/dags/dbt_model_dag.py
[2025-05-22T16:10:25.622+0000] {processor.py:830} INFO - Processing file /opt/airflow/dags/dbt_model_dag.py for tasks to queue
[2025-05-22T16:10:25.623+0000] {logging_mixin.py:188} INFO - [2025-05-22T16:10:25.623+0000] {dagbag.py:538} INFO - Filling up the DagBag from /opt/airflow/dags/dbt_model_dag.py
[2025-05-22T16:10:25.654+0000] {processor.py:840} INFO - DAG(s) 'run_dbt_models_after_ingestion' retrieved from /opt/airflow/dags/dbt_model_dag.py
[2025-05-22T16:10:25.705+0000] {logging_mixin.py:188} INFO - [2025-05-22T16:10:25.704+0000] {dag.py:3036} INFO - Sync 1 DAGs
[2025-05-22T16:10:25.720+0000] {logging_mixin.py:188} INFO - [2025-05-22T16:10:25.720+0000] {dag.py:3823} INFO - Setting next_dagrun for run_dbt_models_after_ingestion to None, run_after=None
[2025-05-22T16:10:25.916+0000] {processor.py:183} INFO - Processing /opt/airflow/dags/dbt_model_dag.py took 0.303 seconds
[2025-05-22T16:10:56.305+0000] {processor.py:161} INFO - Started process (PID=30693) to work on /opt/airflow/dags/dbt_model_dag.py
[2025-05-22T16:10:56.307+0000] {processor.py:830} INFO - Processing file /opt/airflow/dags/dbt_model_dag.py for tasks to queue
[2025-05-22T16:10:56.308+0000] {logging_mixin.py:188} INFO - [2025-05-22T16:10:56.308+0000] {dagbag.py:538} INFO - Filling up the DagBag from /opt/airflow/dags/dbt_model_dag.py
[2025-05-22T16:10:56.331+0000] {processor.py:840} INFO - DAG(s) 'run_dbt_models_after_ingestion' retrieved from /opt/airflow/dags/dbt_model_dag.py
[2025-05-22T16:10:56.372+0000] {logging_mixin.py:188} INFO - [2025-05-22T16:10:56.371+0000] {dag.py:3036} INFO - Sync 1 DAGs
[2025-05-22T16:10:56.387+0000] {logging_mixin.py:188} INFO - [2025-05-22T16:10:56.386+0000] {dag.py:3823} INFO - Setting next_dagrun for run_dbt_models_after_ingestion to None, run_after=None
[2025-05-22T16:10:56.405+0000] {processor.py:183} INFO - Processing /opt/airflow/dags/dbt_model_dag.py took 0.105 seconds
[2025-05-22T16:11:26.865+0000] {processor.py:161} INFO - Started process (PID=30708) to work on /opt/airflow/dags/dbt_model_dag.py
[2025-05-22T16:11:26.868+0000] {processor.py:830} INFO - Processing file /opt/airflow/dags/dbt_model_dag.py for tasks to queue
[2025-05-22T16:11:26.869+0000] {logging_mixin.py:188} INFO - [2025-05-22T16:11:26.868+0000] {dagbag.py:538} INFO - Filling up the DagBag from /opt/airflow/dags/dbt_model_dag.py
[2025-05-22T16:11:26.896+0000] {processor.py:840} INFO - DAG(s) 'run_dbt_models_after_ingestion' retrieved from /opt/airflow/dags/dbt_model_dag.py
[2025-05-22T16:11:26.940+0000] {logging_mixin.py:188} INFO - [2025-05-22T16:11:26.940+0000] {dag.py:3036} INFO - Sync 1 DAGs
[2025-05-22T16:11:26.956+0000] {logging_mixin.py:188} INFO - [2025-05-22T16:11:26.956+0000] {dag.py:3823} INFO - Setting next_dagrun for run_dbt_models_after_ingestion to None, run_after=None
[2025-05-22T16:11:26.975+0000] {processor.py:183} INFO - Processing /opt/airflow/dags/dbt_model_dag.py took 0.121 seconds
[2025-05-22T16:11:57.447+0000] {processor.py:161} INFO - Started process (PID=30723) to work on /opt/airflow/dags/dbt_model_dag.py
[2025-05-22T16:11:57.449+0000] {processor.py:830} INFO - Processing file /opt/airflow/dags/dbt_model_dag.py for tasks to queue
[2025-05-22T16:11:57.452+0000] {logging_mixin.py:188} INFO - [2025-05-22T16:11:57.451+0000] {dagbag.py:538} INFO - Filling up the DagBag from /opt/airflow/dags/dbt_model_dag.py
[2025-05-22T16:11:57.476+0000] {processor.py:840} INFO - DAG(s) 'run_dbt_models_after_ingestion' retrieved from /opt/airflow/dags/dbt_model_dag.py
[2025-05-22T16:11:57.514+0000] {logging_mixin.py:188} INFO - [2025-05-22T16:11:57.514+0000] {dag.py:3036} INFO - Sync 1 DAGs
[2025-05-22T16:11:57.526+0000] {logging_mixin.py:188} INFO - [2025-05-22T16:11:57.526+0000] {dag.py:3823} INFO - Setting next_dagrun for run_dbt_models_after_ingestion to None, run_after=None
[2025-05-22T16:11:57.550+0000] {processor.py:183} INFO - Processing /opt/airflow/dags/dbt_model_dag.py took 0.111 seconds
[2025-05-22T16:12:28.015+0000] {processor.py:161} INFO - Started process (PID=30737) to work on /opt/airflow/dags/dbt_model_dag.py
[2025-05-22T16:12:28.018+0000] {processor.py:830} INFO - Processing file /opt/airflow/dags/dbt_model_dag.py for tasks to queue
[2025-05-22T16:12:28.019+0000] {logging_mixin.py:188} INFO - [2025-05-22T16:12:28.019+0000] {dagbag.py:538} INFO - Filling up the DagBag from /opt/airflow/dags/dbt_model_dag.py
[2025-05-22T16:12:28.051+0000] {processor.py:840} INFO - DAG(s) 'run_dbt_models_after_ingestion' retrieved from /opt/airflow/dags/dbt_model_dag.py
[2025-05-22T16:12:28.095+0000] {logging_mixin.py:188} INFO - [2025-05-22T16:12:28.094+0000] {dag.py:3036} INFO - Sync 1 DAGs
[2025-05-22T16:12:28.107+0000] {logging_mixin.py:188} INFO - [2025-05-22T16:12:28.107+0000] {dag.py:3823} INFO - Setting next_dagrun for run_dbt_models_after_ingestion to None, run_after=None
[2025-05-22T16:12:28.123+0000] {processor.py:183} INFO - Processing /opt/airflow/dags/dbt_model_dag.py took 0.121 seconds
[2025-05-22T16:12:58.561+0000] {processor.py:161} INFO - Started process (PID=30753) to work on /opt/airflow/dags/dbt_model_dag.py
[2025-05-22T16:12:58.565+0000] {processor.py:830} INFO - Processing file /opt/airflow/dags/dbt_model_dag.py for tasks to queue
[2025-05-22T16:12:58.566+0000] {logging_mixin.py:188} INFO - [2025-05-22T16:12:58.565+0000] {dagbag.py:538} INFO - Filling up the DagBag from /opt/airflow/dags/dbt_model_dag.py
[2025-05-22T16:12:58.595+0000] {processor.py:840} INFO - DAG(s) 'run_dbt_models_after_ingestion' retrieved from /opt/airflow/dags/dbt_model_dag.py
[2025-05-22T16:12:58.641+0000] {logging_mixin.py:188} INFO - [2025-05-22T16:12:58.641+0000] {dag.py:3036} INFO - Sync 1 DAGs
[2025-05-22T16:12:58.655+0000] {logging_mixin.py:188} INFO - [2025-05-22T16:12:58.655+0000] {dag.py:3823} INFO - Setting next_dagrun for run_dbt_models_after_ingestion to None, run_after=None
[2025-05-22T16:12:58.856+0000] {processor.py:183} INFO - Processing /opt/airflow/dags/dbt_model_dag.py took 0.302 seconds
[2025-05-22T16:13:29.353+0000] {processor.py:161} INFO - Started process (PID=30768) to work on /opt/airflow/dags/dbt_model_dag.py
[2025-05-22T16:13:29.355+0000] {processor.py:830} INFO - Processing file /opt/airflow/dags/dbt_model_dag.py for tasks to queue
[2025-05-22T16:13:29.356+0000] {logging_mixin.py:188} INFO - [2025-05-22T16:13:29.355+0000] {dagbag.py:538} INFO - Filling up the DagBag from /opt/airflow/dags/dbt_model_dag.py
[2025-05-22T16:13:29.385+0000] {processor.py:840} INFO - DAG(s) 'run_dbt_models_after_ingestion' retrieved from /opt/airflow/dags/dbt_model_dag.py
[2025-05-22T16:13:29.431+0000] {logging_mixin.py:188} INFO - [2025-05-22T16:13:29.431+0000] {dag.py:3036} INFO - Sync 1 DAGs
[2025-05-22T16:13:29.446+0000] {logging_mixin.py:188} INFO - [2025-05-22T16:13:29.446+0000] {dag.py:3823} INFO - Setting next_dagrun for run_dbt_models_after_ingestion to None, run_after=None
[2025-05-22T16:13:29.463+0000] {processor.py:183} INFO - Processing /opt/airflow/dags/dbt_model_dag.py took 0.120 seconds
[2025-05-22T16:13:59.969+0000] {processor.py:161} INFO - Started process (PID=30783) to work on /opt/airflow/dags/dbt_model_dag.py
[2025-05-22T16:13:59.971+0000] {processor.py:830} INFO - Processing file /opt/airflow/dags/dbt_model_dag.py for tasks to queue
[2025-05-22T16:13:59.973+0000] {logging_mixin.py:188} INFO - [2025-05-22T16:13:59.972+0000] {dagbag.py:538} INFO - Filling up the DagBag from /opt/airflow/dags/dbt_model_dag.py
[2025-05-22T16:13:59.994+0000] {processor.py:840} INFO - DAG(s) 'run_dbt_models_after_ingestion' retrieved from /opt/airflow/dags/dbt_model_dag.py
[2025-05-22T16:14:00.041+0000] {logging_mixin.py:188} INFO - [2025-05-22T16:14:00.041+0000] {dag.py:3036} INFO - Sync 1 DAGs
[2025-05-22T16:14:00.055+0000] {logging_mixin.py:188} INFO - [2025-05-22T16:14:00.055+0000] {dag.py:3823} INFO - Setting next_dagrun for run_dbt_models_after_ingestion to None, run_after=None
[2025-05-22T16:14:00.070+0000] {processor.py:183} INFO - Processing /opt/airflow/dags/dbt_model_dag.py took 0.112 seconds
[2025-05-22T16:14:30.623+0000] {processor.py:161} INFO - Started process (PID=30798) to work on /opt/airflow/dags/dbt_model_dag.py
[2025-05-22T16:14:30.626+0000] {processor.py:830} INFO - Processing file /opt/airflow/dags/dbt_model_dag.py for tasks to queue
[2025-05-22T16:14:30.628+0000] {logging_mixin.py:188} INFO - [2025-05-22T16:14:30.627+0000] {dagbag.py:538} INFO - Filling up the DagBag from /opt/airflow/dags/dbt_model_dag.py
[2025-05-22T16:14:30.664+0000] {processor.py:840} INFO - DAG(s) 'run_dbt_models_after_ingestion' retrieved from /opt/airflow/dags/dbt_model_dag.py
[2025-05-22T16:14:30.711+0000] {logging_mixin.py:188} INFO - [2025-05-22T16:14:30.711+0000] {dag.py:3036} INFO - Sync 1 DAGs
[2025-05-22T16:14:30.725+0000] {logging_mixin.py:188} INFO - [2025-05-22T16:14:30.725+0000] {dag.py:3823} INFO - Setting next_dagrun for run_dbt_models_after_ingestion to None, run_after=None
[2025-05-22T16:14:30.742+0000] {processor.py:183} INFO - Processing /opt/airflow/dags/dbt_model_dag.py took 0.127 seconds
[2025-05-22T16:15:01.316+0000] {processor.py:161} INFO - Started process (PID=30813) to work on /opt/airflow/dags/dbt_model_dag.py
[2025-05-22T16:15:01.318+0000] {processor.py:830} INFO - Processing file /opt/airflow/dags/dbt_model_dag.py for tasks to queue
[2025-05-22T16:15:01.320+0000] {logging_mixin.py:188} INFO - [2025-05-22T16:15:01.320+0000] {dagbag.py:538} INFO - Filling up the DagBag from /opt/airflow/dags/dbt_model_dag.py
[2025-05-22T16:15:01.345+0000] {processor.py:840} INFO - DAG(s) 'run_dbt_models_after_ingestion' retrieved from /opt/airflow/dags/dbt_model_dag.py
[2025-05-22T16:15:01.388+0000] {logging_mixin.py:188} INFO - [2025-05-22T16:15:01.387+0000] {dag.py:3036} INFO - Sync 1 DAGs
[2025-05-22T16:15:01.400+0000] {logging_mixin.py:188} INFO - [2025-05-22T16:15:01.400+0000] {dag.py:3823} INFO - Setting next_dagrun for run_dbt_models_after_ingestion to None, run_after=None
[2025-05-22T16:15:01.419+0000] {processor.py:183} INFO - Processing /opt/airflow/dags/dbt_model_dag.py took 0.105 seconds
[2025-05-22T16:15:31.878+0000] {processor.py:161} INFO - Started process (PID=30828) to work on /opt/airflow/dags/dbt_model_dag.py
[2025-05-22T16:15:31.882+0000] {processor.py:830} INFO - Processing file /opt/airflow/dags/dbt_model_dag.py for tasks to queue
[2025-05-22T16:15:31.883+0000] {logging_mixin.py:188} INFO - [2025-05-22T16:15:31.883+0000] {dagbag.py:538} INFO - Filling up the DagBag from /opt/airflow/dags/dbt_model_dag.py
[2025-05-22T16:15:31.909+0000] {processor.py:840} INFO - DAG(s) 'run_dbt_models_after_ingestion' retrieved from /opt/airflow/dags/dbt_model_dag.py
[2025-05-22T16:15:31.955+0000] {logging_mixin.py:188} INFO - [2025-05-22T16:15:31.955+0000] {dag.py:3036} INFO - Sync 1 DAGs
[2025-05-22T16:15:31.971+0000] {logging_mixin.py:188} INFO - [2025-05-22T16:15:31.970+0000] {dag.py:3823} INFO - Setting next_dagrun for run_dbt_models_after_ingestion to None, run_after=None
[2025-05-22T16:15:32.159+0000] {processor.py:183} INFO - Processing /opt/airflow/dags/dbt_model_dag.py took 0.288 seconds
[2025-05-22T16:16:02.700+0000] {processor.py:161} INFO - Started process (PID=30843) to work on /opt/airflow/dags/dbt_model_dag.py
[2025-05-22T16:16:02.702+0000] {processor.py:830} INFO - Processing file /opt/airflow/dags/dbt_model_dag.py for tasks to queue
[2025-05-22T16:16:02.705+0000] {logging_mixin.py:188} INFO - [2025-05-22T16:16:02.705+0000] {dagbag.py:538} INFO - Filling up the DagBag from /opt/airflow/dags/dbt_model_dag.py
[2025-05-22T16:16:02.735+0000] {processor.py:840} INFO - DAG(s) 'run_dbt_models_after_ingestion' retrieved from /opt/airflow/dags/dbt_model_dag.py
[2025-05-22T16:16:02.776+0000] {logging_mixin.py:188} INFO - [2025-05-22T16:16:02.775+0000] {dag.py:3036} INFO - Sync 1 DAGs
[2025-05-22T16:16:02.789+0000] {logging_mixin.py:188} INFO - [2025-05-22T16:16:02.789+0000] {dag.py:3823} INFO - Setting next_dagrun for run_dbt_models_after_ingestion to None, run_after=None
[2025-05-22T16:16:02.803+0000] {processor.py:183} INFO - Processing /opt/airflow/dags/dbt_model_dag.py took 0.115 seconds
[2025-05-22T16:16:33.333+0000] {processor.py:161} INFO - Started process (PID=30858) to work on /opt/airflow/dags/dbt_model_dag.py
[2025-05-22T16:16:33.335+0000] {processor.py:830} INFO - Processing file /opt/airflow/dags/dbt_model_dag.py for tasks to queue
[2025-05-22T16:16:33.337+0000] {logging_mixin.py:188} INFO - [2025-05-22T16:16:33.337+0000] {dagbag.py:538} INFO - Filling up the DagBag from /opt/airflow/dags/dbt_model_dag.py
[2025-05-22T16:16:33.363+0000] {processor.py:840} INFO - DAG(s) 'run_dbt_models_after_ingestion' retrieved from /opt/airflow/dags/dbt_model_dag.py
[2025-05-22T16:16:33.404+0000] {logging_mixin.py:188} INFO - [2025-05-22T16:16:33.404+0000] {dag.py:3036} INFO - Sync 1 DAGs
[2025-05-22T16:16:33.417+0000] {logging_mixin.py:188} INFO - [2025-05-22T16:16:33.417+0000] {dag.py:3823} INFO - Setting next_dagrun for run_dbt_models_after_ingestion to None, run_after=None
[2025-05-22T16:16:33.432+0000] {processor.py:183} INFO - Processing /opt/airflow/dags/dbt_model_dag.py took 0.108 seconds
[2025-05-22T16:17:03.960+0000] {processor.py:161} INFO - Started process (PID=30873) to work on /opt/airflow/dags/dbt_model_dag.py
[2025-05-22T16:17:03.962+0000] {processor.py:830} INFO - Processing file /opt/airflow/dags/dbt_model_dag.py for tasks to queue
[2025-05-22T16:17:03.963+0000] {logging_mixin.py:188} INFO - [2025-05-22T16:17:03.962+0000] {dagbag.py:538} INFO - Filling up the DagBag from /opt/airflow/dags/dbt_model_dag.py
[2025-05-22T16:17:03.992+0000] {processor.py:840} INFO - DAG(s) 'run_dbt_models_after_ingestion' retrieved from /opt/airflow/dags/dbt_model_dag.py
[2025-05-22T16:17:04.035+0000] {logging_mixin.py:188} INFO - [2025-05-22T16:17:04.035+0000] {dag.py:3036} INFO - Sync 1 DAGs
[2025-05-22T16:17:04.048+0000] {logging_mixin.py:188} INFO - [2025-05-22T16:17:04.048+0000] {dag.py:3823} INFO - Setting next_dagrun for run_dbt_models_after_ingestion to None, run_after=None
[2025-05-22T16:17:04.065+0000] {processor.py:183} INFO - Processing /opt/airflow/dags/dbt_model_dag.py took 0.112 seconds
[2025-05-22T16:17:34.567+0000] {processor.py:161} INFO - Started process (PID=30888) to work on /opt/airflow/dags/dbt_model_dag.py
[2025-05-22T16:17:34.568+0000] {processor.py:830} INFO - Processing file /opt/airflow/dags/dbt_model_dag.py for tasks to queue
[2025-05-22T16:17:34.571+0000] {logging_mixin.py:188} INFO - [2025-05-22T16:17:34.571+0000] {dagbag.py:538} INFO - Filling up the DagBag from /opt/airflow/dags/dbt_model_dag.py
[2025-05-22T16:17:34.603+0000] {processor.py:840} INFO - DAG(s) 'run_dbt_models_after_ingestion' retrieved from /opt/airflow/dags/dbt_model_dag.py
[2025-05-22T16:17:34.649+0000] {logging_mixin.py:188} INFO - [2025-05-22T16:17:34.649+0000] {dag.py:3036} INFO - Sync 1 DAGs
[2025-05-22T16:17:34.661+0000] {logging_mixin.py:188} INFO - [2025-05-22T16:17:34.661+0000] {dag.py:3823} INFO - Setting next_dagrun for run_dbt_models_after_ingestion to None, run_after=None
[2025-05-22T16:17:34.682+0000] {processor.py:183} INFO - Processing /opt/airflow/dags/dbt_model_dag.py took 0.119 seconds
[2025-05-22T16:18:05.195+0000] {processor.py:161} INFO - Started process (PID=30903) to work on /opt/airflow/dags/dbt_model_dag.py
[2025-05-22T16:18:05.199+0000] {processor.py:830} INFO - Processing file /opt/airflow/dags/dbt_model_dag.py for tasks to queue
[2025-05-22T16:18:05.201+0000] {logging_mixin.py:188} INFO - [2025-05-22T16:18:05.200+0000] {dagbag.py:538} INFO - Filling up the DagBag from /opt/airflow/dags/dbt_model_dag.py
[2025-05-22T16:18:05.234+0000] {processor.py:840} INFO - DAG(s) 'run_dbt_models_after_ingestion' retrieved from /opt/airflow/dags/dbt_model_dag.py
[2025-05-22T16:18:05.278+0000] {logging_mixin.py:188} INFO - [2025-05-22T16:18:05.278+0000] {dag.py:3036} INFO - Sync 1 DAGs
[2025-05-22T16:18:05.290+0000] {logging_mixin.py:188} INFO - [2025-05-22T16:18:05.290+0000] {dag.py:3823} INFO - Setting next_dagrun for run_dbt_models_after_ingestion to None, run_after=None
[2025-05-22T16:18:05.508+0000] {processor.py:183} INFO - Processing /opt/airflow/dags/dbt_model_dag.py took 0.323 seconds
[2025-05-22T16:18:36.018+0000] {processor.py:161} INFO - Started process (PID=30918) to work on /opt/airflow/dags/dbt_model_dag.py
[2025-05-22T16:18:36.019+0000] {processor.py:830} INFO - Processing file /opt/airflow/dags/dbt_model_dag.py for tasks to queue
[2025-05-22T16:18:36.021+0000] {logging_mixin.py:188} INFO - [2025-05-22T16:18:36.020+0000] {dagbag.py:538} INFO - Filling up the DagBag from /opt/airflow/dags/dbt_model_dag.py
[2025-05-22T16:18:36.045+0000] {processor.py:840} INFO - DAG(s) 'run_dbt_models_after_ingestion' retrieved from /opt/airflow/dags/dbt_model_dag.py
[2025-05-22T16:18:36.089+0000] {logging_mixin.py:188} INFO - [2025-05-22T16:18:36.088+0000] {dag.py:3036} INFO - Sync 1 DAGs
[2025-05-22T16:18:36.107+0000] {logging_mixin.py:188} INFO - [2025-05-22T16:18:36.107+0000] {dag.py:3823} INFO - Setting next_dagrun for run_dbt_models_after_ingestion to None, run_after=None
[2025-05-22T16:18:36.120+0000] {processor.py:183} INFO - Processing /opt/airflow/dags/dbt_model_dag.py took 0.113 seconds
[2025-05-22T16:19:06.690+0000] {processor.py:161} INFO - Started process (PID=30933) to work on /opt/airflow/dags/dbt_model_dag.py
[2025-05-22T16:19:06.693+0000] {processor.py:830} INFO - Processing file /opt/airflow/dags/dbt_model_dag.py for tasks to queue
[2025-05-22T16:19:06.694+0000] {logging_mixin.py:188} INFO - [2025-05-22T16:19:06.694+0000] {dagbag.py:538} INFO - Filling up the DagBag from /opt/airflow/dags/dbt_model_dag.py
[2025-05-22T16:19:06.725+0000] {processor.py:840} INFO - DAG(s) 'run_dbt_models_after_ingestion' retrieved from /opt/airflow/dags/dbt_model_dag.py
[2025-05-22T16:19:06.771+0000] {logging_mixin.py:188} INFO - [2025-05-22T16:19:06.770+0000] {dag.py:3036} INFO - Sync 1 DAGs
[2025-05-22T16:19:06.785+0000] {logging_mixin.py:188} INFO - [2025-05-22T16:19:06.784+0000] {dag.py:3823} INFO - Setting next_dagrun for run_dbt_models_after_ingestion to None, run_after=None
[2025-05-22T16:19:06.802+0000] {processor.py:183} INFO - Processing /opt/airflow/dags/dbt_model_dag.py took 0.120 seconds
[2025-05-22T16:19:37.284+0000] {processor.py:161} INFO - Started process (PID=30948) to work on /opt/airflow/dags/dbt_model_dag.py
[2025-05-22T16:19:37.285+0000] {processor.py:830} INFO - Processing file /opt/airflow/dags/dbt_model_dag.py for tasks to queue
[2025-05-22T16:19:37.286+0000] {logging_mixin.py:188} INFO - [2025-05-22T16:19:37.286+0000] {dagbag.py:538} INFO - Filling up the DagBag from /opt/airflow/dags/dbt_model_dag.py
[2025-05-22T16:19:37.312+0000] {processor.py:840} INFO - DAG(s) 'run_dbt_models_after_ingestion' retrieved from /opt/airflow/dags/dbt_model_dag.py
[2025-05-22T16:19:37.358+0000] {logging_mixin.py:188} INFO - [2025-05-22T16:19:37.358+0000] {dag.py:3036} INFO - Sync 1 DAGs
[2025-05-22T16:19:37.375+0000] {logging_mixin.py:188} INFO - [2025-05-22T16:19:37.375+0000] {dag.py:3823} INFO - Setting next_dagrun for run_dbt_models_after_ingestion to None, run_after=None
[2025-05-22T16:19:37.392+0000] {processor.py:183} INFO - Processing /opt/airflow/dags/dbt_model_dag.py took 0.117 seconds
[2025-05-22T16:20:07.919+0000] {processor.py:161} INFO - Started process (PID=30963) to work on /opt/airflow/dags/dbt_model_dag.py
[2025-05-22T16:20:07.921+0000] {processor.py:830} INFO - Processing file /opt/airflow/dags/dbt_model_dag.py for tasks to queue
[2025-05-22T16:20:07.922+0000] {logging_mixin.py:188} INFO - [2025-05-22T16:20:07.921+0000] {dagbag.py:538} INFO - Filling up the DagBag from /opt/airflow/dags/dbt_model_dag.py
[2025-05-22T16:20:07.952+0000] {processor.py:840} INFO - DAG(s) 'run_dbt_models_after_ingestion' retrieved from /opt/airflow/dags/dbt_model_dag.py
[2025-05-22T16:20:07.995+0000] {logging_mixin.py:188} INFO - [2025-05-22T16:20:07.995+0000] {dag.py:3036} INFO - Sync 1 DAGs
[2025-05-22T16:20:08.009+0000] {logging_mixin.py:188} INFO - [2025-05-22T16:20:08.009+0000] {dag.py:3823} INFO - Setting next_dagrun for run_dbt_models_after_ingestion to None, run_after=None
[2025-05-22T16:20:08.026+0000] {processor.py:183} INFO - Processing /opt/airflow/dags/dbt_model_dag.py took 0.117 seconds
[2025-05-22T16:20:38.526+0000] {processor.py:161} INFO - Started process (PID=30978) to work on /opt/airflow/dags/dbt_model_dag.py
[2025-05-22T16:20:38.529+0000] {processor.py:830} INFO - Processing file /opt/airflow/dags/dbt_model_dag.py for tasks to queue
[2025-05-22T16:20:38.531+0000] {logging_mixin.py:188} INFO - [2025-05-22T16:20:38.531+0000] {dagbag.py:538} INFO - Filling up the DagBag from /opt/airflow/dags/dbt_model_dag.py
[2025-05-22T16:20:38.559+0000] {processor.py:840} INFO - DAG(s) 'run_dbt_models_after_ingestion' retrieved from /opt/airflow/dags/dbt_model_dag.py
[2025-05-22T16:20:38.612+0000] {logging_mixin.py:188} INFO - [2025-05-22T16:20:38.611+0000] {dag.py:3036} INFO - Sync 1 DAGs
[2025-05-22T16:20:38.624+0000] {logging_mixin.py:188} INFO - [2025-05-22T16:20:38.624+0000] {dag.py:3823} INFO - Setting next_dagrun for run_dbt_models_after_ingestion to None, run_after=None
[2025-05-22T16:20:38.642+0000] {processor.py:183} INFO - Processing /opt/airflow/dags/dbt_model_dag.py took 0.125 seconds
[2025-05-22T16:21:09.176+0000] {processor.py:161} INFO - Started process (PID=30993) to work on /opt/airflow/dags/dbt_model_dag.py
[2025-05-22T16:21:09.179+0000] {processor.py:830} INFO - Processing file /opt/airflow/dags/dbt_model_dag.py for tasks to queue
[2025-05-22T16:21:09.180+0000] {logging_mixin.py:188} INFO - [2025-05-22T16:21:09.180+0000] {dagbag.py:538} INFO - Filling up the DagBag from /opt/airflow/dags/dbt_model_dag.py
[2025-05-22T16:21:09.211+0000] {processor.py:840} INFO - DAG(s) 'run_dbt_models_after_ingestion' retrieved from /opt/airflow/dags/dbt_model_dag.py
[2025-05-22T16:21:09.251+0000] {logging_mixin.py:188} INFO - [2025-05-22T16:21:09.251+0000] {dag.py:3036} INFO - Sync 1 DAGs
[2025-05-22T16:21:09.264+0000] {logging_mixin.py:188} INFO - [2025-05-22T16:21:09.264+0000] {dag.py:3823} INFO - Setting next_dagrun for run_dbt_models_after_ingestion to None, run_after=None
[2025-05-22T16:21:09.285+0000] {processor.py:183} INFO - Processing /opt/airflow/dags/dbt_model_dag.py took 0.117 seconds
[2025-05-22T16:21:39.718+0000] {processor.py:161} INFO - Started process (PID=31008) to work on /opt/airflow/dags/dbt_model_dag.py
[2025-05-22T16:21:39.721+0000] {processor.py:830} INFO - Processing file /opt/airflow/dags/dbt_model_dag.py for tasks to queue
[2025-05-22T16:21:39.723+0000] {logging_mixin.py:188} INFO - [2025-05-22T16:21:39.722+0000] {dagbag.py:538} INFO - Filling up the DagBag from /opt/airflow/dags/dbt_model_dag.py
[2025-05-22T16:21:39.758+0000] {processor.py:840} INFO - DAG(s) 'run_dbt_models_after_ingestion' retrieved from /opt/airflow/dags/dbt_model_dag.py
[2025-05-22T16:21:39.808+0000] {logging_mixin.py:188} INFO - [2025-05-22T16:21:39.808+0000] {dag.py:3036} INFO - Sync 1 DAGs
[2025-05-22T16:21:39.823+0000] {logging_mixin.py:188} INFO - [2025-05-22T16:21:39.823+0000] {dag.py:3823} INFO - Setting next_dagrun for run_dbt_models_after_ingestion to None, run_after=None
[2025-05-22T16:21:39.841+0000] {processor.py:183} INFO - Processing /opt/airflow/dags/dbt_model_dag.py took 0.133 seconds
[2025-05-22T16:22:10.374+0000] {processor.py:161} INFO - Started process (PID=31023) to work on /opt/airflow/dags/dbt_model_dag.py
[2025-05-22T16:22:10.376+0000] {processor.py:830} INFO - Processing file /opt/airflow/dags/dbt_model_dag.py for tasks to queue
[2025-05-22T16:22:10.377+0000] {logging_mixin.py:188} INFO - [2025-05-22T16:22:10.376+0000] {dagbag.py:538} INFO - Filling up the DagBag from /opt/airflow/dags/dbt_model_dag.py
[2025-05-22T16:22:10.404+0000] {processor.py:840} INFO - DAG(s) 'run_dbt_models_after_ingestion' retrieved from /opt/airflow/dags/dbt_model_dag.py
[2025-05-22T16:22:10.450+0000] {logging_mixin.py:188} INFO - [2025-05-22T16:22:10.450+0000] {dag.py:3036} INFO - Sync 1 DAGs
[2025-05-22T16:22:10.463+0000] {logging_mixin.py:188} INFO - [2025-05-22T16:22:10.463+0000] {dag.py:3823} INFO - Setting next_dagrun for run_dbt_models_after_ingestion to None, run_after=None
[2025-05-22T16:22:10.481+0000] {processor.py:183} INFO - Processing /opt/airflow/dags/dbt_model_dag.py took 0.118 seconds
[2025-05-22T16:22:41.029+0000] {processor.py:161} INFO - Started process (PID=31038) to work on /opt/airflow/dags/dbt_model_dag.py
[2025-05-22T16:22:41.032+0000] {processor.py:830} INFO - Processing file /opt/airflow/dags/dbt_model_dag.py for tasks to queue
[2025-05-22T16:22:41.033+0000] {logging_mixin.py:188} INFO - [2025-05-22T16:22:41.033+0000] {dagbag.py:538} INFO - Filling up the DagBag from /opt/airflow/dags/dbt_model_dag.py
[2025-05-22T16:22:41.062+0000] {processor.py:840} INFO - DAG(s) 'run_dbt_models_after_ingestion' retrieved from /opt/airflow/dags/dbt_model_dag.py
[2025-05-22T16:22:41.103+0000] {logging_mixin.py:188} INFO - [2025-05-22T16:22:41.103+0000] {dag.py:3036} INFO - Sync 1 DAGs
[2025-05-22T16:22:41.117+0000] {logging_mixin.py:188} INFO - [2025-05-22T16:22:41.117+0000] {dag.py:3823} INFO - Setting next_dagrun for run_dbt_models_after_ingestion to None, run_after=None
[2025-05-22T16:22:41.133+0000] {processor.py:183} INFO - Processing /opt/airflow/dags/dbt_model_dag.py took 0.113 seconds
[2025-05-22T16:23:11.636+0000] {processor.py:161} INFO - Started process (PID=31052) to work on /opt/airflow/dags/dbt_model_dag.py
[2025-05-22T16:23:11.641+0000] {processor.py:830} INFO - Processing file /opt/airflow/dags/dbt_model_dag.py for tasks to queue
[2025-05-22T16:23:11.643+0000] {logging_mixin.py:188} INFO - [2025-05-22T16:23:11.643+0000] {dagbag.py:538} INFO - Filling up the DagBag from /opt/airflow/dags/dbt_model_dag.py
[2025-05-22T16:23:11.674+0000] {processor.py:840} INFO - DAG(s) 'run_dbt_models_after_ingestion' retrieved from /opt/airflow/dags/dbt_model_dag.py
[2025-05-22T16:23:11.722+0000] {logging_mixin.py:188} INFO - [2025-05-22T16:23:11.722+0000] {dag.py:3036} INFO - Sync 1 DAGs
[2025-05-22T16:23:11.740+0000] {logging_mixin.py:188} INFO - [2025-05-22T16:23:11.740+0000] {dag.py:3823} INFO - Setting next_dagrun for run_dbt_models_after_ingestion to None, run_after=None
[2025-05-22T16:23:11.758+0000] {processor.py:183} INFO - Processing /opt/airflow/dags/dbt_model_dag.py took 0.131 seconds
[2025-05-22T16:23:42.301+0000] {processor.py:161} INFO - Started process (PID=31068) to work on /opt/airflow/dags/dbt_model_dag.py
[2025-05-22T16:23:42.306+0000] {processor.py:830} INFO - Processing file /opt/airflow/dags/dbt_model_dag.py for tasks to queue
[2025-05-22T16:23:42.307+0000] {logging_mixin.py:188} INFO - [2025-05-22T16:23:42.306+0000] {dagbag.py:538} INFO - Filling up the DagBag from /opt/airflow/dags/dbt_model_dag.py
[2025-05-22T16:23:42.329+0000] {processor.py:840} INFO - DAG(s) 'run_dbt_models_after_ingestion' retrieved from /opt/airflow/dags/dbt_model_dag.py
[2025-05-22T16:23:42.379+0000] {logging_mixin.py:188} INFO - [2025-05-22T16:23:42.379+0000] {dag.py:3036} INFO - Sync 1 DAGs
[2025-05-22T16:23:42.395+0000] {logging_mixin.py:188} INFO - [2025-05-22T16:23:42.395+0000] {dag.py:3823} INFO - Setting next_dagrun for run_dbt_models_after_ingestion to None, run_after=None
[2025-05-22T16:23:42.598+0000] {processor.py:183} INFO - Processing /opt/airflow/dags/dbt_model_dag.py took 0.303 seconds
[2025-05-22T16:24:13.157+0000] {processor.py:161} INFO - Started process (PID=31083) to work on /opt/airflow/dags/dbt_model_dag.py
[2025-05-22T16:24:13.159+0000] {processor.py:830} INFO - Processing file /opt/airflow/dags/dbt_model_dag.py for tasks to queue
[2025-05-22T16:24:13.160+0000] {logging_mixin.py:188} INFO - [2025-05-22T16:24:13.159+0000] {dagbag.py:538} INFO - Filling up the DagBag from /opt/airflow/dags/dbt_model_dag.py
[2025-05-22T16:24:13.192+0000] {processor.py:840} INFO - DAG(s) 'run_dbt_models_after_ingestion' retrieved from /opt/airflow/dags/dbt_model_dag.py
[2025-05-22T16:24:13.235+0000] {logging_mixin.py:188} INFO - [2025-05-22T16:24:13.235+0000] {dag.py:3036} INFO - Sync 1 DAGs
[2025-05-22T16:24:13.247+0000] {logging_mixin.py:188} INFO - [2025-05-22T16:24:13.247+0000] {dag.py:3823} INFO - Setting next_dagrun for run_dbt_models_after_ingestion to None, run_after=None
[2025-05-22T16:24:13.266+0000] {processor.py:183} INFO - Processing /opt/airflow/dags/dbt_model_dag.py took 0.118 seconds
[2025-05-22T16:24:43.840+0000] {processor.py:161} INFO - Started process (PID=31098) to work on /opt/airflow/dags/dbt_model_dag.py
[2025-05-22T16:24:43.842+0000] {processor.py:830} INFO - Processing file /opt/airflow/dags/dbt_model_dag.py for tasks to queue
[2025-05-22T16:24:43.843+0000] {logging_mixin.py:188} INFO - [2025-05-22T16:24:43.843+0000] {dagbag.py:538} INFO - Filling up the DagBag from /opt/airflow/dags/dbt_model_dag.py
[2025-05-22T16:24:43.870+0000] {processor.py:840} INFO - DAG(s) 'run_dbt_models_after_ingestion' retrieved from /opt/airflow/dags/dbt_model_dag.py
[2025-05-22T16:24:43.920+0000] {logging_mixin.py:188} INFO - [2025-05-22T16:24:43.920+0000] {dag.py:3036} INFO - Sync 1 DAGs
[2025-05-22T16:24:43.934+0000] {logging_mixin.py:188} INFO - [2025-05-22T16:24:43.934+0000] {dag.py:3823} INFO - Setting next_dagrun for run_dbt_models_after_ingestion to None, run_after=None
[2025-05-22T16:24:43.949+0000] {processor.py:183} INFO - Processing /opt/airflow/dags/dbt_model_dag.py took 0.118 seconds
[2025-05-22T16:25:14.484+0000] {processor.py:161} INFO - Started process (PID=31113) to work on /opt/airflow/dags/dbt_model_dag.py
[2025-05-22T16:25:14.487+0000] {processor.py:830} INFO - Processing file /opt/airflow/dags/dbt_model_dag.py for tasks to queue
[2025-05-22T16:25:14.489+0000] {logging_mixin.py:188} INFO - [2025-05-22T16:25:14.488+0000] {dagbag.py:538} INFO - Filling up the DagBag from /opt/airflow/dags/dbt_model_dag.py
[2025-05-22T16:25:14.519+0000] {processor.py:840} INFO - DAG(s) 'run_dbt_models_after_ingestion' retrieved from /opt/airflow/dags/dbt_model_dag.py
[2025-05-22T16:25:14.560+0000] {logging_mixin.py:188} INFO - [2025-05-22T16:25:14.560+0000] {dag.py:3036} INFO - Sync 1 DAGs
[2025-05-22T16:25:14.572+0000] {logging_mixin.py:188} INFO - [2025-05-22T16:25:14.572+0000] {dag.py:3823} INFO - Setting next_dagrun for run_dbt_models_after_ingestion to None, run_after=None
[2025-05-22T16:25:14.589+0000] {processor.py:183} INFO - Processing /opt/airflow/dags/dbt_model_dag.py took 0.110 seconds
[2025-05-22T16:25:45.160+0000] {processor.py:161} INFO - Started process (PID=31128) to work on /opt/airflow/dags/dbt_model_dag.py
[2025-05-22T16:25:45.162+0000] {processor.py:830} INFO - Processing file /opt/airflow/dags/dbt_model_dag.py for tasks to queue
[2025-05-22T16:25:45.164+0000] {logging_mixin.py:188} INFO - [2025-05-22T16:25:45.164+0000] {dagbag.py:538} INFO - Filling up the DagBag from /opt/airflow/dags/dbt_model_dag.py
[2025-05-22T16:25:45.194+0000] {processor.py:840} INFO - DAG(s) 'run_dbt_models_after_ingestion' retrieved from /opt/airflow/dags/dbt_model_dag.py
[2025-05-22T16:25:45.234+0000] {logging_mixin.py:188} INFO - [2025-05-22T16:25:45.234+0000] {dag.py:3036} INFO - Sync 1 DAGs
[2025-05-22T16:25:45.248+0000] {logging_mixin.py:188} INFO - [2025-05-22T16:25:45.247+0000] {dag.py:3823} INFO - Setting next_dagrun for run_dbt_models_after_ingestion to None, run_after=None
[2025-05-22T16:25:45.263+0000] {processor.py:183} INFO - Processing /opt/airflow/dags/dbt_model_dag.py took 0.109 seconds
[2025-05-22T16:26:15.704+0000] {processor.py:161} INFO - Started process (PID=31143) to work on /opt/airflow/dags/dbt_model_dag.py
[2025-05-22T16:26:15.707+0000] {processor.py:830} INFO - Processing file /opt/airflow/dags/dbt_model_dag.py for tasks to queue
[2025-05-22T16:26:15.708+0000] {logging_mixin.py:188} INFO - [2025-05-22T16:26:15.707+0000] {dagbag.py:538} INFO - Filling up the DagBag from /opt/airflow/dags/dbt_model_dag.py
[2025-05-22T16:26:15.740+0000] {processor.py:840} INFO - DAG(s) 'run_dbt_models_after_ingestion' retrieved from /opt/airflow/dags/dbt_model_dag.py
[2025-05-22T16:26:15.780+0000] {logging_mixin.py:188} INFO - [2025-05-22T16:26:15.779+0000] {dag.py:3036} INFO - Sync 1 DAGs
[2025-05-22T16:26:15.968+0000] {logging_mixin.py:188} INFO - [2025-05-22T16:26:15.968+0000] {dag.py:3823} INFO - Setting next_dagrun for run_dbt_models_after_ingestion to None, run_after=None
[2025-05-22T16:26:15.982+0000] {processor.py:183} INFO - Processing /opt/airflow/dags/dbt_model_dag.py took 0.285 seconds
[2025-05-22T16:26:46.420+0000] {processor.py:161} INFO - Started process (PID=31158) to work on /opt/airflow/dags/dbt_model_dag.py
[2025-05-22T16:26:46.424+0000] {processor.py:830} INFO - Processing file /opt/airflow/dags/dbt_model_dag.py for tasks to queue
[2025-05-22T16:26:46.426+0000] {logging_mixin.py:188} INFO - [2025-05-22T16:26:46.425+0000] {dagbag.py:538} INFO - Filling up the DagBag from /opt/airflow/dags/dbt_model_dag.py
[2025-05-22T16:26:46.457+0000] {processor.py:840} INFO - DAG(s) 'run_dbt_models_after_ingestion' retrieved from /opt/airflow/dags/dbt_model_dag.py
[2025-05-22T16:26:46.505+0000] {logging_mixin.py:188} INFO - [2025-05-22T16:26:46.505+0000] {dag.py:3036} INFO - Sync 1 DAGs
[2025-05-22T16:26:46.523+0000] {logging_mixin.py:188} INFO - [2025-05-22T16:26:46.523+0000] {dag.py:3823} INFO - Setting next_dagrun for run_dbt_models_after_ingestion to None, run_after=None
[2025-05-22T16:26:46.541+0000] {processor.py:183} INFO - Processing /opt/airflow/dags/dbt_model_dag.py took 0.130 seconds
[2025-05-22T16:27:16.994+0000] {processor.py:161} INFO - Started process (PID=31173) to work on /opt/airflow/dags/dbt_model_dag.py
[2025-05-22T16:27:16.995+0000] {processor.py:830} INFO - Processing file /opt/airflow/dags/dbt_model_dag.py for tasks to queue
[2025-05-22T16:27:16.996+0000] {logging_mixin.py:188} INFO - [2025-05-22T16:27:16.995+0000] {dagbag.py:538} INFO - Filling up the DagBag from /opt/airflow/dags/dbt_model_dag.py
[2025-05-22T16:27:17.020+0000] {processor.py:840} INFO - DAG(s) 'run_dbt_models_after_ingestion' retrieved from /opt/airflow/dags/dbt_model_dag.py
[2025-05-22T16:27:17.058+0000] {logging_mixin.py:188} INFO - [2025-05-22T16:27:17.058+0000] {dag.py:3036} INFO - Sync 1 DAGs
[2025-05-22T16:27:17.071+0000] {logging_mixin.py:188} INFO - [2025-05-22T16:27:17.071+0000] {dag.py:3823} INFO - Setting next_dagrun for run_dbt_models_after_ingestion to None, run_after=None
[2025-05-22T16:27:17.086+0000] {processor.py:183} INFO - Processing /opt/airflow/dags/dbt_model_dag.py took 0.097 seconds
[2025-05-22T16:27:47.537+0000] {processor.py:161} INFO - Started process (PID=31188) to work on /opt/airflow/dags/dbt_model_dag.py
[2025-05-22T16:27:47.539+0000] {processor.py:830} INFO - Processing file /opt/airflow/dags/dbt_model_dag.py for tasks to queue
[2025-05-22T16:27:47.540+0000] {logging_mixin.py:188} INFO - [2025-05-22T16:27:47.540+0000] {dagbag.py:538} INFO - Filling up the DagBag from /opt/airflow/dags/dbt_model_dag.py
[2025-05-22T16:27:47.559+0000] {processor.py:840} INFO - DAG(s) 'run_dbt_models_after_ingestion' retrieved from /opt/airflow/dags/dbt_model_dag.py
[2025-05-22T16:27:47.599+0000] {logging_mixin.py:188} INFO - [2025-05-22T16:27:47.599+0000] {dag.py:3036} INFO - Sync 1 DAGs
[2025-05-22T16:27:47.614+0000] {logging_mixin.py:188} INFO - [2025-05-22T16:27:47.613+0000] {dag.py:3823} INFO - Setting next_dagrun for run_dbt_models_after_ingestion to None, run_after=None
[2025-05-22T16:27:47.630+0000] {processor.py:183} INFO - Processing /opt/airflow/dags/dbt_model_dag.py took 0.099 seconds
[2025-05-22T16:28:18.081+0000] {processor.py:161} INFO - Started process (PID=31203) to work on /opt/airflow/dags/dbt_model_dag.py
[2025-05-22T16:28:18.085+0000] {processor.py:830} INFO - Processing file /opt/airflow/dags/dbt_model_dag.py for tasks to queue
[2025-05-22T16:28:18.087+0000] {logging_mixin.py:188} INFO - [2025-05-22T16:28:18.086+0000] {dagbag.py:538} INFO - Filling up the DagBag from /opt/airflow/dags/dbt_model_dag.py
[2025-05-22T16:28:18.117+0000] {processor.py:840} INFO - DAG(s) 'run_dbt_models_after_ingestion' retrieved from /opt/airflow/dags/dbt_model_dag.py
[2025-05-22T16:28:18.169+0000] {logging_mixin.py:188} INFO - [2025-05-22T16:28:18.169+0000] {dag.py:3036} INFO - Sync 1 DAGs
[2025-05-22T16:28:18.184+0000] {logging_mixin.py:188} INFO - [2025-05-22T16:28:18.184+0000] {dag.py:3823} INFO - Setting next_dagrun for run_dbt_models_after_ingestion to None, run_after=None
[2025-05-22T16:28:18.205+0000] {processor.py:183} INFO - Processing /opt/airflow/dags/dbt_model_dag.py took 0.133 seconds
[2025-05-22T16:28:48.699+0000] {processor.py:161} INFO - Started process (PID=31218) to work on /opt/airflow/dags/dbt_model_dag.py
[2025-05-22T16:28:48.702+0000] {processor.py:830} INFO - Processing file /opt/airflow/dags/dbt_model_dag.py for tasks to queue
[2025-05-22T16:28:48.703+0000] {logging_mixin.py:188} INFO - [2025-05-22T16:28:48.703+0000] {dagbag.py:538} INFO - Filling up the DagBag from /opt/airflow/dags/dbt_model_dag.py
[2025-05-22T16:28:48.732+0000] {processor.py:840} INFO - DAG(s) 'run_dbt_models_after_ingestion' retrieved from /opt/airflow/dags/dbt_model_dag.py
[2025-05-22T16:28:48.773+0000] {logging_mixin.py:188} INFO - [2025-05-22T16:28:48.772+0000] {dag.py:3036} INFO - Sync 1 DAGs
[2025-05-22T16:28:48.972+0000] {logging_mixin.py:188} INFO - [2025-05-22T16:28:48.971+0000] {dag.py:3823} INFO - Setting next_dagrun for run_dbt_models_after_ingestion to None, run_after=None
[2025-05-22T16:28:48.983+0000] {processor.py:183} INFO - Processing /opt/airflow/dags/dbt_model_dag.py took 0.295 seconds
[2025-05-22T16:29:19.417+0000] {processor.py:161} INFO - Started process (PID=31233) to work on /opt/airflow/dags/dbt_model_dag.py
[2025-05-22T16:29:19.419+0000] {processor.py:830} INFO - Processing file /opt/airflow/dags/dbt_model_dag.py for tasks to queue
[2025-05-22T16:29:19.420+0000] {logging_mixin.py:188} INFO - [2025-05-22T16:29:19.419+0000] {dagbag.py:538} INFO - Filling up the DagBag from /opt/airflow/dags/dbt_model_dag.py
[2025-05-22T16:29:19.457+0000] {processor.py:840} INFO - DAG(s) 'run_dbt_models_after_ingestion' retrieved from /opt/airflow/dags/dbt_model_dag.py
[2025-05-22T16:29:19.498+0000] {logging_mixin.py:188} INFO - [2025-05-22T16:29:19.497+0000] {dag.py:3036} INFO - Sync 1 DAGs
[2025-05-22T16:29:19.510+0000] {logging_mixin.py:188} INFO - [2025-05-22T16:29:19.509+0000] {dag.py:3823} INFO - Setting next_dagrun for run_dbt_models_after_ingestion to None, run_after=None
[2025-05-22T16:29:19.526+0000] {processor.py:183} INFO - Processing /opt/airflow/dags/dbt_model_dag.py took 0.115 seconds
[2025-05-22T16:29:49.987+0000] {processor.py:161} INFO - Started process (PID=31248) to work on /opt/airflow/dags/dbt_model_dag.py
[2025-05-22T16:29:49.990+0000] {processor.py:830} INFO - Processing file /opt/airflow/dags/dbt_model_dag.py for tasks to queue
[2025-05-22T16:29:49.993+0000] {logging_mixin.py:188} INFO - [2025-05-22T16:29:49.993+0000] {dagbag.py:538} INFO - Filling up the DagBag from /opt/airflow/dags/dbt_model_dag.py
[2025-05-22T16:29:50.020+0000] {processor.py:840} INFO - DAG(s) 'run_dbt_models_after_ingestion' retrieved from /opt/airflow/dags/dbt_model_dag.py
[2025-05-22T16:29:50.062+0000] {logging_mixin.py:188} INFO - [2025-05-22T16:29:50.061+0000] {dag.py:3036} INFO - Sync 1 DAGs
[2025-05-22T16:29:50.076+0000] {logging_mixin.py:188} INFO - [2025-05-22T16:29:50.076+0000] {dag.py:3823} INFO - Setting next_dagrun for run_dbt_models_after_ingestion to None, run_after=None
[2025-05-22T16:29:50.092+0000] {processor.py:183} INFO - Processing /opt/airflow/dags/dbt_model_dag.py took 0.112 seconds
[2025-05-22T16:30:20.546+0000] {processor.py:161} INFO - Started process (PID=31262) to work on /opt/airflow/dags/dbt_model_dag.py
[2025-05-22T16:30:20.550+0000] {processor.py:830} INFO - Processing file /opt/airflow/dags/dbt_model_dag.py for tasks to queue
[2025-05-22T16:30:20.551+0000] {logging_mixin.py:188} INFO - [2025-05-22T16:30:20.550+0000] {dagbag.py:538} INFO - Filling up the DagBag from /opt/airflow/dags/dbt_model_dag.py
[2025-05-22T16:30:20.576+0000] {processor.py:840} INFO - DAG(s) 'run_dbt_models_after_ingestion' retrieved from /opt/airflow/dags/dbt_model_dag.py
[2025-05-22T16:30:20.620+0000] {logging_mixin.py:188} INFO - [2025-05-22T16:30:20.620+0000] {dag.py:3036} INFO - Sync 1 DAGs
[2025-05-22T16:30:20.632+0000] {logging_mixin.py:188} INFO - [2025-05-22T16:30:20.632+0000] {dag.py:3823} INFO - Setting next_dagrun for run_dbt_models_after_ingestion to None, run_after=None
[2025-05-22T16:30:20.648+0000] {processor.py:183} INFO - Processing /opt/airflow/dags/dbt_model_dag.py took 0.111 seconds
[2025-05-22T16:30:51.118+0000] {processor.py:161} INFO - Started process (PID=31278) to work on /opt/airflow/dags/dbt_model_dag.py
[2025-05-22T16:30:51.120+0000] {processor.py:830} INFO - Processing file /opt/airflow/dags/dbt_model_dag.py for tasks to queue
[2025-05-22T16:30:51.121+0000] {logging_mixin.py:188} INFO - [2025-05-22T16:30:51.121+0000] {dagbag.py:538} INFO - Filling up the DagBag from /opt/airflow/dags/dbt_model_dag.py
[2025-05-22T16:30:51.151+0000] {processor.py:840} INFO - DAG(s) 'run_dbt_models_after_ingestion' retrieved from /opt/airflow/dags/dbt_model_dag.py
[2025-05-22T16:30:51.191+0000] {logging_mixin.py:188} INFO - [2025-05-22T16:30:51.191+0000] {dag.py:3036} INFO - Sync 1 DAGs
[2025-05-22T16:30:51.204+0000] {logging_mixin.py:188} INFO - [2025-05-22T16:30:51.204+0000] {dag.py:3823} INFO - Setting next_dagrun for run_dbt_models_after_ingestion to None, run_after=None
[2025-05-22T16:30:51.220+0000] {processor.py:183} INFO - Processing /opt/airflow/dags/dbt_model_dag.py took 0.110 seconds
[2025-05-22T16:31:21.713+0000] {processor.py:161} INFO - Started process (PID=31293) to work on /opt/airflow/dags/dbt_model_dag.py
[2025-05-22T16:31:21.715+0000] {processor.py:830} INFO - Processing file /opt/airflow/dags/dbt_model_dag.py for tasks to queue
[2025-05-22T16:31:21.716+0000] {logging_mixin.py:188} INFO - [2025-05-22T16:31:21.716+0000] {dagbag.py:538} INFO - Filling up the DagBag from /opt/airflow/dags/dbt_model_dag.py
[2025-05-22T16:31:21.744+0000] {processor.py:840} INFO - DAG(s) 'run_dbt_models_after_ingestion' retrieved from /opt/airflow/dags/dbt_model_dag.py
[2025-05-22T16:31:21.785+0000] {logging_mixin.py:188} INFO - [2025-05-22T16:31:21.785+0000] {dag.py:3036} INFO - Sync 1 DAGs
[2025-05-22T16:31:21.799+0000] {logging_mixin.py:188} INFO - [2025-05-22T16:31:21.799+0000] {dag.py:3823} INFO - Setting next_dagrun for run_dbt_models_after_ingestion to None, run_after=None
[2025-05-22T16:31:21.985+0000] {processor.py:183} INFO - Processing /opt/airflow/dags/dbt_model_dag.py took 0.278 seconds
[2025-05-22T16:31:52.502+0000] {processor.py:161} INFO - Started process (PID=31308) to work on /opt/airflow/dags/dbt_model_dag.py
[2025-05-22T16:31:52.506+0000] {processor.py:830} INFO - Processing file /opt/airflow/dags/dbt_model_dag.py for tasks to queue
[2025-05-22T16:31:52.508+0000] {logging_mixin.py:188} INFO - [2025-05-22T16:31:52.508+0000] {dagbag.py:538} INFO - Filling up the DagBag from /opt/airflow/dags/dbt_model_dag.py
[2025-05-22T16:31:52.537+0000] {processor.py:840} INFO - DAG(s) 'run_dbt_models_after_ingestion' retrieved from /opt/airflow/dags/dbt_model_dag.py
[2025-05-22T16:31:52.584+0000] {logging_mixin.py:188} INFO - [2025-05-22T16:31:52.584+0000] {dag.py:3036} INFO - Sync 1 DAGs
[2025-05-22T16:31:52.795+0000] {logging_mixin.py:188} INFO - [2025-05-22T16:31:52.794+0000] {dag.py:3823} INFO - Setting next_dagrun for run_dbt_models_after_ingestion to None, run_after=None
[2025-05-22T16:31:52.809+0000] {processor.py:183} INFO - Processing /opt/airflow/dags/dbt_model_dag.py took 0.317 seconds
[2025-05-22T16:32:23.295+0000] {processor.py:161} INFO - Started process (PID=31323) to work on /opt/airflow/dags/dbt_model_dag.py
[2025-05-22T16:32:23.301+0000] {processor.py:830} INFO - Processing file /opt/airflow/dags/dbt_model_dag.py for tasks to queue
[2025-05-22T16:32:23.302+0000] {logging_mixin.py:188} INFO - [2025-05-22T16:32:23.302+0000] {dagbag.py:538} INFO - Filling up the DagBag from /opt/airflow/dags/dbt_model_dag.py
[2025-05-22T16:32:23.328+0000] {processor.py:840} INFO - DAG(s) 'run_dbt_models_after_ingestion' retrieved from /opt/airflow/dags/dbt_model_dag.py
[2025-05-22T16:32:23.366+0000] {logging_mixin.py:188} INFO - [2025-05-22T16:32:23.366+0000] {dag.py:3036} INFO - Sync 1 DAGs
[2025-05-22T16:32:23.382+0000] {logging_mixin.py:188} INFO - [2025-05-22T16:32:23.381+0000] {dag.py:3823} INFO - Setting next_dagrun for run_dbt_models_after_ingestion to None, run_after=None
[2025-05-22T16:32:23.400+0000] {processor.py:183} INFO - Processing /opt/airflow/dags/dbt_model_dag.py took 0.113 seconds
[2025-05-22T16:32:53.876+0000] {processor.py:161} INFO - Started process (PID=31338) to work on /opt/airflow/dags/dbt_model_dag.py
[2025-05-22T16:32:53.878+0000] {processor.py:830} INFO - Processing file /opt/airflow/dags/dbt_model_dag.py for tasks to queue
[2025-05-22T16:32:53.880+0000] {logging_mixin.py:188} INFO - [2025-05-22T16:32:53.879+0000] {dagbag.py:538} INFO - Filling up the DagBag from /opt/airflow/dags/dbt_model_dag.py
[2025-05-22T16:32:53.907+0000] {processor.py:840} INFO - DAG(s) 'run_dbt_models_after_ingestion' retrieved from /opt/airflow/dags/dbt_model_dag.py
[2025-05-22T16:32:53.947+0000] {logging_mixin.py:188} INFO - [2025-05-22T16:32:53.947+0000] {dag.py:3036} INFO - Sync 1 DAGs
[2025-05-22T16:32:53.961+0000] {logging_mixin.py:188} INFO - [2025-05-22T16:32:53.961+0000] {dag.py:3823} INFO - Setting next_dagrun for run_dbt_models_after_ingestion to None, run_after=None
[2025-05-22T16:32:53.974+0000] {processor.py:183} INFO - Processing /opt/airflow/dags/dbt_model_dag.py took 0.106 seconds
[2025-05-22T16:33:24.441+0000] {processor.py:161} INFO - Started process (PID=31353) to work on /opt/airflow/dags/dbt_model_dag.py
[2025-05-22T16:33:24.444+0000] {processor.py:830} INFO - Processing file /opt/airflow/dags/dbt_model_dag.py for tasks to queue
[2025-05-22T16:33:24.445+0000] {logging_mixin.py:188} INFO - [2025-05-22T16:33:24.445+0000] {dagbag.py:538} INFO - Filling up the DagBag from /opt/airflow/dags/dbt_model_dag.py
[2025-05-22T16:33:24.474+0000] {processor.py:840} INFO - DAG(s) 'run_dbt_models_after_ingestion' retrieved from /opt/airflow/dags/dbt_model_dag.py
[2025-05-22T16:33:24.521+0000] {logging_mixin.py:188} INFO - [2025-05-22T16:33:24.521+0000] {dag.py:3036} INFO - Sync 1 DAGs
[2025-05-22T16:33:24.537+0000] {logging_mixin.py:188} INFO - [2025-05-22T16:33:24.537+0000] {dag.py:3823} INFO - Setting next_dagrun for run_dbt_models_after_ingestion to None, run_after=None
[2025-05-22T16:33:24.556+0000] {processor.py:183} INFO - Processing /opt/airflow/dags/dbt_model_dag.py took 0.123 seconds
[2025-05-22T16:33:55.011+0000] {processor.py:161} INFO - Started process (PID=31368) to work on /opt/airflow/dags/dbt_model_dag.py
[2025-05-22T16:33:55.016+0000] {processor.py:830} INFO - Processing file /opt/airflow/dags/dbt_model_dag.py for tasks to queue
[2025-05-22T16:33:55.016+0000] {logging_mixin.py:188} INFO - [2025-05-22T16:33:55.016+0000] {dagbag.py:538} INFO - Filling up the DagBag from /opt/airflow/dags/dbt_model_dag.py
[2025-05-22T16:33:55.042+0000] {processor.py:840} INFO - DAG(s) 'run_dbt_models_after_ingestion' retrieved from /opt/airflow/dags/dbt_model_dag.py
[2025-05-22T16:33:55.086+0000] {logging_mixin.py:188} INFO - [2025-05-22T16:33:55.086+0000] {dag.py:3036} INFO - Sync 1 DAGs
[2025-05-22T16:33:55.105+0000] {logging_mixin.py:188} INFO - [2025-05-22T16:33:55.105+0000] {dag.py:3823} INFO - Setting next_dagrun for run_dbt_models_after_ingestion to None, run_after=None
[2025-05-22T16:33:55.298+0000] {processor.py:183} INFO - Processing /opt/airflow/dags/dbt_model_dag.py took 0.295 seconds
[2025-05-22T16:34:25.779+0000] {processor.py:161} INFO - Started process (PID=31383) to work on /opt/airflow/dags/dbt_model_dag.py
[2025-05-22T16:34:25.782+0000] {processor.py:830} INFO - Processing file /opt/airflow/dags/dbt_model_dag.py for tasks to queue
[2025-05-22T16:34:25.783+0000] {logging_mixin.py:188} INFO - [2025-05-22T16:34:25.783+0000] {dagbag.py:538} INFO - Filling up the DagBag from /opt/airflow/dags/dbt_model_dag.py
[2025-05-22T16:34:25.811+0000] {processor.py:840} INFO - DAG(s) 'run_dbt_models_after_ingestion' retrieved from /opt/airflow/dags/dbt_model_dag.py
[2025-05-22T16:34:25.855+0000] {logging_mixin.py:188} INFO - [2025-05-22T16:34:25.855+0000] {dag.py:3036} INFO - Sync 1 DAGs
[2025-05-22T16:34:25.868+0000] {logging_mixin.py:188} INFO - [2025-05-22T16:34:25.867+0000] {dag.py:3823} INFO - Setting next_dagrun for run_dbt_models_after_ingestion to None, run_after=None
[2025-05-22T16:34:25.883+0000] {processor.py:183} INFO - Processing /opt/airflow/dags/dbt_model_dag.py took 0.116 seconds
[2025-05-22T16:34:56.398+0000] {processor.py:161} INFO - Started process (PID=31398) to work on /opt/airflow/dags/dbt_model_dag.py
[2025-05-22T16:34:56.400+0000] {processor.py:830} INFO - Processing file /opt/airflow/dags/dbt_model_dag.py for tasks to queue
[2025-05-22T16:34:56.402+0000] {logging_mixin.py:188} INFO - [2025-05-22T16:34:56.401+0000] {dagbag.py:538} INFO - Filling up the DagBag from /opt/airflow/dags/dbt_model_dag.py
[2025-05-22T16:34:56.429+0000] {processor.py:840} INFO - DAG(s) 'run_dbt_models_after_ingestion' retrieved from /opt/airflow/dags/dbt_model_dag.py
[2025-05-22T16:34:56.474+0000] {logging_mixin.py:188} INFO - [2025-05-22T16:34:56.474+0000] {dag.py:3036} INFO - Sync 1 DAGs
[2025-05-22T16:34:56.488+0000] {logging_mixin.py:188} INFO - [2025-05-22T16:34:56.488+0000] {dag.py:3823} INFO - Setting next_dagrun for run_dbt_models_after_ingestion to None, run_after=None
[2025-05-22T16:34:56.505+0000] {processor.py:183} INFO - Processing /opt/airflow/dags/dbt_model_dag.py took 0.117 seconds
[2025-05-22T16:35:26.875+0000] {processor.py:161} INFO - Started process (PID=31413) to work on /opt/airflow/dags/dbt_model_dag.py
[2025-05-22T16:35:26.877+0000] {processor.py:830} INFO - Processing file /opt/airflow/dags/dbt_model_dag.py for tasks to queue
[2025-05-22T16:35:26.878+0000] {logging_mixin.py:188} INFO - [2025-05-22T16:35:26.877+0000] {dagbag.py:538} INFO - Filling up the DagBag from /opt/airflow/dags/dbt_model_dag.py
[2025-05-22T16:35:26.903+0000] {processor.py:840} INFO - DAG(s) 'run_dbt_models_after_ingestion' retrieved from /opt/airflow/dags/dbt_model_dag.py
[2025-05-22T16:35:26.947+0000] {logging_mixin.py:188} INFO - [2025-05-22T16:35:26.947+0000] {dag.py:3036} INFO - Sync 1 DAGs
[2025-05-22T16:35:26.960+0000] {logging_mixin.py:188} INFO - [2025-05-22T16:35:26.959+0000] {dag.py:3823} INFO - Setting next_dagrun for run_dbt_models_after_ingestion to None, run_after=None
[2025-05-22T16:35:26.977+0000] {processor.py:183} INFO - Processing /opt/airflow/dags/dbt_model_dag.py took 0.111 seconds
[2025-05-22T16:35:57.482+0000] {processor.py:161} INFO - Started process (PID=31428) to work on /opt/airflow/dags/dbt_model_dag.py
[2025-05-22T16:35:57.486+0000] {processor.py:830} INFO - Processing file /opt/airflow/dags/dbt_model_dag.py for tasks to queue
[2025-05-22T16:35:57.487+0000] {logging_mixin.py:188} INFO - [2025-05-22T16:35:57.487+0000] {dagbag.py:538} INFO - Filling up the DagBag from /opt/airflow/dags/dbt_model_dag.py
[2025-05-22T16:35:57.521+0000] {processor.py:840} INFO - DAG(s) 'run_dbt_models_after_ingestion' retrieved from /opt/airflow/dags/dbt_model_dag.py
[2025-05-22T16:35:57.566+0000] {logging_mixin.py:188} INFO - [2025-05-22T16:35:57.566+0000] {dag.py:3036} INFO - Sync 1 DAGs
[2025-05-22T16:35:57.582+0000] {logging_mixin.py:188} INFO - [2025-05-22T16:35:57.582+0000] {dag.py:3823} INFO - Setting next_dagrun for run_dbt_models_after_ingestion to None, run_after=None
[2025-05-22T16:35:57.601+0000] {processor.py:183} INFO - Processing /opt/airflow/dags/dbt_model_dag.py took 0.125 seconds
[2025-05-22T16:36:28.082+0000] {processor.py:161} INFO - Started process (PID=31443) to work on /opt/airflow/dags/dbt_model_dag.py
[2025-05-22T16:36:28.085+0000] {processor.py:830} INFO - Processing file /opt/airflow/dags/dbt_model_dag.py for tasks to queue
[2025-05-22T16:36:28.087+0000] {logging_mixin.py:188} INFO - [2025-05-22T16:36:28.086+0000] {dagbag.py:538} INFO - Filling up the DagBag from /opt/airflow/dags/dbt_model_dag.py
[2025-05-22T16:36:28.113+0000] {processor.py:840} INFO - DAG(s) 'run_dbt_models_after_ingestion' retrieved from /opt/airflow/dags/dbt_model_dag.py
[2025-05-22T16:36:28.157+0000] {logging_mixin.py:188} INFO - [2025-05-22T16:36:28.157+0000] {dag.py:3036} INFO - Sync 1 DAGs
[2025-05-22T16:36:28.173+0000] {logging_mixin.py:188} INFO - [2025-05-22T16:36:28.173+0000] {dag.py:3823} INFO - Setting next_dagrun for run_dbt_models_after_ingestion to None, run_after=None
[2025-05-22T16:36:28.372+0000] {processor.py:183} INFO - Processing /opt/airflow/dags/dbt_model_dag.py took 0.300 seconds
[2025-05-22T16:36:58.887+0000] {processor.py:161} INFO - Started process (PID=31458) to work on /opt/airflow/dags/dbt_model_dag.py
[2025-05-22T16:36:58.889+0000] {processor.py:830} INFO - Processing file /opt/airflow/dags/dbt_model_dag.py for tasks to queue
[2025-05-22T16:36:58.890+0000] {logging_mixin.py:188} INFO - [2025-05-22T16:36:58.890+0000] {dagbag.py:538} INFO - Filling up the DagBag from /opt/airflow/dags/dbt_model_dag.py
[2025-05-22T16:36:58.915+0000] {processor.py:840} INFO - DAG(s) 'run_dbt_models_after_ingestion' retrieved from /opt/airflow/dags/dbt_model_dag.py
[2025-05-22T16:36:58.957+0000] {logging_mixin.py:188} INFO - [2025-05-22T16:36:58.957+0000] {dag.py:3036} INFO - Sync 1 DAGs
[2025-05-22T16:36:59.161+0000] {logging_mixin.py:188} INFO - [2025-05-22T16:36:59.160+0000] {dag.py:3823} INFO - Setting next_dagrun for run_dbt_models_after_ingestion to None, run_after=None
[2025-05-22T16:36:59.172+0000] {processor.py:183} INFO - Processing /opt/airflow/dags/dbt_model_dag.py took 0.292 seconds
[2025-05-22T16:37:29.660+0000] {processor.py:161} INFO - Started process (PID=31473) to work on /opt/airflow/dags/dbt_model_dag.py
[2025-05-22T16:37:29.664+0000] {processor.py:830} INFO - Processing file /opt/airflow/dags/dbt_model_dag.py for tasks to queue
[2025-05-22T16:37:29.669+0000] {logging_mixin.py:188} INFO - [2025-05-22T16:37:29.668+0000] {dagbag.py:538} INFO - Filling up the DagBag from /opt/airflow/dags/dbt_model_dag.py
[2025-05-22T16:37:29.696+0000] {processor.py:840} INFO - DAG(s) 'run_dbt_models_after_ingestion' retrieved from /opt/airflow/dags/dbt_model_dag.py
[2025-05-22T16:37:29.736+0000] {logging_mixin.py:188} INFO - [2025-05-22T16:37:29.736+0000] {dag.py:3036} INFO - Sync 1 DAGs
[2025-05-22T16:37:29.748+0000] {logging_mixin.py:188} INFO - [2025-05-22T16:37:29.748+0000] {dag.py:3823} INFO - Setting next_dagrun for run_dbt_models_after_ingestion to None, run_after=None
[2025-05-22T16:37:29.765+0000] {processor.py:183} INFO - Processing /opt/airflow/dags/dbt_model_dag.py took 0.116 seconds
[2025-05-22T16:38:00.266+0000] {processor.py:161} INFO - Started process (PID=31488) to work on /opt/airflow/dags/dbt_model_dag.py
[2025-05-22T16:38:00.268+0000] {processor.py:830} INFO - Processing file /opt/airflow/dags/dbt_model_dag.py for tasks to queue
[2025-05-22T16:38:00.269+0000] {logging_mixin.py:188} INFO - [2025-05-22T16:38:00.269+0000] {dagbag.py:538} INFO - Filling up the DagBag from /opt/airflow/dags/dbt_model_dag.py
[2025-05-22T16:38:00.296+0000] {processor.py:840} INFO - DAG(s) 'run_dbt_models_after_ingestion' retrieved from /opt/airflow/dags/dbt_model_dag.py
[2025-05-22T16:38:00.339+0000] {logging_mixin.py:188} INFO - [2025-05-22T16:38:00.339+0000] {dag.py:3036} INFO - Sync 1 DAGs
[2025-05-22T16:38:00.355+0000] {logging_mixin.py:188} INFO - [2025-05-22T16:38:00.355+0000] {dag.py:3823} INFO - Setting next_dagrun for run_dbt_models_after_ingestion to None, run_after=None
[2025-05-22T16:38:00.374+0000] {processor.py:183} INFO - Processing /opt/airflow/dags/dbt_model_dag.py took 0.114 seconds
[2025-05-22T16:38:30.863+0000] {processor.py:161} INFO - Started process (PID=31503) to work on /opt/airflow/dags/dbt_model_dag.py
[2025-05-22T16:38:30.866+0000] {processor.py:830} INFO - Processing file /opt/airflow/dags/dbt_model_dag.py for tasks to queue
[2025-05-22T16:38:30.868+0000] {logging_mixin.py:188} INFO - [2025-05-22T16:38:30.868+0000] {dagbag.py:538} INFO - Filling up the DagBag from /opt/airflow/dags/dbt_model_dag.py
[2025-05-22T16:38:30.895+0000] {processor.py:840} INFO - DAG(s) 'run_dbt_models_after_ingestion' retrieved from /opt/airflow/dags/dbt_model_dag.py
[2025-05-22T16:38:30.941+0000] {logging_mixin.py:188} INFO - [2025-05-22T16:38:30.941+0000] {dag.py:3036} INFO - Sync 1 DAGs
[2025-05-22T16:38:30.956+0000] {logging_mixin.py:188} INFO - [2025-05-22T16:38:30.956+0000] {dag.py:3823} INFO - Setting next_dagrun for run_dbt_models_after_ingestion to None, run_after=None
[2025-05-22T16:38:30.971+0000] {processor.py:183} INFO - Processing /opt/airflow/dags/dbt_model_dag.py took 0.115 seconds
[2025-05-22T16:39:01.496+0000] {processor.py:161} INFO - Started process (PID=31517) to work on /opt/airflow/dags/dbt_model_dag.py
[2025-05-22T16:39:01.500+0000] {processor.py:830} INFO - Processing file /opt/airflow/dags/dbt_model_dag.py for tasks to queue
[2025-05-22T16:39:01.501+0000] {logging_mixin.py:188} INFO - [2025-05-22T16:39:01.501+0000] {dagbag.py:538} INFO - Filling up the DagBag from /opt/airflow/dags/dbt_model_dag.py
[2025-05-22T16:39:01.529+0000] {processor.py:840} INFO - DAG(s) 'run_dbt_models_after_ingestion' retrieved from /opt/airflow/dags/dbt_model_dag.py
[2025-05-22T16:39:01.579+0000] {logging_mixin.py:188} INFO - [2025-05-22T16:39:01.579+0000] {dag.py:3036} INFO - Sync 1 DAGs
[2025-05-22T16:39:01.591+0000] {logging_mixin.py:188} INFO - [2025-05-22T16:39:01.590+0000] {dag.py:3823} INFO - Setting next_dagrun for run_dbt_models_after_ingestion to None, run_after=None
[2025-05-22T16:39:01.785+0000] {processor.py:183} INFO - Processing /opt/airflow/dags/dbt_model_dag.py took 0.293 seconds
[2025-05-22T16:39:32.274+0000] {processor.py:161} INFO - Started process (PID=31532) to work on /opt/airflow/dags/dbt_model_dag.py
[2025-05-22T16:39:32.279+0000] {processor.py:830} INFO - Processing file /opt/airflow/dags/dbt_model_dag.py for tasks to queue
[2025-05-22T16:39:32.280+0000] {logging_mixin.py:188} INFO - [2025-05-22T16:39:32.279+0000] {dagbag.py:538} INFO - Filling up the DagBag from /opt/airflow/dags/dbt_model_dag.py
[2025-05-22T16:39:32.310+0000] {processor.py:840} INFO - DAG(s) 'run_dbt_models_after_ingestion' retrieved from /opt/airflow/dags/dbt_model_dag.py
[2025-05-22T16:39:32.358+0000] {logging_mixin.py:188} INFO - [2025-05-22T16:39:32.358+0000] {dag.py:3036} INFO - Sync 1 DAGs
[2025-05-22T16:39:32.539+0000] {logging_mixin.py:188} INFO - [2025-05-22T16:39:32.539+0000] {dag.py:3823} INFO - Setting next_dagrun for run_dbt_models_after_ingestion to None, run_after=None
[2025-05-22T16:39:32.551+0000] {processor.py:183} INFO - Processing /opt/airflow/dags/dbt_model_dag.py took 0.287 seconds
[2025-05-22T16:40:03.059+0000] {processor.py:161} INFO - Started process (PID=31548) to work on /opt/airflow/dags/dbt_model_dag.py
[2025-05-22T16:40:03.061+0000] {processor.py:830} INFO - Processing file /opt/airflow/dags/dbt_model_dag.py for tasks to queue
[2025-05-22T16:40:03.062+0000] {logging_mixin.py:188} INFO - [2025-05-22T16:40:03.061+0000] {dagbag.py:538} INFO - Filling up the DagBag from /opt/airflow/dags/dbt_model_dag.py
[2025-05-22T16:40:03.089+0000] {processor.py:840} INFO - DAG(s) 'run_dbt_models_after_ingestion' retrieved from /opt/airflow/dags/dbt_model_dag.py
[2025-05-22T16:40:03.132+0000] {logging_mixin.py:188} INFO - [2025-05-22T16:40:03.132+0000] {dag.py:3036} INFO - Sync 1 DAGs
[2025-05-22T16:40:03.147+0000] {logging_mixin.py:188} INFO - [2025-05-22T16:40:03.146+0000] {dag.py:3823} INFO - Setting next_dagrun for run_dbt_models_after_ingestion to None, run_after=None
[2025-05-22T16:40:03.160+0000] {processor.py:183} INFO - Processing /opt/airflow/dags/dbt_model_dag.py took 0.109 seconds
[2025-05-22T16:40:33.613+0000] {processor.py:161} INFO - Started process (PID=31563) to work on /opt/airflow/dags/dbt_model_dag.py
[2025-05-22T16:40:33.616+0000] {processor.py:830} INFO - Processing file /opt/airflow/dags/dbt_model_dag.py for tasks to queue
[2025-05-22T16:40:33.618+0000] {logging_mixin.py:188} INFO - [2025-05-22T16:40:33.617+0000] {dagbag.py:538} INFO - Filling up the DagBag from /opt/airflow/dags/dbt_model_dag.py
[2025-05-22T16:40:33.646+0000] {processor.py:840} INFO - DAG(s) 'run_dbt_models_after_ingestion' retrieved from /opt/airflow/dags/dbt_model_dag.py
[2025-05-22T16:40:33.686+0000] {logging_mixin.py:188} INFO - [2025-05-22T16:40:33.686+0000] {dag.py:3036} INFO - Sync 1 DAGs
[2025-05-22T16:40:33.699+0000] {logging_mixin.py:188} INFO - [2025-05-22T16:40:33.699+0000] {dag.py:3823} INFO - Setting next_dagrun for run_dbt_models_after_ingestion to None, run_after=None
[2025-05-22T16:40:33.714+0000] {processor.py:183} INFO - Processing /opt/airflow/dags/dbt_model_dag.py took 0.109 seconds
[2025-05-22T16:41:04.156+0000] {processor.py:161} INFO - Started process (PID=31578) to work on /opt/airflow/dags/dbt_model_dag.py
[2025-05-22T16:41:04.158+0000] {processor.py:830} INFO - Processing file /opt/airflow/dags/dbt_model_dag.py for tasks to queue
[2025-05-22T16:41:04.159+0000] {logging_mixin.py:188} INFO - [2025-05-22T16:41:04.159+0000] {dagbag.py:538} INFO - Filling up the DagBag from /opt/airflow/dags/dbt_model_dag.py
[2025-05-22T16:41:04.184+0000] {processor.py:840} INFO - DAG(s) 'run_dbt_models_after_ingestion' retrieved from /opt/airflow/dags/dbt_model_dag.py
[2025-05-22T16:41:04.227+0000] {logging_mixin.py:188} INFO - [2025-05-22T16:41:04.227+0000] {dag.py:3036} INFO - Sync 1 DAGs
[2025-05-22T16:41:04.244+0000] {logging_mixin.py:188} INFO - [2025-05-22T16:41:04.244+0000] {dag.py:3823} INFO - Setting next_dagrun for run_dbt_models_after_ingestion to None, run_after=None
[2025-05-22T16:41:04.261+0000] {processor.py:183} INFO - Processing /opt/airflow/dags/dbt_model_dag.py took 0.114 seconds
[2025-05-22T16:41:34.698+0000] {processor.py:161} INFO - Started process (PID=31593) to work on /opt/airflow/dags/dbt_model_dag.py
[2025-05-22T16:41:34.699+0000] {processor.py:830} INFO - Processing file /opt/airflow/dags/dbt_model_dag.py for tasks to queue
[2025-05-22T16:41:34.705+0000] {logging_mixin.py:188} INFO - [2025-05-22T16:41:34.704+0000] {dagbag.py:538} INFO - Filling up the DagBag from /opt/airflow/dags/dbt_model_dag.py
[2025-05-22T16:41:34.729+0000] {processor.py:840} INFO - DAG(s) 'run_dbt_models_after_ingestion' retrieved from /opt/airflow/dags/dbt_model_dag.py
[2025-05-22T16:41:34.775+0000] {logging_mixin.py:188} INFO - [2025-05-22T16:41:34.775+0000] {dag.py:3036} INFO - Sync 1 DAGs
[2025-05-22T16:41:34.790+0000] {logging_mixin.py:188} INFO - [2025-05-22T16:41:34.790+0000] {dag.py:3823} INFO - Setting next_dagrun for run_dbt_models_after_ingestion to None, run_after=None
[2025-05-22T16:41:34.987+0000] {processor.py:183} INFO - Processing /opt/airflow/dags/dbt_model_dag.py took 0.299 seconds
[2025-05-22T16:42:05.517+0000] {processor.py:161} INFO - Started process (PID=31607) to work on /opt/airflow/dags/dbt_model_dag.py
[2025-05-22T16:42:05.519+0000] {processor.py:830} INFO - Processing file /opt/airflow/dags/dbt_model_dag.py for tasks to queue
[2025-05-22T16:42:05.521+0000] {logging_mixin.py:188} INFO - [2025-05-22T16:42:05.521+0000] {dagbag.py:538} INFO - Filling up the DagBag from /opt/airflow/dags/dbt_model_dag.py
[2025-05-22T16:42:05.551+0000] {processor.py:840} INFO - DAG(s) 'run_dbt_models_after_ingestion' retrieved from /opt/airflow/dags/dbt_model_dag.py
[2025-05-22T16:42:05.599+0000] {logging_mixin.py:188} INFO - [2025-05-22T16:42:05.599+0000] {dag.py:3036} INFO - Sync 1 DAGs
[2025-05-22T16:42:05.805+0000] {logging_mixin.py:188} INFO - [2025-05-22T16:42:05.805+0000] {dag.py:3823} INFO - Setting next_dagrun for run_dbt_models_after_ingestion to None, run_after=None
[2025-05-22T16:42:05.816+0000] {processor.py:183} INFO - Processing /opt/airflow/dags/dbt_model_dag.py took 0.311 seconds
[2025-05-22T16:42:36.326+0000] {processor.py:161} INFO - Started process (PID=31623) to work on /opt/airflow/dags/dbt_model_dag.py
[2025-05-22T16:42:36.327+0000] {processor.py:830} INFO - Processing file /opt/airflow/dags/dbt_model_dag.py for tasks to queue
[2025-05-22T16:42:36.328+0000] {logging_mixin.py:188} INFO - [2025-05-22T16:42:36.328+0000] {dagbag.py:538} INFO - Filling up the DagBag from /opt/airflow/dags/dbt_model_dag.py
[2025-05-22T16:42:36.356+0000] {processor.py:840} INFO - DAG(s) 'run_dbt_models_after_ingestion' retrieved from /opt/airflow/dags/dbt_model_dag.py
[2025-05-22T16:42:36.410+0000] {logging_mixin.py:188} INFO - [2025-05-22T16:42:36.410+0000] {dag.py:3036} INFO - Sync 1 DAGs
[2025-05-22T16:42:36.422+0000] {logging_mixin.py:188} INFO - [2025-05-22T16:42:36.422+0000] {dag.py:3823} INFO - Setting next_dagrun for run_dbt_models_after_ingestion to None, run_after=None
[2025-05-22T16:42:36.437+0000] {processor.py:183} INFO - Processing /opt/airflow/dags/dbt_model_dag.py took 0.121 seconds
[2025-05-22T16:43:06.958+0000] {processor.py:161} INFO - Started process (PID=31638) to work on /opt/airflow/dags/dbt_model_dag.py
[2025-05-22T16:43:06.963+0000] {processor.py:830} INFO - Processing file /opt/airflow/dags/dbt_model_dag.py for tasks to queue
[2025-05-22T16:43:06.965+0000] {logging_mixin.py:188} INFO - [2025-05-22T16:43:06.964+0000] {dagbag.py:538} INFO - Filling up the DagBag from /opt/airflow/dags/dbt_model_dag.py
[2025-05-22T16:43:06.988+0000] {processor.py:840} INFO - DAG(s) 'run_dbt_models_after_ingestion' retrieved from /opt/airflow/dags/dbt_model_dag.py
[2025-05-22T16:43:07.029+0000] {logging_mixin.py:188} INFO - [2025-05-22T16:43:07.029+0000] {dag.py:3036} INFO - Sync 1 DAGs
[2025-05-22T16:43:07.045+0000] {logging_mixin.py:188} INFO - [2025-05-22T16:43:07.045+0000] {dag.py:3823} INFO - Setting next_dagrun for run_dbt_models_after_ingestion to None, run_after=None
[2025-05-22T16:43:07.060+0000] {processor.py:183} INFO - Processing /opt/airflow/dags/dbt_model_dag.py took 0.110 seconds
[2025-05-22T16:43:37.565+0000] {processor.py:161} INFO - Started process (PID=31653) to work on /opt/airflow/dags/dbt_model_dag.py
[2025-05-22T16:43:37.571+0000] {processor.py:830} INFO - Processing file /opt/airflow/dags/dbt_model_dag.py for tasks to queue
[2025-05-22T16:43:37.573+0000] {logging_mixin.py:188} INFO - [2025-05-22T16:43:37.572+0000] {dagbag.py:538} INFO - Filling up the DagBag from /opt/airflow/dags/dbt_model_dag.py
[2025-05-22T16:43:37.601+0000] {processor.py:840} INFO - DAG(s) 'run_dbt_models_after_ingestion' retrieved from /opt/airflow/dags/dbt_model_dag.py
[2025-05-22T16:43:37.647+0000] {logging_mixin.py:188} INFO - [2025-05-22T16:43:37.647+0000] {dag.py:3036} INFO - Sync 1 DAGs
[2025-05-22T16:43:37.663+0000] {logging_mixin.py:188} INFO - [2025-05-22T16:43:37.663+0000] {dag.py:3823} INFO - Setting next_dagrun for run_dbt_models_after_ingestion to None, run_after=None
[2025-05-22T16:43:37.678+0000] {processor.py:183} INFO - Processing /opt/airflow/dags/dbt_model_dag.py took 0.119 seconds
[2025-05-22T16:44:08.200+0000] {processor.py:161} INFO - Started process (PID=31668) to work on /opt/airflow/dags/dbt_model_dag.py
[2025-05-22T16:44:08.202+0000] {processor.py:830} INFO - Processing file /opt/airflow/dags/dbt_model_dag.py for tasks to queue
[2025-05-22T16:44:08.202+0000] {logging_mixin.py:188} INFO - [2025-05-22T16:44:08.202+0000] {dagbag.py:538} INFO - Filling up the DagBag from /opt/airflow/dags/dbt_model_dag.py
[2025-05-22T16:44:08.230+0000] {processor.py:840} INFO - DAG(s) 'run_dbt_models_after_ingestion' retrieved from /opt/airflow/dags/dbt_model_dag.py
[2025-05-22T16:44:08.273+0000] {logging_mixin.py:188} INFO - [2025-05-22T16:44:08.273+0000] {dag.py:3036} INFO - Sync 1 DAGs
[2025-05-22T16:44:08.289+0000] {logging_mixin.py:188} INFO - [2025-05-22T16:44:08.289+0000] {dag.py:3823} INFO - Setting next_dagrun for run_dbt_models_after_ingestion to None, run_after=None
[2025-05-22T16:44:08.478+0000] {processor.py:183} INFO - Processing /opt/airflow/dags/dbt_model_dag.py took 0.290 seconds
[2025-05-22T16:44:39.004+0000] {processor.py:161} INFO - Started process (PID=31683) to work on /opt/airflow/dags/dbt_model_dag.py
[2025-05-22T16:44:39.005+0000] {processor.py:830} INFO - Processing file /opt/airflow/dags/dbt_model_dag.py for tasks to queue
[2025-05-22T16:44:39.007+0000] {logging_mixin.py:188} INFO - [2025-05-22T16:44:39.007+0000] {dagbag.py:538} INFO - Filling up the DagBag from /opt/airflow/dags/dbt_model_dag.py
[2025-05-22T16:44:39.041+0000] {processor.py:840} INFO - DAG(s) 'run_dbt_models_after_ingestion' retrieved from /opt/airflow/dags/dbt_model_dag.py
[2025-05-22T16:44:39.086+0000] {logging_mixin.py:188} INFO - [2025-05-22T16:44:39.086+0000] {dag.py:3036} INFO - Sync 1 DAGs
[2025-05-22T16:44:39.280+0000] {logging_mixin.py:188} INFO - [2025-05-22T16:44:39.280+0000] {dag.py:3823} INFO - Setting next_dagrun for run_dbt_models_after_ingestion to None, run_after=None
[2025-05-22T16:44:39.293+0000] {processor.py:183} INFO - Processing /opt/airflow/dags/dbt_model_dag.py took 0.301 seconds
[2025-05-22T16:45:09.718+0000] {processor.py:161} INFO - Started process (PID=31698) to work on /opt/airflow/dags/dbt_model_dag.py
[2025-05-22T16:45:09.720+0000] {processor.py:830} INFO - Processing file /opt/airflow/dags/dbt_model_dag.py for tasks to queue
[2025-05-22T16:45:09.722+0000] {logging_mixin.py:188} INFO - [2025-05-22T16:45:09.722+0000] {dagbag.py:538} INFO - Filling up the DagBag from /opt/airflow/dags/dbt_model_dag.py
[2025-05-22T16:45:09.746+0000] {processor.py:840} INFO - DAG(s) 'run_dbt_models_after_ingestion' retrieved from /opt/airflow/dags/dbt_model_dag.py
[2025-05-22T16:45:09.978+0000] {logging_mixin.py:188} INFO - [2025-05-22T16:45:09.978+0000] {dag.py:3036} INFO - Sync 1 DAGs
[2025-05-22T16:45:09.985+0000] {logging_mixin.py:188} INFO - [2025-05-22T16:45:09.984+0000] {dag.py:3823} INFO - Setting next_dagrun for run_dbt_models_after_ingestion to None, run_after=None
[2025-05-22T16:45:09.995+0000] {processor.py:183} INFO - Processing /opt/airflow/dags/dbt_model_dag.py took 0.286 seconds
[2025-05-22T16:45:40.562+0000] {processor.py:161} INFO - Started process (PID=31713) to work on /opt/airflow/dags/dbt_model_dag.py
[2025-05-22T16:45:40.567+0000] {processor.py:830} INFO - Processing file /opt/airflow/dags/dbt_model_dag.py for tasks to queue
[2025-05-22T16:45:40.568+0000] {logging_mixin.py:188} INFO - [2025-05-22T16:45:40.567+0000] {dagbag.py:538} INFO - Filling up the DagBag from /opt/airflow/dags/dbt_model_dag.py
[2025-05-22T16:45:40.601+0000] {processor.py:840} INFO - DAG(s) 'run_dbt_models_after_ingestion' retrieved from /opt/airflow/dags/dbt_model_dag.py
[2025-05-22T16:45:40.649+0000] {logging_mixin.py:188} INFO - [2025-05-22T16:45:40.649+0000] {dag.py:3036} INFO - Sync 1 DAGs
[2025-05-22T16:45:40.665+0000] {logging_mixin.py:188} INFO - [2025-05-22T16:45:40.665+0000] {dag.py:3823} INFO - Setting next_dagrun for run_dbt_models_after_ingestion to None, run_after=None
[2025-05-22T16:45:40.688+0000] {processor.py:183} INFO - Processing /opt/airflow/dags/dbt_model_dag.py took 0.133 seconds
[2025-05-22T16:46:11.208+0000] {processor.py:161} INFO - Started process (PID=31728) to work on /opt/airflow/dags/dbt_model_dag.py
[2025-05-22T16:46:11.210+0000] {processor.py:830} INFO - Processing file /opt/airflow/dags/dbt_model_dag.py for tasks to queue
[2025-05-22T16:46:11.212+0000] {logging_mixin.py:188} INFO - [2025-05-22T16:46:11.212+0000] {dagbag.py:538} INFO - Filling up the DagBag from /opt/airflow/dags/dbt_model_dag.py
[2025-05-22T16:46:11.241+0000] {processor.py:840} INFO - DAG(s) 'run_dbt_models_after_ingestion' retrieved from /opt/airflow/dags/dbt_model_dag.py
[2025-05-22T16:46:11.290+0000] {logging_mixin.py:188} INFO - [2025-05-22T16:46:11.289+0000] {dag.py:3036} INFO - Sync 1 DAGs
[2025-05-22T16:46:11.303+0000] {logging_mixin.py:188} INFO - [2025-05-22T16:46:11.303+0000] {dag.py:3823} INFO - Setting next_dagrun for run_dbt_models_after_ingestion to None, run_after=None
[2025-05-22T16:46:11.319+0000] {processor.py:183} INFO - Processing /opt/airflow/dags/dbt_model_dag.py took 0.121 seconds
[2025-05-22T16:46:41.842+0000] {processor.py:161} INFO - Started process (PID=31743) to work on /opt/airflow/dags/dbt_model_dag.py
[2025-05-22T16:46:41.849+0000] {processor.py:830} INFO - Processing file /opt/airflow/dags/dbt_model_dag.py for tasks to queue
[2025-05-22T16:46:41.851+0000] {logging_mixin.py:188} INFO - [2025-05-22T16:46:41.851+0000] {dagbag.py:538} INFO - Filling up the DagBag from /opt/airflow/dags/dbt_model_dag.py
[2025-05-22T16:46:41.880+0000] {processor.py:840} INFO - DAG(s) 'run_dbt_models_after_ingestion' retrieved from /opt/airflow/dags/dbt_model_dag.py
[2025-05-22T16:46:41.934+0000] {logging_mixin.py:188} INFO - [2025-05-22T16:46:41.934+0000] {dag.py:3036} INFO - Sync 1 DAGs
[2025-05-22T16:46:41.953+0000] {logging_mixin.py:188} INFO - [2025-05-22T16:46:41.953+0000] {dag.py:3823} INFO - Setting next_dagrun for run_dbt_models_after_ingestion to None, run_after=None
[2025-05-22T16:46:42.138+0000] {processor.py:183} INFO - Processing /opt/airflow/dags/dbt_model_dag.py took 0.304 seconds
[2025-05-22T16:47:12.680+0000] {processor.py:161} INFO - Started process (PID=31758) to work on /opt/airflow/dags/dbt_model_dag.py
[2025-05-22T16:47:12.682+0000] {processor.py:830} INFO - Processing file /opt/airflow/dags/dbt_model_dag.py for tasks to queue
[2025-05-22T16:47:12.684+0000] {logging_mixin.py:188} INFO - [2025-05-22T16:47:12.684+0000] {dagbag.py:538} INFO - Filling up the DagBag from /opt/airflow/dags/dbt_model_dag.py
[2025-05-22T16:47:12.716+0000] {processor.py:840} INFO - DAG(s) 'run_dbt_models_after_ingestion' retrieved from /opt/airflow/dags/dbt_model_dag.py
[2025-05-22T16:47:12.768+0000] {logging_mixin.py:188} INFO - [2025-05-22T16:47:12.767+0000] {dag.py:3036} INFO - Sync 1 DAGs
[2025-05-22T16:47:12.963+0000] {logging_mixin.py:188} INFO - [2025-05-22T16:47:12.962+0000] {dag.py:3823} INFO - Setting next_dagrun for run_dbt_models_after_ingestion to None, run_after=None
[2025-05-22T16:47:12.973+0000] {processor.py:183} INFO - Processing /opt/airflow/dags/dbt_model_dag.py took 0.300 seconds
[2025-05-22T16:47:43.378+0000] {processor.py:161} INFO - Started process (PID=31773) to work on /opt/airflow/dags/dbt_model_dag.py
[2025-05-22T16:47:43.380+0000] {processor.py:830} INFO - Processing file /opt/airflow/dags/dbt_model_dag.py for tasks to queue
[2025-05-22T16:47:43.382+0000] {logging_mixin.py:188} INFO - [2025-05-22T16:47:43.382+0000] {dagbag.py:538} INFO - Filling up the DagBag from /opt/airflow/dags/dbt_model_dag.py
[2025-05-22T16:47:43.408+0000] {processor.py:840} INFO - DAG(s) 'run_dbt_models_after_ingestion' retrieved from /opt/airflow/dags/dbt_model_dag.py
[2025-05-22T16:47:43.640+0000] {logging_mixin.py:188} INFO - [2025-05-22T16:47:43.640+0000] {dag.py:3036} INFO - Sync 1 DAGs
[2025-05-22T16:47:43.650+0000] {logging_mixin.py:188} INFO - [2025-05-22T16:47:43.649+0000] {dag.py:3823} INFO - Setting next_dagrun for run_dbt_models_after_ingestion to None, run_after=None
[2025-05-22T16:47:43.660+0000] {processor.py:183} INFO - Processing /opt/airflow/dags/dbt_model_dag.py took 0.289 seconds
[2025-05-22T16:48:14.198+0000] {processor.py:161} INFO - Started process (PID=31788) to work on /opt/airflow/dags/dbt_model_dag.py
[2025-05-22T16:48:14.203+0000] {processor.py:830} INFO - Processing file /opt/airflow/dags/dbt_model_dag.py for tasks to queue
[2025-05-22T16:48:14.205+0000] {logging_mixin.py:188} INFO - [2025-05-22T16:48:14.204+0000] {dagbag.py:538} INFO - Filling up the DagBag from /opt/airflow/dags/dbt_model_dag.py
[2025-05-22T16:48:14.239+0000] {processor.py:840} INFO - DAG(s) 'run_dbt_models_after_ingestion' retrieved from /opt/airflow/dags/dbt_model_dag.py
[2025-05-22T16:48:14.287+0000] {logging_mixin.py:188} INFO - [2025-05-22T16:48:14.287+0000] {dag.py:3036} INFO - Sync 1 DAGs
[2025-05-22T16:48:14.299+0000] {logging_mixin.py:188} INFO - [2025-05-22T16:48:14.299+0000] {dag.py:3823} INFO - Setting next_dagrun for run_dbt_models_after_ingestion to None, run_after=None
[2025-05-22T16:48:14.318+0000] {processor.py:183} INFO - Processing /opt/airflow/dags/dbt_model_dag.py took 0.131 seconds
[2025-05-22T16:48:44.748+0000] {processor.py:161} INFO - Started process (PID=31803) to work on /opt/airflow/dags/dbt_model_dag.py
[2025-05-22T16:48:44.751+0000] {processor.py:830} INFO - Processing file /opt/airflow/dags/dbt_model_dag.py for tasks to queue
[2025-05-22T16:48:44.752+0000] {logging_mixin.py:188} INFO - [2025-05-22T16:48:44.752+0000] {dagbag.py:538} INFO - Filling up the DagBag from /opt/airflow/dags/dbt_model_dag.py
[2025-05-22T16:48:44.781+0000] {processor.py:840} INFO - DAG(s) 'run_dbt_models_after_ingestion' retrieved from /opt/airflow/dags/dbt_model_dag.py
[2025-05-22T16:48:44.823+0000] {logging_mixin.py:188} INFO - [2025-05-22T16:48:44.822+0000] {dag.py:3036} INFO - Sync 1 DAGs
[2025-05-22T16:48:44.841+0000] {logging_mixin.py:188} INFO - [2025-05-22T16:48:44.841+0000] {dag.py:3823} INFO - Setting next_dagrun for run_dbt_models_after_ingestion to None, run_after=None
[2025-05-22T16:48:44.858+0000] {processor.py:183} INFO - Processing /opt/airflow/dags/dbt_model_dag.py took 0.119 seconds
[2025-05-22T16:49:15.309+0000] {processor.py:161} INFO - Started process (PID=31818) to work on /opt/airflow/dags/dbt_model_dag.py
[2025-05-22T16:49:15.312+0000] {processor.py:830} INFO - Processing file /opt/airflow/dags/dbt_model_dag.py for tasks to queue
[2025-05-22T16:49:15.312+0000] {logging_mixin.py:188} INFO - [2025-05-22T16:49:15.312+0000] {dagbag.py:538} INFO - Filling up the DagBag from /opt/airflow/dags/dbt_model_dag.py
[2025-05-22T16:49:15.338+0000] {processor.py:840} INFO - DAG(s) 'run_dbt_models_after_ingestion' retrieved from /opt/airflow/dags/dbt_model_dag.py
[2025-05-22T16:49:15.390+0000] {logging_mixin.py:188} INFO - [2025-05-22T16:49:15.389+0000] {dag.py:3036} INFO - Sync 1 DAGs
[2025-05-22T16:49:15.404+0000] {logging_mixin.py:188} INFO - [2025-05-22T16:49:15.404+0000] {dag.py:3823} INFO - Setting next_dagrun for run_dbt_models_after_ingestion to None, run_after=None
[2025-05-22T16:49:15.595+0000] {processor.py:183} INFO - Processing /opt/airflow/dags/dbt_model_dag.py took 0.294 seconds
[2025-05-22T16:49:46.068+0000] {processor.py:161} INFO - Started process (PID=31832) to work on /opt/airflow/dags/dbt_model_dag.py
[2025-05-22T16:49:46.071+0000] {processor.py:830} INFO - Processing file /opt/airflow/dags/dbt_model_dag.py for tasks to queue
[2025-05-22T16:49:46.073+0000] {logging_mixin.py:188} INFO - [2025-05-22T16:49:46.073+0000] {dagbag.py:538} INFO - Filling up the DagBag from /opt/airflow/dags/dbt_model_dag.py
[2025-05-22T16:49:46.101+0000] {processor.py:840} INFO - DAG(s) 'run_dbt_models_after_ingestion' retrieved from /opt/airflow/dags/dbt_model_dag.py
[2025-05-22T16:49:46.147+0000] {logging_mixin.py:188} INFO - [2025-05-22T16:49:46.147+0000] {dag.py:3036} INFO - Sync 1 DAGs
[2025-05-22T16:49:46.338+0000] {logging_mixin.py:188} INFO - [2025-05-22T16:49:46.338+0000] {dag.py:3823} INFO - Setting next_dagrun for run_dbt_models_after_ingestion to None, run_after=None
[2025-05-22T16:49:46.350+0000] {processor.py:183} INFO - Processing /opt/airflow/dags/dbt_model_dag.py took 0.294 seconds
[2025-05-22T16:50:16.794+0000] {processor.py:161} INFO - Started process (PID=31848) to work on /opt/airflow/dags/dbt_model_dag.py
[2025-05-22T16:50:16.797+0000] {processor.py:830} INFO - Processing file /opt/airflow/dags/dbt_model_dag.py for tasks to queue
[2025-05-22T16:50:16.798+0000] {logging_mixin.py:188} INFO - [2025-05-22T16:50:16.798+0000] {dagbag.py:538} INFO - Filling up the DagBag from /opt/airflow/dags/dbt_model_dag.py
[2025-05-22T16:50:16.825+0000] {processor.py:840} INFO - DAG(s) 'run_dbt_models_after_ingestion' retrieved from /opt/airflow/dags/dbt_model_dag.py
[2025-05-22T16:50:17.063+0000] {logging_mixin.py:188} INFO - [2025-05-22T16:50:17.063+0000] {dag.py:3036} INFO - Sync 1 DAGs
[2025-05-22T16:50:17.069+0000] {logging_mixin.py:188} INFO - [2025-05-22T16:50:17.069+0000] {dag.py:3823} INFO - Setting next_dagrun for run_dbt_models_after_ingestion to None, run_after=None
[2025-05-22T16:50:17.082+0000] {processor.py:183} INFO - Processing /opt/airflow/dags/dbt_model_dag.py took 0.295 seconds
[2025-05-22T16:50:47.551+0000] {processor.py:161} INFO - Started process (PID=31863) to work on /opt/airflow/dags/dbt_model_dag.py
[2025-05-22T16:50:47.554+0000] {processor.py:830} INFO - Processing file /opt/airflow/dags/dbt_model_dag.py for tasks to queue
[2025-05-22T16:50:47.555+0000] {logging_mixin.py:188} INFO - [2025-05-22T16:50:47.554+0000] {dagbag.py:538} INFO - Filling up the DagBag from /opt/airflow/dags/dbt_model_dag.py
[2025-05-22T16:50:47.583+0000] {processor.py:840} INFO - DAG(s) 'run_dbt_models_after_ingestion' retrieved from /opt/airflow/dags/dbt_model_dag.py
[2025-05-22T16:50:47.625+0000] {logging_mixin.py:188} INFO - [2025-05-22T16:50:47.625+0000] {dag.py:3036} INFO - Sync 1 DAGs
[2025-05-22T16:50:47.636+0000] {logging_mixin.py:188} INFO - [2025-05-22T16:50:47.636+0000] {dag.py:3823} INFO - Setting next_dagrun for run_dbt_models_after_ingestion to None, run_after=None
[2025-05-22T16:50:47.654+0000] {processor.py:183} INFO - Processing /opt/airflow/dags/dbt_model_dag.py took 0.117 seconds
[2025-05-22T16:51:18.124+0000] {processor.py:161} INFO - Started process (PID=31878) to work on /opt/airflow/dags/dbt_model_dag.py
[2025-05-22T16:51:18.125+0000] {processor.py:830} INFO - Processing file /opt/airflow/dags/dbt_model_dag.py for tasks to queue
[2025-05-22T16:51:18.126+0000] {logging_mixin.py:188} INFO - [2025-05-22T16:51:18.126+0000] {dagbag.py:538} INFO - Filling up the DagBag from /opt/airflow/dags/dbt_model_dag.py
[2025-05-22T16:51:18.153+0000] {processor.py:840} INFO - DAG(s) 'run_dbt_models_after_ingestion' retrieved from /opt/airflow/dags/dbt_model_dag.py
[2025-05-22T16:51:18.196+0000] {logging_mixin.py:188} INFO - [2025-05-22T16:51:18.196+0000] {dag.py:3036} INFO - Sync 1 DAGs
[2025-05-22T16:51:18.212+0000] {logging_mixin.py:188} INFO - [2025-05-22T16:51:18.212+0000] {dag.py:3823} INFO - Setting next_dagrun for run_dbt_models_after_ingestion to None, run_after=None
[2025-05-22T16:51:18.229+0000] {processor.py:183} INFO - Processing /opt/airflow/dags/dbt_model_dag.py took 0.109 seconds
[2025-05-22T16:51:48.672+0000] {processor.py:161} INFO - Started process (PID=31893) to work on /opt/airflow/dags/dbt_model_dag.py
[2025-05-22T16:51:48.676+0000] {processor.py:830} INFO - Processing file /opt/airflow/dags/dbt_model_dag.py for tasks to queue
[2025-05-22T16:51:48.678+0000] {logging_mixin.py:188} INFO - [2025-05-22T16:51:48.677+0000] {dagbag.py:538} INFO - Filling up the DagBag from /opt/airflow/dags/dbt_model_dag.py
[2025-05-22T16:51:48.701+0000] {processor.py:840} INFO - DAG(s) 'run_dbt_models_after_ingestion' retrieved from /opt/airflow/dags/dbt_model_dag.py
[2025-05-22T16:51:48.739+0000] {logging_mixin.py:188} INFO - [2025-05-22T16:51:48.738+0000] {dag.py:3036} INFO - Sync 1 DAGs
[2025-05-22T16:51:48.753+0000] {logging_mixin.py:188} INFO - [2025-05-22T16:51:48.753+0000] {dag.py:3823} INFO - Setting next_dagrun for run_dbt_models_after_ingestion to None, run_after=None
[2025-05-22T16:51:48.953+0000] {processor.py:183} INFO - Processing /opt/airflow/dags/dbt_model_dag.py took 0.291 seconds
[2025-05-22T16:52:19.387+0000] {processor.py:161} INFO - Started process (PID=31908) to work on /opt/airflow/dags/dbt_model_dag.py
[2025-05-22T16:52:19.390+0000] {processor.py:830} INFO - Processing file /opt/airflow/dags/dbt_model_dag.py for tasks to queue
[2025-05-22T16:52:19.392+0000] {logging_mixin.py:188} INFO - [2025-05-22T16:52:19.392+0000] {dagbag.py:538} INFO - Filling up the DagBag from /opt/airflow/dags/dbt_model_dag.py
[2025-05-22T16:52:19.420+0000] {processor.py:840} INFO - DAG(s) 'run_dbt_models_after_ingestion' retrieved from /opt/airflow/dags/dbt_model_dag.py
[2025-05-22T16:52:19.464+0000] {logging_mixin.py:188} INFO - [2025-05-22T16:52:19.464+0000] {dag.py:3036} INFO - Sync 1 DAGs
[2025-05-22T16:52:19.661+0000] {logging_mixin.py:188} INFO - [2025-05-22T16:52:19.661+0000] {dag.py:3823} INFO - Setting next_dagrun for run_dbt_models_after_ingestion to None, run_after=None
[2025-05-22T16:52:19.672+0000] {processor.py:183} INFO - Processing /opt/airflow/dags/dbt_model_dag.py took 0.293 seconds
[2025-05-22T16:52:50.114+0000] {processor.py:161} INFO - Started process (PID=31923) to work on /opt/airflow/dags/dbt_model_dag.py
[2025-05-22T16:52:50.117+0000] {processor.py:830} INFO - Processing file /opt/airflow/dags/dbt_model_dag.py for tasks to queue
[2025-05-22T16:52:50.119+0000] {logging_mixin.py:188} INFO - [2025-05-22T16:52:50.119+0000] {dagbag.py:538} INFO - Filling up the DagBag from /opt/airflow/dags/dbt_model_dag.py
[2025-05-22T16:52:50.142+0000] {processor.py:840} INFO - DAG(s) 'run_dbt_models_after_ingestion' retrieved from /opt/airflow/dags/dbt_model_dag.py
[2025-05-22T16:52:50.366+0000] {logging_mixin.py:188} INFO - [2025-05-22T16:52:50.366+0000] {dag.py:3036} INFO - Sync 1 DAGs
[2025-05-22T16:52:50.373+0000] {logging_mixin.py:188} INFO - [2025-05-22T16:52:50.373+0000] {dag.py:3823} INFO - Setting next_dagrun for run_dbt_models_after_ingestion to None, run_after=None
[2025-05-22T16:52:50.384+0000] {processor.py:183} INFO - Processing /opt/airflow/dags/dbt_model_dag.py took 0.279 seconds
[2025-05-22T16:53:20.775+0000] {processor.py:161} INFO - Started process (PID=31938) to work on /opt/airflow/dags/dbt_model_dag.py
[2025-05-22T16:53:20.777+0000] {processor.py:830} INFO - Processing file /opt/airflow/dags/dbt_model_dag.py for tasks to queue
[2025-05-22T16:53:20.778+0000] {logging_mixin.py:188} INFO - [2025-05-22T16:53:20.778+0000] {dagbag.py:538} INFO - Filling up the DagBag from /opt/airflow/dags/dbt_model_dag.py
[2025-05-22T16:53:20.804+0000] {processor.py:840} INFO - DAG(s) 'run_dbt_models_after_ingestion' retrieved from /opt/airflow/dags/dbt_model_dag.py
[2025-05-22T16:53:20.844+0000] {logging_mixin.py:188} INFO - [2025-05-22T16:53:20.844+0000] {dag.py:3036} INFO - Sync 1 DAGs
[2025-05-22T16:53:20.858+0000] {logging_mixin.py:188} INFO - [2025-05-22T16:53:20.858+0000] {dag.py:3823} INFO - Setting next_dagrun for run_dbt_models_after_ingestion to None, run_after=None
[2025-05-22T16:53:20.873+0000] {processor.py:183} INFO - Processing /opt/airflow/dags/dbt_model_dag.py took 0.103 seconds
[2025-05-22T16:53:51.365+0000] {processor.py:161} INFO - Started process (PID=31952) to work on /opt/airflow/dags/dbt_model_dag.py
[2025-05-22T16:53:51.368+0000] {processor.py:830} INFO - Processing file /opt/airflow/dags/dbt_model_dag.py for tasks to queue
[2025-05-22T16:53:51.371+0000] {logging_mixin.py:188} INFO - [2025-05-22T16:53:51.371+0000] {dagbag.py:538} INFO - Filling up the DagBag from /opt/airflow/dags/dbt_model_dag.py
[2025-05-22T16:53:51.398+0000] {processor.py:840} INFO - DAG(s) 'run_dbt_models_after_ingestion' retrieved from /opt/airflow/dags/dbt_model_dag.py
[2025-05-22T16:53:51.435+0000] {logging_mixin.py:188} INFO - [2025-05-22T16:53:51.435+0000] {dag.py:3036} INFO - Sync 1 DAGs
[2025-05-22T16:53:51.446+0000] {logging_mixin.py:188} INFO - [2025-05-22T16:53:51.446+0000] {dag.py:3823} INFO - Setting next_dagrun for run_dbt_models_after_ingestion to None, run_after=None
[2025-05-22T16:53:51.461+0000] {processor.py:183} INFO - Processing /opt/airflow/dags/dbt_model_dag.py took 0.101 seconds
[2025-05-22T16:54:21.960+0000] {processor.py:161} INFO - Started process (PID=31968) to work on /opt/airflow/dags/dbt_model_dag.py
[2025-05-22T16:54:21.962+0000] {processor.py:830} INFO - Processing file /opt/airflow/dags/dbt_model_dag.py for tasks to queue
[2025-05-22T16:54:21.963+0000] {logging_mixin.py:188} INFO - [2025-05-22T16:54:21.963+0000] {dagbag.py:538} INFO - Filling up the DagBag from /opt/airflow/dags/dbt_model_dag.py
[2025-05-22T16:54:21.986+0000] {processor.py:840} INFO - DAG(s) 'run_dbt_models_after_ingestion' retrieved from /opt/airflow/dags/dbt_model_dag.py
[2025-05-22T16:54:22.028+0000] {logging_mixin.py:188} INFO - [2025-05-22T16:54:22.028+0000] {dag.py:3036} INFO - Sync 1 DAGs
[2025-05-22T16:54:22.045+0000] {logging_mixin.py:188} INFO - [2025-05-22T16:54:22.045+0000] {dag.py:3823} INFO - Setting next_dagrun for run_dbt_models_after_ingestion to None, run_after=None
[2025-05-22T16:54:22.233+0000] {processor.py:183} INFO - Processing /opt/airflow/dags/dbt_model_dag.py took 0.283 seconds
[2025-05-22T16:54:52.692+0000] {processor.py:161} INFO - Started process (PID=31982) to work on /opt/airflow/dags/dbt_model_dag.py
[2025-05-22T16:54:52.694+0000] {processor.py:830} INFO - Processing file /opt/airflow/dags/dbt_model_dag.py for tasks to queue
[2025-05-22T16:54:52.695+0000] {logging_mixin.py:188} INFO - [2025-05-22T16:54:52.695+0000] {dagbag.py:538} INFO - Filling up the DagBag from /opt/airflow/dags/dbt_model_dag.py
[2025-05-22T16:54:52.718+0000] {processor.py:840} INFO - DAG(s) 'run_dbt_models_after_ingestion' retrieved from /opt/airflow/dags/dbt_model_dag.py
[2025-05-22T16:54:52.758+0000] {logging_mixin.py:188} INFO - [2025-05-22T16:54:52.758+0000] {dag.py:3036} INFO - Sync 1 DAGs
[2025-05-22T16:54:52.944+0000] {logging_mixin.py:188} INFO - [2025-05-22T16:54:52.944+0000] {dag.py:3823} INFO - Setting next_dagrun for run_dbt_models_after_ingestion to None, run_after=None
[2025-05-22T16:54:52.954+0000] {processor.py:183} INFO - Processing /opt/airflow/dags/dbt_model_dag.py took 0.267 seconds
[2025-05-22T16:55:23.329+0000] {processor.py:161} INFO - Started process (PID=31998) to work on /opt/airflow/dags/dbt_model_dag.py
[2025-05-22T16:55:23.331+0000] {processor.py:830} INFO - Processing file /opt/airflow/dags/dbt_model_dag.py for tasks to queue
[2025-05-22T16:55:23.332+0000] {logging_mixin.py:188} INFO - [2025-05-22T16:55:23.332+0000] {dagbag.py:538} INFO - Filling up the DagBag from /opt/airflow/dags/dbt_model_dag.py
[2025-05-22T16:55:23.356+0000] {processor.py:840} INFO - DAG(s) 'run_dbt_models_after_ingestion' retrieved from /opt/airflow/dags/dbt_model_dag.py
[2025-05-22T16:55:23.591+0000] {logging_mixin.py:188} INFO - [2025-05-22T16:55:23.591+0000] {dag.py:3036} INFO - Sync 1 DAGs
[2025-05-22T16:55:23.599+0000] {logging_mixin.py:188} INFO - [2025-05-22T16:55:23.599+0000] {dag.py:3823} INFO - Setting next_dagrun for run_dbt_models_after_ingestion to None, run_after=None
[2025-05-22T16:55:23.610+0000] {processor.py:183} INFO - Processing /opt/airflow/dags/dbt_model_dag.py took 0.289 seconds
[2025-05-22T17:11:10.533+0000] {processor.py:161} INFO - Started process (PID=32014) to work on /opt/airflow/dags/dbt_model_dag.py
[2025-05-22T17:11:10.536+0000] {processor.py:830} INFO - Processing file /opt/airflow/dags/dbt_model_dag.py for tasks to queue
[2025-05-22T17:11:10.537+0000] {logging_mixin.py:188} INFO - [2025-05-22T17:11:10.537+0000] {dagbag.py:538} INFO - Filling up the DagBag from /opt/airflow/dags/dbt_model_dag.py
[2025-05-22T17:11:10.559+0000] {processor.py:840} INFO - DAG(s) 'run_dbt_models_after_ingestion' retrieved from /opt/airflow/dags/dbt_model_dag.py
[2025-05-22T17:11:10.615+0000] {logging_mixin.py:188} INFO - [2025-05-22T17:11:10.615+0000] {dag.py:3036} INFO - Sync 1 DAGs
[2025-05-22T17:11:10.646+0000] {logging_mixin.py:188} INFO - [2025-05-22T17:11:10.646+0000] {dag.py:3823} INFO - Setting next_dagrun for run_dbt_models_after_ingestion to None, run_after=None
[2025-05-22T17:11:10.678+0000] {processor.py:183} INFO - Processing /opt/airflow/dags/dbt_model_dag.py took 0.151 seconds
[2025-05-22T18:02:04.030+0000] {processor.py:161} INFO - Started process (PID=32030) to work on /opt/airflow/dags/dbt_model_dag.py
[2025-05-22T18:02:04.031+0000] {processor.py:830} INFO - Processing file /opt/airflow/dags/dbt_model_dag.py for tasks to queue
[2025-05-22T18:02:04.036+0000] {logging_mixin.py:188} INFO - [2025-05-22T18:02:04.035+0000] {dagbag.py:538} INFO - Filling up the DagBag from /opt/airflow/dags/dbt_model_dag.py
[2025-05-22T18:02:04.070+0000] {processor.py:840} INFO - DAG(s) 'run_dbt_models_after_ingestion' retrieved from /opt/airflow/dags/dbt_model_dag.py
[2025-05-22T18:02:04.136+0000] {logging_mixin.py:188} INFO - [2025-05-22T18:02:04.136+0000] {dag.py:3036} INFO - Sync 1 DAGs
[2025-05-22T18:02:04.163+0000] {logging_mixin.py:188} INFO - [2025-05-22T18:02:04.163+0000] {dag.py:3823} INFO - Setting next_dagrun for run_dbt_models_after_ingestion to None, run_after=None
[2025-05-22T18:02:04.206+0000] {processor.py:183} INFO - Processing /opt/airflow/dags/dbt_model_dag.py took 0.179 seconds
[2025-05-22T18:20:26.571+0000] {processor.py:161} INFO - Started process (PID=32046) to work on /opt/airflow/dags/dbt_model_dag.py
[2025-05-22T18:20:26.573+0000] {processor.py:830} INFO - Processing file /opt/airflow/dags/dbt_model_dag.py for tasks to queue
[2025-05-22T18:20:26.574+0000] {logging_mixin.py:188} INFO - [2025-05-22T18:20:26.574+0000] {dagbag.py:538} INFO - Filling up the DagBag from /opt/airflow/dags/dbt_model_dag.py
[2025-05-22T18:20:26.595+0000] {processor.py:840} INFO - DAG(s) 'run_dbt_models_after_ingestion' retrieved from /opt/airflow/dags/dbt_model_dag.py
[2025-05-22T18:20:26.633+0000] {logging_mixin.py:188} INFO - [2025-05-22T18:20:26.633+0000] {dag.py:3036} INFO - Sync 1 DAGs
[2025-05-22T18:20:26.646+0000] {logging_mixin.py:188} INFO - [2025-05-22T18:20:26.646+0000] {dag.py:3823} INFO - Setting next_dagrun for run_dbt_models_after_ingestion to None, run_after=None
[2025-05-22T18:20:26.661+0000] {processor.py:183} INFO - Processing /opt/airflow/dags/dbt_model_dag.py took 0.097 seconds
[2025-05-22T18:53:48.111+0000] {processor.py:161} INFO - Started process (PID=32062) to work on /opt/airflow/dags/dbt_model_dag.py
[2025-05-22T18:53:48.113+0000] {processor.py:830} INFO - Processing file /opt/airflow/dags/dbt_model_dag.py for tasks to queue
[2025-05-22T18:53:48.115+0000] {logging_mixin.py:188} INFO - [2025-05-22T18:53:48.114+0000] {dagbag.py:538} INFO - Filling up the DagBag from /opt/airflow/dags/dbt_model_dag.py
[2025-05-22T18:53:48.155+0000] {processor.py:840} INFO - DAG(s) 'run_dbt_models_after_ingestion' retrieved from /opt/airflow/dags/dbt_model_dag.py
[2025-05-22T18:53:48.228+0000] {logging_mixin.py:188} INFO - [2025-05-22T18:53:48.228+0000] {dag.py:3036} INFO - Sync 1 DAGs
[2025-05-22T18:53:48.519+0000] {logging_mixin.py:188} INFO - [2025-05-22T18:53:48.518+0000] {dag.py:3823} INFO - Setting next_dagrun for run_dbt_models_after_ingestion to None, run_after=None
[2025-05-22T18:53:48.554+0000] {processor.py:183} INFO - Processing /opt/airflow/dags/dbt_model_dag.py took 0.450 seconds
[2025-05-22T19:11:50.543+0000] {processor.py:161} INFO - Started process (PID=32077) to work on /opt/airflow/dags/dbt_model_dag.py
[2025-05-22T19:11:50.548+0000] {processor.py:830} INFO - Processing file /opt/airflow/dags/dbt_model_dag.py for tasks to queue
[2025-05-22T19:11:50.551+0000] {logging_mixin.py:188} INFO - [2025-05-22T19:11:50.551+0000] {dagbag.py:538} INFO - Filling up the DagBag from /opt/airflow/dags/dbt_model_dag.py
[2025-05-22T19:11:50.582+0000] {processor.py:840} INFO - DAG(s) 'run_dbt_models_after_ingestion' retrieved from /opt/airflow/dags/dbt_model_dag.py
[2025-05-22T19:11:50.892+0000] {logging_mixin.py:188} INFO - [2025-05-22T19:11:50.892+0000] {dag.py:3036} INFO - Sync 1 DAGs
[2025-05-22T19:11:50.906+0000] {logging_mixin.py:188} INFO - [2025-05-22T19:11:50.905+0000] {dag.py:3823} INFO - Setting next_dagrun for run_dbt_models_after_ingestion to None, run_after=None
[2025-05-22T19:11:50.923+0000] {processor.py:183} INFO - Processing /opt/airflow/dags/dbt_model_dag.py took 0.389 seconds
[2025-05-22T19:29:49.235+0000] {processor.py:161} INFO - Started process (PID=32092) to work on /opt/airflow/dags/dbt_model_dag.py
[2025-05-22T19:29:49.238+0000] {processor.py:830} INFO - Processing file /opt/airflow/dags/dbt_model_dag.py for tasks to queue
[2025-05-22T19:29:49.241+0000] {logging_mixin.py:188} INFO - [2025-05-22T19:29:49.240+0000] {dagbag.py:538} INFO - Filling up the DagBag from /opt/airflow/dags/dbt_model_dag.py
[2025-05-22T19:29:49.288+0000] {processor.py:840} INFO - DAG(s) 'run_dbt_models_after_ingestion' retrieved from /opt/airflow/dags/dbt_model_dag.py
[2025-05-22T19:29:49.346+0000] {logging_mixin.py:188} INFO - [2025-05-22T19:29:49.346+0000] {dag.py:3036} INFO - Sync 1 DAGs
[2025-05-22T19:29:49.377+0000] {logging_mixin.py:188} INFO - [2025-05-22T19:29:49.377+0000] {dag.py:3823} INFO - Setting next_dagrun for run_dbt_models_after_ingestion to None, run_after=None
[2025-05-22T19:29:49.409+0000] {processor.py:183} INFO - Processing /opt/airflow/dags/dbt_model_dag.py took 0.180 seconds
[2025-05-22T20:28:34.303+0000] {processor.py:161} INFO - Started process (PID=32106) to work on /opt/airflow/dags/dbt_model_dag.py
[2025-05-22T20:28:34.307+0000] {processor.py:830} INFO - Processing file /opt/airflow/dags/dbt_model_dag.py for tasks to queue
[2025-05-22T20:28:34.311+0000] {logging_mixin.py:188} INFO - [2025-05-22T20:28:34.310+0000] {dagbag.py:538} INFO - Filling up the DagBag from /opt/airflow/dags/dbt_model_dag.py
[2025-05-22T20:28:34.356+0000] {processor.py:840} INFO - DAG(s) 'run_dbt_models_after_ingestion' retrieved from /opt/airflow/dags/dbt_model_dag.py
[2025-05-22T20:28:34.432+0000] {logging_mixin.py:188} INFO - [2025-05-22T20:28:34.432+0000] {dag.py:3036} INFO - Sync 1 DAGs
[2025-05-22T20:28:34.462+0000] {logging_mixin.py:188} INFO - [2025-05-22T20:28:34.461+0000] {dag.py:3823} INFO - Setting next_dagrun for run_dbt_models_after_ingestion to None, run_after=None
[2025-05-22T20:28:34.527+0000] {processor.py:183} INFO - Processing /opt/airflow/dags/dbt_model_dag.py took 0.238 seconds
[2025-05-22T21:13:14.249+0000] {processor.py:161} INFO - Started process (PID=32121) to work on /opt/airflow/dags/dbt_model_dag.py
[2025-05-22T21:13:14.254+0000] {processor.py:830} INFO - Processing file /opt/airflow/dags/dbt_model_dag.py for tasks to queue
[2025-05-22T21:13:14.256+0000] {logging_mixin.py:188} INFO - [2025-05-22T21:13:14.256+0000] {dagbag.py:538} INFO - Filling up the DagBag from /opt/airflow/dags/dbt_model_dag.py
[2025-05-22T21:13:14.295+0000] {processor.py:840} INFO - DAG(s) 'run_dbt_models_after_ingestion' retrieved from /opt/airflow/dags/dbt_model_dag.py
[2025-05-22T21:13:14.364+0000] {logging_mixin.py:188} INFO - [2025-05-22T21:13:14.364+0000] {dag.py:3036} INFO - Sync 1 DAGs
[2025-05-22T21:13:14.379+0000] {logging_mixin.py:188} INFO - [2025-05-22T21:13:14.379+0000] {dag.py:3823} INFO - Setting next_dagrun for run_dbt_models_after_ingestion to None, run_after=None
[2025-05-22T21:13:14.733+0000] {processor.py:183} INFO - Processing /opt/airflow/dags/dbt_model_dag.py took 0.496 seconds
[2025-05-22T21:13:45.243+0000] {processor.py:161} INFO - Started process (PID=32137) to work on /opt/airflow/dags/dbt_model_dag.py
[2025-05-22T21:13:45.246+0000] {processor.py:830} INFO - Processing file /opt/airflow/dags/dbt_model_dag.py for tasks to queue
[2025-05-22T21:13:45.248+0000] {logging_mixin.py:188} INFO - [2025-05-22T21:13:45.248+0000] {dagbag.py:538} INFO - Filling up the DagBag from /opt/airflow/dags/dbt_model_dag.py
[2025-05-22T21:13:45.273+0000] {processor.py:840} INFO - DAG(s) 'run_dbt_models_after_ingestion' retrieved from /opt/airflow/dags/dbt_model_dag.py
[2025-05-22T21:13:45.501+0000] {logging_mixin.py:188} INFO - [2025-05-22T21:13:45.501+0000] {dag.py:3036} INFO - Sync 1 DAGs
[2025-05-22T21:13:45.510+0000] {logging_mixin.py:188} INFO - [2025-05-22T21:13:45.510+0000] {dag.py:3823} INFO - Setting next_dagrun for run_dbt_models_after_ingestion to None, run_after=None
[2025-05-22T21:13:45.524+0000] {processor.py:183} INFO - Processing /opt/airflow/dags/dbt_model_dag.py took 0.285 seconds
[2025-05-22T21:59:05.674+0000] {processor.py:161} INFO - Started process (PID=32152) to work on /opt/airflow/dags/dbt_model_dag.py
[2025-05-22T21:59:05.677+0000] {processor.py:830} INFO - Processing file /opt/airflow/dags/dbt_model_dag.py for tasks to queue
[2025-05-22T21:59:05.681+0000] {logging_mixin.py:188} INFO - [2025-05-22T21:59:05.681+0000] {dagbag.py:538} INFO - Filling up the DagBag from /opt/airflow/dags/dbt_model_dag.py
[2025-05-22T21:59:05.732+0000] {processor.py:840} INFO - DAG(s) 'run_dbt_models_after_ingestion' retrieved from /opt/airflow/dags/dbt_model_dag.py
[2025-05-22T21:59:06.470+0000] {logging_mixin.py:188} INFO - [2025-05-22T21:59:06.469+0000] {dag.py:3036} INFO - Sync 1 DAGs
[2025-05-22T21:59:06.476+0000] {logging_mixin.py:188} INFO - [2025-05-22T21:59:06.475+0000] {dag.py:3823} INFO - Setting next_dagrun for run_dbt_models_after_ingestion to None, run_after=None
[2025-05-22T21:59:06.500+0000] {processor.py:183} INFO - Processing /opt/airflow/dags/dbt_model_dag.py took 0.831 seconds
[2025-05-22T22:16:57.543+0000] {processor.py:161} INFO - Started process (PID=32167) to work on /opt/airflow/dags/dbt_model_dag.py
[2025-05-22T22:16:57.545+0000] {processor.py:830} INFO - Processing file /opt/airflow/dags/dbt_model_dag.py for tasks to queue
[2025-05-22T22:16:57.548+0000] {logging_mixin.py:188} INFO - [2025-05-22T22:16:57.548+0000] {dagbag.py:538} INFO - Filling up the DagBag from /opt/airflow/dags/dbt_model_dag.py
[2025-05-22T22:16:57.577+0000] {processor.py:840} INFO - DAG(s) 'run_dbt_models_after_ingestion' retrieved from /opt/airflow/dags/dbt_model_dag.py
[2025-05-22T22:16:57.644+0000] {logging_mixin.py:188} INFO - [2025-05-22T22:16:57.644+0000] {dag.py:3036} INFO - Sync 1 DAGs
[2025-05-22T22:16:57.662+0000] {logging_mixin.py:188} INFO - [2025-05-22T22:16:57.661+0000] {dag.py:3823} INFO - Setting next_dagrun for run_dbt_models_after_ingestion to None, run_after=None
[2025-05-22T22:16:57.694+0000] {processor.py:183} INFO - Processing /opt/airflow/dags/dbt_model_dag.py took 0.160 seconds
[2025-05-22T23:15:37.855+0000] {processor.py:161} INFO - Started process (PID=32184) to work on /opt/airflow/dags/dbt_model_dag.py
[2025-05-22T23:15:37.856+0000] {processor.py:830} INFO - Processing file /opt/airflow/dags/dbt_model_dag.py for tasks to queue
[2025-05-22T23:15:37.858+0000] {logging_mixin.py:188} INFO - [2025-05-22T23:15:37.857+0000] {dagbag.py:538} INFO - Filling up the DagBag from /opt/airflow/dags/dbt_model_dag.py
[2025-05-22T23:15:37.877+0000] {processor.py:840} INFO - DAG(s) 'run_dbt_models_after_ingestion' retrieved from /opt/airflow/dags/dbt_model_dag.py
[2025-05-22T23:15:37.910+0000] {logging_mixin.py:188} INFO - [2025-05-22T23:15:37.910+0000] {dag.py:3036} INFO - Sync 1 DAGs
[2025-05-22T23:15:37.925+0000] {logging_mixin.py:188} INFO - [2025-05-22T23:15:37.925+0000] {dag.py:3823} INFO - Setting next_dagrun for run_dbt_models_after_ingestion to None, run_after=None
[2025-05-22T23:15:37.938+0000] {processor.py:183} INFO - Processing /opt/airflow/dags/dbt_model_dag.py took 0.095 seconds
[2025-05-22T23:34:01.430+0000] {processor.py:161} INFO - Started process (PID=32199) to work on /opt/airflow/dags/dbt_model_dag.py
[2025-05-22T23:34:01.433+0000] {processor.py:830} INFO - Processing file /opt/airflow/dags/dbt_model_dag.py for tasks to queue
[2025-05-22T23:34:01.436+0000] {logging_mixin.py:188} INFO - [2025-05-22T23:34:01.435+0000] {dagbag.py:538} INFO - Filling up the DagBag from /opt/airflow/dags/dbt_model_dag.py
[2025-05-22T23:34:01.458+0000] {processor.py:840} INFO - DAG(s) 'run_dbt_models_after_ingestion' retrieved from /opt/airflow/dags/dbt_model_dag.py
[2025-05-22T23:34:01.516+0000] {logging_mixin.py:188} INFO - [2025-05-22T23:34:01.515+0000] {dag.py:3036} INFO - Sync 1 DAGs
[2025-05-22T23:34:01.532+0000] {logging_mixin.py:188} INFO - [2025-05-22T23:34:01.532+0000] {dag.py:3823} INFO - Setting next_dagrun for run_dbt_models_after_ingestion to None, run_after=None
[2025-05-22T23:34:01.573+0000] {processor.py:183} INFO - Processing /opt/airflow/dags/dbt_model_dag.py took 0.151 seconds
[2025-05-22T23:37:58.738+0000] {processor.py:161} INFO - Started process (PID=32214) to work on /opt/airflow/dags/dbt_model_dag.py
[2025-05-22T23:37:58.739+0000] {processor.py:830} INFO - Processing file /opt/airflow/dags/dbt_model_dag.py for tasks to queue
[2025-05-22T23:37:58.740+0000] {logging_mixin.py:188} INFO - [2025-05-22T23:37:58.740+0000] {dagbag.py:538} INFO - Filling up the DagBag from /opt/airflow/dags/dbt_model_dag.py
[2025-05-22T23:37:58.767+0000] {processor.py:840} INFO - DAG(s) 'run_dbt_models_after_ingestion' retrieved from /opt/airflow/dags/dbt_model_dag.py
[2025-05-22T23:37:58.808+0000] {logging_mixin.py:188} INFO - [2025-05-22T23:37:58.808+0000] {dag.py:3036} INFO - Sync 1 DAGs
[2025-05-22T23:37:58.822+0000] {logging_mixin.py:188} INFO - [2025-05-22T23:37:58.822+0000] {dag.py:3823} INFO - Setting next_dagrun for run_dbt_models_after_ingestion to None, run_after=None
[2025-05-22T23:37:58.856+0000] {processor.py:183} INFO - Processing /opt/airflow/dags/dbt_model_dag.py took 0.124 seconds
