[2025-05-22T01:45:29.591+0000] {processor.py:161} INFO - Started process (PID=27072) to work on /opt/airflow/dags/init_raw_schema_dag.py
[2025-05-22T01:45:29.592+0000] {processor.py:830} INFO - Processing file /opt/airflow/dags/init_raw_schema_dag.py for tasks to queue
[2025-05-22T01:45:29.592+0000] {logging_mixin.py:188} INFO - [2025-05-22T01:45:29.592+0000] {dagbag.py:538} INFO - Filling up the DagBag from /opt/airflow/dags/init_raw_schema_dag.py
[2025-05-22T01:45:29.603+0000] {processor.py:840} INFO - DAG(s) 'init_raw_schema_dag' retrieved from /opt/airflow/dags/init_raw_schema_dag.py
[2025-05-22T01:45:29.668+0000] {logging_mixin.py:188} INFO - [2025-05-22T01:45:29.667+0000] {override.py:1769} INFO - Created Permission View: can edit on DAG:init_raw_schema_dag
[2025-05-22T01:45:29.671+0000] {logging_mixin.py:188} INFO - [2025-05-22T01:45:29.671+0000] {override.py:1769} INFO - Created Permission View: can read on DAG:init_raw_schema_dag
[2025-05-22T01:45:29.673+0000] {logging_mixin.py:188} INFO - [2025-05-22T01:45:29.673+0000] {override.py:1769} INFO - Created Permission View: can delete on DAG:init_raw_schema_dag
[2025-05-22T01:45:29.673+0000] {logging_mixin.py:188} INFO - [2025-05-22T01:45:29.673+0000] {dag.py:3036} INFO - Sync 1 DAGs
[2025-05-22T01:45:29.678+0000] {logging_mixin.py:188} INFO - [2025-05-22T01:45:29.678+0000] {dag.py:3058} INFO - Creating ORM DAG for init_raw_schema_dag
[2025-05-22T01:45:29.678+0000] {logging_mixin.py:188} INFO - [2025-05-22T01:45:29.678+0000] {dag.py:3823} INFO - Setting next_dagrun for init_raw_schema_dag to None, run_after=None
[2025-05-22T01:45:29.684+0000] {processor.py:183} INFO - Processing /opt/airflow/dags/init_raw_schema_dag.py took 0.096 seconds
[2025-05-22T01:45:59.994+0000] {processor.py:161} INFO - Started process (PID=27087) to work on /opt/airflow/dags/init_raw_schema_dag.py
[2025-05-22T01:45:59.996+0000] {processor.py:830} INFO - Processing file /opt/airflow/dags/init_raw_schema_dag.py for tasks to queue
[2025-05-22T01:45:59.997+0000] {logging_mixin.py:188} INFO - [2025-05-22T01:45:59.996+0000] {dagbag.py:538} INFO - Filling up the DagBag from /opt/airflow/dags/init_raw_schema_dag.py
[2025-05-22T01:46:00.012+0000] {processor.py:840} INFO - DAG(s) 'init_raw_schema_dag' retrieved from /opt/airflow/dags/init_raw_schema_dag.py
[2025-05-22T01:46:00.028+0000] {logging_mixin.py:188} INFO - [2025-05-22T01:46:00.028+0000] {dag.py:3036} INFO - Sync 1 DAGs
[2025-05-22T01:46:00.035+0000] {logging_mixin.py:188} INFO - [2025-05-22T01:46:00.035+0000] {dag.py:3823} INFO - Setting next_dagrun for init_raw_schema_dag to None, run_after=None
[2025-05-22T01:46:00.043+0000] {processor.py:183} INFO - Processing /opt/airflow/dags/init_raw_schema_dag.py took 0.054 seconds
[2025-05-22T01:46:30.577+0000] {processor.py:161} INFO - Started process (PID=27102) to work on /opt/airflow/dags/init_raw_schema_dag.py
[2025-05-22T01:46:30.581+0000] {processor.py:830} INFO - Processing file /opt/airflow/dags/init_raw_schema_dag.py for tasks to queue
[2025-05-22T01:46:30.582+0000] {logging_mixin.py:188} INFO - [2025-05-22T01:46:30.582+0000] {dagbag.py:538} INFO - Filling up the DagBag from /opt/airflow/dags/init_raw_schema_dag.py
[2025-05-22T01:46:30.611+0000] {processor.py:840} INFO - DAG(s) 'init_raw_schema_dag' retrieved from /opt/airflow/dags/init_raw_schema_dag.py
[2025-05-22T01:46:30.643+0000] {logging_mixin.py:188} INFO - [2025-05-22T01:46:30.643+0000] {dag.py:3036} INFO - Sync 1 DAGs
[2025-05-22T01:46:30.651+0000] {logging_mixin.py:188} INFO - [2025-05-22T01:46:30.651+0000] {dag.py:3823} INFO - Setting next_dagrun for init_raw_schema_dag to None, run_after=None
[2025-05-22T01:46:30.662+0000] {processor.py:183} INFO - Processing /opt/airflow/dags/init_raw_schema_dag.py took 0.093 seconds
[2025-05-22T01:47:01.135+0000] {processor.py:161} INFO - Started process (PID=27117) to work on /opt/airflow/dags/init_raw_schema_dag.py
[2025-05-22T01:47:01.139+0000] {processor.py:830} INFO - Processing file /opt/airflow/dags/init_raw_schema_dag.py for tasks to queue
[2025-05-22T01:47:01.143+0000] {logging_mixin.py:188} INFO - [2025-05-22T01:47:01.141+0000] {dagbag.py:538} INFO - Filling up the DagBag from /opt/airflow/dags/init_raw_schema_dag.py
[2025-05-22T01:47:01.182+0000] {processor.py:840} INFO - DAG(s) 'init_raw_schema_dag' retrieved from /opt/airflow/dags/init_raw_schema_dag.py
[2025-05-22T01:47:01.223+0000] {logging_mixin.py:188} INFO - [2025-05-22T01:47:01.223+0000] {dag.py:3036} INFO - Sync 1 DAGs
[2025-05-22T01:47:01.234+0000] {logging_mixin.py:188} INFO - [2025-05-22T01:47:01.234+0000] {dag.py:3823} INFO - Setting next_dagrun for init_raw_schema_dag to None, run_after=None
[2025-05-22T01:47:01.249+0000] {processor.py:183} INFO - Processing /opt/airflow/dags/init_raw_schema_dag.py took 0.121 seconds
[2025-05-22T01:47:31.644+0000] {processor.py:161} INFO - Started process (PID=27132) to work on /opt/airflow/dags/init_raw_schema_dag.py
[2025-05-22T01:47:31.646+0000] {processor.py:830} INFO - Processing file /opt/airflow/dags/init_raw_schema_dag.py for tasks to queue
[2025-05-22T01:47:31.647+0000] {logging_mixin.py:188} INFO - [2025-05-22T01:47:31.646+0000] {dagbag.py:538} INFO - Filling up the DagBag from /opt/airflow/dags/init_raw_schema_dag.py
[2025-05-22T01:47:31.682+0000] {processor.py:840} INFO - DAG(s) 'init_raw_schema_dag' retrieved from /opt/airflow/dags/init_raw_schema_dag.py
[2025-05-22T01:47:31.721+0000] {logging_mixin.py:188} INFO - [2025-05-22T01:47:31.721+0000] {dag.py:3036} INFO - Sync 1 DAGs
[2025-05-22T01:47:31.732+0000] {logging_mixin.py:188} INFO - [2025-05-22T01:47:31.732+0000] {dag.py:3823} INFO - Setting next_dagrun for init_raw_schema_dag to None, run_after=None
[2025-05-22T01:47:31.744+0000] {processor.py:183} INFO - Processing /opt/airflow/dags/init_raw_schema_dag.py took 0.107 seconds
[2025-05-22T01:48:02.154+0000] {processor.py:161} INFO - Started process (PID=27147) to work on /opt/airflow/dags/init_raw_schema_dag.py
[2025-05-22T01:48:02.159+0000] {processor.py:830} INFO - Processing file /opt/airflow/dags/init_raw_schema_dag.py for tasks to queue
[2025-05-22T01:48:02.161+0000] {logging_mixin.py:188} INFO - [2025-05-22T01:48:02.160+0000] {dagbag.py:538} INFO - Filling up the DagBag from /opt/airflow/dags/init_raw_schema_dag.py
[2025-05-22T01:48:02.188+0000] {processor.py:840} INFO - DAG(s) 'init_raw_schema_dag' retrieved from /opt/airflow/dags/init_raw_schema_dag.py
[2025-05-22T01:48:02.223+0000] {logging_mixin.py:188} INFO - [2025-05-22T01:48:02.223+0000] {dag.py:3036} INFO - Sync 1 DAGs
[2025-05-22T01:48:02.233+0000] {logging_mixin.py:188} INFO - [2025-05-22T01:48:02.233+0000] {dag.py:3823} INFO - Setting next_dagrun for init_raw_schema_dag to None, run_after=None
[2025-05-22T01:48:02.244+0000] {processor.py:183} INFO - Processing /opt/airflow/dags/init_raw_schema_dag.py took 0.098 seconds
[2025-05-22T01:48:32.587+0000] {processor.py:161} INFO - Started process (PID=27162) to work on /opt/airflow/dags/init_raw_schema_dag.py
[2025-05-22T01:48:32.589+0000] {processor.py:830} INFO - Processing file /opt/airflow/dags/init_raw_schema_dag.py for tasks to queue
[2025-05-22T01:48:32.590+0000] {logging_mixin.py:188} INFO - [2025-05-22T01:48:32.590+0000] {dagbag.py:538} INFO - Filling up the DagBag from /opt/airflow/dags/init_raw_schema_dag.py
[2025-05-22T01:48:32.610+0000] {processor.py:840} INFO - DAG(s) 'init_raw_schema_dag' retrieved from /opt/airflow/dags/init_raw_schema_dag.py
[2025-05-22T01:48:32.630+0000] {logging_mixin.py:188} INFO - [2025-05-22T01:48:32.630+0000] {dag.py:3036} INFO - Sync 1 DAGs
[2025-05-22T01:48:32.637+0000] {logging_mixin.py:188} INFO - [2025-05-22T01:48:32.637+0000] {dag.py:3823} INFO - Setting next_dagrun for init_raw_schema_dag to None, run_after=None
[2025-05-22T01:48:32.646+0000] {processor.py:183} INFO - Processing /opt/airflow/dags/init_raw_schema_dag.py took 0.064 seconds
[2025-05-22T01:49:03.029+0000] {processor.py:161} INFO - Started process (PID=27177) to work on /opt/airflow/dags/init_raw_schema_dag.py
[2025-05-22T01:49:03.033+0000] {processor.py:830} INFO - Processing file /opt/airflow/dags/init_raw_schema_dag.py for tasks to queue
[2025-05-22T01:49:03.035+0000] {logging_mixin.py:188} INFO - [2025-05-22T01:49:03.034+0000] {dagbag.py:538} INFO - Filling up the DagBag from /opt/airflow/dags/init_raw_schema_dag.py
[2025-05-22T01:49:03.067+0000] {processor.py:840} INFO - DAG(s) 'init_raw_schema_dag' retrieved from /opt/airflow/dags/init_raw_schema_dag.py
[2025-05-22T01:49:03.108+0000] {logging_mixin.py:188} INFO - [2025-05-22T01:49:03.108+0000] {dag.py:3036} INFO - Sync 1 DAGs
[2025-05-22T01:49:03.118+0000] {logging_mixin.py:188} INFO - [2025-05-22T01:49:03.118+0000] {dag.py:3823} INFO - Setting next_dagrun for init_raw_schema_dag to None, run_after=None
[2025-05-22T01:49:03.129+0000] {processor.py:183} INFO - Processing /opt/airflow/dags/init_raw_schema_dag.py took 0.110 seconds
[2025-05-22T01:49:33.543+0000] {processor.py:161} INFO - Started process (PID=27192) to work on /opt/airflow/dags/init_raw_schema_dag.py
[2025-05-22T01:49:33.546+0000] {processor.py:830} INFO - Processing file /opt/airflow/dags/init_raw_schema_dag.py for tasks to queue
[2025-05-22T01:49:33.547+0000] {logging_mixin.py:188} INFO - [2025-05-22T01:49:33.547+0000] {dagbag.py:538} INFO - Filling up the DagBag from /opt/airflow/dags/init_raw_schema_dag.py
[2025-05-22T01:49:33.573+0000] {processor.py:840} INFO - DAG(s) 'init_raw_schema_dag' retrieved from /opt/airflow/dags/init_raw_schema_dag.py
[2025-05-22T01:49:33.606+0000] {logging_mixin.py:188} INFO - [2025-05-22T01:49:33.606+0000] {dag.py:3036} INFO - Sync 1 DAGs
[2025-05-22T01:49:33.615+0000] {logging_mixin.py:188} INFO - [2025-05-22T01:49:33.615+0000] {dag.py:3823} INFO - Setting next_dagrun for init_raw_schema_dag to None, run_after=None
[2025-05-22T01:49:33.629+0000] {processor.py:183} INFO - Processing /opt/airflow/dags/init_raw_schema_dag.py took 0.092 seconds
[2025-05-22T01:50:04.075+0000] {processor.py:161} INFO - Started process (PID=27207) to work on /opt/airflow/dags/init_raw_schema_dag.py
[2025-05-22T01:50:04.077+0000] {processor.py:830} INFO - Processing file /opt/airflow/dags/init_raw_schema_dag.py for tasks to queue
[2025-05-22T01:50:04.078+0000] {logging_mixin.py:188} INFO - [2025-05-22T01:50:04.078+0000] {dagbag.py:538} INFO - Filling up the DagBag from /opt/airflow/dags/init_raw_schema_dag.py
[2025-05-22T01:50:04.107+0000] {processor.py:840} INFO - DAG(s) 'init_raw_schema_dag' retrieved from /opt/airflow/dags/init_raw_schema_dag.py
[2025-05-22T01:50:04.134+0000] {logging_mixin.py:188} INFO - [2025-05-22T01:50:04.134+0000] {dag.py:3036} INFO - Sync 1 DAGs
[2025-05-22T01:50:04.143+0000] {logging_mixin.py:188} INFO - [2025-05-22T01:50:04.143+0000] {dag.py:3823} INFO - Setting next_dagrun for init_raw_schema_dag to None, run_after=None
[2025-05-22T01:50:04.156+0000] {processor.py:183} INFO - Processing /opt/airflow/dags/init_raw_schema_dag.py took 0.089 seconds
[2025-05-22T01:50:34.681+0000] {processor.py:161} INFO - Started process (PID=27222) to work on /opt/airflow/dags/init_raw_schema_dag.py
[2025-05-22T01:50:34.683+0000] {processor.py:830} INFO - Processing file /opt/airflow/dags/init_raw_schema_dag.py for tasks to queue
[2025-05-22T01:50:34.684+0000] {logging_mixin.py:188} INFO - [2025-05-22T01:50:34.684+0000] {dagbag.py:538} INFO - Filling up the DagBag from /opt/airflow/dags/init_raw_schema_dag.py
[2025-05-22T01:50:34.727+0000] {processor.py:840} INFO - DAG(s) 'init_raw_schema_dag' retrieved from /opt/airflow/dags/init_raw_schema_dag.py
[2025-05-22T01:50:34.762+0000] {logging_mixin.py:188} INFO - [2025-05-22T01:50:34.762+0000] {dag.py:3036} INFO - Sync 1 DAGs
[2025-05-22T01:50:34.775+0000] {logging_mixin.py:188} INFO - [2025-05-22T01:50:34.775+0000] {dag.py:3823} INFO - Setting next_dagrun for init_raw_schema_dag to None, run_after=None
[2025-05-22T01:50:34.788+0000] {processor.py:183} INFO - Processing /opt/airflow/dags/init_raw_schema_dag.py took 0.115 seconds
[2025-05-22T01:51:05.154+0000] {processor.py:161} INFO - Started process (PID=27237) to work on /opt/airflow/dags/init_raw_schema_dag.py
[2025-05-22T01:51:05.156+0000] {processor.py:830} INFO - Processing file /opt/airflow/dags/init_raw_schema_dag.py for tasks to queue
[2025-05-22T01:51:05.157+0000] {logging_mixin.py:188} INFO - [2025-05-22T01:51:05.156+0000] {dagbag.py:538} INFO - Filling up the DagBag from /opt/airflow/dags/init_raw_schema_dag.py
[2025-05-22T01:51:05.183+0000] {processor.py:840} INFO - DAG(s) 'init_raw_schema_dag' retrieved from /opt/airflow/dags/init_raw_schema_dag.py
[2025-05-22T01:51:05.216+0000] {logging_mixin.py:188} INFO - [2025-05-22T01:51:05.216+0000] {dag.py:3036} INFO - Sync 1 DAGs
[2025-05-22T01:51:05.227+0000] {logging_mixin.py:188} INFO - [2025-05-22T01:51:05.227+0000] {dag.py:3823} INFO - Setting next_dagrun for init_raw_schema_dag to None, run_after=None
[2025-05-22T01:51:05.240+0000] {processor.py:183} INFO - Processing /opt/airflow/dags/init_raw_schema_dag.py took 0.092 seconds
[2025-05-22T01:51:35.653+0000] {processor.py:161} INFO - Started process (PID=27252) to work on /opt/airflow/dags/init_raw_schema_dag.py
[2025-05-22T01:51:35.655+0000] {processor.py:830} INFO - Processing file /opt/airflow/dags/init_raw_schema_dag.py for tasks to queue
[2025-05-22T01:51:35.655+0000] {logging_mixin.py:188} INFO - [2025-05-22T01:51:35.655+0000] {dagbag.py:538} INFO - Filling up the DagBag from /opt/airflow/dags/init_raw_schema_dag.py
[2025-05-22T01:51:35.683+0000] {processor.py:840} INFO - DAG(s) 'init_raw_schema_dag' retrieved from /opt/airflow/dags/init_raw_schema_dag.py
[2025-05-22T01:51:35.709+0000] {logging_mixin.py:188} INFO - [2025-05-22T01:51:35.709+0000] {dag.py:3036} INFO - Sync 1 DAGs
[2025-05-22T01:51:35.719+0000] {logging_mixin.py:188} INFO - [2025-05-22T01:51:35.719+0000] {dag.py:3823} INFO - Setting next_dagrun for init_raw_schema_dag to None, run_after=None
[2025-05-22T01:51:35.732+0000] {processor.py:183} INFO - Processing /opt/airflow/dags/init_raw_schema_dag.py took 0.088 seconds
[2025-05-22T01:52:06.214+0000] {processor.py:161} INFO - Started process (PID=27267) to work on /opt/airflow/dags/init_raw_schema_dag.py
[2025-05-22T01:52:06.216+0000] {processor.py:830} INFO - Processing file /opt/airflow/dags/init_raw_schema_dag.py for tasks to queue
[2025-05-22T01:52:06.219+0000] {logging_mixin.py:188} INFO - [2025-05-22T01:52:06.218+0000] {dagbag.py:538} INFO - Filling up the DagBag from /opt/airflow/dags/init_raw_schema_dag.py
[2025-05-22T01:52:06.252+0000] {processor.py:840} INFO - DAG(s) 'init_raw_schema_dag' retrieved from /opt/airflow/dags/init_raw_schema_dag.py
[2025-05-22T01:52:06.291+0000] {logging_mixin.py:188} INFO - [2025-05-22T01:52:06.290+0000] {dag.py:3036} INFO - Sync 1 DAGs
[2025-05-22T01:52:06.303+0000] {logging_mixin.py:188} INFO - [2025-05-22T01:52:06.303+0000] {dag.py:3823} INFO - Setting next_dagrun for init_raw_schema_dag to None, run_after=None
[2025-05-22T01:52:06.317+0000] {processor.py:183} INFO - Processing /opt/airflow/dags/init_raw_schema_dag.py took 0.111 seconds
[2025-05-22T01:52:36.709+0000] {processor.py:161} INFO - Started process (PID=27282) to work on /opt/airflow/dags/init_raw_schema_dag.py
[2025-05-22T01:52:36.710+0000] {processor.py:830} INFO - Processing file /opt/airflow/dags/init_raw_schema_dag.py for tasks to queue
[2025-05-22T01:52:36.711+0000] {logging_mixin.py:188} INFO - [2025-05-22T01:52:36.711+0000] {dagbag.py:538} INFO - Filling up the DagBag from /opt/airflow/dags/init_raw_schema_dag.py
[2025-05-22T01:52:36.739+0000] {processor.py:840} INFO - DAG(s) 'init_raw_schema_dag' retrieved from /opt/airflow/dags/init_raw_schema_dag.py
[2025-05-22T01:52:36.786+0000] {logging_mixin.py:188} INFO - [2025-05-22T01:52:36.786+0000] {dag.py:3036} INFO - Sync 1 DAGs
[2025-05-22T01:52:36.804+0000] {logging_mixin.py:188} INFO - [2025-05-22T01:52:36.804+0000] {dag.py:3823} INFO - Setting next_dagrun for init_raw_schema_dag to None, run_after=None
[2025-05-22T01:52:36.814+0000] {processor.py:183} INFO - Processing /opt/airflow/dags/init_raw_schema_dag.py took 0.109 seconds
[2025-05-22T01:53:07.159+0000] {processor.py:161} INFO - Started process (PID=27297) to work on /opt/airflow/dags/init_raw_schema_dag.py
[2025-05-22T01:53:07.161+0000] {processor.py:830} INFO - Processing file /opt/airflow/dags/init_raw_schema_dag.py for tasks to queue
[2025-05-22T01:53:07.161+0000] {logging_mixin.py:188} INFO - [2025-05-22T01:53:07.161+0000] {dagbag.py:538} INFO - Filling up the DagBag from /opt/airflow/dags/init_raw_schema_dag.py
[2025-05-22T01:53:07.177+0000] {processor.py:840} INFO - DAG(s) 'init_raw_schema_dag' retrieved from /opt/airflow/dags/init_raw_schema_dag.py
[2025-05-22T01:53:07.192+0000] {logging_mixin.py:188} INFO - [2025-05-22T01:53:07.192+0000] {dag.py:3036} INFO - Sync 1 DAGs
[2025-05-22T01:53:07.200+0000] {logging_mixin.py:188} INFO - [2025-05-22T01:53:07.200+0000] {dag.py:3823} INFO - Setting next_dagrun for init_raw_schema_dag to None, run_after=None
[2025-05-22T01:53:07.208+0000] {processor.py:183} INFO - Processing /opt/airflow/dags/init_raw_schema_dag.py took 0.054 seconds
[2025-05-22T01:53:37.651+0000] {processor.py:161} INFO - Started process (PID=27312) to work on /opt/airflow/dags/init_raw_schema_dag.py
[2025-05-22T01:53:37.653+0000] {processor.py:830} INFO - Processing file /opt/airflow/dags/init_raw_schema_dag.py for tasks to queue
[2025-05-22T01:53:37.654+0000] {logging_mixin.py:188} INFO - [2025-05-22T01:53:37.653+0000] {dagbag.py:538} INFO - Filling up the DagBag from /opt/airflow/dags/init_raw_schema_dag.py
[2025-05-22T01:53:37.684+0000] {processor.py:840} INFO - DAG(s) 'init_raw_schema_dag' retrieved from /opt/airflow/dags/init_raw_schema_dag.py
[2025-05-22T01:53:37.711+0000] {logging_mixin.py:188} INFO - [2025-05-22T01:53:37.711+0000] {dag.py:3036} INFO - Sync 1 DAGs
[2025-05-22T01:53:37.723+0000] {logging_mixin.py:188} INFO - [2025-05-22T01:53:37.723+0000] {dag.py:3823} INFO - Setting next_dagrun for init_raw_schema_dag to None, run_after=None
[2025-05-22T01:53:37.735+0000] {processor.py:183} INFO - Processing /opt/airflow/dags/init_raw_schema_dag.py took 0.089 seconds
[2025-05-22T01:54:08.130+0000] {processor.py:161} INFO - Started process (PID=27327) to work on /opt/airflow/dags/init_raw_schema_dag.py
[2025-05-22T01:54:08.132+0000] {processor.py:830} INFO - Processing file /opt/airflow/dags/init_raw_schema_dag.py for tasks to queue
[2025-05-22T01:54:08.132+0000] {logging_mixin.py:188} INFO - [2025-05-22T01:54:08.132+0000] {dagbag.py:538} INFO - Filling up the DagBag from /opt/airflow/dags/init_raw_schema_dag.py
[2025-05-22T01:54:08.145+0000] {processor.py:840} INFO - DAG(s) 'init_raw_schema_dag' retrieved from /opt/airflow/dags/init_raw_schema_dag.py
[2025-05-22T01:54:08.162+0000] {logging_mixin.py:188} INFO - [2025-05-22T01:54:08.162+0000] {dag.py:3036} INFO - Sync 1 DAGs
[2025-05-22T01:54:08.169+0000] {logging_mixin.py:188} INFO - [2025-05-22T01:54:08.168+0000] {dag.py:3823} INFO - Setting next_dagrun for init_raw_schema_dag to None, run_after=None
[2025-05-22T01:54:08.177+0000] {processor.py:183} INFO - Processing /opt/airflow/dags/init_raw_schema_dag.py took 0.055 seconds
[2025-05-22T01:54:38.542+0000] {processor.py:161} INFO - Started process (PID=27342) to work on /opt/airflow/dags/init_raw_schema_dag.py
[2025-05-22T01:54:38.544+0000] {processor.py:830} INFO - Processing file /opt/airflow/dags/init_raw_schema_dag.py for tasks to queue
[2025-05-22T01:54:38.545+0000] {logging_mixin.py:188} INFO - [2025-05-22T01:54:38.545+0000] {dagbag.py:538} INFO - Filling up the DagBag from /opt/airflow/dags/init_raw_schema_dag.py
[2025-05-22T01:54:38.560+0000] {processor.py:840} INFO - DAG(s) 'init_raw_schema_dag' retrieved from /opt/airflow/dags/init_raw_schema_dag.py
[2025-05-22T01:54:38.573+0000] {logging_mixin.py:188} INFO - [2025-05-22T01:54:38.573+0000] {dag.py:3036} INFO - Sync 1 DAGs
[2025-05-22T01:54:38.579+0000] {logging_mixin.py:188} INFO - [2025-05-22T01:54:38.579+0000] {dag.py:3823} INFO - Setting next_dagrun for init_raw_schema_dag to None, run_after=None
[2025-05-22T01:54:38.586+0000] {processor.py:183} INFO - Processing /opt/airflow/dags/init_raw_schema_dag.py took 0.052 seconds
[2025-05-22T01:55:09.010+0000] {processor.py:161} INFO - Started process (PID=27357) to work on /opt/airflow/dags/init_raw_schema_dag.py
[2025-05-22T01:55:09.012+0000] {processor.py:830} INFO - Processing file /opt/airflow/dags/init_raw_schema_dag.py for tasks to queue
[2025-05-22T01:55:09.013+0000] {logging_mixin.py:188} INFO - [2025-05-22T01:55:09.013+0000] {dagbag.py:538} INFO - Filling up the DagBag from /opt/airflow/dags/init_raw_schema_dag.py
[2025-05-22T01:55:09.028+0000] {processor.py:840} INFO - DAG(s) 'init_raw_schema_dag' retrieved from /opt/airflow/dags/init_raw_schema_dag.py
[2025-05-22T01:55:09.043+0000] {logging_mixin.py:188} INFO - [2025-05-22T01:55:09.042+0000] {dag.py:3036} INFO - Sync 1 DAGs
[2025-05-22T01:55:09.049+0000] {logging_mixin.py:188} INFO - [2025-05-22T01:55:09.049+0000] {dag.py:3823} INFO - Setting next_dagrun for init_raw_schema_dag to None, run_after=None
[2025-05-22T01:55:09.056+0000] {processor.py:183} INFO - Processing /opt/airflow/dags/init_raw_schema_dag.py took 0.051 seconds
[2025-05-22T01:55:39.490+0000] {processor.py:161} INFO - Started process (PID=27372) to work on /opt/airflow/dags/init_raw_schema_dag.py
[2025-05-22T01:55:39.492+0000] {processor.py:830} INFO - Processing file /opt/airflow/dags/init_raw_schema_dag.py for tasks to queue
[2025-05-22T01:55:39.493+0000] {logging_mixin.py:188} INFO - [2025-05-22T01:55:39.493+0000] {dagbag.py:538} INFO - Filling up the DagBag from /opt/airflow/dags/init_raw_schema_dag.py
[2025-05-22T01:55:39.508+0000] {processor.py:840} INFO - DAG(s) 'init_raw_schema_dag' retrieved from /opt/airflow/dags/init_raw_schema_dag.py
[2025-05-22T01:55:39.526+0000] {logging_mixin.py:188} INFO - [2025-05-22T01:55:39.526+0000] {dag.py:3036} INFO - Sync 1 DAGs
[2025-05-22T01:55:39.532+0000] {logging_mixin.py:188} INFO - [2025-05-22T01:55:39.532+0000] {dag.py:3823} INFO - Setting next_dagrun for init_raw_schema_dag to None, run_after=None
[2025-05-22T01:55:39.540+0000] {processor.py:183} INFO - Processing /opt/airflow/dags/init_raw_schema_dag.py took 0.054 seconds
[2025-05-22T01:56:09.899+0000] {processor.py:161} INFO - Started process (PID=27387) to work on /opt/airflow/dags/init_raw_schema_dag.py
[2025-05-22T01:56:09.900+0000] {processor.py:830} INFO - Processing file /opt/airflow/dags/init_raw_schema_dag.py for tasks to queue
[2025-05-22T01:56:09.901+0000] {logging_mixin.py:188} INFO - [2025-05-22T01:56:09.901+0000] {dagbag.py:538} INFO - Filling up the DagBag from /opt/airflow/dags/init_raw_schema_dag.py
[2025-05-22T01:56:09.915+0000] {processor.py:840} INFO - DAG(s) 'init_raw_schema_dag' retrieved from /opt/airflow/dags/init_raw_schema_dag.py
[2025-05-22T01:56:09.941+0000] {logging_mixin.py:188} INFO - [2025-05-22T01:56:09.941+0000] {dag.py:3036} INFO - Sync 1 DAGs
[2025-05-22T01:56:09.950+0000] {logging_mixin.py:188} INFO - [2025-05-22T01:56:09.950+0000] {dag.py:3823} INFO - Setting next_dagrun for init_raw_schema_dag to None, run_after=None
[2025-05-22T01:56:09.959+0000] {processor.py:183} INFO - Processing /opt/airflow/dags/init_raw_schema_dag.py took 0.067 seconds
[2025-05-22T01:56:40.288+0000] {processor.py:161} INFO - Started process (PID=27402) to work on /opt/airflow/dags/init_raw_schema_dag.py
[2025-05-22T01:56:40.291+0000] {processor.py:830} INFO - Processing file /opt/airflow/dags/init_raw_schema_dag.py for tasks to queue
[2025-05-22T01:56:40.292+0000] {logging_mixin.py:188} INFO - [2025-05-22T01:56:40.291+0000] {dagbag.py:538} INFO - Filling up the DagBag from /opt/airflow/dags/init_raw_schema_dag.py
[2025-05-22T01:56:40.307+0000] {processor.py:840} INFO - DAG(s) 'init_raw_schema_dag' retrieved from /opt/airflow/dags/init_raw_schema_dag.py
[2025-05-22T01:56:40.325+0000] {logging_mixin.py:188} INFO - [2025-05-22T01:56:40.325+0000] {dag.py:3036} INFO - Sync 1 DAGs
[2025-05-22T01:56:40.333+0000] {logging_mixin.py:188} INFO - [2025-05-22T01:56:40.333+0000] {dag.py:3823} INFO - Setting next_dagrun for init_raw_schema_dag to None, run_after=None
[2025-05-22T01:56:40.344+0000] {processor.py:183} INFO - Processing /opt/airflow/dags/init_raw_schema_dag.py took 0.060 seconds
[2025-05-22T01:57:10.928+0000] {processor.py:161} INFO - Started process (PID=27417) to work on /opt/airflow/dags/init_raw_schema_dag.py
[2025-05-22T01:57:10.932+0000] {processor.py:830} INFO - Processing file /opt/airflow/dags/init_raw_schema_dag.py for tasks to queue
[2025-05-22T01:57:10.933+0000] {logging_mixin.py:188} INFO - [2025-05-22T01:57:10.933+0000] {dagbag.py:538} INFO - Filling up the DagBag from /opt/airflow/dags/init_raw_schema_dag.py
[2025-05-22T01:57:10.965+0000] {processor.py:840} INFO - DAG(s) 'init_raw_schema_dag' retrieved from /opt/airflow/dags/init_raw_schema_dag.py
[2025-05-22T01:57:11.001+0000] {logging_mixin.py:188} INFO - [2025-05-22T01:57:11.000+0000] {dag.py:3036} INFO - Sync 1 DAGs
[2025-05-22T01:57:11.010+0000] {logging_mixin.py:188} INFO - [2025-05-22T01:57:11.010+0000] {dag.py:3823} INFO - Setting next_dagrun for init_raw_schema_dag to None, run_after=None
[2025-05-22T01:57:11.021+0000] {processor.py:183} INFO - Processing /opt/airflow/dags/init_raw_schema_dag.py took 0.101 seconds
[2025-05-22T01:57:41.477+0000] {processor.py:161} INFO - Started process (PID=27432) to work on /opt/airflow/dags/init_raw_schema_dag.py
[2025-05-22T01:57:41.479+0000] {processor.py:830} INFO - Processing file /opt/airflow/dags/init_raw_schema_dag.py for tasks to queue
[2025-05-22T01:57:41.480+0000] {logging_mixin.py:188} INFO - [2025-05-22T01:57:41.479+0000] {dagbag.py:538} INFO - Filling up the DagBag from /opt/airflow/dags/init_raw_schema_dag.py
[2025-05-22T01:57:41.498+0000] {processor.py:840} INFO - DAG(s) 'init_raw_schema_dag' retrieved from /opt/airflow/dags/init_raw_schema_dag.py
[2025-05-22T01:57:41.525+0000] {logging_mixin.py:188} INFO - [2025-05-22T01:57:41.525+0000] {dag.py:3036} INFO - Sync 1 DAGs
[2025-05-22T01:57:41.534+0000] {logging_mixin.py:188} INFO - [2025-05-22T01:57:41.534+0000] {dag.py:3823} INFO - Setting next_dagrun for init_raw_schema_dag to None, run_after=None
[2025-05-22T01:57:41.543+0000] {processor.py:183} INFO - Processing /opt/airflow/dags/init_raw_schema_dag.py took 0.074 seconds
[2025-05-22T01:58:11.890+0000] {processor.py:161} INFO - Started process (PID=27447) to work on /opt/airflow/dags/init_raw_schema_dag.py
[2025-05-22T01:58:11.892+0000] {processor.py:830} INFO - Processing file /opt/airflow/dags/init_raw_schema_dag.py for tasks to queue
[2025-05-22T01:58:11.894+0000] {logging_mixin.py:188} INFO - [2025-05-22T01:58:11.893+0000] {dagbag.py:538} INFO - Filling up the DagBag from /opt/airflow/dags/init_raw_schema_dag.py
[2025-05-22T01:58:11.919+0000] {processor.py:840} INFO - DAG(s) 'init_raw_schema_dag' retrieved from /opt/airflow/dags/init_raw_schema_dag.py
[2025-05-22T01:58:11.941+0000] {logging_mixin.py:188} INFO - [2025-05-22T01:58:11.941+0000] {dag.py:3036} INFO - Sync 1 DAGs
[2025-05-22T01:58:11.948+0000] {logging_mixin.py:188} INFO - [2025-05-22T01:58:11.948+0000] {dag.py:3823} INFO - Setting next_dagrun for init_raw_schema_dag to None, run_after=None
[2025-05-22T01:58:11.957+0000] {processor.py:183} INFO - Processing /opt/airflow/dags/init_raw_schema_dag.py took 0.072 seconds
[2025-05-22T01:58:42.369+0000] {processor.py:161} INFO - Started process (PID=27462) to work on /opt/airflow/dags/init_raw_schema_dag.py
[2025-05-22T01:58:42.371+0000] {processor.py:830} INFO - Processing file /opt/airflow/dags/init_raw_schema_dag.py for tasks to queue
[2025-05-22T01:58:42.373+0000] {logging_mixin.py:188} INFO - [2025-05-22T01:58:42.372+0000] {dagbag.py:538} INFO - Filling up the DagBag from /opt/airflow/dags/init_raw_schema_dag.py
[2025-05-22T01:58:42.411+0000] {processor.py:840} INFO - DAG(s) 'init_raw_schema_dag' retrieved from /opt/airflow/dags/init_raw_schema_dag.py
[2025-05-22T01:58:42.446+0000] {logging_mixin.py:188} INFO - [2025-05-22T01:58:42.446+0000] {dag.py:3036} INFO - Sync 1 DAGs
[2025-05-22T01:58:42.456+0000] {logging_mixin.py:188} INFO - [2025-05-22T01:58:42.456+0000] {dag.py:3823} INFO - Setting next_dagrun for init_raw_schema_dag to None, run_after=None
[2025-05-22T01:58:42.467+0000] {processor.py:183} INFO - Processing /opt/airflow/dags/init_raw_schema_dag.py took 0.106 seconds
[2025-05-22T01:59:12.889+0000] {processor.py:161} INFO - Started process (PID=27477) to work on /opt/airflow/dags/init_raw_schema_dag.py
[2025-05-22T01:59:12.891+0000] {processor.py:830} INFO - Processing file /opt/airflow/dags/init_raw_schema_dag.py for tasks to queue
[2025-05-22T01:59:12.893+0000] {logging_mixin.py:188} INFO - [2025-05-22T01:59:12.892+0000] {dagbag.py:538} INFO - Filling up the DagBag from /opt/airflow/dags/init_raw_schema_dag.py
[2025-05-22T01:59:12.927+0000] {processor.py:840} INFO - DAG(s) 'init_raw_schema_dag' retrieved from /opt/airflow/dags/init_raw_schema_dag.py
[2025-05-22T01:59:12.961+0000] {logging_mixin.py:188} INFO - [2025-05-22T01:59:12.961+0000] {dag.py:3036} INFO - Sync 1 DAGs
[2025-05-22T01:59:12.973+0000] {logging_mixin.py:188} INFO - [2025-05-22T01:59:12.973+0000] {dag.py:3823} INFO - Setting next_dagrun for init_raw_schema_dag to None, run_after=None
[2025-05-22T01:59:12.985+0000] {processor.py:183} INFO - Processing /opt/airflow/dags/init_raw_schema_dag.py took 0.102 seconds
[2025-05-22T01:59:43.523+0000] {processor.py:161} INFO - Started process (PID=27492) to work on /opt/airflow/dags/init_raw_schema_dag.py
[2025-05-22T01:59:43.527+0000] {processor.py:830} INFO - Processing file /opt/airflow/dags/init_raw_schema_dag.py for tasks to queue
[2025-05-22T01:59:43.528+0000] {logging_mixin.py:188} INFO - [2025-05-22T01:59:43.528+0000] {dagbag.py:538} INFO - Filling up the DagBag from /opt/airflow/dags/init_raw_schema_dag.py
[2025-05-22T01:59:43.569+0000] {processor.py:840} INFO - DAG(s) 'init_raw_schema_dag' retrieved from /opt/airflow/dags/init_raw_schema_dag.py
[2025-05-22T01:59:43.612+0000] {logging_mixin.py:188} INFO - [2025-05-22T01:59:43.612+0000] {dag.py:3036} INFO - Sync 1 DAGs
[2025-05-22T01:59:43.623+0000] {logging_mixin.py:188} INFO - [2025-05-22T01:59:43.623+0000] {dag.py:3823} INFO - Setting next_dagrun for init_raw_schema_dag to None, run_after=None
[2025-05-22T01:59:43.635+0000] {processor.py:183} INFO - Processing /opt/airflow/dags/init_raw_schema_dag.py took 0.120 seconds
[2025-05-22T02:00:14.034+0000] {processor.py:161} INFO - Started process (PID=27507) to work on /opt/airflow/dags/init_raw_schema_dag.py
[2025-05-22T02:00:14.040+0000] {processor.py:830} INFO - Processing file /opt/airflow/dags/init_raw_schema_dag.py for tasks to queue
[2025-05-22T02:00:14.041+0000] {logging_mixin.py:188} INFO - [2025-05-22T02:00:14.041+0000] {dagbag.py:538} INFO - Filling up the DagBag from /opt/airflow/dags/init_raw_schema_dag.py
[2025-05-22T02:00:14.082+0000] {processor.py:840} INFO - DAG(s) 'init_raw_schema_dag' retrieved from /opt/airflow/dags/init_raw_schema_dag.py
[2025-05-22T02:00:14.122+0000] {logging_mixin.py:188} INFO - [2025-05-22T02:00:14.122+0000] {dag.py:3036} INFO - Sync 1 DAGs
[2025-05-22T02:00:14.132+0000] {logging_mixin.py:188} INFO - [2025-05-22T02:00:14.132+0000] {dag.py:3823} INFO - Setting next_dagrun for init_raw_schema_dag to None, run_after=None
[2025-05-22T02:00:14.145+0000] {processor.py:183} INFO - Processing /opt/airflow/dags/init_raw_schema_dag.py took 0.122 seconds
[2025-05-22T02:00:44.494+0000] {processor.py:161} INFO - Started process (PID=27522) to work on /opt/airflow/dags/init_raw_schema_dag.py
[2025-05-22T02:00:44.496+0000] {processor.py:830} INFO - Processing file /opt/airflow/dags/init_raw_schema_dag.py for tasks to queue
[2025-05-22T02:00:44.497+0000] {logging_mixin.py:188} INFO - [2025-05-22T02:00:44.497+0000] {dagbag.py:538} INFO - Filling up the DagBag from /opt/airflow/dags/init_raw_schema_dag.py
[2025-05-22T02:00:44.520+0000] {processor.py:840} INFO - DAG(s) 'init_raw_schema_dag' retrieved from /opt/airflow/dags/init_raw_schema_dag.py
[2025-05-22T02:00:44.543+0000] {logging_mixin.py:188} INFO - [2025-05-22T02:00:44.543+0000] {dag.py:3036} INFO - Sync 1 DAGs
[2025-05-22T02:00:44.552+0000] {logging_mixin.py:188} INFO - [2025-05-22T02:00:44.552+0000] {dag.py:3823} INFO - Setting next_dagrun for init_raw_schema_dag to None, run_after=None
[2025-05-22T02:00:44.560+0000] {processor.py:183} INFO - Processing /opt/airflow/dags/init_raw_schema_dag.py took 0.071 seconds
[2025-05-22T02:01:14.943+0000] {processor.py:161} INFO - Started process (PID=27537) to work on /opt/airflow/dags/init_raw_schema_dag.py
[2025-05-22T02:01:14.945+0000] {processor.py:830} INFO - Processing file /opt/airflow/dags/init_raw_schema_dag.py for tasks to queue
[2025-05-22T02:01:14.946+0000] {logging_mixin.py:188} INFO - [2025-05-22T02:01:14.946+0000] {dagbag.py:538} INFO - Filling up the DagBag from /opt/airflow/dags/init_raw_schema_dag.py
[2025-05-22T02:01:14.963+0000] {processor.py:840} INFO - DAG(s) 'init_raw_schema_dag' retrieved from /opt/airflow/dags/init_raw_schema_dag.py
[2025-05-22T02:01:14.999+0000] {logging_mixin.py:188} INFO - [2025-05-22T02:01:14.999+0000] {dag.py:3036} INFO - Sync 1 DAGs
[2025-05-22T02:01:15.008+0000] {logging_mixin.py:188} INFO - [2025-05-22T02:01:15.008+0000] {dag.py:3823} INFO - Setting next_dagrun for init_raw_schema_dag to None, run_after=None
[2025-05-22T02:01:15.022+0000] {processor.py:183} INFO - Processing /opt/airflow/dags/init_raw_schema_dag.py took 0.084 seconds
[2025-05-22T02:01:45.393+0000] {processor.py:161} INFO - Started process (PID=27552) to work on /opt/airflow/dags/init_raw_schema_dag.py
[2025-05-22T02:01:45.395+0000] {processor.py:830} INFO - Processing file /opt/airflow/dags/init_raw_schema_dag.py for tasks to queue
[2025-05-22T02:01:45.396+0000] {logging_mixin.py:188} INFO - [2025-05-22T02:01:45.395+0000] {dagbag.py:538} INFO - Filling up the DagBag from /opt/airflow/dags/init_raw_schema_dag.py
[2025-05-22T02:01:45.420+0000] {processor.py:840} INFO - DAG(s) 'init_raw_schema_dag' retrieved from /opt/airflow/dags/init_raw_schema_dag.py
[2025-05-22T02:01:45.459+0000] {logging_mixin.py:188} INFO - [2025-05-22T02:01:45.459+0000] {dag.py:3036} INFO - Sync 1 DAGs
[2025-05-22T02:01:45.473+0000] {logging_mixin.py:188} INFO - [2025-05-22T02:01:45.473+0000] {dag.py:3823} INFO - Setting next_dagrun for init_raw_schema_dag to None, run_after=None
[2025-05-22T02:01:45.486+0000] {processor.py:183} INFO - Processing /opt/airflow/dags/init_raw_schema_dag.py took 0.103 seconds
[2025-05-22T02:02:15.878+0000] {processor.py:161} INFO - Started process (PID=27567) to work on /opt/airflow/dags/init_raw_schema_dag.py
[2025-05-22T02:02:15.879+0000] {processor.py:830} INFO - Processing file /opt/airflow/dags/init_raw_schema_dag.py for tasks to queue
[2025-05-22T02:02:15.880+0000] {logging_mixin.py:188} INFO - [2025-05-22T02:02:15.880+0000] {dagbag.py:538} INFO - Filling up the DagBag from /opt/airflow/dags/init_raw_schema_dag.py
[2025-05-22T02:02:15.924+0000] {processor.py:840} INFO - DAG(s) 'init_raw_schema_dag' retrieved from /opt/airflow/dags/init_raw_schema_dag.py
[2025-05-22T02:02:15.955+0000] {logging_mixin.py:188} INFO - [2025-05-22T02:02:15.955+0000] {dag.py:3036} INFO - Sync 1 DAGs
[2025-05-22T02:02:15.966+0000] {logging_mixin.py:188} INFO - [2025-05-22T02:02:15.966+0000] {dag.py:3823} INFO - Setting next_dagrun for init_raw_schema_dag to None, run_after=None
[2025-05-22T02:02:15.979+0000] {processor.py:183} INFO - Processing /opt/airflow/dags/init_raw_schema_dag.py took 0.106 seconds
[2025-05-22T02:02:46.363+0000] {processor.py:161} INFO - Started process (PID=27582) to work on /opt/airflow/dags/init_raw_schema_dag.py
[2025-05-22T02:02:46.365+0000] {processor.py:830} INFO - Processing file /opt/airflow/dags/init_raw_schema_dag.py for tasks to queue
[2025-05-22T02:02:46.366+0000] {logging_mixin.py:188} INFO - [2025-05-22T02:02:46.366+0000] {dagbag.py:538} INFO - Filling up the DagBag from /opt/airflow/dags/init_raw_schema_dag.py
[2025-05-22T02:02:46.399+0000] {processor.py:840} INFO - DAG(s) 'init_raw_schema_dag' retrieved from /opt/airflow/dags/init_raw_schema_dag.py
[2025-05-22T02:02:46.437+0000] {logging_mixin.py:188} INFO - [2025-05-22T02:02:46.437+0000] {dag.py:3036} INFO - Sync 1 DAGs
[2025-05-22T02:02:46.447+0000] {logging_mixin.py:188} INFO - [2025-05-22T02:02:46.447+0000] {dag.py:3823} INFO - Setting next_dagrun for init_raw_schema_dag to None, run_after=None
[2025-05-22T02:02:46.460+0000] {processor.py:183} INFO - Processing /opt/airflow/dags/init_raw_schema_dag.py took 0.107 seconds
[2025-05-22T02:03:16.834+0000] {processor.py:161} INFO - Started process (PID=27597) to work on /opt/airflow/dags/init_raw_schema_dag.py
[2025-05-22T02:03:16.835+0000] {processor.py:830} INFO - Processing file /opt/airflow/dags/init_raw_schema_dag.py for tasks to queue
[2025-05-22T02:03:16.836+0000] {logging_mixin.py:188} INFO - [2025-05-22T02:03:16.836+0000] {dagbag.py:538} INFO - Filling up the DagBag from /opt/airflow/dags/init_raw_schema_dag.py
[2025-05-22T02:03:16.851+0000] {processor.py:840} INFO - DAG(s) 'init_raw_schema_dag' retrieved from /opt/airflow/dags/init_raw_schema_dag.py
[2025-05-22T02:03:16.870+0000] {logging_mixin.py:188} INFO - [2025-05-22T02:03:16.869+0000] {dag.py:3036} INFO - Sync 1 DAGs
[2025-05-22T02:03:16.876+0000] {logging_mixin.py:188} INFO - [2025-05-22T02:03:16.875+0000] {dag.py:3823} INFO - Setting next_dagrun for init_raw_schema_dag to None, run_after=None
[2025-05-22T02:03:16.885+0000] {processor.py:183} INFO - Processing /opt/airflow/dags/init_raw_schema_dag.py took 0.056 seconds
[2025-05-22T02:03:47.316+0000] {processor.py:161} INFO - Started process (PID=27612) to work on /opt/airflow/dags/init_raw_schema_dag.py
[2025-05-22T02:03:47.317+0000] {processor.py:830} INFO - Processing file /opt/airflow/dags/init_raw_schema_dag.py for tasks to queue
[2025-05-22T02:03:47.318+0000] {logging_mixin.py:188} INFO - [2025-05-22T02:03:47.318+0000] {dagbag.py:538} INFO - Filling up the DagBag from /opt/airflow/dags/init_raw_schema_dag.py
[2025-05-22T02:03:47.341+0000] {processor.py:840} INFO - DAG(s) 'init_raw_schema_dag' retrieved from /opt/airflow/dags/init_raw_schema_dag.py
[2025-05-22T02:03:47.360+0000] {logging_mixin.py:188} INFO - [2025-05-22T02:03:47.360+0000] {dag.py:3036} INFO - Sync 1 DAGs
[2025-05-22T02:03:47.369+0000] {logging_mixin.py:188} INFO - [2025-05-22T02:03:47.369+0000] {dag.py:3823} INFO - Setting next_dagrun for init_raw_schema_dag to None, run_after=None
[2025-05-22T02:03:47.379+0000] {processor.py:183} INFO - Processing /opt/airflow/dags/init_raw_schema_dag.py took 0.068 seconds
[2025-05-22T02:04:17.827+0000] {processor.py:161} INFO - Started process (PID=27627) to work on /opt/airflow/dags/init_raw_schema_dag.py
[2025-05-22T02:04:17.831+0000] {processor.py:830} INFO - Processing file /opt/airflow/dags/init_raw_schema_dag.py for tasks to queue
[2025-05-22T02:04:17.832+0000] {logging_mixin.py:188} INFO - [2025-05-22T02:04:17.832+0000] {dagbag.py:538} INFO - Filling up the DagBag from /opt/airflow/dags/init_raw_schema_dag.py
[2025-05-22T02:04:17.859+0000] {processor.py:840} INFO - DAG(s) 'init_raw_schema_dag' retrieved from /opt/airflow/dags/init_raw_schema_dag.py
[2025-05-22T02:04:17.895+0000] {logging_mixin.py:188} INFO - [2025-05-22T02:04:17.894+0000] {dag.py:3036} INFO - Sync 1 DAGs
[2025-05-22T02:04:17.905+0000] {logging_mixin.py:188} INFO - [2025-05-22T02:04:17.904+0000] {dag.py:3823} INFO - Setting next_dagrun for init_raw_schema_dag to None, run_after=None
[2025-05-22T02:04:17.914+0000] {processor.py:183} INFO - Processing /opt/airflow/dags/init_raw_schema_dag.py took 0.097 seconds
[2025-05-22T02:04:48.413+0000] {processor.py:161} INFO - Started process (PID=27642) to work on /opt/airflow/dags/init_raw_schema_dag.py
[2025-05-22T02:04:48.415+0000] {processor.py:830} INFO - Processing file /opt/airflow/dags/init_raw_schema_dag.py for tasks to queue
[2025-05-22T02:04:48.416+0000] {logging_mixin.py:188} INFO - [2025-05-22T02:04:48.416+0000] {dagbag.py:538} INFO - Filling up the DagBag from /opt/airflow/dags/init_raw_schema_dag.py
[2025-05-22T02:04:48.441+0000] {processor.py:840} INFO - DAG(s) 'init_raw_schema_dag' retrieved from /opt/airflow/dags/init_raw_schema_dag.py
[2025-05-22T02:04:48.476+0000] {logging_mixin.py:188} INFO - [2025-05-22T02:04:48.476+0000] {dag.py:3036} INFO - Sync 1 DAGs
[2025-05-22T02:04:48.486+0000] {logging_mixin.py:188} INFO - [2025-05-22T02:04:48.486+0000] {dag.py:3823} INFO - Setting next_dagrun for init_raw_schema_dag to None, run_after=None
[2025-05-22T02:04:48.497+0000] {processor.py:183} INFO - Processing /opt/airflow/dags/init_raw_schema_dag.py took 0.093 seconds
[2025-05-22T02:05:18.910+0000] {processor.py:161} INFO - Started process (PID=27657) to work on /opt/airflow/dags/init_raw_schema_dag.py
[2025-05-22T02:05:18.912+0000] {processor.py:830} INFO - Processing file /opt/airflow/dags/init_raw_schema_dag.py for tasks to queue
[2025-05-22T02:05:18.913+0000] {logging_mixin.py:188} INFO - [2025-05-22T02:05:18.912+0000] {dagbag.py:538} INFO - Filling up the DagBag from /opt/airflow/dags/init_raw_schema_dag.py
[2025-05-22T02:05:18.945+0000] {processor.py:840} INFO - DAG(s) 'init_raw_schema_dag' retrieved from /opt/airflow/dags/init_raw_schema_dag.py
[2025-05-22T02:05:18.975+0000] {logging_mixin.py:188} INFO - [2025-05-22T02:05:18.975+0000] {dag.py:3036} INFO - Sync 1 DAGs
[2025-05-22T02:05:18.985+0000] {logging_mixin.py:188} INFO - [2025-05-22T02:05:18.985+0000] {dag.py:3823} INFO - Setting next_dagrun for init_raw_schema_dag to None, run_after=None
[2025-05-22T02:05:18.996+0000] {processor.py:183} INFO - Processing /opt/airflow/dags/init_raw_schema_dag.py took 0.096 seconds
[2025-05-22T02:05:49.340+0000] {processor.py:161} INFO - Started process (PID=27672) to work on /opt/airflow/dags/init_raw_schema_dag.py
[2025-05-22T02:05:49.342+0000] {processor.py:830} INFO - Processing file /opt/airflow/dags/init_raw_schema_dag.py for tasks to queue
[2025-05-22T02:05:49.343+0000] {logging_mixin.py:188} INFO - [2025-05-22T02:05:49.343+0000] {dagbag.py:538} INFO - Filling up the DagBag from /opt/airflow/dags/init_raw_schema_dag.py
[2025-05-22T02:05:49.374+0000] {processor.py:840} INFO - DAG(s) 'init_raw_schema_dag' retrieved from /opt/airflow/dags/init_raw_schema_dag.py
[2025-05-22T02:05:49.412+0000] {logging_mixin.py:188} INFO - [2025-05-22T02:05:49.412+0000] {dag.py:3036} INFO - Sync 1 DAGs
[2025-05-22T02:05:49.421+0000] {logging_mixin.py:188} INFO - [2025-05-22T02:05:49.421+0000] {dag.py:3823} INFO - Setting next_dagrun for init_raw_schema_dag to None, run_after=None
[2025-05-22T02:05:49.433+0000] {processor.py:183} INFO - Processing /opt/airflow/dags/init_raw_schema_dag.py took 0.100 seconds
[2025-05-22T02:06:19.786+0000] {processor.py:161} INFO - Started process (PID=27687) to work on /opt/airflow/dags/init_raw_schema_dag.py
[2025-05-22T02:06:19.788+0000] {processor.py:830} INFO - Processing file /opt/airflow/dags/init_raw_schema_dag.py for tasks to queue
[2025-05-22T02:06:19.789+0000] {logging_mixin.py:188} INFO - [2025-05-22T02:06:19.789+0000] {dagbag.py:538} INFO - Filling up the DagBag from /opt/airflow/dags/init_raw_schema_dag.py
[2025-05-22T02:06:19.805+0000] {processor.py:840} INFO - DAG(s) 'init_raw_schema_dag' retrieved from /opt/airflow/dags/init_raw_schema_dag.py
[2025-05-22T02:06:19.819+0000] {logging_mixin.py:188} INFO - [2025-05-22T02:06:19.819+0000] {dag.py:3036} INFO - Sync 1 DAGs
[2025-05-22T02:06:19.825+0000] {logging_mixin.py:188} INFO - [2025-05-22T02:06:19.825+0000] {dag.py:3823} INFO - Setting next_dagrun for init_raw_schema_dag to None, run_after=None
[2025-05-22T02:06:19.833+0000] {processor.py:183} INFO - Processing /opt/airflow/dags/init_raw_schema_dag.py took 0.053 seconds
[2025-05-22T02:06:50.256+0000] {processor.py:161} INFO - Started process (PID=27702) to work on /opt/airflow/dags/init_raw_schema_dag.py
[2025-05-22T02:06:50.258+0000] {processor.py:830} INFO - Processing file /opt/airflow/dags/init_raw_schema_dag.py for tasks to queue
[2025-05-22T02:06:50.259+0000] {logging_mixin.py:188} INFO - [2025-05-22T02:06:50.258+0000] {dagbag.py:538} INFO - Filling up the DagBag from /opt/airflow/dags/init_raw_schema_dag.py
[2025-05-22T02:06:50.277+0000] {processor.py:840} INFO - DAG(s) 'init_raw_schema_dag' retrieved from /opt/airflow/dags/init_raw_schema_dag.py
[2025-05-22T02:06:50.291+0000] {logging_mixin.py:188} INFO - [2025-05-22T02:06:50.291+0000] {dag.py:3036} INFO - Sync 1 DAGs
[2025-05-22T02:06:50.298+0000] {logging_mixin.py:188} INFO - [2025-05-22T02:06:50.298+0000] {dag.py:3823} INFO - Setting next_dagrun for init_raw_schema_dag to None, run_after=None
[2025-05-22T02:06:50.306+0000] {processor.py:183} INFO - Processing /opt/airflow/dags/init_raw_schema_dag.py took 0.060 seconds
[2025-05-22T02:07:20.842+0000] {processor.py:161} INFO - Started process (PID=27717) to work on /opt/airflow/dags/init_raw_schema_dag.py
[2025-05-22T02:07:20.845+0000] {processor.py:830} INFO - Processing file /opt/airflow/dags/init_raw_schema_dag.py for tasks to queue
[2025-05-22T02:07:20.847+0000] {logging_mixin.py:188} INFO - [2025-05-22T02:07:20.846+0000] {dagbag.py:538} INFO - Filling up the DagBag from /opt/airflow/dags/init_raw_schema_dag.py
[2025-05-22T02:07:20.876+0000] {processor.py:840} INFO - DAG(s) 'init_raw_schema_dag' retrieved from /opt/airflow/dags/init_raw_schema_dag.py
[2025-05-22T02:07:20.913+0000] {logging_mixin.py:188} INFO - [2025-05-22T02:07:20.913+0000] {dag.py:3036} INFO - Sync 1 DAGs
[2025-05-22T02:07:20.925+0000] {logging_mixin.py:188} INFO - [2025-05-22T02:07:20.925+0000] {dag.py:3823} INFO - Setting next_dagrun for init_raw_schema_dag to None, run_after=None
[2025-05-22T02:07:20.938+0000] {processor.py:183} INFO - Processing /opt/airflow/dags/init_raw_schema_dag.py took 0.102 seconds
[2025-05-22T02:07:51.378+0000] {processor.py:161} INFO - Started process (PID=27732) to work on /opt/airflow/dags/init_raw_schema_dag.py
[2025-05-22T02:07:51.381+0000] {processor.py:830} INFO - Processing file /opt/airflow/dags/init_raw_schema_dag.py for tasks to queue
[2025-05-22T02:07:51.382+0000] {logging_mixin.py:188} INFO - [2025-05-22T02:07:51.382+0000] {dagbag.py:538} INFO - Filling up the DagBag from /opt/airflow/dags/init_raw_schema_dag.py
[2025-05-22T02:07:51.418+0000] {processor.py:840} INFO - DAG(s) 'init_raw_schema_dag' retrieved from /opt/airflow/dags/init_raw_schema_dag.py
[2025-05-22T02:07:51.466+0000] {logging_mixin.py:188} INFO - [2025-05-22T02:07:51.466+0000] {dag.py:3036} INFO - Sync 1 DAGs
[2025-05-22T02:07:51.476+0000] {logging_mixin.py:188} INFO - [2025-05-22T02:07:51.476+0000] {dag.py:3823} INFO - Setting next_dagrun for init_raw_schema_dag to None, run_after=None
[2025-05-22T02:07:51.493+0000] {processor.py:183} INFO - Processing /opt/airflow/dags/init_raw_schema_dag.py took 0.127 seconds
[2025-05-22T02:08:21.911+0000] {processor.py:161} INFO - Started process (PID=27747) to work on /opt/airflow/dags/init_raw_schema_dag.py
[2025-05-22T02:08:21.913+0000] {processor.py:830} INFO - Processing file /opt/airflow/dags/init_raw_schema_dag.py for tasks to queue
[2025-05-22T02:08:21.914+0000] {logging_mixin.py:188} INFO - [2025-05-22T02:08:21.914+0000] {dagbag.py:538} INFO - Filling up the DagBag from /opt/airflow/dags/init_raw_schema_dag.py
[2025-05-22T02:08:21.943+0000] {processor.py:840} INFO - DAG(s) 'init_raw_schema_dag' retrieved from /opt/airflow/dags/init_raw_schema_dag.py
[2025-05-22T02:08:21.977+0000] {logging_mixin.py:188} INFO - [2025-05-22T02:08:21.976+0000] {dag.py:3036} INFO - Sync 1 DAGs
[2025-05-22T02:08:21.986+0000] {logging_mixin.py:188} INFO - [2025-05-22T02:08:21.986+0000] {dag.py:3823} INFO - Setting next_dagrun for init_raw_schema_dag to None, run_after=None
[2025-05-22T02:08:21.997+0000] {processor.py:183} INFO - Processing /opt/airflow/dags/init_raw_schema_dag.py took 0.092 seconds
[2025-05-22T02:08:52.350+0000] {processor.py:161} INFO - Started process (PID=27762) to work on /opt/airflow/dags/init_raw_schema_dag.py
[2025-05-22T02:08:52.352+0000] {processor.py:830} INFO - Processing file /opt/airflow/dags/init_raw_schema_dag.py for tasks to queue
[2025-05-22T02:08:52.353+0000] {logging_mixin.py:188} INFO - [2025-05-22T02:08:52.352+0000] {dagbag.py:538} INFO - Filling up the DagBag from /opt/airflow/dags/init_raw_schema_dag.py
[2025-05-22T02:08:52.370+0000] {processor.py:840} INFO - DAG(s) 'init_raw_schema_dag' retrieved from /opt/airflow/dags/init_raw_schema_dag.py
[2025-05-22T02:08:52.389+0000] {logging_mixin.py:188} INFO - [2025-05-22T02:08:52.389+0000] {dag.py:3036} INFO - Sync 1 DAGs
[2025-05-22T02:08:52.396+0000] {logging_mixin.py:188} INFO - [2025-05-22T02:08:52.396+0000] {dag.py:3823} INFO - Setting next_dagrun for init_raw_schema_dag to None, run_after=None
[2025-05-22T02:08:52.404+0000] {processor.py:183} INFO - Processing /opt/airflow/dags/init_raw_schema_dag.py took 0.060 seconds
[2025-05-22T02:09:22.968+0000] {processor.py:161} INFO - Started process (PID=27777) to work on /opt/airflow/dags/init_raw_schema_dag.py
[2025-05-22T02:09:22.970+0000] {processor.py:830} INFO - Processing file /opt/airflow/dags/init_raw_schema_dag.py for tasks to queue
[2025-05-22T02:09:22.971+0000] {logging_mixin.py:188} INFO - [2025-05-22T02:09:22.970+0000] {dagbag.py:538} INFO - Filling up the DagBag from /opt/airflow/dags/init_raw_schema_dag.py
[2025-05-22T02:09:22.996+0000] {processor.py:840} INFO - DAG(s) 'init_raw_schema_dag' retrieved from /opt/airflow/dags/init_raw_schema_dag.py
[2025-05-22T02:09:23.025+0000] {logging_mixin.py:188} INFO - [2025-05-22T02:09:23.025+0000] {dag.py:3036} INFO - Sync 1 DAGs
[2025-05-22T02:09:23.033+0000] {logging_mixin.py:188} INFO - [2025-05-22T02:09:23.033+0000] {dag.py:3823} INFO - Setting next_dagrun for init_raw_schema_dag to None, run_after=None
[2025-05-22T02:09:23.045+0000] {processor.py:183} INFO - Processing /opt/airflow/dags/init_raw_schema_dag.py took 0.082 seconds
[2025-05-22T02:09:53.366+0000] {processor.py:161} INFO - Started process (PID=27792) to work on /opt/airflow/dags/init_raw_schema_dag.py
[2025-05-22T02:09:53.367+0000] {processor.py:830} INFO - Processing file /opt/airflow/dags/init_raw_schema_dag.py for tasks to queue
[2025-05-22T02:09:53.369+0000] {logging_mixin.py:188} INFO - [2025-05-22T02:09:53.368+0000] {dagbag.py:538} INFO - Filling up the DagBag from /opt/airflow/dags/init_raw_schema_dag.py
[2025-05-22T02:09:53.395+0000] {processor.py:840} INFO - DAG(s) 'init_raw_schema_dag' retrieved from /opt/airflow/dags/init_raw_schema_dag.py
[2025-05-22T02:09:53.418+0000] {logging_mixin.py:188} INFO - [2025-05-22T02:09:53.417+0000] {dag.py:3036} INFO - Sync 1 DAGs
[2025-05-22T02:09:53.428+0000] {logging_mixin.py:188} INFO - [2025-05-22T02:09:53.428+0000] {dag.py:3823} INFO - Setting next_dagrun for init_raw_schema_dag to None, run_after=None
[2025-05-22T02:09:53.437+0000] {processor.py:183} INFO - Processing /opt/airflow/dags/init_raw_schema_dag.py took 0.077 seconds
[2025-05-22T02:10:23.922+0000] {processor.py:161} INFO - Started process (PID=27811) to work on /opt/airflow/dags/init_raw_schema_dag.py
[2025-05-22T02:10:23.924+0000] {processor.py:830} INFO - Processing file /opt/airflow/dags/init_raw_schema_dag.py for tasks to queue
[2025-05-22T02:10:23.925+0000] {logging_mixin.py:188} INFO - [2025-05-22T02:10:23.925+0000] {dagbag.py:538} INFO - Filling up the DagBag from /opt/airflow/dags/init_raw_schema_dag.py
[2025-05-22T02:10:23.946+0000] {processor.py:840} INFO - DAG(s) 'init_raw_schema_dag' retrieved from /opt/airflow/dags/init_raw_schema_dag.py
[2025-05-22T02:10:23.968+0000] {logging_mixin.py:188} INFO - [2025-05-22T02:10:23.968+0000] {dag.py:3036} INFO - Sync 1 DAGs
[2025-05-22T02:10:23.976+0000] {logging_mixin.py:188} INFO - [2025-05-22T02:10:23.976+0000] {dag.py:3823} INFO - Setting next_dagrun for init_raw_schema_dag to None, run_after=None
[2025-05-22T02:10:23.986+0000] {processor.py:183} INFO - Processing /opt/airflow/dags/init_raw_schema_dag.py took 0.071 seconds
[2025-05-22T02:10:54.402+0000] {processor.py:161} INFO - Started process (PID=27826) to work on /opt/airflow/dags/init_raw_schema_dag.py
[2025-05-22T02:10:54.403+0000] {processor.py:830} INFO - Processing file /opt/airflow/dags/init_raw_schema_dag.py for tasks to queue
[2025-05-22T02:10:54.404+0000] {logging_mixin.py:188} INFO - [2025-05-22T02:10:54.403+0000] {dagbag.py:538} INFO - Filling up the DagBag from /opt/airflow/dags/init_raw_schema_dag.py
[2025-05-22T02:10:54.426+0000] {processor.py:840} INFO - DAG(s) 'init_raw_schema_dag' retrieved from /opt/airflow/dags/init_raw_schema_dag.py
[2025-05-22T02:10:54.460+0000] {logging_mixin.py:188} INFO - [2025-05-22T02:10:54.459+0000] {dag.py:3036} INFO - Sync 1 DAGs
[2025-05-22T02:10:54.470+0000] {logging_mixin.py:188} INFO - [2025-05-22T02:10:54.470+0000] {dag.py:3823} INFO - Setting next_dagrun for init_raw_schema_dag to None, run_after=None
[2025-05-22T02:10:54.480+0000] {processor.py:183} INFO - Processing /opt/airflow/dags/init_raw_schema_dag.py took 0.085 seconds
[2025-05-22T02:11:24.826+0000] {processor.py:161} INFO - Started process (PID=27841) to work on /opt/airflow/dags/init_raw_schema_dag.py
[2025-05-22T02:11:24.827+0000] {processor.py:830} INFO - Processing file /opt/airflow/dags/init_raw_schema_dag.py for tasks to queue
[2025-05-22T02:11:24.828+0000] {logging_mixin.py:188} INFO - [2025-05-22T02:11:24.828+0000] {dagbag.py:538} INFO - Filling up the DagBag from /opt/airflow/dags/init_raw_schema_dag.py
[2025-05-22T02:11:24.849+0000] {processor.py:840} INFO - DAG(s) 'init_raw_schema_dag' retrieved from /opt/airflow/dags/init_raw_schema_dag.py
[2025-05-22T02:11:24.871+0000] {logging_mixin.py:188} INFO - [2025-05-22T02:11:24.871+0000] {dag.py:3036} INFO - Sync 1 DAGs
[2025-05-22T02:11:24.878+0000] {logging_mixin.py:188} INFO - [2025-05-22T02:11:24.878+0000] {dag.py:3823} INFO - Setting next_dagrun for init_raw_schema_dag to None, run_after=None
[2025-05-22T02:11:24.887+0000] {processor.py:183} INFO - Processing /opt/airflow/dags/init_raw_schema_dag.py took 0.067 seconds
[2025-05-22T02:11:55.258+0000] {processor.py:161} INFO - Started process (PID=27856) to work on /opt/airflow/dags/init_raw_schema_dag.py
[2025-05-22T02:11:55.260+0000] {processor.py:830} INFO - Processing file /opt/airflow/dags/init_raw_schema_dag.py for tasks to queue
[2025-05-22T02:11:55.260+0000] {logging_mixin.py:188} INFO - [2025-05-22T02:11:55.260+0000] {dagbag.py:538} INFO - Filling up the DagBag from /opt/airflow/dags/init_raw_schema_dag.py
[2025-05-22T02:11:55.274+0000] {processor.py:840} INFO - DAG(s) 'init_raw_schema_dag' retrieved from /opt/airflow/dags/init_raw_schema_dag.py
[2025-05-22T02:11:55.287+0000] {logging_mixin.py:188} INFO - [2025-05-22T02:11:55.287+0000] {dag.py:3036} INFO - Sync 1 DAGs
[2025-05-22T02:11:55.293+0000] {logging_mixin.py:188} INFO - [2025-05-22T02:11:55.293+0000] {dag.py:3823} INFO - Setting next_dagrun for init_raw_schema_dag to None, run_after=None
[2025-05-22T02:11:55.301+0000] {processor.py:183} INFO - Processing /opt/airflow/dags/init_raw_schema_dag.py took 0.047 seconds
[2025-05-22T02:12:25.655+0000] {processor.py:161} INFO - Started process (PID=27871) to work on /opt/airflow/dags/init_raw_schema_dag.py
[2025-05-22T02:12:25.656+0000] {processor.py:830} INFO - Processing file /opt/airflow/dags/init_raw_schema_dag.py for tasks to queue
[2025-05-22T02:12:25.657+0000] {logging_mixin.py:188} INFO - [2025-05-22T02:12:25.657+0000] {dagbag.py:538} INFO - Filling up the DagBag from /opt/airflow/dags/init_raw_schema_dag.py
[2025-05-22T02:12:25.672+0000] {processor.py:840} INFO - DAG(s) 'init_raw_schema_dag' retrieved from /opt/airflow/dags/init_raw_schema_dag.py
[2025-05-22T02:12:25.689+0000] {logging_mixin.py:188} INFO - [2025-05-22T02:12:25.689+0000] {dag.py:3036} INFO - Sync 1 DAGs
[2025-05-22T02:12:25.695+0000] {logging_mixin.py:188} INFO - [2025-05-22T02:12:25.695+0000] {dag.py:3823} INFO - Setting next_dagrun for init_raw_schema_dag to None, run_after=None
[2025-05-22T02:12:25.702+0000] {processor.py:183} INFO - Processing /opt/airflow/dags/init_raw_schema_dag.py took 0.052 seconds
[2025-05-22T02:12:56.058+0000] {processor.py:161} INFO - Started process (PID=27886) to work on /opt/airflow/dags/init_raw_schema_dag.py
[2025-05-22T02:12:56.059+0000] {processor.py:830} INFO - Processing file /opt/airflow/dags/init_raw_schema_dag.py for tasks to queue
[2025-05-22T02:12:56.060+0000] {logging_mixin.py:188} INFO - [2025-05-22T02:12:56.060+0000] {dagbag.py:538} INFO - Filling up the DagBag from /opt/airflow/dags/init_raw_schema_dag.py
[2025-05-22T02:12:56.081+0000] {processor.py:840} INFO - DAG(s) 'init_raw_schema_dag' retrieved from /opt/airflow/dags/init_raw_schema_dag.py
[2025-05-22T02:12:56.102+0000] {logging_mixin.py:188} INFO - [2025-05-22T02:12:56.102+0000] {dag.py:3036} INFO - Sync 1 DAGs
[2025-05-22T02:12:56.109+0000] {logging_mixin.py:188} INFO - [2025-05-22T02:12:56.109+0000] {dag.py:3823} INFO - Setting next_dagrun for init_raw_schema_dag to None, run_after=None
[2025-05-22T02:12:56.117+0000] {processor.py:183} INFO - Processing /opt/airflow/dags/init_raw_schema_dag.py took 0.065 seconds
[2025-05-22T02:13:26.428+0000] {processor.py:161} INFO - Started process (PID=27901) to work on /opt/airflow/dags/init_raw_schema_dag.py
[2025-05-22T02:13:26.430+0000] {processor.py:830} INFO - Processing file /opt/airflow/dags/init_raw_schema_dag.py for tasks to queue
[2025-05-22T02:13:26.431+0000] {logging_mixin.py:188} INFO - [2025-05-22T02:13:26.430+0000] {dagbag.py:538} INFO - Filling up the DagBag from /opt/airflow/dags/init_raw_schema_dag.py
[2025-05-22T02:13:26.453+0000] {processor.py:840} INFO - DAG(s) 'init_raw_schema_dag' retrieved from /opt/airflow/dags/init_raw_schema_dag.py
[2025-05-22T02:13:26.470+0000] {logging_mixin.py:188} INFO - [2025-05-22T02:13:26.470+0000] {dag.py:3036} INFO - Sync 1 DAGs
[2025-05-22T02:13:26.477+0000] {logging_mixin.py:188} INFO - [2025-05-22T02:13:26.476+0000] {dag.py:3823} INFO - Setting next_dagrun for init_raw_schema_dag to None, run_after=None
[2025-05-22T02:13:26.484+0000] {processor.py:183} INFO - Processing /opt/airflow/dags/init_raw_schema_dag.py took 0.062 seconds
[2025-05-22T02:13:56.975+0000] {processor.py:161} INFO - Started process (PID=27916) to work on /opt/airflow/dags/init_raw_schema_dag.py
[2025-05-22T02:13:56.977+0000] {processor.py:830} INFO - Processing file /opt/airflow/dags/init_raw_schema_dag.py for tasks to queue
[2025-05-22T02:13:56.978+0000] {logging_mixin.py:188} INFO - [2025-05-22T02:13:56.978+0000] {dagbag.py:538} INFO - Filling up the DagBag from /opt/airflow/dags/init_raw_schema_dag.py
[2025-05-22T02:13:57.003+0000] {processor.py:840} INFO - DAG(s) 'init_raw_schema_dag' retrieved from /opt/airflow/dags/init_raw_schema_dag.py
[2025-05-22T02:13:57.038+0000] {logging_mixin.py:188} INFO - [2025-05-22T02:13:57.037+0000] {dag.py:3036} INFO - Sync 1 DAGs
[2025-05-22T02:13:57.045+0000] {logging_mixin.py:188} INFO - [2025-05-22T02:13:57.045+0000] {dag.py:3823} INFO - Setting next_dagrun for init_raw_schema_dag to None, run_after=None
[2025-05-22T02:13:57.055+0000] {processor.py:183} INFO - Processing /opt/airflow/dags/init_raw_schema_dag.py took 0.086 seconds
[2025-05-22T02:14:27.446+0000] {processor.py:161} INFO - Started process (PID=27931) to work on /opt/airflow/dags/init_raw_schema_dag.py
[2025-05-22T02:14:27.448+0000] {processor.py:830} INFO - Processing file /opt/airflow/dags/init_raw_schema_dag.py for tasks to queue
[2025-05-22T02:14:27.448+0000] {logging_mixin.py:188} INFO - [2025-05-22T02:14:27.448+0000] {dagbag.py:538} INFO - Filling up the DagBag from /opt/airflow/dags/init_raw_schema_dag.py
[2025-05-22T02:14:27.463+0000] {processor.py:840} INFO - DAG(s) 'init_raw_schema_dag' retrieved from /opt/airflow/dags/init_raw_schema_dag.py
[2025-05-22T02:14:27.480+0000] {logging_mixin.py:188} INFO - [2025-05-22T02:14:27.480+0000] {dag.py:3036} INFO - Sync 1 DAGs
[2025-05-22T02:14:27.487+0000] {logging_mixin.py:188} INFO - [2025-05-22T02:14:27.487+0000] {dag.py:3823} INFO - Setting next_dagrun for init_raw_schema_dag to None, run_after=None
[2025-05-22T02:14:27.498+0000] {processor.py:183} INFO - Processing /opt/airflow/dags/init_raw_schema_dag.py took 0.056 seconds
[2025-05-22T02:14:57.888+0000] {processor.py:161} INFO - Started process (PID=27946) to work on /opt/airflow/dags/init_raw_schema_dag.py
[2025-05-22T02:14:57.890+0000] {processor.py:830} INFO - Processing file /opt/airflow/dags/init_raw_schema_dag.py for tasks to queue
[2025-05-22T02:14:57.891+0000] {logging_mixin.py:188} INFO - [2025-05-22T02:14:57.890+0000] {dagbag.py:538} INFO - Filling up the DagBag from /opt/airflow/dags/init_raw_schema_dag.py
[2025-05-22T02:14:57.909+0000] {processor.py:840} INFO - DAG(s) 'init_raw_schema_dag' retrieved from /opt/airflow/dags/init_raw_schema_dag.py
[2025-05-22T02:14:57.928+0000] {logging_mixin.py:188} INFO - [2025-05-22T02:14:57.928+0000] {dag.py:3036} INFO - Sync 1 DAGs
[2025-05-22T02:14:57.936+0000] {logging_mixin.py:188} INFO - [2025-05-22T02:14:57.936+0000] {dag.py:3823} INFO - Setting next_dagrun for init_raw_schema_dag to None, run_after=None
[2025-05-22T02:14:57.944+0000] {processor.py:183} INFO - Processing /opt/airflow/dags/init_raw_schema_dag.py took 0.060 seconds
[2025-05-22T02:15:28.322+0000] {processor.py:161} INFO - Started process (PID=27961) to work on /opt/airflow/dags/init_raw_schema_dag.py
[2025-05-22T02:15:28.323+0000] {processor.py:830} INFO - Processing file /opt/airflow/dags/init_raw_schema_dag.py for tasks to queue
[2025-05-22T02:15:28.324+0000] {logging_mixin.py:188} INFO - [2025-05-22T02:15:28.324+0000] {dagbag.py:538} INFO - Filling up the DagBag from /opt/airflow/dags/init_raw_schema_dag.py
[2025-05-22T02:15:28.332+0000] {processor.py:840} INFO - DAG(s) 'init_raw_schema_dag' retrieved from /opt/airflow/dags/init_raw_schema_dag.py
[2025-05-22T02:15:28.345+0000] {logging_mixin.py:188} INFO - [2025-05-22T02:15:28.345+0000] {dag.py:3036} INFO - Sync 1 DAGs
[2025-05-22T02:15:28.351+0000] {logging_mixin.py:188} INFO - [2025-05-22T02:15:28.351+0000] {dag.py:3823} INFO - Setting next_dagrun for init_raw_schema_dag to None, run_after=None
[2025-05-22T02:15:28.359+0000] {processor.py:183} INFO - Processing /opt/airflow/dags/init_raw_schema_dag.py took 0.040 seconds
[2025-05-22T02:15:58.731+0000] {processor.py:161} INFO - Started process (PID=27976) to work on /opt/airflow/dags/init_raw_schema_dag.py
[2025-05-22T02:15:58.734+0000] {processor.py:830} INFO - Processing file /opt/airflow/dags/init_raw_schema_dag.py for tasks to queue
[2025-05-22T02:15:58.737+0000] {logging_mixin.py:188} INFO - [2025-05-22T02:15:58.736+0000] {dagbag.py:538} INFO - Filling up the DagBag from /opt/airflow/dags/init_raw_schema_dag.py
[2025-05-22T02:15:58.749+0000] {processor.py:840} INFO - DAG(s) 'init_raw_schema_dag' retrieved from /opt/airflow/dags/init_raw_schema_dag.py
[2025-05-22T02:15:58.763+0000] {logging_mixin.py:188} INFO - [2025-05-22T02:15:58.763+0000] {dag.py:3036} INFO - Sync 1 DAGs
[2025-05-22T02:15:58.769+0000] {logging_mixin.py:188} INFO - [2025-05-22T02:15:58.769+0000] {dag.py:3823} INFO - Setting next_dagrun for init_raw_schema_dag to None, run_after=None
[2025-05-22T02:15:58.776+0000] {processor.py:183} INFO - Processing /opt/airflow/dags/init_raw_schema_dag.py took 0.050 seconds
[2025-05-22T02:16:29.139+0000] {processor.py:161} INFO - Started process (PID=27991) to work on /opt/airflow/dags/init_raw_schema_dag.py
[2025-05-22T02:16:29.142+0000] {processor.py:830} INFO - Processing file /opt/airflow/dags/init_raw_schema_dag.py for tasks to queue
[2025-05-22T02:16:29.143+0000] {logging_mixin.py:188} INFO - [2025-05-22T02:16:29.143+0000] {dagbag.py:538} INFO - Filling up the DagBag from /opt/airflow/dags/init_raw_schema_dag.py
[2025-05-22T02:16:29.153+0000] {processor.py:840} INFO - DAG(s) 'init_raw_schema_dag' retrieved from /opt/airflow/dags/init_raw_schema_dag.py
[2025-05-22T02:16:29.169+0000] {logging_mixin.py:188} INFO - [2025-05-22T02:16:29.169+0000] {dag.py:3036} INFO - Sync 1 DAGs
[2025-05-22T02:16:29.175+0000] {logging_mixin.py:188} INFO - [2025-05-22T02:16:29.175+0000] {dag.py:3823} INFO - Setting next_dagrun for init_raw_schema_dag to None, run_after=None
[2025-05-22T02:16:29.183+0000] {processor.py:183} INFO - Processing /opt/airflow/dags/init_raw_schema_dag.py took 0.049 seconds
[2025-05-22T02:16:59.561+0000] {processor.py:161} INFO - Started process (PID=28006) to work on /opt/airflow/dags/init_raw_schema_dag.py
[2025-05-22T02:16:59.563+0000] {processor.py:830} INFO - Processing file /opt/airflow/dags/init_raw_schema_dag.py for tasks to queue
[2025-05-22T02:16:59.564+0000] {logging_mixin.py:188} INFO - [2025-05-22T02:16:59.564+0000] {dagbag.py:538} INFO - Filling up the DagBag from /opt/airflow/dags/init_raw_schema_dag.py
[2025-05-22T02:16:59.579+0000] {processor.py:840} INFO - DAG(s) 'init_raw_schema_dag' retrieved from /opt/airflow/dags/init_raw_schema_dag.py
[2025-05-22T02:16:59.595+0000] {logging_mixin.py:188} INFO - [2025-05-22T02:16:59.595+0000] {dag.py:3036} INFO - Sync 1 DAGs
[2025-05-22T02:16:59.602+0000] {logging_mixin.py:188} INFO - [2025-05-22T02:16:59.601+0000] {dag.py:3823} INFO - Setting next_dagrun for init_raw_schema_dag to None, run_after=None
[2025-05-22T02:16:59.612+0000] {processor.py:183} INFO - Processing /opt/airflow/dags/init_raw_schema_dag.py took 0.055 seconds
[2025-05-22T02:17:29.990+0000] {processor.py:161} INFO - Started process (PID=28021) to work on /opt/airflow/dags/init_raw_schema_dag.py
[2025-05-22T02:17:29.991+0000] {processor.py:830} INFO - Processing file /opt/airflow/dags/init_raw_schema_dag.py for tasks to queue
[2025-05-22T02:17:29.992+0000] {logging_mixin.py:188} INFO - [2025-05-22T02:17:29.991+0000] {dagbag.py:538} INFO - Filling up the DagBag from /opt/airflow/dags/init_raw_schema_dag.py
[2025-05-22T02:17:30.004+0000] {processor.py:840} INFO - DAG(s) 'init_raw_schema_dag' retrieved from /opt/airflow/dags/init_raw_schema_dag.py
[2025-05-22T02:17:30.022+0000] {logging_mixin.py:188} INFO - [2025-05-22T02:17:30.022+0000] {dag.py:3036} INFO - Sync 1 DAGs
[2025-05-22T02:17:30.027+0000] {logging_mixin.py:188} INFO - [2025-05-22T02:17:30.027+0000] {dag.py:3823} INFO - Setting next_dagrun for init_raw_schema_dag to None, run_after=None
[2025-05-22T02:17:30.035+0000] {processor.py:183} INFO - Processing /opt/airflow/dags/init_raw_schema_dag.py took 0.049 seconds
[2025-05-22T02:18:00.495+0000] {processor.py:161} INFO - Started process (PID=28036) to work on /opt/airflow/dags/init_raw_schema_dag.py
[2025-05-22T02:18:00.496+0000] {processor.py:830} INFO - Processing file /opt/airflow/dags/init_raw_schema_dag.py for tasks to queue
[2025-05-22T02:18:00.497+0000] {logging_mixin.py:188} INFO - [2025-05-22T02:18:00.497+0000] {dagbag.py:538} INFO - Filling up the DagBag from /opt/airflow/dags/init_raw_schema_dag.py
[2025-05-22T02:18:00.509+0000] {processor.py:840} INFO - DAG(s) 'init_raw_schema_dag' retrieved from /opt/airflow/dags/init_raw_schema_dag.py
[2025-05-22T02:18:00.526+0000] {logging_mixin.py:188} INFO - [2025-05-22T02:18:00.526+0000] {dag.py:3036} INFO - Sync 1 DAGs
[2025-05-22T02:18:00.532+0000] {logging_mixin.py:188} INFO - [2025-05-22T02:18:00.532+0000] {dag.py:3823} INFO - Setting next_dagrun for init_raw_schema_dag to None, run_after=None
[2025-05-22T02:18:00.539+0000] {processor.py:183} INFO - Processing /opt/airflow/dags/init_raw_schema_dag.py took 0.053 seconds
[2025-05-22T02:18:30.973+0000] {processor.py:161} INFO - Started process (PID=28051) to work on /opt/airflow/dags/init_raw_schema_dag.py
[2025-05-22T02:18:30.974+0000] {processor.py:830} INFO - Processing file /opt/airflow/dags/init_raw_schema_dag.py for tasks to queue
[2025-05-22T02:18:30.975+0000] {logging_mixin.py:188} INFO - [2025-05-22T02:18:30.975+0000] {dagbag.py:538} INFO - Filling up the DagBag from /opt/airflow/dags/init_raw_schema_dag.py
[2025-05-22T02:18:30.992+0000] {processor.py:840} INFO - DAG(s) 'init_raw_schema_dag' retrieved from /opt/airflow/dags/init_raw_schema_dag.py
[2025-05-22T02:18:31.013+0000] {logging_mixin.py:188} INFO - [2025-05-22T02:18:31.013+0000] {dag.py:3036} INFO - Sync 1 DAGs
[2025-05-22T02:18:31.020+0000] {logging_mixin.py:188} INFO - [2025-05-22T02:18:31.020+0000] {dag.py:3823} INFO - Setting next_dagrun for init_raw_schema_dag to None, run_after=None
[2025-05-22T02:18:31.029+0000] {processor.py:183} INFO - Processing /opt/airflow/dags/init_raw_schema_dag.py took 0.059 seconds
[2025-05-22T02:19:01.434+0000] {processor.py:161} INFO - Started process (PID=28066) to work on /opt/airflow/dags/init_raw_schema_dag.py
[2025-05-22T02:19:01.436+0000] {processor.py:830} INFO - Processing file /opt/airflow/dags/init_raw_schema_dag.py for tasks to queue
[2025-05-22T02:19:01.437+0000] {logging_mixin.py:188} INFO - [2025-05-22T02:19:01.436+0000] {dagbag.py:538} INFO - Filling up the DagBag from /opt/airflow/dags/init_raw_schema_dag.py
[2025-05-22T02:19:01.458+0000] {processor.py:840} INFO - DAG(s) 'init_raw_schema_dag' retrieved from /opt/airflow/dags/init_raw_schema_dag.py
[2025-05-22T02:19:01.477+0000] {logging_mixin.py:188} INFO - [2025-05-22T02:19:01.477+0000] {dag.py:3036} INFO - Sync 1 DAGs
[2025-05-22T02:19:01.483+0000] {logging_mixin.py:188} INFO - [2025-05-22T02:19:01.483+0000] {dag.py:3823} INFO - Setting next_dagrun for init_raw_schema_dag to None, run_after=None
[2025-05-22T02:19:01.491+0000] {processor.py:183} INFO - Processing /opt/airflow/dags/init_raw_schema_dag.py took 0.061 seconds
[2025-05-22T02:19:31.973+0000] {processor.py:161} INFO - Started process (PID=28081) to work on /opt/airflow/dags/init_raw_schema_dag.py
[2025-05-22T02:19:31.975+0000] {processor.py:830} INFO - Processing file /opt/airflow/dags/init_raw_schema_dag.py for tasks to queue
[2025-05-22T02:19:31.976+0000] {logging_mixin.py:188} INFO - [2025-05-22T02:19:31.975+0000] {dagbag.py:538} INFO - Filling up the DagBag from /opt/airflow/dags/init_raw_schema_dag.py
[2025-05-22T02:19:32.004+0000] {processor.py:840} INFO - DAG(s) 'init_raw_schema_dag' retrieved from /opt/airflow/dags/init_raw_schema_dag.py
[2025-05-22T02:19:32.037+0000] {logging_mixin.py:188} INFO - [2025-05-22T02:19:32.037+0000] {dag.py:3036} INFO - Sync 1 DAGs
[2025-05-22T02:19:32.047+0000] {logging_mixin.py:188} INFO - [2025-05-22T02:19:32.047+0000] {dag.py:3823} INFO - Setting next_dagrun for init_raw_schema_dag to None, run_after=None
[2025-05-22T02:19:32.058+0000] {processor.py:183} INFO - Processing /opt/airflow/dags/init_raw_schema_dag.py took 0.093 seconds
[2025-05-22T02:20:02.484+0000] {processor.py:161} INFO - Started process (PID=28096) to work on /opt/airflow/dags/init_raw_schema_dag.py
[2025-05-22T02:20:02.485+0000] {processor.py:830} INFO - Processing file /opt/airflow/dags/init_raw_schema_dag.py for tasks to queue
[2025-05-22T02:20:02.486+0000] {logging_mixin.py:188} INFO - [2025-05-22T02:20:02.486+0000] {dagbag.py:538} INFO - Filling up the DagBag from /opt/airflow/dags/init_raw_schema_dag.py
[2025-05-22T02:20:02.513+0000] {processor.py:840} INFO - DAG(s) 'init_raw_schema_dag' retrieved from /opt/airflow/dags/init_raw_schema_dag.py
[2025-05-22T02:20:02.540+0000] {logging_mixin.py:188} INFO - [2025-05-22T02:20:02.539+0000] {dag.py:3036} INFO - Sync 1 DAGs
[2025-05-22T02:20:02.548+0000] {logging_mixin.py:188} INFO - [2025-05-22T02:20:02.548+0000] {dag.py:3823} INFO - Setting next_dagrun for init_raw_schema_dag to None, run_after=None
[2025-05-22T02:20:02.556+0000] {processor.py:183} INFO - Processing /opt/airflow/dags/init_raw_schema_dag.py took 0.081 seconds
[2025-05-22T02:20:33.006+0000] {processor.py:161} INFO - Started process (PID=28111) to work on /opt/airflow/dags/init_raw_schema_dag.py
[2025-05-22T02:20:33.007+0000] {processor.py:830} INFO - Processing file /opt/airflow/dags/init_raw_schema_dag.py for tasks to queue
[2025-05-22T02:20:33.008+0000] {logging_mixin.py:188} INFO - [2025-05-22T02:20:33.008+0000] {dagbag.py:538} INFO - Filling up the DagBag from /opt/airflow/dags/init_raw_schema_dag.py
[2025-05-22T02:20:33.021+0000] {processor.py:840} INFO - DAG(s) 'init_raw_schema_dag' retrieved from /opt/airflow/dags/init_raw_schema_dag.py
[2025-05-22T02:20:33.034+0000] {logging_mixin.py:188} INFO - [2025-05-22T02:20:33.034+0000] {dag.py:3036} INFO - Sync 1 DAGs
[2025-05-22T02:20:33.039+0000] {logging_mixin.py:188} INFO - [2025-05-22T02:20:33.039+0000] {dag.py:3823} INFO - Setting next_dagrun for init_raw_schema_dag to None, run_after=None
[2025-05-22T02:20:33.046+0000] {processor.py:183} INFO - Processing /opt/airflow/dags/init_raw_schema_dag.py took 0.043 seconds
[2025-05-22T02:21:03.469+0000] {processor.py:161} INFO - Started process (PID=28126) to work on /opt/airflow/dags/init_raw_schema_dag.py
[2025-05-22T02:21:03.470+0000] {processor.py:830} INFO - Processing file /opt/airflow/dags/init_raw_schema_dag.py for tasks to queue
[2025-05-22T02:21:03.470+0000] {logging_mixin.py:188} INFO - [2025-05-22T02:21:03.470+0000] {dagbag.py:538} INFO - Filling up the DagBag from /opt/airflow/dags/init_raw_schema_dag.py
[2025-05-22T02:21:03.482+0000] {processor.py:840} INFO - DAG(s) 'init_raw_schema_dag' retrieved from /opt/airflow/dags/init_raw_schema_dag.py
[2025-05-22T02:21:03.496+0000] {logging_mixin.py:188} INFO - [2025-05-22T02:21:03.495+0000] {dag.py:3036} INFO - Sync 1 DAGs
[2025-05-22T02:21:03.503+0000] {logging_mixin.py:188} INFO - [2025-05-22T02:21:03.503+0000] {dag.py:3823} INFO - Setting next_dagrun for init_raw_schema_dag to None, run_after=None
[2025-05-22T02:21:03.510+0000] {processor.py:183} INFO - Processing /opt/airflow/dags/init_raw_schema_dag.py took 0.045 seconds
[2025-05-22T02:21:33.939+0000] {processor.py:161} INFO - Started process (PID=28141) to work on /opt/airflow/dags/init_raw_schema_dag.py
[2025-05-22T02:21:33.941+0000] {processor.py:830} INFO - Processing file /opt/airflow/dags/init_raw_schema_dag.py for tasks to queue
[2025-05-22T02:21:33.941+0000] {logging_mixin.py:188} INFO - [2025-05-22T02:21:33.941+0000] {dagbag.py:538} INFO - Filling up the DagBag from /opt/airflow/dags/init_raw_schema_dag.py
[2025-05-22T02:21:33.957+0000] {processor.py:840} INFO - DAG(s) 'init_raw_schema_dag' retrieved from /opt/airflow/dags/init_raw_schema_dag.py
[2025-05-22T02:21:33.978+0000] {logging_mixin.py:188} INFO - [2025-05-22T02:21:33.978+0000] {dag.py:3036} INFO - Sync 1 DAGs
[2025-05-22T02:21:33.983+0000] {logging_mixin.py:188} INFO - [2025-05-22T02:21:33.983+0000] {dag.py:3823} INFO - Setting next_dagrun for init_raw_schema_dag to None, run_after=None
[2025-05-22T02:21:33.991+0000] {processor.py:183} INFO - Processing /opt/airflow/dags/init_raw_schema_dag.py took 0.057 seconds
[2025-05-22T02:22:04.391+0000] {processor.py:161} INFO - Started process (PID=28156) to work on /opt/airflow/dags/init_raw_schema_dag.py
[2025-05-22T02:22:04.393+0000] {processor.py:830} INFO - Processing file /opt/airflow/dags/init_raw_schema_dag.py for tasks to queue
[2025-05-22T02:22:04.394+0000] {logging_mixin.py:188} INFO - [2025-05-22T02:22:04.394+0000] {dagbag.py:538} INFO - Filling up the DagBag from /opt/airflow/dags/init_raw_schema_dag.py
[2025-05-22T02:22:04.413+0000] {processor.py:840} INFO - DAG(s) 'init_raw_schema_dag' retrieved from /opt/airflow/dags/init_raw_schema_dag.py
[2025-05-22T02:22:04.430+0000] {logging_mixin.py:188} INFO - [2025-05-22T02:22:04.430+0000] {dag.py:3036} INFO - Sync 1 DAGs
[2025-05-22T02:22:04.436+0000] {logging_mixin.py:188} INFO - [2025-05-22T02:22:04.435+0000] {dag.py:3823} INFO - Setting next_dagrun for init_raw_schema_dag to None, run_after=None
[2025-05-22T02:22:04.443+0000] {processor.py:183} INFO - Processing /opt/airflow/dags/init_raw_schema_dag.py took 0.056 seconds
[2025-05-22T02:22:34.837+0000] {processor.py:161} INFO - Started process (PID=28171) to work on /opt/airflow/dags/init_raw_schema_dag.py
[2025-05-22T02:22:34.838+0000] {processor.py:830} INFO - Processing file /opt/airflow/dags/init_raw_schema_dag.py for tasks to queue
[2025-05-22T02:22:34.839+0000] {logging_mixin.py:188} INFO - [2025-05-22T02:22:34.839+0000] {dagbag.py:538} INFO - Filling up the DagBag from /opt/airflow/dags/init_raw_schema_dag.py
[2025-05-22T02:22:34.853+0000] {processor.py:840} INFO - DAG(s) 'init_raw_schema_dag' retrieved from /opt/airflow/dags/init_raw_schema_dag.py
[2025-05-22T02:22:34.880+0000] {logging_mixin.py:188} INFO - [2025-05-22T02:22:34.879+0000] {dag.py:3036} INFO - Sync 1 DAGs
[2025-05-22T02:22:34.887+0000] {logging_mixin.py:188} INFO - [2025-05-22T02:22:34.887+0000] {dag.py:3823} INFO - Setting next_dagrun for init_raw_schema_dag to None, run_after=None
[2025-05-22T02:22:34.896+0000] {processor.py:183} INFO - Processing /opt/airflow/dags/init_raw_schema_dag.py took 0.063 seconds
[2025-05-22T02:23:05.103+0000] {processor.py:161} INFO - Started process (PID=28308) to work on /opt/airflow/dags/init_raw_schema_dag.py
[2025-05-22T02:23:05.107+0000] {processor.py:830} INFO - Processing file /opt/airflow/dags/init_raw_schema_dag.py for tasks to queue
[2025-05-22T02:23:05.108+0000] {logging_mixin.py:188} INFO - [2025-05-22T02:23:05.108+0000] {dagbag.py:538} INFO - Filling up the DagBag from /opt/airflow/dags/init_raw_schema_dag.py
[2025-05-22T02:23:05.243+0000] {processor.py:840} INFO - DAG(s) 'init_raw_schema_dag' retrieved from /opt/airflow/dags/init_raw_schema_dag.py
[2025-05-22T02:23:05.315+0000] {logging_mixin.py:188} INFO - [2025-05-22T02:23:05.315+0000] {dag.py:3036} INFO - Sync 1 DAGs
[2025-05-22T02:23:05.390+0000] {logging_mixin.py:188} INFO - [2025-05-22T02:23:05.390+0000] {dag.py:3823} INFO - Setting next_dagrun for init_raw_schema_dag to None, run_after=None
[2025-05-22T02:23:05.550+0000] {processor.py:183} INFO - Processing /opt/airflow/dags/init_raw_schema_dag.py took 0.461 seconds
[2025-05-22T02:23:36.110+0000] {processor.py:161} INFO - Started process (PID=28622) to work on /opt/airflow/dags/init_raw_schema_dag.py
[2025-05-22T02:23:36.113+0000] {processor.py:830} INFO - Processing file /opt/airflow/dags/init_raw_schema_dag.py for tasks to queue
[2025-05-22T02:23:36.115+0000] {logging_mixin.py:188} INFO - [2025-05-22T02:23:36.114+0000] {dagbag.py:538} INFO - Filling up the DagBag from /opt/airflow/dags/init_raw_schema_dag.py
[2025-05-22T02:23:36.405+0000] {processor.py:840} INFO - DAG(s) 'init_raw_schema_dag' retrieved from /opt/airflow/dags/init_raw_schema_dag.py
[2025-05-22T02:23:36.535+0000] {logging_mixin.py:188} INFO - [2025-05-22T02:23:36.535+0000] {dag.py:3036} INFO - Sync 1 DAGs
[2025-05-22T02:23:36.582+0000] {logging_mixin.py:188} INFO - [2025-05-22T02:23:36.581+0000] {dag.py:3823} INFO - Setting next_dagrun for init_raw_schema_dag to None, run_after=None
[2025-05-22T02:23:36.636+0000] {processor.py:183} INFO - Processing /opt/airflow/dags/init_raw_schema_dag.py took 0.538 seconds
[2025-05-22T02:23:49.367+0000] {processor.py:161} INFO - Started process (PID=28769) to work on /opt/airflow/dags/init_raw_schema_dag.py
[2025-05-22T02:23:49.372+0000] {processor.py:830} INFO - Processing file /opt/airflow/dags/init_raw_schema_dag.py for tasks to queue
[2025-05-22T02:23:49.375+0000] {logging_mixin.py:188} INFO - [2025-05-22T02:23:49.375+0000] {dagbag.py:538} INFO - Filling up the DagBag from /opt/airflow/dags/init_raw_schema_dag.py
[2025-05-22T02:23:49.538+0000] {processor.py:840} INFO - DAG(s) 'init_raw_schema_dag' retrieved from /opt/airflow/dags/init_raw_schema_dag.py
[2025-05-22T02:23:49.989+0000] {logging_mixin.py:188} INFO - [2025-05-22T02:23:49.968+0000] {dag.py:3036} INFO - Sync 1 DAGs
[2025-05-22T02:23:50.101+0000] {logging_mixin.py:188} INFO - [2025-05-22T02:23:50.101+0000] {dag.py:3823} INFO - Setting next_dagrun for init_raw_schema_dag to None, run_after=None
[2025-05-22T02:23:50.195+0000] {processor.py:183} INFO - Processing /opt/airflow/dags/init_raw_schema_dag.py took 0.836 seconds
[2025-05-22T02:24:20.577+0000] {processor.py:161} INFO - Started process (PID=28889) to work on /opt/airflow/dags/init_raw_schema_dag.py
[2025-05-22T02:24:20.579+0000] {processor.py:830} INFO - Processing file /opt/airflow/dags/init_raw_schema_dag.py for tasks to queue
[2025-05-22T02:24:20.579+0000] {logging_mixin.py:188} INFO - [2025-05-22T02:24:20.579+0000] {dagbag.py:538} INFO - Filling up the DagBag from /opt/airflow/dags/init_raw_schema_dag.py
[2025-05-22T02:24:20.610+0000] {processor.py:840} INFO - DAG(s) 'init_raw_schema_dag' retrieved from /opt/airflow/dags/init_raw_schema_dag.py
[2025-05-22T02:24:20.644+0000] {logging_mixin.py:188} INFO - [2025-05-22T02:24:20.644+0000] {dag.py:3036} INFO - Sync 1 DAGs
[2025-05-22T02:24:20.655+0000] {logging_mixin.py:188} INFO - [2025-05-22T02:24:20.655+0000] {dag.py:3823} INFO - Setting next_dagrun for init_raw_schema_dag to None, run_after=None
[2025-05-22T02:24:20.666+0000] {processor.py:183} INFO - Processing /opt/airflow/dags/init_raw_schema_dag.py took 0.097 seconds
[2025-05-22T02:24:51.072+0000] {processor.py:161} INFO - Started process (PID=28904) to work on /opt/airflow/dags/init_raw_schema_dag.py
[2025-05-22T02:24:51.073+0000] {processor.py:830} INFO - Processing file /opt/airflow/dags/init_raw_schema_dag.py for tasks to queue
[2025-05-22T02:24:51.074+0000] {logging_mixin.py:188} INFO - [2025-05-22T02:24:51.074+0000] {dagbag.py:538} INFO - Filling up the DagBag from /opt/airflow/dags/init_raw_schema_dag.py
[2025-05-22T02:24:51.102+0000] {processor.py:840} INFO - DAG(s) 'init_raw_schema_dag' retrieved from /opt/airflow/dags/init_raw_schema_dag.py
[2025-05-22T02:24:51.133+0000] {logging_mixin.py:188} INFO - [2025-05-22T02:24:51.133+0000] {dag.py:3036} INFO - Sync 1 DAGs
[2025-05-22T02:24:51.143+0000] {logging_mixin.py:188} INFO - [2025-05-22T02:24:51.143+0000] {dag.py:3823} INFO - Setting next_dagrun for init_raw_schema_dag to None, run_after=None
[2025-05-22T02:24:51.156+0000] {processor.py:183} INFO - Processing /opt/airflow/dags/init_raw_schema_dag.py took 0.093 seconds
[2025-05-22T02:25:21.610+0000] {processor.py:161} INFO - Started process (PID=28919) to work on /opt/airflow/dags/init_raw_schema_dag.py
[2025-05-22T02:25:21.611+0000] {processor.py:830} INFO - Processing file /opt/airflow/dags/init_raw_schema_dag.py for tasks to queue
[2025-05-22T02:25:21.612+0000] {logging_mixin.py:188} INFO - [2025-05-22T02:25:21.611+0000] {dagbag.py:538} INFO - Filling up the DagBag from /opt/airflow/dags/init_raw_schema_dag.py
[2025-05-22T02:25:21.639+0000] {processor.py:840} INFO - DAG(s) 'init_raw_schema_dag' retrieved from /opt/airflow/dags/init_raw_schema_dag.py
[2025-05-22T02:25:21.673+0000] {logging_mixin.py:188} INFO - [2025-05-22T02:25:21.673+0000] {dag.py:3036} INFO - Sync 1 DAGs
[2025-05-22T02:25:21.683+0000] {logging_mixin.py:188} INFO - [2025-05-22T02:25:21.683+0000] {dag.py:3823} INFO - Setting next_dagrun for init_raw_schema_dag to None, run_after=None
[2025-05-22T02:25:21.693+0000] {processor.py:183} INFO - Processing /opt/airflow/dags/init_raw_schema_dag.py took 0.094 seconds
[2025-05-22T02:25:52.060+0000] {processor.py:161} INFO - Started process (PID=28934) to work on /opt/airflow/dags/init_raw_schema_dag.py
[2025-05-22T02:25:52.061+0000] {processor.py:830} INFO - Processing file /opt/airflow/dags/init_raw_schema_dag.py for tasks to queue
[2025-05-22T02:25:52.062+0000] {logging_mixin.py:188} INFO - [2025-05-22T02:25:52.061+0000] {dagbag.py:538} INFO - Filling up the DagBag from /opt/airflow/dags/init_raw_schema_dag.py
[2025-05-22T02:25:52.093+0000] {processor.py:840} INFO - DAG(s) 'init_raw_schema_dag' retrieved from /opt/airflow/dags/init_raw_schema_dag.py
[2025-05-22T02:25:52.125+0000] {logging_mixin.py:188} INFO - [2025-05-22T02:25:52.125+0000] {dag.py:3036} INFO - Sync 1 DAGs
[2025-05-22T02:25:52.135+0000] {logging_mixin.py:188} INFO - [2025-05-22T02:25:52.135+0000] {dag.py:3823} INFO - Setting next_dagrun for init_raw_schema_dag to None, run_after=None
[2025-05-22T02:25:52.145+0000] {processor.py:183} INFO - Processing /opt/airflow/dags/init_raw_schema_dag.py took 0.094 seconds
[2025-05-22T02:26:22.548+0000] {processor.py:161} INFO - Started process (PID=28949) to work on /opt/airflow/dags/init_raw_schema_dag.py
[2025-05-22T02:26:22.549+0000] {processor.py:830} INFO - Processing file /opt/airflow/dags/init_raw_schema_dag.py for tasks to queue
[2025-05-22T02:26:22.550+0000] {logging_mixin.py:188} INFO - [2025-05-22T02:26:22.550+0000] {dagbag.py:538} INFO - Filling up the DagBag from /opt/airflow/dags/init_raw_schema_dag.py
[2025-05-22T02:26:22.575+0000] {processor.py:840} INFO - DAG(s) 'init_raw_schema_dag' retrieved from /opt/airflow/dags/init_raw_schema_dag.py
[2025-05-22T02:26:22.602+0000] {logging_mixin.py:188} INFO - [2025-05-22T02:26:22.602+0000] {dag.py:3036} INFO - Sync 1 DAGs
[2025-05-22T02:26:22.610+0000] {logging_mixin.py:188} INFO - [2025-05-22T02:26:22.610+0000] {dag.py:3823} INFO - Setting next_dagrun for init_raw_schema_dag to None, run_after=None
[2025-05-22T02:26:22.621+0000] {processor.py:183} INFO - Processing /opt/airflow/dags/init_raw_schema_dag.py took 0.081 seconds
[2025-05-22T02:26:53.050+0000] {processor.py:161} INFO - Started process (PID=28964) to work on /opt/airflow/dags/init_raw_schema_dag.py
[2025-05-22T02:26:53.051+0000] {processor.py:830} INFO - Processing file /opt/airflow/dags/init_raw_schema_dag.py for tasks to queue
[2025-05-22T02:26:53.052+0000] {logging_mixin.py:188} INFO - [2025-05-22T02:26:53.051+0000] {dagbag.py:538} INFO - Filling up the DagBag from /opt/airflow/dags/init_raw_schema_dag.py
[2025-05-22T02:26:53.078+0000] {processor.py:840} INFO - DAG(s) 'init_raw_schema_dag' retrieved from /opt/airflow/dags/init_raw_schema_dag.py
[2025-05-22T02:26:53.110+0000] {logging_mixin.py:188} INFO - [2025-05-22T02:26:53.110+0000] {dag.py:3036} INFO - Sync 1 DAGs
[2025-05-22T02:26:53.121+0000] {logging_mixin.py:188} INFO - [2025-05-22T02:26:53.121+0000] {dag.py:3823} INFO - Setting next_dagrun for init_raw_schema_dag to None, run_after=None
[2025-05-22T02:26:53.131+0000] {processor.py:183} INFO - Processing /opt/airflow/dags/init_raw_schema_dag.py took 0.088 seconds
[2025-05-22T02:27:23.608+0000] {processor.py:161} INFO - Started process (PID=28979) to work on /opt/airflow/dags/init_raw_schema_dag.py
[2025-05-22T02:27:23.609+0000] {processor.py:830} INFO - Processing file /opt/airflow/dags/init_raw_schema_dag.py for tasks to queue
[2025-05-22T02:27:23.610+0000] {logging_mixin.py:188} INFO - [2025-05-22T02:27:23.610+0000] {dagbag.py:538} INFO - Filling up the DagBag from /opt/airflow/dags/init_raw_schema_dag.py
[2025-05-22T02:27:23.642+0000] {processor.py:840} INFO - DAG(s) 'init_raw_schema_dag' retrieved from /opt/airflow/dags/init_raw_schema_dag.py
[2025-05-22T02:27:23.672+0000] {logging_mixin.py:188} INFO - [2025-05-22T02:27:23.672+0000] {dag.py:3036} INFO - Sync 1 DAGs
[2025-05-22T02:27:23.682+0000] {logging_mixin.py:188} INFO - [2025-05-22T02:27:23.682+0000] {dag.py:3823} INFO - Setting next_dagrun for init_raw_schema_dag to None, run_after=None
[2025-05-22T02:27:23.692+0000] {processor.py:183} INFO - Processing /opt/airflow/dags/init_raw_schema_dag.py took 0.093 seconds
[2025-05-22T02:27:55.959+0000] {processor.py:161} INFO - Started process (PID=28987) to work on /opt/airflow/dags/init_raw_schema_dag.py
[2025-05-22T02:27:55.961+0000] {processor.py:830} INFO - Processing file /opt/airflow/dags/init_raw_schema_dag.py for tasks to queue
[2025-05-22T02:27:55.961+0000] {logging_mixin.py:188} INFO - [2025-05-22T02:27:55.961+0000] {dagbag.py:538} INFO - Filling up the DagBag from /opt/airflow/dags/init_raw_schema_dag.py
[2025-05-22T02:27:55.976+0000] {processor.py:840} INFO - DAG(s) 'init_raw_schema_dag' retrieved from /opt/airflow/dags/init_raw_schema_dag.py
[2025-05-22T02:27:55.996+0000] {logging_mixin.py:188} INFO - [2025-05-22T02:27:55.996+0000] {dag.py:3036} INFO - Sync 1 DAGs
[2025-05-22T02:27:56.003+0000] {logging_mixin.py:188} INFO - [2025-05-22T02:27:56.003+0000] {dag.py:3823} INFO - Setting next_dagrun for init_raw_schema_dag to None, run_after=None
[2025-05-22T02:27:56.019+0000] {processor.py:183} INFO - Processing /opt/airflow/dags/init_raw_schema_dag.py took 0.063 seconds
[2025-05-22T02:43:24.538+0000] {processor.py:161} INFO - Started process (PID=29001) to work on /opt/airflow/dags/init_raw_schema_dag.py
[2025-05-22T02:43:24.542+0000] {processor.py:830} INFO - Processing file /opt/airflow/dags/init_raw_schema_dag.py for tasks to queue
[2025-05-22T02:43:24.544+0000] {logging_mixin.py:188} INFO - [2025-05-22T02:43:24.544+0000] {dagbag.py:538} INFO - Filling up the DagBag from /opt/airflow/dags/init_raw_schema_dag.py
[2025-05-22T02:43:24.585+0000] {processor.py:840} INFO - DAG(s) 'init_raw_schema_dag' retrieved from /opt/airflow/dags/init_raw_schema_dag.py
[2025-05-22T02:43:24.624+0000] {logging_mixin.py:188} INFO - [2025-05-22T02:43:24.624+0000] {dag.py:3036} INFO - Sync 1 DAGs
[2025-05-22T02:43:24.639+0000] {logging_mixin.py:188} INFO - [2025-05-22T02:43:24.639+0000] {dag.py:3823} INFO - Setting next_dagrun for init_raw_schema_dag to None, run_after=None
[2025-05-22T02:43:24.660+0000] {processor.py:183} INFO - Processing /opt/airflow/dags/init_raw_schema_dag.py took 0.149 seconds
[2025-05-22T02:43:55.196+0000] {processor.py:161} INFO - Started process (PID=29016) to work on /opt/airflow/dags/init_raw_schema_dag.py
[2025-05-22T02:43:55.199+0000] {processor.py:830} INFO - Processing file /opt/airflow/dags/init_raw_schema_dag.py for tasks to queue
[2025-05-22T02:43:55.200+0000] {logging_mixin.py:188} INFO - [2025-05-22T02:43:55.200+0000] {dagbag.py:538} INFO - Filling up the DagBag from /opt/airflow/dags/init_raw_schema_dag.py
[2025-05-22T02:43:55.237+0000] {processor.py:840} INFO - DAG(s) 'init_raw_schema_dag' retrieved from /opt/airflow/dags/init_raw_schema_dag.py
[2025-05-22T02:43:55.274+0000] {logging_mixin.py:188} INFO - [2025-05-22T02:43:55.274+0000] {dag.py:3036} INFO - Sync 1 DAGs
[2025-05-22T02:43:55.290+0000] {logging_mixin.py:188} INFO - [2025-05-22T02:43:55.290+0000] {dag.py:3823} INFO - Setting next_dagrun for init_raw_schema_dag to None, run_after=None
[2025-05-22T02:43:55.309+0000] {processor.py:183} INFO - Processing /opt/airflow/dags/init_raw_schema_dag.py took 0.128 seconds
[2025-05-22T02:55:24.557+0000] {processor.py:161} INFO - Started process (PID=29033) to work on /opt/airflow/dags/init_raw_schema_dag.py
[2025-05-22T02:55:24.558+0000] {processor.py:830} INFO - Processing file /opt/airflow/dags/init_raw_schema_dag.py for tasks to queue
[2025-05-22T02:55:24.559+0000] {logging_mixin.py:188} INFO - [2025-05-22T02:55:24.559+0000] {dagbag.py:538} INFO - Filling up the DagBag from /opt/airflow/dags/init_raw_schema_dag.py
[2025-05-22T02:55:24.595+0000] {processor.py:840} INFO - DAG(s) 'init_raw_schema_dag' retrieved from /opt/airflow/dags/init_raw_schema_dag.py
[2025-05-22T02:55:24.663+0000] {logging_mixin.py:188} INFO - [2025-05-22T02:55:24.662+0000] {dag.py:3036} INFO - Sync 1 DAGs
[2025-05-22T02:55:24.679+0000] {logging_mixin.py:188} INFO - [2025-05-22T02:55:24.678+0000] {dag.py:3823} INFO - Setting next_dagrun for init_raw_schema_dag to None, run_after=None
[2025-05-22T02:55:24.694+0000] {processor.py:183} INFO - Processing /opt/airflow/dags/init_raw_schema_dag.py took 0.148 seconds
[2025-05-22T03:10:51.134+0000] {processor.py:161} INFO - Started process (PID=29048) to work on /opt/airflow/dags/init_raw_schema_dag.py
[2025-05-22T03:10:51.138+0000] {processor.py:830} INFO - Processing file /opt/airflow/dags/init_raw_schema_dag.py for tasks to queue
[2025-05-22T03:10:51.141+0000] {logging_mixin.py:188} INFO - [2025-05-22T03:10:51.140+0000] {dagbag.py:538} INFO - Filling up the DagBag from /opt/airflow/dags/init_raw_schema_dag.py
[2025-05-22T03:10:51.210+0000] {processor.py:840} INFO - DAG(s) 'init_raw_schema_dag' retrieved from /opt/airflow/dags/init_raw_schema_dag.py
[2025-05-22T03:10:51.271+0000] {logging_mixin.py:188} INFO - [2025-05-22T03:10:51.271+0000] {dag.py:3036} INFO - Sync 1 DAGs
[2025-05-22T03:10:51.294+0000] {logging_mixin.py:188} INFO - [2025-05-22T03:10:51.294+0000] {dag.py:3823} INFO - Setting next_dagrun for init_raw_schema_dag to None, run_after=None
[2025-05-22T03:10:51.320+0000] {processor.py:183} INFO - Processing /opt/airflow/dags/init_raw_schema_dag.py took 0.208 seconds
[2025-05-22T03:11:59.926+0000] {processor.py:161} INFO - Started process (PID=29064) to work on /opt/airflow/dags/init_raw_schema_dag.py
[2025-05-22T03:11:59.928+0000] {processor.py:830} INFO - Processing file /opt/airflow/dags/init_raw_schema_dag.py for tasks to queue
[2025-05-22T03:11:59.930+0000] {logging_mixin.py:188} INFO - [2025-05-22T03:11:59.930+0000] {dagbag.py:538} INFO - Filling up the DagBag from /opt/airflow/dags/init_raw_schema_dag.py
[2025-05-22T03:11:59.962+0000] {processor.py:840} INFO - DAG(s) 'init_raw_schema_dag' retrieved from /opt/airflow/dags/init_raw_schema_dag.py
[2025-05-22T03:12:00.000+0000] {logging_mixin.py:188} INFO - [2025-05-22T03:12:00.000+0000] {dag.py:3036} INFO - Sync 1 DAGs
[2025-05-22T03:12:00.012+0000] {logging_mixin.py:188} INFO - [2025-05-22T03:12:00.012+0000] {dag.py:3823} INFO - Setting next_dagrun for init_raw_schema_dag to None, run_after=None
[2025-05-22T03:12:00.028+0000] {processor.py:183} INFO - Processing /opt/airflow/dags/init_raw_schema_dag.py took 0.112 seconds
[2025-05-22T03:47:30.476+0000] {processor.py:161} INFO - Started process (PID=29080) to work on /opt/airflow/dags/init_raw_schema_dag.py
[2025-05-22T03:47:30.479+0000] {processor.py:830} INFO - Processing file /opt/airflow/dags/init_raw_schema_dag.py for tasks to queue
[2025-05-22T03:47:30.482+0000] {logging_mixin.py:188} INFO - [2025-05-22T03:47:30.482+0000] {dagbag.py:538} INFO - Filling up the DagBag from /opt/airflow/dags/init_raw_schema_dag.py
[2025-05-22T03:47:30.548+0000] {processor.py:840} INFO - DAG(s) 'init_raw_schema_dag' retrieved from /opt/airflow/dags/init_raw_schema_dag.py
[2025-05-22T03:47:30.625+0000] {logging_mixin.py:188} INFO - [2025-05-22T03:47:30.624+0000] {dag.py:3036} INFO - Sync 1 DAGs
[2025-05-22T03:47:30.664+0000] {logging_mixin.py:188} INFO - [2025-05-22T03:47:30.664+0000] {dag.py:3823} INFO - Setting next_dagrun for init_raw_schema_dag to None, run_after=None
[2025-05-22T03:47:30.720+0000] {processor.py:183} INFO - Processing /opt/airflow/dags/init_raw_schema_dag.py took 0.254 seconds
[2025-05-22T03:48:01.308+0000] {processor.py:161} INFO - Started process (PID=29095) to work on /opt/airflow/dags/init_raw_schema_dag.py
[2025-05-22T03:48:01.310+0000] {processor.py:830} INFO - Processing file /opt/airflow/dags/init_raw_schema_dag.py for tasks to queue
[2025-05-22T03:48:01.311+0000] {logging_mixin.py:188} INFO - [2025-05-22T03:48:01.310+0000] {dagbag.py:538} INFO - Filling up the DagBag from /opt/airflow/dags/init_raw_schema_dag.py
[2025-05-22T03:48:01.345+0000] {processor.py:840} INFO - DAG(s) 'init_raw_schema_dag' retrieved from /opt/airflow/dags/init_raw_schema_dag.py
[2025-05-22T03:48:01.385+0000] {logging_mixin.py:188} INFO - [2025-05-22T03:48:01.384+0000] {dag.py:3036} INFO - Sync 1 DAGs
[2025-05-22T03:48:01.398+0000] {logging_mixin.py:188} INFO - [2025-05-22T03:48:01.398+0000] {dag.py:3823} INFO - Setting next_dagrun for init_raw_schema_dag to None, run_after=None
[2025-05-22T03:48:01.417+0000] {processor.py:183} INFO - Processing /opt/airflow/dags/init_raw_schema_dag.py took 0.122 seconds
[2025-05-22T04:21:18.522+0000] {processor.py:161} INFO - Started process (PID=29110) to work on /opt/airflow/dags/init_raw_schema_dag.py
[2025-05-22T04:21:18.528+0000] {processor.py:830} INFO - Processing file /opt/airflow/dags/init_raw_schema_dag.py for tasks to queue
[2025-05-22T04:21:18.533+0000] {logging_mixin.py:188} INFO - [2025-05-22T04:21:18.531+0000] {dagbag.py:538} INFO - Filling up the DagBag from /opt/airflow/dags/init_raw_schema_dag.py
[2025-05-22T04:21:18.608+0000] {processor.py:840} INFO - DAG(s) 'init_raw_schema_dag' retrieved from /opt/airflow/dags/init_raw_schema_dag.py
[2025-05-22T04:21:18.654+0000] {logging_mixin.py:188} INFO - [2025-05-22T04:21:18.653+0000] {dag.py:3036} INFO - Sync 1 DAGs
[2025-05-22T04:21:18.679+0000] {logging_mixin.py:188} INFO - [2025-05-22T04:21:18.678+0000] {dag.py:3823} INFO - Setting next_dagrun for init_raw_schema_dag to None, run_after=None
[2025-05-22T04:21:18.714+0000] {processor.py:183} INFO - Processing /opt/airflow/dags/init_raw_schema_dag.py took 0.219 seconds
[2025-05-22T05:17:19.085+0000] {processor.py:161} INFO - Started process (PID=29126) to work on /opt/airflow/dags/init_raw_schema_dag.py
[2025-05-22T05:17:19.086+0000] {processor.py:830} INFO - Processing file /opt/airflow/dags/init_raw_schema_dag.py for tasks to queue
[2025-05-22T05:17:19.088+0000] {logging_mixin.py:188} INFO - [2025-05-22T05:17:19.087+0000] {dagbag.py:538} INFO - Filling up the DagBag from /opt/airflow/dags/init_raw_schema_dag.py
[2025-05-22T05:17:19.129+0000] {processor.py:840} INFO - DAG(s) 'init_raw_schema_dag' retrieved from /opt/airflow/dags/init_raw_schema_dag.py
[2025-05-22T05:17:19.156+0000] {logging_mixin.py:188} INFO - [2025-05-22T05:17:19.156+0000] {dag.py:3036} INFO - Sync 1 DAGs
[2025-05-22T05:17:19.165+0000] {logging_mixin.py:188} INFO - [2025-05-22T05:17:19.165+0000] {dag.py:3823} INFO - Setting next_dagrun for init_raw_schema_dag to None, run_after=None
[2025-05-22T05:17:19.180+0000] {processor.py:183} INFO - Processing /opt/airflow/dags/init_raw_schema_dag.py took 0.105 seconds
[2025-05-22T05:29:02.503+0000] {processor.py:161} INFO - Started process (PID=29142) to work on /opt/airflow/dags/init_raw_schema_dag.py
[2025-05-22T05:29:02.507+0000] {processor.py:830} INFO - Processing file /opt/airflow/dags/init_raw_schema_dag.py for tasks to queue
[2025-05-22T05:29:02.510+0000] {logging_mixin.py:188} INFO - [2025-05-22T05:29:02.509+0000] {dagbag.py:538} INFO - Filling up the DagBag from /opt/airflow/dags/init_raw_schema_dag.py
[2025-05-22T05:29:02.559+0000] {processor.py:840} INFO - DAG(s) 'init_raw_schema_dag' retrieved from /opt/airflow/dags/init_raw_schema_dag.py
[2025-05-22T05:29:02.603+0000] {logging_mixin.py:188} INFO - [2025-05-22T05:29:02.602+0000] {dag.py:3036} INFO - Sync 1 DAGs
[2025-05-22T05:29:02.620+0000] {logging_mixin.py:188} INFO - [2025-05-22T05:29:02.620+0000] {dag.py:3823} INFO - Setting next_dagrun for init_raw_schema_dag to None, run_after=None
[2025-05-22T05:29:02.647+0000] {processor.py:183} INFO - Processing /opt/airflow/dags/init_raw_schema_dag.py took 0.153 seconds
[2025-05-22T06:19:52.831+0000] {processor.py:161} INFO - Started process (PID=29157) to work on /opt/airflow/dags/init_raw_schema_dag.py
[2025-05-22T06:19:52.836+0000] {processor.py:830} INFO - Processing file /opt/airflow/dags/init_raw_schema_dag.py for tasks to queue
[2025-05-22T06:19:52.839+0000] {logging_mixin.py:188} INFO - [2025-05-22T06:19:52.838+0000] {dagbag.py:538} INFO - Filling up the DagBag from /opt/airflow/dags/init_raw_schema_dag.py
[2025-05-22T06:19:52.876+0000] {processor.py:840} INFO - DAG(s) 'init_raw_schema_dag' retrieved from /opt/airflow/dags/init_raw_schema_dag.py
[2025-05-22T06:19:52.913+0000] {logging_mixin.py:188} INFO - [2025-05-22T06:19:52.912+0000] {dag.py:3036} INFO - Sync 1 DAGs
[2025-05-22T06:19:52.926+0000] {logging_mixin.py:188} INFO - [2025-05-22T06:19:52.926+0000] {dag.py:3823} INFO - Setting next_dagrun for init_raw_schema_dag to None, run_after=None
[2025-05-22T06:19:52.951+0000] {processor.py:183} INFO - Processing /opt/airflow/dags/init_raw_schema_dag.py took 0.126 seconds
[2025-05-22T06:58:17.468+0000] {processor.py:161} INFO - Started process (PID=29172) to work on /opt/airflow/dags/init_raw_schema_dag.py
[2025-05-22T06:58:17.473+0000] {processor.py:830} INFO - Processing file /opt/airflow/dags/init_raw_schema_dag.py for tasks to queue
[2025-05-22T06:58:17.475+0000] {logging_mixin.py:188} INFO - [2025-05-22T06:58:17.475+0000] {dagbag.py:538} INFO - Filling up the DagBag from /opt/airflow/dags/init_raw_schema_dag.py
[2025-05-22T06:58:17.519+0000] {processor.py:840} INFO - DAG(s) 'init_raw_schema_dag' retrieved from /opt/airflow/dags/init_raw_schema_dag.py
[2025-05-22T06:58:17.548+0000] {logging_mixin.py:188} INFO - [2025-05-22T06:58:17.548+0000] {dag.py:3036} INFO - Sync 1 DAGs
[2025-05-22T06:58:17.562+0000] {logging_mixin.py:188} INFO - [2025-05-22T06:58:17.562+0000] {dag.py:3823} INFO - Setting next_dagrun for init_raw_schema_dag to None, run_after=None
[2025-05-22T06:58:17.576+0000] {processor.py:183} INFO - Processing /opt/airflow/dags/init_raw_schema_dag.py took 0.117 seconds
[2025-05-22T06:58:48.225+0000] {processor.py:161} INFO - Started process (PID=29187) to work on /opt/airflow/dags/init_raw_schema_dag.py
[2025-05-22T06:58:48.230+0000] {processor.py:830} INFO - Processing file /opt/airflow/dags/init_raw_schema_dag.py for tasks to queue
[2025-05-22T06:58:48.231+0000] {logging_mixin.py:188} INFO - [2025-05-22T06:58:48.230+0000] {dagbag.py:538} INFO - Filling up the DagBag from /opt/airflow/dags/init_raw_schema_dag.py
[2025-05-22T06:58:48.270+0000] {processor.py:840} INFO - DAG(s) 'init_raw_schema_dag' retrieved from /opt/airflow/dags/init_raw_schema_dag.py
[2025-05-22T06:58:48.313+0000] {logging_mixin.py:188} INFO - [2025-05-22T06:58:48.313+0000] {dag.py:3036} INFO - Sync 1 DAGs
[2025-05-22T06:58:48.328+0000] {logging_mixin.py:188} INFO - [2025-05-22T06:58:48.328+0000] {dag.py:3823} INFO - Setting next_dagrun for init_raw_schema_dag to None, run_after=None
[2025-05-22T06:58:48.347+0000] {processor.py:183} INFO - Processing /opt/airflow/dags/init_raw_schema_dag.py took 0.133 seconds
[2025-05-22T06:59:19.053+0000] {processor.py:161} INFO - Started process (PID=29202) to work on /opt/airflow/dags/init_raw_schema_dag.py
[2025-05-22T06:59:19.056+0000] {processor.py:830} INFO - Processing file /opt/airflow/dags/init_raw_schema_dag.py for tasks to queue
[2025-05-22T06:59:19.059+0000] {logging_mixin.py:188} INFO - [2025-05-22T06:59:19.058+0000] {dagbag.py:538} INFO - Filling up the DagBag from /opt/airflow/dags/init_raw_schema_dag.py
[2025-05-22T06:59:19.107+0000] {processor.py:840} INFO - DAG(s) 'init_raw_schema_dag' retrieved from /opt/airflow/dags/init_raw_schema_dag.py
[2025-05-22T06:59:19.150+0000] {logging_mixin.py:188} INFO - [2025-05-22T06:59:19.150+0000] {dag.py:3036} INFO - Sync 1 DAGs
[2025-05-22T06:59:19.173+0000] {logging_mixin.py:188} INFO - [2025-05-22T06:59:19.173+0000] {dag.py:3823} INFO - Setting next_dagrun for init_raw_schema_dag to None, run_after=None
[2025-05-22T06:59:19.196+0000] {processor.py:183} INFO - Processing /opt/airflow/dags/init_raw_schema_dag.py took 0.158 seconds
[2025-05-22T06:59:49.620+0000] {processor.py:161} INFO - Started process (PID=29217) to work on /opt/airflow/dags/init_raw_schema_dag.py
[2025-05-22T06:59:49.624+0000] {processor.py:830} INFO - Processing file /opt/airflow/dags/init_raw_schema_dag.py for tasks to queue
[2025-05-22T06:59:49.625+0000] {logging_mixin.py:188} INFO - [2025-05-22T06:59:49.625+0000] {dagbag.py:538} INFO - Filling up the DagBag from /opt/airflow/dags/init_raw_schema_dag.py
[2025-05-22T06:59:49.712+0000] {processor.py:840} INFO - DAG(s) 'init_raw_schema_dag' retrieved from /opt/airflow/dags/init_raw_schema_dag.py
[2025-05-22T06:59:49.757+0000] {logging_mixin.py:188} INFO - [2025-05-22T06:59:49.757+0000] {dag.py:3036} INFO - Sync 1 DAGs
[2025-05-22T06:59:49.776+0000] {logging_mixin.py:188} INFO - [2025-05-22T06:59:49.776+0000] {dag.py:3823} INFO - Setting next_dagrun for init_raw_schema_dag to None, run_after=None
[2025-05-22T06:59:49.798+0000] {processor.py:183} INFO - Processing /opt/airflow/dags/init_raw_schema_dag.py took 0.197 seconds
[2025-05-22T07:00:20.200+0000] {processor.py:161} INFO - Started process (PID=29232) to work on /opt/airflow/dags/init_raw_schema_dag.py
[2025-05-22T07:00:20.209+0000] {processor.py:830} INFO - Processing file /opt/airflow/dags/init_raw_schema_dag.py for tasks to queue
[2025-05-22T07:00:20.211+0000] {logging_mixin.py:188} INFO - [2025-05-22T07:00:20.210+0000] {dagbag.py:538} INFO - Filling up the DagBag from /opt/airflow/dags/init_raw_schema_dag.py
[2025-05-22T07:00:20.251+0000] {processor.py:840} INFO - DAG(s) 'init_raw_schema_dag' retrieved from /opt/airflow/dags/init_raw_schema_dag.py
[2025-05-22T07:00:20.293+0000] {logging_mixin.py:188} INFO - [2025-05-22T07:00:20.293+0000] {dag.py:3036} INFO - Sync 1 DAGs
[2025-05-22T07:00:20.307+0000] {logging_mixin.py:188} INFO - [2025-05-22T07:00:20.306+0000] {dag.py:3823} INFO - Setting next_dagrun for init_raw_schema_dag to None, run_after=None
[2025-05-22T07:00:20.325+0000] {processor.py:183} INFO - Processing /opt/airflow/dags/init_raw_schema_dag.py took 0.137 seconds
[2025-05-22T07:00:50.752+0000] {processor.py:161} INFO - Started process (PID=29247) to work on /opt/airflow/dags/init_raw_schema_dag.py
[2025-05-22T07:00:50.754+0000] {processor.py:830} INFO - Processing file /opt/airflow/dags/init_raw_schema_dag.py for tasks to queue
[2025-05-22T07:00:50.755+0000] {logging_mixin.py:188} INFO - [2025-05-22T07:00:50.755+0000] {dagbag.py:538} INFO - Filling up the DagBag from /opt/airflow/dags/init_raw_schema_dag.py
[2025-05-22T07:00:50.803+0000] {processor.py:840} INFO - DAG(s) 'init_raw_schema_dag' retrieved from /opt/airflow/dags/init_raw_schema_dag.py
[2025-05-22T07:00:50.846+0000] {logging_mixin.py:188} INFO - [2025-05-22T07:00:50.846+0000] {dag.py:3036} INFO - Sync 1 DAGs
[2025-05-22T07:00:50.860+0000] {logging_mixin.py:188} INFO - [2025-05-22T07:00:50.859+0000] {dag.py:3823} INFO - Setting next_dagrun for init_raw_schema_dag to None, run_after=None
[2025-05-22T07:00:50.877+0000] {processor.py:183} INFO - Processing /opt/airflow/dags/init_raw_schema_dag.py took 0.142 seconds
[2025-05-22T07:01:21.241+0000] {processor.py:161} INFO - Started process (PID=29262) to work on /opt/airflow/dags/init_raw_schema_dag.py
[2025-05-22T07:01:21.244+0000] {processor.py:830} INFO - Processing file /opt/airflow/dags/init_raw_schema_dag.py for tasks to queue
[2025-05-22T07:01:21.246+0000] {logging_mixin.py:188} INFO - [2025-05-22T07:01:21.246+0000] {dagbag.py:538} INFO - Filling up the DagBag from /opt/airflow/dags/init_raw_schema_dag.py
[2025-05-22T07:01:21.305+0000] {processor.py:840} INFO - DAG(s) 'init_raw_schema_dag' retrieved from /opt/airflow/dags/init_raw_schema_dag.py
[2025-05-22T07:01:21.339+0000] {logging_mixin.py:188} INFO - [2025-05-22T07:01:21.338+0000] {dag.py:3036} INFO - Sync 1 DAGs
[2025-05-22T07:01:21.352+0000] {logging_mixin.py:188} INFO - [2025-05-22T07:01:21.351+0000] {dag.py:3823} INFO - Setting next_dagrun for init_raw_schema_dag to None, run_after=None
[2025-05-22T07:01:21.369+0000] {processor.py:183} INFO - Processing /opt/airflow/dags/init_raw_schema_dag.py took 0.142 seconds
[2025-05-22T07:01:51.722+0000] {processor.py:161} INFO - Started process (PID=29277) to work on /opt/airflow/dags/init_raw_schema_dag.py
[2025-05-22T07:01:51.726+0000] {processor.py:830} INFO - Processing file /opt/airflow/dags/init_raw_schema_dag.py for tasks to queue
[2025-05-22T07:01:51.730+0000] {logging_mixin.py:188} INFO - [2025-05-22T07:01:51.729+0000] {dagbag.py:538} INFO - Filling up the DagBag from /opt/airflow/dags/init_raw_schema_dag.py
[2025-05-22T07:01:51.770+0000] {processor.py:840} INFO - DAG(s) 'init_raw_schema_dag' retrieved from /opt/airflow/dags/init_raw_schema_dag.py
[2025-05-22T07:01:51.811+0000] {logging_mixin.py:188} INFO - [2025-05-22T07:01:51.810+0000] {dag.py:3036} INFO - Sync 1 DAGs
[2025-05-22T07:01:51.830+0000] {logging_mixin.py:188} INFO - [2025-05-22T07:01:51.830+0000] {dag.py:3823} INFO - Setting next_dagrun for init_raw_schema_dag to None, run_after=None
[2025-05-22T07:01:51.848+0000] {processor.py:183} INFO - Processing /opt/airflow/dags/init_raw_schema_dag.py took 0.136 seconds
[2025-05-22T07:02:22.144+0000] {processor.py:161} INFO - Started process (PID=29292) to work on /opt/airflow/dags/init_raw_schema_dag.py
[2025-05-22T07:02:22.147+0000] {processor.py:830} INFO - Processing file /opt/airflow/dags/init_raw_schema_dag.py for tasks to queue
[2025-05-22T07:02:22.149+0000] {logging_mixin.py:188} INFO - [2025-05-22T07:02:22.148+0000] {dagbag.py:538} INFO - Filling up the DagBag from /opt/airflow/dags/init_raw_schema_dag.py
[2025-05-22T07:02:22.191+0000] {processor.py:840} INFO - DAG(s) 'init_raw_schema_dag' retrieved from /opt/airflow/dags/init_raw_schema_dag.py
[2025-05-22T07:02:22.219+0000] {logging_mixin.py:188} INFO - [2025-05-22T07:02:22.219+0000] {dag.py:3036} INFO - Sync 1 DAGs
[2025-05-22T07:02:22.233+0000] {logging_mixin.py:188} INFO - [2025-05-22T07:02:22.233+0000] {dag.py:3823} INFO - Setting next_dagrun for init_raw_schema_dag to None, run_after=None
[2025-05-22T07:02:22.253+0000] {processor.py:183} INFO - Processing /opt/airflow/dags/init_raw_schema_dag.py took 0.114 seconds
[2025-05-22T07:02:52.589+0000] {processor.py:161} INFO - Started process (PID=29307) to work on /opt/airflow/dags/init_raw_schema_dag.py
[2025-05-22T07:02:52.593+0000] {processor.py:830} INFO - Processing file /opt/airflow/dags/init_raw_schema_dag.py for tasks to queue
[2025-05-22T07:02:52.595+0000] {logging_mixin.py:188} INFO - [2025-05-22T07:02:52.595+0000] {dagbag.py:538} INFO - Filling up the DagBag from /opt/airflow/dags/init_raw_schema_dag.py
[2025-05-22T07:02:52.637+0000] {processor.py:840} INFO - DAG(s) 'init_raw_schema_dag' retrieved from /opt/airflow/dags/init_raw_schema_dag.py
[2025-05-22T07:02:52.669+0000] {logging_mixin.py:188} INFO - [2025-05-22T07:02:52.669+0000] {dag.py:3036} INFO - Sync 1 DAGs
[2025-05-22T07:02:52.684+0000] {logging_mixin.py:188} INFO - [2025-05-22T07:02:52.684+0000] {dag.py:3823} INFO - Setting next_dagrun for init_raw_schema_dag to None, run_after=None
[2025-05-22T07:02:52.700+0000] {processor.py:183} INFO - Processing /opt/airflow/dags/init_raw_schema_dag.py took 0.126 seconds
[2025-05-22T07:03:23.071+0000] {processor.py:161} INFO - Started process (PID=29322) to work on /opt/airflow/dags/init_raw_schema_dag.py
[2025-05-22T07:03:23.074+0000] {processor.py:830} INFO - Processing file /opt/airflow/dags/init_raw_schema_dag.py for tasks to queue
[2025-05-22T07:03:23.076+0000] {logging_mixin.py:188} INFO - [2025-05-22T07:03:23.076+0000] {dagbag.py:538} INFO - Filling up the DagBag from /opt/airflow/dags/init_raw_schema_dag.py
[2025-05-22T07:03:23.122+0000] {processor.py:840} INFO - DAG(s) 'init_raw_schema_dag' retrieved from /opt/airflow/dags/init_raw_schema_dag.py
[2025-05-22T07:03:23.148+0000] {logging_mixin.py:188} INFO - [2025-05-22T07:03:23.148+0000] {dag.py:3036} INFO - Sync 1 DAGs
[2025-05-22T07:03:23.162+0000] {logging_mixin.py:188} INFO - [2025-05-22T07:03:23.162+0000] {dag.py:3823} INFO - Setting next_dagrun for init_raw_schema_dag to None, run_after=None
[2025-05-22T07:03:23.179+0000] {processor.py:183} INFO - Processing /opt/airflow/dags/init_raw_schema_dag.py took 0.122 seconds
[2025-05-22T07:03:53.543+0000] {processor.py:161} INFO - Started process (PID=29337) to work on /opt/airflow/dags/init_raw_schema_dag.py
[2025-05-22T07:03:53.548+0000] {processor.py:830} INFO - Processing file /opt/airflow/dags/init_raw_schema_dag.py for tasks to queue
[2025-05-22T07:03:53.550+0000] {logging_mixin.py:188} INFO - [2025-05-22T07:03:53.549+0000] {dagbag.py:538} INFO - Filling up the DagBag from /opt/airflow/dags/init_raw_schema_dag.py
[2025-05-22T07:03:53.582+0000] {processor.py:840} INFO - DAG(s) 'init_raw_schema_dag' retrieved from /opt/airflow/dags/init_raw_schema_dag.py
[2025-05-22T07:03:53.630+0000] {logging_mixin.py:188} INFO - [2025-05-22T07:03:53.630+0000] {dag.py:3036} INFO - Sync 1 DAGs
[2025-05-22T07:03:53.646+0000] {logging_mixin.py:188} INFO - [2025-05-22T07:03:53.646+0000] {dag.py:3823} INFO - Setting next_dagrun for init_raw_schema_dag to None, run_after=None
[2025-05-22T07:03:53.665+0000] {processor.py:183} INFO - Processing /opt/airflow/dags/init_raw_schema_dag.py took 0.130 seconds
[2025-05-22T07:04:24.018+0000] {processor.py:161} INFO - Started process (PID=29352) to work on /opt/airflow/dags/init_raw_schema_dag.py
[2025-05-22T07:04:24.020+0000] {processor.py:830} INFO - Processing file /opt/airflow/dags/init_raw_schema_dag.py for tasks to queue
[2025-05-22T07:04:24.022+0000] {logging_mixin.py:188} INFO - [2025-05-22T07:04:24.022+0000] {dagbag.py:538} INFO - Filling up the DagBag from /opt/airflow/dags/init_raw_schema_dag.py
[2025-05-22T07:04:24.066+0000] {processor.py:840} INFO - DAG(s) 'init_raw_schema_dag' retrieved from /opt/airflow/dags/init_raw_schema_dag.py
[2025-05-22T07:04:24.095+0000] {logging_mixin.py:188} INFO - [2025-05-22T07:04:24.095+0000] {dag.py:3036} INFO - Sync 1 DAGs
[2025-05-22T07:04:24.109+0000] {logging_mixin.py:188} INFO - [2025-05-22T07:04:24.109+0000] {dag.py:3823} INFO - Setting next_dagrun for init_raw_schema_dag to None, run_after=None
[2025-05-22T07:04:24.129+0000] {processor.py:183} INFO - Processing /opt/airflow/dags/init_raw_schema_dag.py took 0.124 seconds
[2025-05-22T07:04:54.421+0000] {processor.py:161} INFO - Started process (PID=29367) to work on /opt/airflow/dags/init_raw_schema_dag.py
[2025-05-22T07:04:54.426+0000] {processor.py:830} INFO - Processing file /opt/airflow/dags/init_raw_schema_dag.py for tasks to queue
[2025-05-22T07:04:54.429+0000] {logging_mixin.py:188} INFO - [2025-05-22T07:04:54.428+0000] {dagbag.py:538} INFO - Filling up the DagBag from /opt/airflow/dags/init_raw_schema_dag.py
[2025-05-22T07:04:54.467+0000] {processor.py:840} INFO - DAG(s) 'init_raw_schema_dag' retrieved from /opt/airflow/dags/init_raw_schema_dag.py
[2025-05-22T07:04:54.503+0000] {logging_mixin.py:188} INFO - [2025-05-22T07:04:54.503+0000] {dag.py:3036} INFO - Sync 1 DAGs
[2025-05-22T07:04:54.521+0000] {logging_mixin.py:188} INFO - [2025-05-22T07:04:54.521+0000] {dag.py:3823} INFO - Setting next_dagrun for init_raw_schema_dag to None, run_after=None
[2025-05-22T07:04:54.538+0000] {processor.py:183} INFO - Processing /opt/airflow/dags/init_raw_schema_dag.py took 0.128 seconds
[2025-05-22T07:05:24.892+0000] {processor.py:161} INFO - Started process (PID=29382) to work on /opt/airflow/dags/init_raw_schema_dag.py
[2025-05-22T07:05:24.896+0000] {processor.py:830} INFO - Processing file /opt/airflow/dags/init_raw_schema_dag.py for tasks to queue
[2025-05-22T07:05:24.897+0000] {logging_mixin.py:188} INFO - [2025-05-22T07:05:24.897+0000] {dagbag.py:538} INFO - Filling up the DagBag from /opt/airflow/dags/init_raw_schema_dag.py
[2025-05-22T07:05:24.937+0000] {processor.py:840} INFO - DAG(s) 'init_raw_schema_dag' retrieved from /opt/airflow/dags/init_raw_schema_dag.py
[2025-05-22T07:05:24.977+0000] {logging_mixin.py:188} INFO - [2025-05-22T07:05:24.977+0000] {dag.py:3036} INFO - Sync 1 DAGs
[2025-05-22T07:05:24.995+0000] {logging_mixin.py:188} INFO - [2025-05-22T07:05:24.995+0000] {dag.py:3823} INFO - Setting next_dagrun for init_raw_schema_dag to None, run_after=None
[2025-05-22T07:05:25.010+0000] {processor.py:183} INFO - Processing /opt/airflow/dags/init_raw_schema_dag.py took 0.126 seconds
[2025-05-22T07:05:55.362+0000] {processor.py:161} INFO - Started process (PID=29397) to work on /opt/airflow/dags/init_raw_schema_dag.py
[2025-05-22T07:05:55.363+0000] {processor.py:830} INFO - Processing file /opt/airflow/dags/init_raw_schema_dag.py for tasks to queue
[2025-05-22T07:05:55.365+0000] {logging_mixin.py:188} INFO - [2025-05-22T07:05:55.364+0000] {dagbag.py:538} INFO - Filling up the DagBag from /opt/airflow/dags/init_raw_schema_dag.py
[2025-05-22T07:05:55.409+0000] {processor.py:840} INFO - DAG(s) 'init_raw_schema_dag' retrieved from /opt/airflow/dags/init_raw_schema_dag.py
[2025-05-22T07:05:55.447+0000] {logging_mixin.py:188} INFO - [2025-05-22T07:05:55.447+0000] {dag.py:3036} INFO - Sync 1 DAGs
[2025-05-22T07:05:55.461+0000] {logging_mixin.py:188} INFO - [2025-05-22T07:05:55.461+0000] {dag.py:3823} INFO - Setting next_dagrun for init_raw_schema_dag to None, run_after=None
[2025-05-22T07:05:55.482+0000] {processor.py:183} INFO - Processing /opt/airflow/dags/init_raw_schema_dag.py took 0.131 seconds
[2025-05-22T07:06:25.853+0000] {processor.py:161} INFO - Started process (PID=29412) to work on /opt/airflow/dags/init_raw_schema_dag.py
[2025-05-22T07:06:25.857+0000] {processor.py:830} INFO - Processing file /opt/airflow/dags/init_raw_schema_dag.py for tasks to queue
[2025-05-22T07:06:25.860+0000] {logging_mixin.py:188} INFO - [2025-05-22T07:06:25.859+0000] {dagbag.py:538} INFO - Filling up the DagBag from /opt/airflow/dags/init_raw_schema_dag.py
[2025-05-22T07:06:25.907+0000] {processor.py:840} INFO - DAG(s) 'init_raw_schema_dag' retrieved from /opt/airflow/dags/init_raw_schema_dag.py
[2025-05-22T07:06:25.940+0000] {logging_mixin.py:188} INFO - [2025-05-22T07:06:25.940+0000] {dag.py:3036} INFO - Sync 1 DAGs
[2025-05-22T07:06:25.956+0000] {logging_mixin.py:188} INFO - [2025-05-22T07:06:25.956+0000] {dag.py:3823} INFO - Setting next_dagrun for init_raw_schema_dag to None, run_after=None
[2025-05-22T07:06:25.975+0000] {processor.py:183} INFO - Processing /opt/airflow/dags/init_raw_schema_dag.py took 0.141 seconds
[2025-05-22T07:06:56.321+0000] {processor.py:161} INFO - Started process (PID=29427) to work on /opt/airflow/dags/init_raw_schema_dag.py
[2025-05-22T07:06:56.327+0000] {processor.py:830} INFO - Processing file /opt/airflow/dags/init_raw_schema_dag.py for tasks to queue
[2025-05-22T07:06:56.328+0000] {logging_mixin.py:188} INFO - [2025-05-22T07:06:56.327+0000] {dagbag.py:538} INFO - Filling up the DagBag from /opt/airflow/dags/init_raw_schema_dag.py
[2025-05-22T07:06:56.370+0000] {processor.py:840} INFO - DAG(s) 'init_raw_schema_dag' retrieved from /opt/airflow/dags/init_raw_schema_dag.py
[2025-05-22T07:06:56.413+0000] {logging_mixin.py:188} INFO - [2025-05-22T07:06:56.413+0000] {dag.py:3036} INFO - Sync 1 DAGs
[2025-05-22T07:06:56.429+0000] {logging_mixin.py:188} INFO - [2025-05-22T07:06:56.429+0000] {dag.py:3823} INFO - Setting next_dagrun for init_raw_schema_dag to None, run_after=None
[2025-05-22T07:06:56.447+0000] {processor.py:183} INFO - Processing /opt/airflow/dags/init_raw_schema_dag.py took 0.140 seconds
[2025-05-22T07:07:26.827+0000] {processor.py:161} INFO - Started process (PID=29442) to work on /opt/airflow/dags/init_raw_schema_dag.py
[2025-05-22T07:07:26.831+0000] {processor.py:830} INFO - Processing file /opt/airflow/dags/init_raw_schema_dag.py for tasks to queue
[2025-05-22T07:07:26.832+0000] {logging_mixin.py:188} INFO - [2025-05-22T07:07:26.831+0000] {dagbag.py:538} INFO - Filling up the DagBag from /opt/airflow/dags/init_raw_schema_dag.py
[2025-05-22T07:07:26.870+0000] {processor.py:840} INFO - DAG(s) 'init_raw_schema_dag' retrieved from /opt/airflow/dags/init_raw_schema_dag.py
[2025-05-22T07:07:26.908+0000] {logging_mixin.py:188} INFO - [2025-05-22T07:07:26.908+0000] {dag.py:3036} INFO - Sync 1 DAGs
[2025-05-22T07:07:26.923+0000] {logging_mixin.py:188} INFO - [2025-05-22T07:07:26.923+0000] {dag.py:3823} INFO - Setting next_dagrun for init_raw_schema_dag to None, run_after=None
[2025-05-22T07:07:26.941+0000] {processor.py:183} INFO - Processing /opt/airflow/dags/init_raw_schema_dag.py took 0.132 seconds
[2025-05-22T07:07:57.281+0000] {processor.py:161} INFO - Started process (PID=29457) to work on /opt/airflow/dags/init_raw_schema_dag.py
[2025-05-22T07:07:57.283+0000] {processor.py:830} INFO - Processing file /opt/airflow/dags/init_raw_schema_dag.py for tasks to queue
[2025-05-22T07:07:57.284+0000] {logging_mixin.py:188} INFO - [2025-05-22T07:07:57.284+0000] {dagbag.py:538} INFO - Filling up the DagBag from /opt/airflow/dags/init_raw_schema_dag.py
[2025-05-22T07:07:57.334+0000] {processor.py:840} INFO - DAG(s) 'init_raw_schema_dag' retrieved from /opt/airflow/dags/init_raw_schema_dag.py
[2025-05-22T07:07:57.364+0000] {logging_mixin.py:188} INFO - [2025-05-22T07:07:57.363+0000] {dag.py:3036} INFO - Sync 1 DAGs
[2025-05-22T07:07:57.377+0000] {logging_mixin.py:188} INFO - [2025-05-22T07:07:57.377+0000] {dag.py:3823} INFO - Setting next_dagrun for init_raw_schema_dag to None, run_after=None
[2025-05-22T07:07:57.393+0000] {processor.py:183} INFO - Processing /opt/airflow/dags/init_raw_schema_dag.py took 0.129 seconds
[2025-05-22T07:08:27.800+0000] {processor.py:161} INFO - Started process (PID=29472) to work on /opt/airflow/dags/init_raw_schema_dag.py
[2025-05-22T07:08:27.802+0000] {processor.py:830} INFO - Processing file /opt/airflow/dags/init_raw_schema_dag.py for tasks to queue
[2025-05-22T07:08:27.808+0000] {logging_mixin.py:188} INFO - [2025-05-22T07:08:27.806+0000] {dagbag.py:538} INFO - Filling up the DagBag from /opt/airflow/dags/init_raw_schema_dag.py
[2025-05-22T07:08:27.852+0000] {processor.py:840} INFO - DAG(s) 'init_raw_schema_dag' retrieved from /opt/airflow/dags/init_raw_schema_dag.py
[2025-05-22T07:08:27.886+0000] {logging_mixin.py:188} INFO - [2025-05-22T07:08:27.886+0000] {dag.py:3036} INFO - Sync 1 DAGs
[2025-05-22T07:08:27.900+0000] {logging_mixin.py:188} INFO - [2025-05-22T07:08:27.900+0000] {dag.py:3823} INFO - Setting next_dagrun for init_raw_schema_dag to None, run_after=None
[2025-05-22T07:08:27.918+0000] {processor.py:183} INFO - Processing /opt/airflow/dags/init_raw_schema_dag.py took 0.130 seconds
[2025-05-22T07:08:58.292+0000] {processor.py:161} INFO - Started process (PID=29487) to work on /opt/airflow/dags/init_raw_schema_dag.py
[2025-05-22T07:08:58.297+0000] {processor.py:830} INFO - Processing file /opt/airflow/dags/init_raw_schema_dag.py for tasks to queue
[2025-05-22T07:08:58.298+0000] {logging_mixin.py:188} INFO - [2025-05-22T07:08:58.297+0000] {dagbag.py:538} INFO - Filling up the DagBag from /opt/airflow/dags/init_raw_schema_dag.py
[2025-05-22T07:08:58.333+0000] {processor.py:840} INFO - DAG(s) 'init_raw_schema_dag' retrieved from /opt/airflow/dags/init_raw_schema_dag.py
[2025-05-22T07:08:58.370+0000] {logging_mixin.py:188} INFO - [2025-05-22T07:08:58.369+0000] {dag.py:3036} INFO - Sync 1 DAGs
[2025-05-22T07:08:58.390+0000] {logging_mixin.py:188} INFO - [2025-05-22T07:08:58.389+0000] {dag.py:3823} INFO - Setting next_dagrun for init_raw_schema_dag to None, run_after=None
[2025-05-22T07:08:58.406+0000] {processor.py:183} INFO - Processing /opt/airflow/dags/init_raw_schema_dag.py took 0.127 seconds
[2025-05-22T07:09:28.811+0000] {processor.py:161} INFO - Started process (PID=29502) to work on /opt/airflow/dags/init_raw_schema_dag.py
[2025-05-22T07:09:28.816+0000] {processor.py:830} INFO - Processing file /opt/airflow/dags/init_raw_schema_dag.py for tasks to queue
[2025-05-22T07:09:28.817+0000] {logging_mixin.py:188} INFO - [2025-05-22T07:09:28.817+0000] {dagbag.py:538} INFO - Filling up the DagBag from /opt/airflow/dags/init_raw_schema_dag.py
[2025-05-22T07:09:28.858+0000] {processor.py:840} INFO - DAG(s) 'init_raw_schema_dag' retrieved from /opt/airflow/dags/init_raw_schema_dag.py
[2025-05-22T07:09:28.891+0000] {logging_mixin.py:188} INFO - [2025-05-22T07:09:28.891+0000] {dag.py:3036} INFO - Sync 1 DAGs
[2025-05-22T07:09:28.902+0000] {logging_mixin.py:188} INFO - [2025-05-22T07:09:28.902+0000] {dag.py:3823} INFO - Setting next_dagrun for init_raw_schema_dag to None, run_after=None
[2025-05-22T07:09:28.921+0000] {processor.py:183} INFO - Processing /opt/airflow/dags/init_raw_schema_dag.py took 0.128 seconds
[2025-05-22T07:09:59.370+0000] {processor.py:161} INFO - Started process (PID=29517) to work on /opt/airflow/dags/init_raw_schema_dag.py
[2025-05-22T07:09:59.375+0000] {processor.py:830} INFO - Processing file /opt/airflow/dags/init_raw_schema_dag.py for tasks to queue
[2025-05-22T07:09:59.377+0000] {logging_mixin.py:188} INFO - [2025-05-22T07:09:59.377+0000] {dagbag.py:538} INFO - Filling up the DagBag from /opt/airflow/dags/init_raw_schema_dag.py
[2025-05-22T07:09:59.421+0000] {processor.py:840} INFO - DAG(s) 'init_raw_schema_dag' retrieved from /opt/airflow/dags/init_raw_schema_dag.py
[2025-05-22T07:09:59.452+0000] {logging_mixin.py:188} INFO - [2025-05-22T07:09:59.452+0000] {dag.py:3036} INFO - Sync 1 DAGs
[2025-05-22T07:09:59.466+0000] {logging_mixin.py:188} INFO - [2025-05-22T07:09:59.466+0000] {dag.py:3823} INFO - Setting next_dagrun for init_raw_schema_dag to None, run_after=None
[2025-05-22T07:09:59.485+0000] {processor.py:183} INFO - Processing /opt/airflow/dags/init_raw_schema_dag.py took 0.128 seconds
[2025-05-22T07:10:29.912+0000] {processor.py:161} INFO - Started process (PID=29532) to work on /opt/airflow/dags/init_raw_schema_dag.py
[2025-05-22T07:10:29.918+0000] {processor.py:830} INFO - Processing file /opt/airflow/dags/init_raw_schema_dag.py for tasks to queue
[2025-05-22T07:10:29.920+0000] {logging_mixin.py:188} INFO - [2025-05-22T07:10:29.919+0000] {dagbag.py:538} INFO - Filling up the DagBag from /opt/airflow/dags/init_raw_schema_dag.py
[2025-05-22T07:10:29.958+0000] {processor.py:840} INFO - DAG(s) 'init_raw_schema_dag' retrieved from /opt/airflow/dags/init_raw_schema_dag.py
[2025-05-22T07:10:29.999+0000] {logging_mixin.py:188} INFO - [2025-05-22T07:10:29.999+0000] {dag.py:3036} INFO - Sync 1 DAGs
[2025-05-22T07:10:30.012+0000] {logging_mixin.py:188} INFO - [2025-05-22T07:10:30.012+0000] {dag.py:3823} INFO - Setting next_dagrun for init_raw_schema_dag to None, run_after=None
[2025-05-22T07:10:30.031+0000] {processor.py:183} INFO - Processing /opt/airflow/dags/init_raw_schema_dag.py took 0.132 seconds
[2025-05-22T07:11:00.397+0000] {processor.py:161} INFO - Started process (PID=29547) to work on /opt/airflow/dags/init_raw_schema_dag.py
[2025-05-22T07:11:00.400+0000] {processor.py:830} INFO - Processing file /opt/airflow/dags/init_raw_schema_dag.py for tasks to queue
[2025-05-22T07:11:00.401+0000] {logging_mixin.py:188} INFO - [2025-05-22T07:11:00.401+0000] {dagbag.py:538} INFO - Filling up the DagBag from /opt/airflow/dags/init_raw_schema_dag.py
[2025-05-22T07:11:00.446+0000] {processor.py:840} INFO - DAG(s) 'init_raw_schema_dag' retrieved from /opt/airflow/dags/init_raw_schema_dag.py
[2025-05-22T07:11:00.477+0000] {logging_mixin.py:188} INFO - [2025-05-22T07:11:00.476+0000] {dag.py:3036} INFO - Sync 1 DAGs
[2025-05-22T07:11:00.490+0000] {logging_mixin.py:188} INFO - [2025-05-22T07:11:00.490+0000] {dag.py:3823} INFO - Setting next_dagrun for init_raw_schema_dag to None, run_after=None
[2025-05-22T07:11:00.507+0000] {processor.py:183} INFO - Processing /opt/airflow/dags/init_raw_schema_dag.py took 0.125 seconds
[2025-05-22T07:11:30.916+0000] {processor.py:161} INFO - Started process (PID=29562) to work on /opt/airflow/dags/init_raw_schema_dag.py
[2025-05-22T07:11:30.923+0000] {processor.py:830} INFO - Processing file /opt/airflow/dags/init_raw_schema_dag.py for tasks to queue
[2025-05-22T07:11:30.924+0000] {logging_mixin.py:188} INFO - [2025-05-22T07:11:30.924+0000] {dagbag.py:538} INFO - Filling up the DagBag from /opt/airflow/dags/init_raw_schema_dag.py
[2025-05-22T07:11:30.963+0000] {processor.py:840} INFO - DAG(s) 'init_raw_schema_dag' retrieved from /opt/airflow/dags/init_raw_schema_dag.py
[2025-05-22T07:11:31.001+0000] {logging_mixin.py:188} INFO - [2025-05-22T07:11:31.000+0000] {dag.py:3036} INFO - Sync 1 DAGs
[2025-05-22T07:11:31.018+0000] {logging_mixin.py:188} INFO - [2025-05-22T07:11:31.018+0000] {dag.py:3823} INFO - Setting next_dagrun for init_raw_schema_dag to None, run_after=None
[2025-05-22T07:11:31.037+0000] {processor.py:183} INFO - Processing /opt/airflow/dags/init_raw_schema_dag.py took 0.134 seconds
[2025-05-22T07:12:01.484+0000] {processor.py:161} INFO - Started process (PID=29577) to work on /opt/airflow/dags/init_raw_schema_dag.py
[2025-05-22T07:12:01.488+0000] {processor.py:830} INFO - Processing file /opt/airflow/dags/init_raw_schema_dag.py for tasks to queue
[2025-05-22T07:12:01.490+0000] {logging_mixin.py:188} INFO - [2025-05-22T07:12:01.490+0000] {dagbag.py:538} INFO - Filling up the DagBag from /opt/airflow/dags/init_raw_schema_dag.py
[2025-05-22T07:12:01.527+0000] {processor.py:840} INFO - DAG(s) 'init_raw_schema_dag' retrieved from /opt/airflow/dags/init_raw_schema_dag.py
[2025-05-22T07:12:01.567+0000] {logging_mixin.py:188} INFO - [2025-05-22T07:12:01.567+0000] {dag.py:3036} INFO - Sync 1 DAGs
[2025-05-22T07:12:01.581+0000] {logging_mixin.py:188} INFO - [2025-05-22T07:12:01.581+0000] {dag.py:3823} INFO - Setting next_dagrun for init_raw_schema_dag to None, run_after=None
[2025-05-22T07:12:01.599+0000] {processor.py:183} INFO - Processing /opt/airflow/dags/init_raw_schema_dag.py took 0.126 seconds
[2025-05-22T07:12:32.056+0000] {processor.py:161} INFO - Started process (PID=29592) to work on /opt/airflow/dags/init_raw_schema_dag.py
[2025-05-22T07:12:32.060+0000] {processor.py:830} INFO - Processing file /opt/airflow/dags/init_raw_schema_dag.py for tasks to queue
[2025-05-22T07:12:32.065+0000] {logging_mixin.py:188} INFO - [2025-05-22T07:12:32.064+0000] {dagbag.py:538} INFO - Filling up the DagBag from /opt/airflow/dags/init_raw_schema_dag.py
[2025-05-22T07:12:32.103+0000] {processor.py:840} INFO - DAG(s) 'init_raw_schema_dag' retrieved from /opt/airflow/dags/init_raw_schema_dag.py
[2025-05-22T07:12:32.135+0000] {logging_mixin.py:188} INFO - [2025-05-22T07:12:32.135+0000] {dag.py:3036} INFO - Sync 1 DAGs
[2025-05-22T07:12:32.150+0000] {logging_mixin.py:188} INFO - [2025-05-22T07:12:32.150+0000] {dag.py:3823} INFO - Setting next_dagrun for init_raw_schema_dag to None, run_after=None
[2025-05-22T07:12:32.168+0000] {processor.py:183} INFO - Processing /opt/airflow/dags/init_raw_schema_dag.py took 0.122 seconds
[2025-05-22T07:13:02.521+0000] {processor.py:161} INFO - Started process (PID=29607) to work on /opt/airflow/dags/init_raw_schema_dag.py
[2025-05-22T07:13:02.524+0000] {processor.py:830} INFO - Processing file /opt/airflow/dags/init_raw_schema_dag.py for tasks to queue
[2025-05-22T07:13:02.525+0000] {logging_mixin.py:188} INFO - [2025-05-22T07:13:02.525+0000] {dagbag.py:538} INFO - Filling up the DagBag from /opt/airflow/dags/init_raw_schema_dag.py
[2025-05-22T07:13:02.568+0000] {processor.py:840} INFO - DAG(s) 'init_raw_schema_dag' retrieved from /opt/airflow/dags/init_raw_schema_dag.py
[2025-05-22T07:13:02.605+0000] {logging_mixin.py:188} INFO - [2025-05-22T07:13:02.604+0000] {dag.py:3036} INFO - Sync 1 DAGs
[2025-05-22T07:13:02.620+0000] {logging_mixin.py:188} INFO - [2025-05-22T07:13:02.620+0000] {dag.py:3823} INFO - Setting next_dagrun for init_raw_schema_dag to None, run_after=None
[2025-05-22T07:13:02.633+0000] {processor.py:183} INFO - Processing /opt/airflow/dags/init_raw_schema_dag.py took 0.126 seconds
[2025-05-22T07:13:33.087+0000] {processor.py:161} INFO - Started process (PID=29622) to work on /opt/airflow/dags/init_raw_schema_dag.py
[2025-05-22T07:13:33.091+0000] {processor.py:830} INFO - Processing file /opt/airflow/dags/init_raw_schema_dag.py for tasks to queue
[2025-05-22T07:13:33.092+0000] {logging_mixin.py:188} INFO - [2025-05-22T07:13:33.092+0000] {dagbag.py:538} INFO - Filling up the DagBag from /opt/airflow/dags/init_raw_schema_dag.py
[2025-05-22T07:13:33.137+0000] {processor.py:840} INFO - DAG(s) 'init_raw_schema_dag' retrieved from /opt/airflow/dags/init_raw_schema_dag.py
[2025-05-22T07:13:33.168+0000] {logging_mixin.py:188} INFO - [2025-05-22T07:13:33.168+0000] {dag.py:3036} INFO - Sync 1 DAGs
[2025-05-22T07:13:33.182+0000] {logging_mixin.py:188} INFO - [2025-05-22T07:13:33.182+0000] {dag.py:3823} INFO - Setting next_dagrun for init_raw_schema_dag to None, run_after=None
[2025-05-22T07:13:33.199+0000] {processor.py:183} INFO - Processing /opt/airflow/dags/init_raw_schema_dag.py took 0.121 seconds
[2025-05-22T07:14:03.616+0000] {processor.py:161} INFO - Started process (PID=29637) to work on /opt/airflow/dags/init_raw_schema_dag.py
[2025-05-22T07:14:03.619+0000] {processor.py:830} INFO - Processing file /opt/airflow/dags/init_raw_schema_dag.py for tasks to queue
[2025-05-22T07:14:03.620+0000] {logging_mixin.py:188} INFO - [2025-05-22T07:14:03.620+0000] {dagbag.py:538} INFO - Filling up the DagBag from /opt/airflow/dags/init_raw_schema_dag.py
[2025-05-22T07:14:03.658+0000] {processor.py:840} INFO - DAG(s) 'init_raw_schema_dag' retrieved from /opt/airflow/dags/init_raw_schema_dag.py
[2025-05-22T07:14:03.699+0000] {logging_mixin.py:188} INFO - [2025-05-22T07:14:03.699+0000] {dag.py:3036} INFO - Sync 1 DAGs
[2025-05-22T07:14:03.713+0000] {logging_mixin.py:188} INFO - [2025-05-22T07:14:03.713+0000] {dag.py:3823} INFO - Setting next_dagrun for init_raw_schema_dag to None, run_after=None
[2025-05-22T07:14:03.731+0000] {processor.py:183} INFO - Processing /opt/airflow/dags/init_raw_schema_dag.py took 0.128 seconds
[2025-05-22T07:14:34.184+0000] {processor.py:161} INFO - Started process (PID=29652) to work on /opt/airflow/dags/init_raw_schema_dag.py
[2025-05-22T07:14:34.187+0000] {processor.py:830} INFO - Processing file /opt/airflow/dags/init_raw_schema_dag.py for tasks to queue
[2025-05-22T07:14:34.188+0000] {logging_mixin.py:188} INFO - [2025-05-22T07:14:34.188+0000] {dagbag.py:538} INFO - Filling up the DagBag from /opt/airflow/dags/init_raw_schema_dag.py
[2025-05-22T07:14:34.233+0000] {processor.py:840} INFO - DAG(s) 'init_raw_schema_dag' retrieved from /opt/airflow/dags/init_raw_schema_dag.py
[2025-05-22T07:14:34.268+0000] {logging_mixin.py:188} INFO - [2025-05-22T07:14:34.267+0000] {dag.py:3036} INFO - Sync 1 DAGs
[2025-05-22T07:14:34.283+0000] {logging_mixin.py:188} INFO - [2025-05-22T07:14:34.283+0000] {dag.py:3823} INFO - Setting next_dagrun for init_raw_schema_dag to None, run_after=None
[2025-05-22T07:14:34.302+0000] {processor.py:183} INFO - Processing /opt/airflow/dags/init_raw_schema_dag.py took 0.133 seconds
[2025-05-22T07:15:04.697+0000] {processor.py:161} INFO - Started process (PID=29667) to work on /opt/airflow/dags/init_raw_schema_dag.py
[2025-05-22T07:15:04.699+0000] {processor.py:830} INFO - Processing file /opt/airflow/dags/init_raw_schema_dag.py for tasks to queue
[2025-05-22T07:15:04.700+0000] {logging_mixin.py:188} INFO - [2025-05-22T07:15:04.700+0000] {dagbag.py:538} INFO - Filling up the DagBag from /opt/airflow/dags/init_raw_schema_dag.py
[2025-05-22T07:15:04.736+0000] {processor.py:840} INFO - DAG(s) 'init_raw_schema_dag' retrieved from /opt/airflow/dags/init_raw_schema_dag.py
[2025-05-22T07:15:04.766+0000] {logging_mixin.py:188} INFO - [2025-05-22T07:15:04.766+0000] {dag.py:3036} INFO - Sync 1 DAGs
[2025-05-22T07:15:04.782+0000] {logging_mixin.py:188} INFO - [2025-05-22T07:15:04.781+0000] {dag.py:3823} INFO - Setting next_dagrun for init_raw_schema_dag to None, run_after=None
[2025-05-22T07:15:04.799+0000] {processor.py:183} INFO - Processing /opt/airflow/dags/init_raw_schema_dag.py took 0.112 seconds
[2025-05-22T07:15:35.209+0000] {processor.py:161} INFO - Started process (PID=29682) to work on /opt/airflow/dags/init_raw_schema_dag.py
[2025-05-22T07:15:35.212+0000] {processor.py:830} INFO - Processing file /opt/airflow/dags/init_raw_schema_dag.py for tasks to queue
[2025-05-22T07:15:35.213+0000] {logging_mixin.py:188} INFO - [2025-05-22T07:15:35.213+0000] {dagbag.py:538} INFO - Filling up the DagBag from /opt/airflow/dags/init_raw_schema_dag.py
[2025-05-22T07:15:35.248+0000] {processor.py:840} INFO - DAG(s) 'init_raw_schema_dag' retrieved from /opt/airflow/dags/init_raw_schema_dag.py
[2025-05-22T07:15:35.281+0000] {logging_mixin.py:188} INFO - [2025-05-22T07:15:35.281+0000] {dag.py:3036} INFO - Sync 1 DAGs
[2025-05-22T07:15:35.298+0000] {logging_mixin.py:188} INFO - [2025-05-22T07:15:35.297+0000] {dag.py:3823} INFO - Setting next_dagrun for init_raw_schema_dag to None, run_after=None
[2025-05-22T07:15:35.313+0000] {processor.py:183} INFO - Processing /opt/airflow/dags/init_raw_schema_dag.py took 0.117 seconds
[2025-05-22T07:16:05.737+0000] {processor.py:161} INFO - Started process (PID=29697) to work on /opt/airflow/dags/init_raw_schema_dag.py
[2025-05-22T07:16:05.740+0000] {processor.py:830} INFO - Processing file /opt/airflow/dags/init_raw_schema_dag.py for tasks to queue
[2025-05-22T07:16:05.742+0000] {logging_mixin.py:188} INFO - [2025-05-22T07:16:05.742+0000] {dagbag.py:538} INFO - Filling up the DagBag from /opt/airflow/dags/init_raw_schema_dag.py
[2025-05-22T07:16:05.781+0000] {processor.py:840} INFO - DAG(s) 'init_raw_schema_dag' retrieved from /opt/airflow/dags/init_raw_schema_dag.py
[2025-05-22T07:16:05.812+0000] {logging_mixin.py:188} INFO - [2025-05-22T07:16:05.811+0000] {dag.py:3036} INFO - Sync 1 DAGs
[2025-05-22T07:16:05.825+0000] {logging_mixin.py:188} INFO - [2025-05-22T07:16:05.825+0000] {dag.py:3823} INFO - Setting next_dagrun for init_raw_schema_dag to None, run_after=None
[2025-05-22T07:16:05.844+0000] {processor.py:183} INFO - Processing /opt/airflow/dags/init_raw_schema_dag.py took 0.123 seconds
[2025-05-22T07:16:36.388+0000] {processor.py:161} INFO - Started process (PID=29712) to work on /opt/airflow/dags/init_raw_schema_dag.py
[2025-05-22T07:16:36.393+0000] {processor.py:830} INFO - Processing file /opt/airflow/dags/init_raw_schema_dag.py for tasks to queue
[2025-05-22T07:16:36.395+0000] {logging_mixin.py:188} INFO - [2025-05-22T07:16:36.394+0000] {dagbag.py:538} INFO - Filling up the DagBag from /opt/airflow/dags/init_raw_schema_dag.py
[2025-05-22T07:16:36.454+0000] {processor.py:840} INFO - DAG(s) 'init_raw_schema_dag' retrieved from /opt/airflow/dags/init_raw_schema_dag.py
[2025-05-22T07:16:36.500+0000] {logging_mixin.py:188} INFO - [2025-05-22T07:16:36.500+0000] {dag.py:3036} INFO - Sync 1 DAGs
[2025-05-22T07:16:36.520+0000] {logging_mixin.py:188} INFO - [2025-05-22T07:16:36.520+0000] {dag.py:3823} INFO - Setting next_dagrun for init_raw_schema_dag to None, run_after=None
[2025-05-22T07:16:36.542+0000] {processor.py:183} INFO - Processing /opt/airflow/dags/init_raw_schema_dag.py took 0.168 seconds
[2025-05-22T07:17:07.027+0000] {processor.py:161} INFO - Started process (PID=29727) to work on /opt/airflow/dags/init_raw_schema_dag.py
[2025-05-22T07:17:07.031+0000] {processor.py:830} INFO - Processing file /opt/airflow/dags/init_raw_schema_dag.py for tasks to queue
[2025-05-22T07:17:07.032+0000] {logging_mixin.py:188} INFO - [2025-05-22T07:17:07.032+0000] {dagbag.py:538} INFO - Filling up the DagBag from /opt/airflow/dags/init_raw_schema_dag.py
[2025-05-22T07:17:07.069+0000] {processor.py:840} INFO - DAG(s) 'init_raw_schema_dag' retrieved from /opt/airflow/dags/init_raw_schema_dag.py
[2025-05-22T07:17:07.115+0000] {logging_mixin.py:188} INFO - [2025-05-22T07:17:07.114+0000] {dag.py:3036} INFO - Sync 1 DAGs
[2025-05-22T07:17:07.130+0000] {logging_mixin.py:188} INFO - [2025-05-22T07:17:07.130+0000] {dag.py:3823} INFO - Setting next_dagrun for init_raw_schema_dag to None, run_after=None
[2025-05-22T07:17:07.147+0000] {processor.py:183} INFO - Processing /opt/airflow/dags/init_raw_schema_dag.py took 0.133 seconds
[2025-05-22T07:17:37.594+0000] {processor.py:161} INFO - Started process (PID=29742) to work on /opt/airflow/dags/init_raw_schema_dag.py
[2025-05-22T07:17:37.599+0000] {processor.py:830} INFO - Processing file /opt/airflow/dags/init_raw_schema_dag.py for tasks to queue
[2025-05-22T07:17:37.601+0000] {logging_mixin.py:188} INFO - [2025-05-22T07:17:37.600+0000] {dagbag.py:538} INFO - Filling up the DagBag from /opt/airflow/dags/init_raw_schema_dag.py
[2025-05-22T07:17:37.640+0000] {processor.py:840} INFO - DAG(s) 'init_raw_schema_dag' retrieved from /opt/airflow/dags/init_raw_schema_dag.py
[2025-05-22T07:17:37.672+0000] {logging_mixin.py:188} INFO - [2025-05-22T07:17:37.672+0000] {dag.py:3036} INFO - Sync 1 DAGs
[2025-05-22T07:17:37.688+0000] {logging_mixin.py:188} INFO - [2025-05-22T07:17:37.688+0000] {dag.py:3823} INFO - Setting next_dagrun for init_raw_schema_dag to None, run_after=None
[2025-05-22T07:17:37.710+0000] {processor.py:183} INFO - Processing /opt/airflow/dags/init_raw_schema_dag.py took 0.126 seconds
[2025-05-22T07:18:08.154+0000] {processor.py:161} INFO - Started process (PID=29757) to work on /opt/airflow/dags/init_raw_schema_dag.py
[2025-05-22T07:18:08.156+0000] {processor.py:830} INFO - Processing file /opt/airflow/dags/init_raw_schema_dag.py for tasks to queue
[2025-05-22T07:18:08.157+0000] {logging_mixin.py:188} INFO - [2025-05-22T07:18:08.157+0000] {dagbag.py:538} INFO - Filling up the DagBag from /opt/airflow/dags/init_raw_schema_dag.py
[2025-05-22T07:18:08.194+0000] {processor.py:840} INFO - DAG(s) 'init_raw_schema_dag' retrieved from /opt/airflow/dags/init_raw_schema_dag.py
[2025-05-22T07:18:08.225+0000] {logging_mixin.py:188} INFO - [2025-05-22T07:18:08.225+0000] {dag.py:3036} INFO - Sync 1 DAGs
[2025-05-22T07:18:08.238+0000] {logging_mixin.py:188} INFO - [2025-05-22T07:18:08.238+0000] {dag.py:3823} INFO - Setting next_dagrun for init_raw_schema_dag to None, run_after=None
[2025-05-22T07:18:08.254+0000] {processor.py:183} INFO - Processing /opt/airflow/dags/init_raw_schema_dag.py took 0.114 seconds
[2025-05-22T07:18:38.830+0000] {processor.py:161} INFO - Started process (PID=29772) to work on /opt/airflow/dags/init_raw_schema_dag.py
[2025-05-22T07:18:38.834+0000] {processor.py:830} INFO - Processing file /opt/airflow/dags/init_raw_schema_dag.py for tasks to queue
[2025-05-22T07:18:38.835+0000] {logging_mixin.py:188} INFO - [2025-05-22T07:18:38.834+0000] {dagbag.py:538} INFO - Filling up the DagBag from /opt/airflow/dags/init_raw_schema_dag.py
[2025-05-22T07:18:38.875+0000] {processor.py:840} INFO - DAG(s) 'init_raw_schema_dag' retrieved from /opt/airflow/dags/init_raw_schema_dag.py
[2025-05-22T07:18:38.907+0000] {logging_mixin.py:188} INFO - [2025-05-22T07:18:38.907+0000] {dag.py:3036} INFO - Sync 1 DAGs
[2025-05-22T07:18:38.919+0000] {logging_mixin.py:188} INFO - [2025-05-22T07:18:38.919+0000] {dag.py:3823} INFO - Setting next_dagrun for init_raw_schema_dag to None, run_after=None
[2025-05-22T07:18:38.933+0000] {processor.py:183} INFO - Processing /opt/airflow/dags/init_raw_schema_dag.py took 0.118 seconds
[2025-05-22T07:19:09.353+0000] {processor.py:161} INFO - Started process (PID=29787) to work on /opt/airflow/dags/init_raw_schema_dag.py
[2025-05-22T07:19:09.358+0000] {processor.py:830} INFO - Processing file /opt/airflow/dags/init_raw_schema_dag.py for tasks to queue
[2025-05-22T07:19:09.360+0000] {logging_mixin.py:188} INFO - [2025-05-22T07:19:09.359+0000] {dagbag.py:538} INFO - Filling up the DagBag from /opt/airflow/dags/init_raw_schema_dag.py
[2025-05-22T07:19:09.395+0000] {processor.py:840} INFO - DAG(s) 'init_raw_schema_dag' retrieved from /opt/airflow/dags/init_raw_schema_dag.py
[2025-05-22T07:19:09.440+0000] {logging_mixin.py:188} INFO - [2025-05-22T07:19:09.440+0000] {dag.py:3036} INFO - Sync 1 DAGs
[2025-05-22T07:19:09.454+0000] {logging_mixin.py:188} INFO - [2025-05-22T07:19:09.454+0000] {dag.py:3823} INFO - Setting next_dagrun for init_raw_schema_dag to None, run_after=None
[2025-05-22T07:19:09.469+0000] {processor.py:183} INFO - Processing /opt/airflow/dags/init_raw_schema_dag.py took 0.134 seconds
[2025-05-22T07:19:39.835+0000] {processor.py:161} INFO - Started process (PID=29802) to work on /opt/airflow/dags/init_raw_schema_dag.py
[2025-05-22T07:19:39.842+0000] {processor.py:830} INFO - Processing file /opt/airflow/dags/init_raw_schema_dag.py for tasks to queue
[2025-05-22T07:19:39.844+0000] {logging_mixin.py:188} INFO - [2025-05-22T07:19:39.844+0000] {dagbag.py:538} INFO - Filling up the DagBag from /opt/airflow/dags/init_raw_schema_dag.py
[2025-05-22T07:19:39.878+0000] {processor.py:840} INFO - DAG(s) 'init_raw_schema_dag' retrieved from /opt/airflow/dags/init_raw_schema_dag.py
[2025-05-22T07:19:39.915+0000] {logging_mixin.py:188} INFO - [2025-05-22T07:19:39.915+0000] {dag.py:3036} INFO - Sync 1 DAGs
[2025-05-22T07:19:39.929+0000] {logging_mixin.py:188} INFO - [2025-05-22T07:19:39.929+0000] {dag.py:3823} INFO - Setting next_dagrun for init_raw_schema_dag to None, run_after=None
[2025-05-22T07:19:39.943+0000] {processor.py:183} INFO - Processing /opt/airflow/dags/init_raw_schema_dag.py took 0.121 seconds
[2025-05-22T07:20:10.257+0000] {processor.py:161} INFO - Started process (PID=29817) to work on /opt/airflow/dags/init_raw_schema_dag.py
[2025-05-22T07:20:10.260+0000] {processor.py:830} INFO - Processing file /opt/airflow/dags/init_raw_schema_dag.py for tasks to queue
[2025-05-22T07:20:10.261+0000] {logging_mixin.py:188} INFO - [2025-05-22T07:20:10.261+0000] {dagbag.py:538} INFO - Filling up the DagBag from /opt/airflow/dags/init_raw_schema_dag.py
[2025-05-22T07:20:10.303+0000] {processor.py:840} INFO - DAG(s) 'init_raw_schema_dag' retrieved from /opt/airflow/dags/init_raw_schema_dag.py
[2025-05-22T07:20:10.341+0000] {logging_mixin.py:188} INFO - [2025-05-22T07:20:10.341+0000] {dag.py:3036} INFO - Sync 1 DAGs
[2025-05-22T07:20:10.355+0000] {logging_mixin.py:188} INFO - [2025-05-22T07:20:10.355+0000] {dag.py:3823} INFO - Setting next_dagrun for init_raw_schema_dag to None, run_after=None
[2025-05-22T07:20:10.372+0000] {processor.py:183} INFO - Processing /opt/airflow/dags/init_raw_schema_dag.py took 0.129 seconds
[2025-05-22T07:20:40.767+0000] {processor.py:161} INFO - Started process (PID=29832) to work on /opt/airflow/dags/init_raw_schema_dag.py
[2025-05-22T07:20:40.776+0000] {processor.py:830} INFO - Processing file /opt/airflow/dags/init_raw_schema_dag.py for tasks to queue
[2025-05-22T07:20:40.777+0000] {logging_mixin.py:188} INFO - [2025-05-22T07:20:40.776+0000] {dagbag.py:538} INFO - Filling up the DagBag from /opt/airflow/dags/init_raw_schema_dag.py
[2025-05-22T07:20:40.817+0000] {processor.py:840} INFO - DAG(s) 'init_raw_schema_dag' retrieved from /opt/airflow/dags/init_raw_schema_dag.py
[2025-05-22T07:20:40.849+0000] {logging_mixin.py:188} INFO - [2025-05-22T07:20:40.849+0000] {dag.py:3036} INFO - Sync 1 DAGs
[2025-05-22T07:20:40.862+0000] {logging_mixin.py:188} INFO - [2025-05-22T07:20:40.862+0000] {dag.py:3823} INFO - Setting next_dagrun for init_raw_schema_dag to None, run_after=None
[2025-05-22T07:20:40.879+0000] {processor.py:183} INFO - Processing /opt/airflow/dags/init_raw_schema_dag.py took 0.124 seconds
[2025-05-22T07:21:11.256+0000] {processor.py:161} INFO - Started process (PID=29847) to work on /opt/airflow/dags/init_raw_schema_dag.py
[2025-05-22T07:21:11.258+0000] {processor.py:830} INFO - Processing file /opt/airflow/dags/init_raw_schema_dag.py for tasks to queue
[2025-05-22T07:21:11.259+0000] {logging_mixin.py:188} INFO - [2025-05-22T07:21:11.259+0000] {dagbag.py:538} INFO - Filling up the DagBag from /opt/airflow/dags/init_raw_schema_dag.py
[2025-05-22T07:21:11.298+0000] {processor.py:840} INFO - DAG(s) 'init_raw_schema_dag' retrieved from /opt/airflow/dags/init_raw_schema_dag.py
[2025-05-22T07:21:11.336+0000] {logging_mixin.py:188} INFO - [2025-05-22T07:21:11.336+0000] {dag.py:3036} INFO - Sync 1 DAGs
[2025-05-22T07:21:11.353+0000] {logging_mixin.py:188} INFO - [2025-05-22T07:21:11.353+0000] {dag.py:3823} INFO - Setting next_dagrun for init_raw_schema_dag to None, run_after=None
[2025-05-22T07:21:11.368+0000] {processor.py:183} INFO - Processing /opt/airflow/dags/init_raw_schema_dag.py took 0.125 seconds
[2025-05-22T07:21:41.843+0000] {processor.py:161} INFO - Started process (PID=29862) to work on /opt/airflow/dags/init_raw_schema_dag.py
[2025-05-22T07:21:41.851+0000] {processor.py:830} INFO - Processing file /opt/airflow/dags/init_raw_schema_dag.py for tasks to queue
[2025-05-22T07:21:41.852+0000] {logging_mixin.py:188} INFO - [2025-05-22T07:21:41.852+0000] {dagbag.py:538} INFO - Filling up the DagBag from /opt/airflow/dags/init_raw_schema_dag.py
[2025-05-22T07:21:41.896+0000] {processor.py:840} INFO - DAG(s) 'init_raw_schema_dag' retrieved from /opt/airflow/dags/init_raw_schema_dag.py
[2025-05-22T07:21:41.928+0000] {logging_mixin.py:188} INFO - [2025-05-22T07:21:41.928+0000] {dag.py:3036} INFO - Sync 1 DAGs
[2025-05-22T07:21:41.947+0000] {logging_mixin.py:188} INFO - [2025-05-22T07:21:41.946+0000] {dag.py:3823} INFO - Setting next_dagrun for init_raw_schema_dag to None, run_after=None
[2025-05-22T07:21:41.961+0000] {processor.py:183} INFO - Processing /opt/airflow/dags/init_raw_schema_dag.py took 0.130 seconds
[2025-05-22T07:22:12.399+0000] {processor.py:161} INFO - Started process (PID=29877) to work on /opt/airflow/dags/init_raw_schema_dag.py
[2025-05-22T07:22:12.402+0000] {processor.py:830} INFO - Processing file /opt/airflow/dags/init_raw_schema_dag.py for tasks to queue
[2025-05-22T07:22:12.403+0000] {logging_mixin.py:188} INFO - [2025-05-22T07:22:12.403+0000] {dagbag.py:538} INFO - Filling up the DagBag from /opt/airflow/dags/init_raw_schema_dag.py
[2025-05-22T07:22:12.442+0000] {processor.py:840} INFO - DAG(s) 'init_raw_schema_dag' retrieved from /opt/airflow/dags/init_raw_schema_dag.py
[2025-05-22T07:22:12.486+0000] {logging_mixin.py:188} INFO - [2025-05-22T07:22:12.486+0000] {dag.py:3036} INFO - Sync 1 DAGs
[2025-05-22T07:22:12.500+0000] {logging_mixin.py:188} INFO - [2025-05-22T07:22:12.500+0000] {dag.py:3823} INFO - Setting next_dagrun for init_raw_schema_dag to None, run_after=None
[2025-05-22T07:22:12.523+0000] {processor.py:183} INFO - Processing /opt/airflow/dags/init_raw_schema_dag.py took 0.137 seconds
[2025-05-22T07:22:43.388+0000] {processor.py:161} INFO - Started process (PID=29892) to work on /opt/airflow/dags/init_raw_schema_dag.py
[2025-05-22T07:22:43.391+0000] {processor.py:830} INFO - Processing file /opt/airflow/dags/init_raw_schema_dag.py for tasks to queue
[2025-05-22T07:22:43.393+0000] {logging_mixin.py:188} INFO - [2025-05-22T07:22:43.393+0000] {dagbag.py:538} INFO - Filling up the DagBag from /opt/airflow/dags/init_raw_schema_dag.py
[2025-05-22T07:22:43.438+0000] {processor.py:840} INFO - DAG(s) 'init_raw_schema_dag' retrieved from /opt/airflow/dags/init_raw_schema_dag.py
[2025-05-22T07:22:43.475+0000] {logging_mixin.py:188} INFO - [2025-05-22T07:22:43.475+0000] {dag.py:3036} INFO - Sync 1 DAGs
[2025-05-22T07:22:43.493+0000] {logging_mixin.py:188} INFO - [2025-05-22T07:22:43.493+0000] {dag.py:3823} INFO - Setting next_dagrun for init_raw_schema_dag to None, run_after=None
[2025-05-22T07:22:43.509+0000] {processor.py:183} INFO - Processing /opt/airflow/dags/init_raw_schema_dag.py took 0.135 seconds
[2025-05-22T07:23:13.982+0000] {processor.py:161} INFO - Started process (PID=29907) to work on /opt/airflow/dags/init_raw_schema_dag.py
[2025-05-22T07:23:13.986+0000] {processor.py:830} INFO - Processing file /opt/airflow/dags/init_raw_schema_dag.py for tasks to queue
[2025-05-22T07:23:13.988+0000] {logging_mixin.py:188} INFO - [2025-05-22T07:23:13.988+0000] {dagbag.py:538} INFO - Filling up the DagBag from /opt/airflow/dags/init_raw_schema_dag.py
[2025-05-22T07:23:14.029+0000] {processor.py:840} INFO - DAG(s) 'init_raw_schema_dag' retrieved from /opt/airflow/dags/init_raw_schema_dag.py
[2025-05-22T07:23:14.058+0000] {logging_mixin.py:188} INFO - [2025-05-22T07:23:14.058+0000] {dag.py:3036} INFO - Sync 1 DAGs
[2025-05-22T07:23:14.071+0000] {logging_mixin.py:188} INFO - [2025-05-22T07:23:14.071+0000] {dag.py:3823} INFO - Setting next_dagrun for init_raw_schema_dag to None, run_after=None
[2025-05-22T07:23:14.086+0000] {processor.py:183} INFO - Processing /opt/airflow/dags/init_raw_schema_dag.py took 0.118 seconds
[2025-05-22T07:25:30.657+0000] {processor.py:161} INFO - Started process (PID=29922) to work on /opt/airflow/dags/init_raw_schema_dag.py
[2025-05-22T07:25:30.659+0000] {processor.py:830} INFO - Processing file /opt/airflow/dags/init_raw_schema_dag.py for tasks to queue
[2025-05-22T07:25:30.660+0000] {logging_mixin.py:188} INFO - [2025-05-22T07:25:30.659+0000] {dagbag.py:538} INFO - Filling up the DagBag from /opt/airflow/dags/init_raw_schema_dag.py
[2025-05-22T07:25:30.703+0000] {processor.py:840} INFO - DAG(s) 'init_raw_schema_dag' retrieved from /opt/airflow/dags/init_raw_schema_dag.py
[2025-05-22T07:25:30.732+0000] {logging_mixin.py:188} INFO - [2025-05-22T07:25:30.732+0000] {dag.py:3036} INFO - Sync 1 DAGs
[2025-05-22T07:25:30.745+0000] {logging_mixin.py:188} INFO - [2025-05-22T07:25:30.745+0000] {dag.py:3823} INFO - Setting next_dagrun for init_raw_schema_dag to None, run_after=None
[2025-05-22T07:25:30.761+0000] {processor.py:183} INFO - Processing /opt/airflow/dags/init_raw_schema_dag.py took 0.117 seconds
[2025-05-22T07:35:02.625+0000] {processor.py:161} INFO - Started process (PID=29940) to work on /opt/airflow/dags/init_raw_schema_dag.py
[2025-05-22T07:35:02.633+0000] {processor.py:830} INFO - Processing file /opt/airflow/dags/init_raw_schema_dag.py for tasks to queue
[2025-05-22T07:35:02.640+0000] {logging_mixin.py:188} INFO - [2025-05-22T07:35:02.638+0000] {dagbag.py:538} INFO - Filling up the DagBag from /opt/airflow/dags/init_raw_schema_dag.py
[2025-05-22T07:35:02.730+0000] {processor.py:840} INFO - DAG(s) 'init_raw_schema_dag' retrieved from /opt/airflow/dags/init_raw_schema_dag.py
[2025-05-22T07:35:02.801+0000] {logging_mixin.py:188} INFO - [2025-05-22T07:35:02.801+0000] {dag.py:3036} INFO - Sync 1 DAGs
[2025-05-22T07:35:02.824+0000] {logging_mixin.py:188} INFO - [2025-05-22T07:35:02.824+0000] {dag.py:3823} INFO - Setting next_dagrun for init_raw_schema_dag to None, run_after=None
[2025-05-22T07:35:02.862+0000] {processor.py:183} INFO - Processing /opt/airflow/dags/init_raw_schema_dag.py took 0.254 seconds
[2025-05-22T07:35:33.448+0000] {processor.py:161} INFO - Started process (PID=29956) to work on /opt/airflow/dags/init_raw_schema_dag.py
[2025-05-22T07:35:33.452+0000] {processor.py:830} INFO - Processing file /opt/airflow/dags/init_raw_schema_dag.py for tasks to queue
[2025-05-22T07:35:33.453+0000] {logging_mixin.py:188} INFO - [2025-05-22T07:35:33.453+0000] {dagbag.py:538} INFO - Filling up the DagBag from /opt/airflow/dags/init_raw_schema_dag.py
[2025-05-22T07:35:33.494+0000] {processor.py:840} INFO - DAG(s) 'init_raw_schema_dag' retrieved from /opt/airflow/dags/init_raw_schema_dag.py
[2025-05-22T07:35:33.534+0000] {logging_mixin.py:188} INFO - [2025-05-22T07:35:33.533+0000] {dag.py:3036} INFO - Sync 1 DAGs
[2025-05-22T07:35:33.553+0000] {logging_mixin.py:188} INFO - [2025-05-22T07:35:33.552+0000] {dag.py:3823} INFO - Setting next_dagrun for init_raw_schema_dag to None, run_after=None
[2025-05-22T07:35:33.571+0000] {processor.py:183} INFO - Processing /opt/airflow/dags/init_raw_schema_dag.py took 0.137 seconds
[2025-05-22T08:43:25.440+0000] {processor.py:161} INFO - Started process (PID=29973) to work on /opt/airflow/dags/init_raw_schema_dag.py
[2025-05-22T08:43:25.442+0000] {processor.py:830} INFO - Processing file /opt/airflow/dags/init_raw_schema_dag.py for tasks to queue
[2025-05-22T08:43:25.447+0000] {logging_mixin.py:188} INFO - [2025-05-22T08:43:25.446+0000] {dagbag.py:538} INFO - Filling up the DagBag from /opt/airflow/dags/init_raw_schema_dag.py
[2025-05-22T08:43:25.506+0000] {processor.py:840} INFO - DAG(s) 'init_raw_schema_dag' retrieved from /opt/airflow/dags/init_raw_schema_dag.py
[2025-05-22T08:43:25.552+0000] {logging_mixin.py:188} INFO - [2025-05-22T08:43:25.552+0000] {dag.py:3036} INFO - Sync 1 DAGs
[2025-05-22T08:43:25.580+0000] {logging_mixin.py:188} INFO - [2025-05-22T08:43:25.579+0000] {dag.py:3823} INFO - Setting next_dagrun for init_raw_schema_dag to None, run_after=None
[2025-05-22T08:43:25.635+0000] {processor.py:183} INFO - Processing /opt/airflow/dags/init_raw_schema_dag.py took 0.205 seconds
[2025-05-22T09:39:09.118+0000] {processor.py:161} INFO - Started process (PID=29988) to work on /opt/airflow/dags/init_raw_schema_dag.py
[2025-05-22T09:39:09.120+0000] {processor.py:830} INFO - Processing file /opt/airflow/dags/init_raw_schema_dag.py for tasks to queue
[2025-05-22T09:39:09.123+0000] {logging_mixin.py:188} INFO - [2025-05-22T09:39:09.121+0000] {dagbag.py:538} INFO - Filling up the DagBag from /opt/airflow/dags/init_raw_schema_dag.py
[2025-05-22T09:39:09.216+0000] {processor.py:840} INFO - DAG(s) 'init_raw_schema_dag' retrieved from /opt/airflow/dags/init_raw_schema_dag.py
[2025-05-22T09:39:09.247+0000] {logging_mixin.py:188} INFO - [2025-05-22T09:39:09.247+0000] {dag.py:3036} INFO - Sync 1 DAGs
[2025-05-22T09:39:09.259+0000] {logging_mixin.py:188} INFO - [2025-05-22T09:39:09.259+0000] {dag.py:3823} INFO - Setting next_dagrun for init_raw_schema_dag to None, run_after=None
[2025-05-22T09:39:09.280+0000] {processor.py:183} INFO - Processing /opt/airflow/dags/init_raw_schema_dag.py took 0.177 seconds
[2025-05-22T09:41:56.932+0000] {processor.py:161} INFO - Started process (PID=30003) to work on /opt/airflow/dags/init_raw_schema_dag.py
[2025-05-22T09:41:56.934+0000] {processor.py:830} INFO - Processing file /opt/airflow/dags/init_raw_schema_dag.py for tasks to queue
[2025-05-22T09:41:56.935+0000] {logging_mixin.py:188} INFO - [2025-05-22T09:41:56.935+0000] {dagbag.py:538} INFO - Filling up the DagBag from /opt/airflow/dags/init_raw_schema_dag.py
[2025-05-22T09:41:56.985+0000] {processor.py:840} INFO - DAG(s) 'init_raw_schema_dag' retrieved from /opt/airflow/dags/init_raw_schema_dag.py
[2025-05-22T09:41:57.047+0000] {logging_mixin.py:188} INFO - [2025-05-22T09:41:57.047+0000] {dag.py:3036} INFO - Sync 1 DAGs
[2025-05-22T09:41:57.069+0000] {logging_mixin.py:188} INFO - [2025-05-22T09:41:57.069+0000] {dag.py:3823} INFO - Setting next_dagrun for init_raw_schema_dag to None, run_after=None
[2025-05-22T09:41:57.100+0000] {processor.py:183} INFO - Processing /opt/airflow/dags/init_raw_schema_dag.py took 0.176 seconds
[2025-05-22T09:59:49.227+0000] {processor.py:161} INFO - Started process (PID=30018) to work on /opt/airflow/dags/init_raw_schema_dag.py
[2025-05-22T09:59:49.229+0000] {processor.py:830} INFO - Processing file /opt/airflow/dags/init_raw_schema_dag.py for tasks to queue
[2025-05-22T09:59:49.233+0000] {logging_mixin.py:188} INFO - [2025-05-22T09:59:49.233+0000] {dagbag.py:538} INFO - Filling up the DagBag from /opt/airflow/dags/init_raw_schema_dag.py
[2025-05-22T09:59:49.284+0000] {processor.py:840} INFO - DAG(s) 'init_raw_schema_dag' retrieved from /opt/airflow/dags/init_raw_schema_dag.py
[2025-05-22T09:59:49.330+0000] {logging_mixin.py:188} INFO - [2025-05-22T09:59:49.330+0000] {dag.py:3036} INFO - Sync 1 DAGs
[2025-05-22T09:59:49.354+0000] {logging_mixin.py:188} INFO - [2025-05-22T09:59:49.354+0000] {dag.py:3823} INFO - Setting next_dagrun for init_raw_schema_dag to None, run_after=None
[2025-05-22T09:59:49.393+0000] {processor.py:183} INFO - Processing /opt/airflow/dags/init_raw_schema_dag.py took 0.183 seconds
[2025-05-22T10:24:50.212+0000] {processor.py:161} INFO - Started process (PID=30035) to work on /opt/airflow/dags/init_raw_schema_dag.py
[2025-05-22T10:24:50.213+0000] {processor.py:830} INFO - Processing file /opt/airflow/dags/init_raw_schema_dag.py for tasks to queue
[2025-05-22T10:24:50.217+0000] {logging_mixin.py:188} INFO - [2025-05-22T10:24:50.216+0000] {dagbag.py:538} INFO - Filling up the DagBag from /opt/airflow/dags/init_raw_schema_dag.py
[2025-05-22T10:24:50.255+0000] {processor.py:840} INFO - DAG(s) 'init_raw_schema_dag' retrieved from /opt/airflow/dags/init_raw_schema_dag.py
[2025-05-22T10:24:50.314+0000] {logging_mixin.py:188} INFO - [2025-05-22T10:24:50.314+0000] {dag.py:3036} INFO - Sync 1 DAGs
[2025-05-22T10:24:50.345+0000] {logging_mixin.py:188} INFO - [2025-05-22T10:24:50.345+0000] {dag.py:3823} INFO - Setting next_dagrun for init_raw_schema_dag to None, run_after=None
[2025-05-22T10:24:50.378+0000] {processor.py:183} INFO - Processing /opt/airflow/dags/init_raw_schema_dag.py took 0.174 seconds
[2025-05-22T10:35:27.416+0000] {processor.py:161} INFO - Started process (PID=30050) to work on /opt/airflow/dags/init_raw_schema_dag.py
[2025-05-22T10:35:27.419+0000] {processor.py:830} INFO - Processing file /opt/airflow/dags/init_raw_schema_dag.py for tasks to queue
[2025-05-22T10:35:27.422+0000] {logging_mixin.py:188} INFO - [2025-05-22T10:35:27.421+0000] {dagbag.py:538} INFO - Filling up the DagBag from /opt/airflow/dags/init_raw_schema_dag.py
[2025-05-22T10:35:27.483+0000] {processor.py:840} INFO - DAG(s) 'init_raw_schema_dag' retrieved from /opt/airflow/dags/init_raw_schema_dag.py
[2025-05-22T10:35:27.550+0000] {logging_mixin.py:188} INFO - [2025-05-22T10:35:27.549+0000] {dag.py:3036} INFO - Sync 1 DAGs
[2025-05-22T10:35:27.576+0000] {logging_mixin.py:188} INFO - [2025-05-22T10:35:27.576+0000] {dag.py:3823} INFO - Setting next_dagrun for init_raw_schema_dag to None, run_after=None
[2025-05-22T10:35:27.605+0000] {processor.py:183} INFO - Processing /opt/airflow/dags/init_raw_schema_dag.py took 0.203 seconds
[2025-05-22T10:47:24.453+0000] {processor.py:161} INFO - Started process (PID=30065) to work on /opt/airflow/dags/init_raw_schema_dag.py
[2025-05-22T10:47:24.456+0000] {processor.py:830} INFO - Processing file /opt/airflow/dags/init_raw_schema_dag.py for tasks to queue
[2025-05-22T10:47:24.458+0000] {logging_mixin.py:188} INFO - [2025-05-22T10:47:24.457+0000] {dagbag.py:538} INFO - Filling up the DagBag from /opt/airflow/dags/init_raw_schema_dag.py
[2025-05-22T10:47:24.513+0000] {processor.py:840} INFO - DAG(s) 'init_raw_schema_dag' retrieved from /opt/airflow/dags/init_raw_schema_dag.py
[2025-05-22T10:47:24.562+0000] {logging_mixin.py:188} INFO - [2025-05-22T10:47:24.561+0000] {dag.py:3036} INFO - Sync 1 DAGs
[2025-05-22T10:47:24.588+0000] {logging_mixin.py:188} INFO - [2025-05-22T10:47:24.588+0000] {dag.py:3823} INFO - Setting next_dagrun for init_raw_schema_dag to None, run_after=None
[2025-05-22T10:47:24.621+0000] {processor.py:183} INFO - Processing /opt/airflow/dags/init_raw_schema_dag.py took 0.179 seconds
[2025-05-22T11:08:37.828+0000] {processor.py:161} INFO - Started process (PID=30080) to work on /opt/airflow/dags/init_raw_schema_dag.py
[2025-05-22T11:08:37.831+0000] {processor.py:830} INFO - Processing file /opt/airflow/dags/init_raw_schema_dag.py for tasks to queue
[2025-05-22T11:08:37.833+0000] {logging_mixin.py:188} INFO - [2025-05-22T11:08:37.832+0000] {dagbag.py:538} INFO - Filling up the DagBag from /opt/airflow/dags/init_raw_schema_dag.py
[2025-05-22T11:08:37.894+0000] {processor.py:840} INFO - DAG(s) 'init_raw_schema_dag' retrieved from /opt/airflow/dags/init_raw_schema_dag.py
[2025-05-22T11:08:37.951+0000] {logging_mixin.py:188} INFO - [2025-05-22T11:08:37.951+0000] {dag.py:3036} INFO - Sync 1 DAGs
[2025-05-22T11:08:37.973+0000] {logging_mixin.py:188} INFO - [2025-05-22T11:08:37.973+0000] {dag.py:3823} INFO - Setting next_dagrun for init_raw_schema_dag to None, run_after=None
[2025-05-22T11:08:38.004+0000] {processor.py:183} INFO - Processing /opt/airflow/dags/init_raw_schema_dag.py took 0.191 seconds
[2025-05-22T11:25:49.974+0000] {processor.py:161} INFO - Started process (PID=30097) to work on /opt/airflow/dags/init_raw_schema_dag.py
[2025-05-22T11:25:49.977+0000] {processor.py:830} INFO - Processing file /opt/airflow/dags/init_raw_schema_dag.py for tasks to queue
[2025-05-22T11:25:49.980+0000] {logging_mixin.py:188} INFO - [2025-05-22T11:25:49.979+0000] {dagbag.py:538} INFO - Filling up the DagBag from /opt/airflow/dags/init_raw_schema_dag.py
[2025-05-22T11:25:50.021+0000] {processor.py:840} INFO - DAG(s) 'init_raw_schema_dag' retrieved from /opt/airflow/dags/init_raw_schema_dag.py
[2025-05-22T11:25:50.051+0000] {logging_mixin.py:188} INFO - [2025-05-22T11:25:50.051+0000] {dag.py:3036} INFO - Sync 1 DAGs
[2025-05-22T11:25:50.065+0000] {logging_mixin.py:188} INFO - [2025-05-22T11:25:50.065+0000] {dag.py:3823} INFO - Setting next_dagrun for init_raw_schema_dag to None, run_after=None
[2025-05-22T11:25:50.078+0000] {processor.py:183} INFO - Processing /opt/airflow/dags/init_raw_schema_dag.py took 0.116 seconds
[2025-05-22T11:46:21.644+0000] {processor.py:161} INFO - Started process (PID=30112) to work on /opt/airflow/dags/init_raw_schema_dag.py
[2025-05-22T11:46:21.647+0000] {processor.py:830} INFO - Processing file /opt/airflow/dags/init_raw_schema_dag.py for tasks to queue
[2025-05-22T11:46:21.651+0000] {logging_mixin.py:188} INFO - [2025-05-22T11:46:21.649+0000] {dagbag.py:538} INFO - Filling up the DagBag from /opt/airflow/dags/init_raw_schema_dag.py
[2025-05-22T11:46:21.725+0000] {processor.py:840} INFO - DAG(s) 'init_raw_schema_dag' retrieved from /opt/airflow/dags/init_raw_schema_dag.py
[2025-05-22T11:46:21.803+0000] {logging_mixin.py:188} INFO - [2025-05-22T11:46:21.803+0000] {dag.py:3036} INFO - Sync 1 DAGs
[2025-05-22T11:46:21.836+0000] {logging_mixin.py:188} INFO - [2025-05-22T11:46:21.836+0000] {dag.py:3823} INFO - Setting next_dagrun for init_raw_schema_dag to None, run_after=None
[2025-05-22T11:46:21.888+0000] {processor.py:183} INFO - Processing /opt/airflow/dags/init_raw_schema_dag.py took 0.255 seconds
[2025-05-22T11:49:21.755+0000] {processor.py:161} INFO - Started process (PID=30127) to work on /opt/airflow/dags/init_raw_schema_dag.py
[2025-05-22T11:49:21.757+0000] {processor.py:830} INFO - Processing file /opt/airflow/dags/init_raw_schema_dag.py for tasks to queue
[2025-05-22T11:49:21.758+0000] {logging_mixin.py:188} INFO - [2025-05-22T11:49:21.758+0000] {dagbag.py:538} INFO - Filling up the DagBag from /opt/airflow/dags/init_raw_schema_dag.py
[2025-05-22T11:49:21.788+0000] {processor.py:840} INFO - DAG(s) 'init_raw_schema_dag' retrieved from /opt/airflow/dags/init_raw_schema_dag.py
[2025-05-22T11:49:21.840+0000] {logging_mixin.py:188} INFO - [2025-05-22T11:49:21.839+0000] {dag.py:3036} INFO - Sync 1 DAGs
[2025-05-22T11:49:21.869+0000] {logging_mixin.py:188} INFO - [2025-05-22T11:49:21.869+0000] {dag.py:3823} INFO - Setting next_dagrun for init_raw_schema_dag to None, run_after=None
[2025-05-22T11:49:21.899+0000] {processor.py:183} INFO - Processing /opt/airflow/dags/init_raw_schema_dag.py took 0.151 seconds
[2025-05-22T12:26:29.621+0000] {processor.py:161} INFO - Started process (PID=30144) to work on /opt/airflow/dags/init_raw_schema_dag.py
[2025-05-22T12:26:29.627+0000] {processor.py:830} INFO - Processing file /opt/airflow/dags/init_raw_schema_dag.py for tasks to queue
[2025-05-22T12:26:29.627+0000] {logging_mixin.py:188} INFO - [2025-05-22T12:26:29.627+0000] {dagbag.py:538} INFO - Filling up the DagBag from /opt/airflow/dags/init_raw_schema_dag.py
[2025-05-22T12:26:29.684+0000] {processor.py:840} INFO - DAG(s) 'init_raw_schema_dag' retrieved from /opt/airflow/dags/init_raw_schema_dag.py
[2025-05-22T12:26:29.732+0000] {logging_mixin.py:188} INFO - [2025-05-22T12:26:29.732+0000] {dag.py:3036} INFO - Sync 1 DAGs
[2025-05-22T12:26:29.760+0000] {logging_mixin.py:188} INFO - [2025-05-22T12:26:29.759+0000] {dag.py:3823} INFO - Setting next_dagrun for init_raw_schema_dag to None, run_after=None
[2025-05-22T12:26:29.913+0000] {processor.py:183} INFO - Processing /opt/airflow/dags/init_raw_schema_dag.py took 0.305 seconds
[2025-05-22T12:33:36.437+0000] {processor.py:161} INFO - Started process (PID=30159) to work on /opt/airflow/dags/init_raw_schema_dag.py
[2025-05-22T12:33:36.441+0000] {processor.py:830} INFO - Processing file /opt/airflow/dags/init_raw_schema_dag.py for tasks to queue
[2025-05-22T12:33:36.442+0000] {logging_mixin.py:188} INFO - [2025-05-22T12:33:36.441+0000] {dagbag.py:538} INFO - Filling up the DagBag from /opt/airflow/dags/init_raw_schema_dag.py
[2025-05-22T12:33:36.479+0000] {processor.py:840} INFO - DAG(s) 'init_raw_schema_dag' retrieved from /opt/airflow/dags/init_raw_schema_dag.py
[2025-05-22T12:33:36.509+0000] {logging_mixin.py:188} INFO - [2025-05-22T12:33:36.509+0000] {dag.py:3036} INFO - Sync 1 DAGs
[2025-05-22T12:33:36.523+0000] {logging_mixin.py:188} INFO - [2025-05-22T12:33:36.523+0000] {dag.py:3823} INFO - Setting next_dagrun for init_raw_schema_dag to None, run_after=None
[2025-05-22T12:33:36.537+0000] {processor.py:183} INFO - Processing /opt/airflow/dags/init_raw_schema_dag.py took 0.111 seconds
[2025-05-22T12:49:32.867+0000] {processor.py:161} INFO - Started process (PID=30174) to work on /opt/airflow/dags/init_raw_schema_dag.py
[2025-05-22T12:49:32.869+0000] {processor.py:830} INFO - Processing file /opt/airflow/dags/init_raw_schema_dag.py for tasks to queue
[2025-05-22T12:49:32.874+0000] {logging_mixin.py:188} INFO - [2025-05-22T12:49:32.873+0000] {dagbag.py:538} INFO - Filling up the DagBag from /opt/airflow/dags/init_raw_schema_dag.py
[2025-05-22T12:49:32.912+0000] {processor.py:840} INFO - DAG(s) 'init_raw_schema_dag' retrieved from /opt/airflow/dags/init_raw_schema_dag.py
[2025-05-22T12:49:32.957+0000] {logging_mixin.py:188} INFO - [2025-05-22T12:49:32.957+0000] {dag.py:3036} INFO - Sync 1 DAGs
[2025-05-22T12:49:32.977+0000] {logging_mixin.py:188} INFO - [2025-05-22T12:49:32.977+0000] {dag.py:3823} INFO - Setting next_dagrun for init_raw_schema_dag to None, run_after=None
[2025-05-22T12:49:33.007+0000] {processor.py:183} INFO - Processing /opt/airflow/dags/init_raw_schema_dag.py took 0.144 seconds
[2025-05-22T12:50:10.952+0000] {processor.py:161} INFO - Started process (PID=30189) to work on /opt/airflow/dags/init_raw_schema_dag.py
[2025-05-22T12:50:10.954+0000] {processor.py:830} INFO - Processing file /opt/airflow/dags/init_raw_schema_dag.py for tasks to queue
[2025-05-22T12:50:10.956+0000] {logging_mixin.py:188} INFO - [2025-05-22T12:50:10.955+0000] {dagbag.py:538} INFO - Filling up the DagBag from /opt/airflow/dags/init_raw_schema_dag.py
[2025-05-22T12:50:10.987+0000] {processor.py:840} INFO - DAG(s) 'init_raw_schema_dag' retrieved from /opt/airflow/dags/init_raw_schema_dag.py
[2025-05-22T12:50:11.029+0000] {logging_mixin.py:188} INFO - [2025-05-22T12:50:11.029+0000] {dag.py:3036} INFO - Sync 1 DAGs
[2025-05-22T12:50:11.043+0000] {logging_mixin.py:188} INFO - [2025-05-22T12:50:11.043+0000] {dag.py:3823} INFO - Setting next_dagrun for init_raw_schema_dag to None, run_after=None
[2025-05-22T12:50:11.057+0000] {processor.py:183} INFO - Processing /opt/airflow/dags/init_raw_schema_dag.py took 0.118 seconds
[2025-05-22T13:27:33.321+0000] {processor.py:161} INFO - Started process (PID=30205) to work on /opt/airflow/dags/init_raw_schema_dag.py
[2025-05-22T13:27:33.322+0000] {processor.py:830} INFO - Processing file /opt/airflow/dags/init_raw_schema_dag.py for tasks to queue
[2025-05-22T13:27:33.326+0000] {logging_mixin.py:188} INFO - [2025-05-22T13:27:33.323+0000] {dagbag.py:538} INFO - Filling up the DagBag from /opt/airflow/dags/init_raw_schema_dag.py
[2025-05-22T13:27:33.393+0000] {processor.py:840} INFO - DAG(s) 'init_raw_schema_dag' retrieved from /opt/airflow/dags/init_raw_schema_dag.py
[2025-05-22T13:27:33.457+0000] {logging_mixin.py:188} INFO - [2025-05-22T13:27:33.457+0000] {dag.py:3036} INFO - Sync 1 DAGs
[2025-05-22T13:27:33.477+0000] {logging_mixin.py:188} INFO - [2025-05-22T13:27:33.477+0000] {dag.py:3823} INFO - Setting next_dagrun for init_raw_schema_dag to None, run_after=None
[2025-05-22T13:27:33.506+0000] {processor.py:183} INFO - Processing /opt/airflow/dags/init_raw_schema_dag.py took 0.195 seconds
[2025-05-22T13:43:48.112+0000] {processor.py:161} INFO - Started process (PID=30221) to work on /opt/airflow/dags/init_raw_schema_dag.py
[2025-05-22T13:43:48.114+0000] {processor.py:830} INFO - Processing file /opt/airflow/dags/init_raw_schema_dag.py for tasks to queue
[2025-05-22T13:43:48.115+0000] {logging_mixin.py:188} INFO - [2025-05-22T13:43:48.115+0000] {dagbag.py:538} INFO - Filling up the DagBag from /opt/airflow/dags/init_raw_schema_dag.py
[2025-05-22T13:43:48.151+0000] {processor.py:840} INFO - DAG(s) 'init_raw_schema_dag' retrieved from /opt/airflow/dags/init_raw_schema_dag.py
[2025-05-22T13:43:48.183+0000] {logging_mixin.py:188} INFO - [2025-05-22T13:43:48.183+0000] {dag.py:3036} INFO - Sync 1 DAGs
[2025-05-22T13:43:48.199+0000] {logging_mixin.py:188} INFO - [2025-05-22T13:43:48.199+0000] {dag.py:3823} INFO - Setting next_dagrun for init_raw_schema_dag to None, run_after=None
[2025-05-22T13:43:48.216+0000] {processor.py:183} INFO - Processing /opt/airflow/dags/init_raw_schema_dag.py took 0.114 seconds
[2025-05-22T14:17:33.982+0000] {processor.py:161} INFO - Started process (PID=30236) to work on /opt/airflow/dags/init_raw_schema_dag.py
[2025-05-22T14:17:33.987+0000] {processor.py:830} INFO - Processing file /opt/airflow/dags/init_raw_schema_dag.py for tasks to queue
[2025-05-22T14:17:33.991+0000] {logging_mixin.py:188} INFO - [2025-05-22T14:17:33.989+0000] {dagbag.py:538} INFO - Filling up the DagBag from /opt/airflow/dags/init_raw_schema_dag.py
[2025-05-22T14:17:34.078+0000] {processor.py:840} INFO - DAG(s) 'init_raw_schema_dag' retrieved from /opt/airflow/dags/init_raw_schema_dag.py
[2025-05-22T14:17:34.176+0000] {logging_mixin.py:188} INFO - [2025-05-22T14:17:34.175+0000] {dag.py:3036} INFO - Sync 1 DAGs
[2025-05-22T14:17:34.214+0000] {logging_mixin.py:188} INFO - [2025-05-22T14:17:34.213+0000] {dag.py:3823} INFO - Setting next_dagrun for init_raw_schema_dag to None, run_after=None
[2025-05-22T14:17:34.269+0000] {processor.py:183} INFO - Processing /opt/airflow/dags/init_raw_schema_dag.py took 0.309 seconds
[2025-05-22T14:45:42.146+0000] {processor.py:161} INFO - Started process (PID=30253) to work on /opt/airflow/dags/init_raw_schema_dag.py
[2025-05-22T14:45:42.148+0000] {processor.py:830} INFO - Processing file /opt/airflow/dags/init_raw_schema_dag.py for tasks to queue
[2025-05-22T14:45:42.150+0000] {logging_mixin.py:188} INFO - [2025-05-22T14:45:42.150+0000] {dagbag.py:538} INFO - Filling up the DagBag from /opt/airflow/dags/init_raw_schema_dag.py
[2025-05-22T14:45:42.187+0000] {processor.py:840} INFO - DAG(s) 'init_raw_schema_dag' retrieved from /opt/airflow/dags/init_raw_schema_dag.py
[2025-05-22T14:45:42.213+0000] {logging_mixin.py:188} INFO - [2025-05-22T14:45:42.212+0000] {dag.py:3036} INFO - Sync 1 DAGs
[2025-05-22T14:45:42.224+0000] {logging_mixin.py:188} INFO - [2025-05-22T14:45:42.224+0000] {dag.py:3823} INFO - Setting next_dagrun for init_raw_schema_dag to None, run_after=None
[2025-05-22T14:45:42.240+0000] {processor.py:183} INFO - Processing /opt/airflow/dags/init_raw_schema_dag.py took 0.104 seconds
[2025-05-22T15:01:38.657+0000] {processor.py:161} INFO - Started process (PID=30268) to work on /opt/airflow/dags/init_raw_schema_dag.py
[2025-05-22T15:01:38.659+0000] {processor.py:830} INFO - Processing file /opt/airflow/dags/init_raw_schema_dag.py for tasks to queue
[2025-05-22T15:01:38.662+0000] {logging_mixin.py:188} INFO - [2025-05-22T15:01:38.661+0000] {dagbag.py:538} INFO - Filling up the DagBag from /opt/airflow/dags/init_raw_schema_dag.py
[2025-05-22T15:01:38.715+0000] {processor.py:840} INFO - DAG(s) 'init_raw_schema_dag' retrieved from /opt/airflow/dags/init_raw_schema_dag.py
[2025-05-22T15:01:38.757+0000] {logging_mixin.py:188} INFO - [2025-05-22T15:01:38.757+0000] {dag.py:3036} INFO - Sync 1 DAGs
[2025-05-22T15:01:38.773+0000] {logging_mixin.py:188} INFO - [2025-05-22T15:01:38.773+0000] {dag.py:3823} INFO - Setting next_dagrun for init_raw_schema_dag to None, run_after=None
[2025-05-22T15:01:38.806+0000] {processor.py:183} INFO - Processing /opt/airflow/dags/init_raw_schema_dag.py took 0.154 seconds
[2025-05-22T15:02:09.298+0000] {processor.py:161} INFO - Started process (PID=30283) to work on /opt/airflow/dags/init_raw_schema_dag.py
[2025-05-22T15:02:09.301+0000] {processor.py:830} INFO - Processing file /opt/airflow/dags/init_raw_schema_dag.py for tasks to queue
[2025-05-22T15:02:09.302+0000] {logging_mixin.py:188} INFO - [2025-05-22T15:02:09.301+0000] {dagbag.py:538} INFO - Filling up the DagBag from /opt/airflow/dags/init_raw_schema_dag.py
[2025-05-22T15:02:09.341+0000] {processor.py:840} INFO - DAG(s) 'init_raw_schema_dag' retrieved from /opt/airflow/dags/init_raw_schema_dag.py
[2025-05-22T15:02:09.377+0000] {logging_mixin.py:188} INFO - [2025-05-22T15:02:09.376+0000] {dag.py:3036} INFO - Sync 1 DAGs
[2025-05-22T15:02:09.390+0000] {logging_mixin.py:188} INFO - [2025-05-22T15:02:09.390+0000] {dag.py:3823} INFO - Setting next_dagrun for init_raw_schema_dag to None, run_after=None
[2025-05-22T15:02:09.408+0000] {processor.py:183} INFO - Processing /opt/airflow/dags/init_raw_schema_dag.py took 0.120 seconds
[2025-05-22T15:24:52.333+0000] {processor.py:161} INFO - Started process (PID=30298) to work on /opt/airflow/dags/init_raw_schema_dag.py
[2025-05-22T15:24:52.337+0000] {processor.py:830} INFO - Processing file /opt/airflow/dags/init_raw_schema_dag.py for tasks to queue
[2025-05-22T15:24:52.343+0000] {logging_mixin.py:188} INFO - [2025-05-22T15:24:52.342+0000] {dagbag.py:538} INFO - Filling up the DagBag from /opt/airflow/dags/init_raw_schema_dag.py
[2025-05-22T15:24:52.436+0000] {processor.py:840} INFO - DAG(s) 'init_raw_schema_dag' retrieved from /opt/airflow/dags/init_raw_schema_dag.py
[2025-05-22T15:24:52.486+0000] {logging_mixin.py:188} INFO - [2025-05-22T15:24:52.486+0000] {dag.py:3036} INFO - Sync 1 DAGs
[2025-05-22T15:24:52.508+0000] {logging_mixin.py:188} INFO - [2025-05-22T15:24:52.508+0000] {dag.py:3823} INFO - Setting next_dagrun for init_raw_schema_dag to None, run_after=None
[2025-05-22T15:24:52.539+0000] {processor.py:183} INFO - Processing /opt/airflow/dags/init_raw_schema_dag.py took 0.233 seconds
[2025-05-22T15:42:08.718+0000] {processor.py:161} INFO - Started process (PID=30315) to work on /opt/airflow/dags/init_raw_schema_dag.py
[2025-05-22T15:42:08.722+0000] {processor.py:830} INFO - Processing file /opt/airflow/dags/init_raw_schema_dag.py for tasks to queue
[2025-05-22T15:42:08.728+0000] {logging_mixin.py:188} INFO - [2025-05-22T15:42:08.724+0000] {dagbag.py:538} INFO - Filling up the DagBag from /opt/airflow/dags/init_raw_schema_dag.py
[2025-05-22T15:42:08.804+0000] {processor.py:840} INFO - DAG(s) 'init_raw_schema_dag' retrieved from /opt/airflow/dags/init_raw_schema_dag.py
[2025-05-22T15:42:09.008+0000] {logging_mixin.py:188} INFO - [2025-05-22T15:42:09.008+0000] {dag.py:3036} INFO - Sync 1 DAGs
[2025-05-22T15:42:09.049+0000] {logging_mixin.py:188} INFO - [2025-05-22T15:42:09.049+0000] {dag.py:3823} INFO - Setting next_dagrun for init_raw_schema_dag to None, run_after=None
[2025-05-22T15:42:09.088+0000] {processor.py:183} INFO - Processing /opt/airflow/dags/init_raw_schema_dag.py took 0.384 seconds
[2025-05-22T15:58:42.266+0000] {processor.py:161} INFO - Started process (PID=30330) to work on /opt/airflow/dags/init_raw_schema_dag.py
[2025-05-22T15:58:42.274+0000] {processor.py:830} INFO - Processing file /opt/airflow/dags/init_raw_schema_dag.py for tasks to queue
[2025-05-22T15:58:42.279+0000] {logging_mixin.py:188} INFO - [2025-05-22T15:58:42.278+0000] {dagbag.py:538} INFO - Filling up the DagBag from /opt/airflow/dags/init_raw_schema_dag.py
[2025-05-22T15:58:42.364+0000] {processor.py:840} INFO - DAG(s) 'init_raw_schema_dag' retrieved from /opt/airflow/dags/init_raw_schema_dag.py
[2025-05-22T15:58:42.459+0000] {logging_mixin.py:188} INFO - [2025-05-22T15:58:42.458+0000] {dag.py:3036} INFO - Sync 1 DAGs
[2025-05-22T15:58:42.485+0000] {logging_mixin.py:188} INFO - [2025-05-22T15:58:42.484+0000] {dag.py:3823} INFO - Setting next_dagrun for init_raw_schema_dag to None, run_after=None
[2025-05-22T15:58:42.525+0000] {processor.py:183} INFO - Processing /opt/airflow/dags/init_raw_schema_dag.py took 0.273 seconds
[2025-05-22T15:59:12.975+0000] {processor.py:161} INFO - Started process (PID=30345) to work on /opt/airflow/dags/init_raw_schema_dag.py
[2025-05-22T15:59:12.978+0000] {processor.py:830} INFO - Processing file /opt/airflow/dags/init_raw_schema_dag.py for tasks to queue
[2025-05-22T15:59:12.981+0000] {logging_mixin.py:188} INFO - [2025-05-22T15:59:12.980+0000] {dagbag.py:538} INFO - Filling up the DagBag from /opt/airflow/dags/init_raw_schema_dag.py
[2025-05-22T15:59:13.019+0000] {processor.py:840} INFO - DAG(s) 'init_raw_schema_dag' retrieved from /opt/airflow/dags/init_raw_schema_dag.py
[2025-05-22T15:59:13.054+0000] {logging_mixin.py:188} INFO - [2025-05-22T15:59:13.054+0000] {dag.py:3036} INFO - Sync 1 DAGs
[2025-05-22T15:59:13.066+0000] {logging_mixin.py:188} INFO - [2025-05-22T15:59:13.066+0000] {dag.py:3823} INFO - Setting next_dagrun for init_raw_schema_dag to None, run_after=None
[2025-05-22T15:59:13.084+0000] {processor.py:183} INFO - Processing /opt/airflow/dags/init_raw_schema_dag.py took 0.120 seconds
[2025-05-22T15:59:43.492+0000] {processor.py:161} INFO - Started process (PID=30360) to work on /opt/airflow/dags/init_raw_schema_dag.py
[2025-05-22T15:59:43.496+0000] {processor.py:830} INFO - Processing file /opt/airflow/dags/init_raw_schema_dag.py for tasks to queue
[2025-05-22T15:59:43.498+0000] {logging_mixin.py:188} INFO - [2025-05-22T15:59:43.498+0000] {dagbag.py:538} INFO - Filling up the DagBag from /opt/airflow/dags/init_raw_schema_dag.py
[2025-05-22T15:59:43.549+0000] {processor.py:840} INFO - DAG(s) 'init_raw_schema_dag' retrieved from /opt/airflow/dags/init_raw_schema_dag.py
[2025-05-22T15:59:43.588+0000] {logging_mixin.py:188} INFO - [2025-05-22T15:59:43.588+0000] {dag.py:3036} INFO - Sync 1 DAGs
[2025-05-22T15:59:43.604+0000] {logging_mixin.py:188} INFO - [2025-05-22T15:59:43.604+0000] {dag.py:3823} INFO - Setting next_dagrun for init_raw_schema_dag to None, run_after=None
[2025-05-22T15:59:43.619+0000] {processor.py:183} INFO - Processing /opt/airflow/dags/init_raw_schema_dag.py took 0.140 seconds
[2025-05-22T16:00:13.973+0000] {processor.py:161} INFO - Started process (PID=30375) to work on /opt/airflow/dags/init_raw_schema_dag.py
[2025-05-22T16:00:13.978+0000] {processor.py:830} INFO - Processing file /opt/airflow/dags/init_raw_schema_dag.py for tasks to queue
[2025-05-22T16:00:13.981+0000] {logging_mixin.py:188} INFO - [2025-05-22T16:00:13.981+0000] {dagbag.py:538} INFO - Filling up the DagBag from /opt/airflow/dags/init_raw_schema_dag.py
[2025-05-22T16:00:14.023+0000] {processor.py:840} INFO - DAG(s) 'init_raw_schema_dag' retrieved from /opt/airflow/dags/init_raw_schema_dag.py
[2025-05-22T16:00:14.059+0000] {logging_mixin.py:188} INFO - [2025-05-22T16:00:14.059+0000] {dag.py:3036} INFO - Sync 1 DAGs
[2025-05-22T16:00:14.073+0000] {logging_mixin.py:188} INFO - [2025-05-22T16:00:14.073+0000] {dag.py:3823} INFO - Setting next_dagrun for init_raw_schema_dag to None, run_after=None
[2025-05-22T16:00:14.090+0000] {processor.py:183} INFO - Processing /opt/airflow/dags/init_raw_schema_dag.py took 0.131 seconds
[2025-05-22T16:00:44.492+0000] {processor.py:161} INFO - Started process (PID=30390) to work on /opt/airflow/dags/init_raw_schema_dag.py
[2025-05-22T16:00:44.494+0000] {processor.py:830} INFO - Processing file /opt/airflow/dags/init_raw_schema_dag.py for tasks to queue
[2025-05-22T16:00:44.499+0000] {logging_mixin.py:188} INFO - [2025-05-22T16:00:44.497+0000] {dagbag.py:538} INFO - Filling up the DagBag from /opt/airflow/dags/init_raw_schema_dag.py
[2025-05-22T16:00:44.543+0000] {processor.py:840} INFO - DAG(s) 'init_raw_schema_dag' retrieved from /opt/airflow/dags/init_raw_schema_dag.py
[2025-05-22T16:00:44.574+0000] {logging_mixin.py:188} INFO - [2025-05-22T16:00:44.574+0000] {dag.py:3036} INFO - Sync 1 DAGs
[2025-05-22T16:00:44.586+0000] {logging_mixin.py:188} INFO - [2025-05-22T16:00:44.586+0000] {dag.py:3823} INFO - Setting next_dagrun for init_raw_schema_dag to None, run_after=None
[2025-05-22T16:00:44.600+0000] {processor.py:183} INFO - Processing /opt/airflow/dags/init_raw_schema_dag.py took 0.121 seconds
[2025-05-22T16:01:15.044+0000] {processor.py:161} INFO - Started process (PID=30405) to work on /opt/airflow/dags/init_raw_schema_dag.py
[2025-05-22T16:01:15.049+0000] {processor.py:830} INFO - Processing file /opt/airflow/dags/init_raw_schema_dag.py for tasks to queue
[2025-05-22T16:01:15.052+0000] {logging_mixin.py:188} INFO - [2025-05-22T16:01:15.050+0000] {dagbag.py:538} INFO - Filling up the DagBag from /opt/airflow/dags/init_raw_schema_dag.py
[2025-05-22T16:01:15.109+0000] {processor.py:840} INFO - DAG(s) 'init_raw_schema_dag' retrieved from /opt/airflow/dags/init_raw_schema_dag.py
[2025-05-22T16:01:15.167+0000] {logging_mixin.py:188} INFO - [2025-05-22T16:01:15.167+0000] {dag.py:3036} INFO - Sync 1 DAGs
[2025-05-22T16:01:15.185+0000] {logging_mixin.py:188} INFO - [2025-05-22T16:01:15.185+0000] {dag.py:3823} INFO - Setting next_dagrun for init_raw_schema_dag to None, run_after=None
[2025-05-22T16:01:15.206+0000] {processor.py:183} INFO - Processing /opt/airflow/dags/init_raw_schema_dag.py took 0.184 seconds
[2025-05-22T16:01:45.771+0000] {processor.py:161} INFO - Started process (PID=30420) to work on /opt/airflow/dags/init_raw_schema_dag.py
[2025-05-22T16:01:45.774+0000] {processor.py:830} INFO - Processing file /opt/airflow/dags/init_raw_schema_dag.py for tasks to queue
[2025-05-22T16:01:45.775+0000] {logging_mixin.py:188} INFO - [2025-05-22T16:01:45.775+0000] {dagbag.py:538} INFO - Filling up the DagBag from /opt/airflow/dags/init_raw_schema_dag.py
[2025-05-22T16:01:45.812+0000] {processor.py:840} INFO - DAG(s) 'init_raw_schema_dag' retrieved from /opt/airflow/dags/init_raw_schema_dag.py
[2025-05-22T16:01:45.842+0000] {logging_mixin.py:188} INFO - [2025-05-22T16:01:45.841+0000] {dag.py:3036} INFO - Sync 1 DAGs
[2025-05-22T16:01:45.856+0000] {logging_mixin.py:188} INFO - [2025-05-22T16:01:45.856+0000] {dag.py:3823} INFO - Setting next_dagrun for init_raw_schema_dag to None, run_after=None
[2025-05-22T16:01:45.871+0000] {processor.py:183} INFO - Processing /opt/airflow/dags/init_raw_schema_dag.py took 0.113 seconds
[2025-05-22T16:02:16.324+0000] {processor.py:161} INFO - Started process (PID=30435) to work on /opt/airflow/dags/init_raw_schema_dag.py
[2025-05-22T16:02:16.327+0000] {processor.py:830} INFO - Processing file /opt/airflow/dags/init_raw_schema_dag.py for tasks to queue
[2025-05-22T16:02:16.329+0000] {logging_mixin.py:188} INFO - [2025-05-22T16:02:16.329+0000] {dagbag.py:538} INFO - Filling up the DagBag from /opt/airflow/dags/init_raw_schema_dag.py
[2025-05-22T16:02:16.362+0000] {processor.py:840} INFO - DAG(s) 'init_raw_schema_dag' retrieved from /opt/airflow/dags/init_raw_schema_dag.py
[2025-05-22T16:02:16.392+0000] {logging_mixin.py:188} INFO - [2025-05-22T16:02:16.392+0000] {dag.py:3036} INFO - Sync 1 DAGs
[2025-05-22T16:02:16.409+0000] {logging_mixin.py:188} INFO - [2025-05-22T16:02:16.409+0000] {dag.py:3823} INFO - Setting next_dagrun for init_raw_schema_dag to None, run_after=None
[2025-05-22T16:02:16.425+0000] {processor.py:183} INFO - Processing /opt/airflow/dags/init_raw_schema_dag.py took 0.115 seconds
[2025-05-22T16:02:46.922+0000] {processor.py:161} INFO - Started process (PID=30450) to work on /opt/airflow/dags/init_raw_schema_dag.py
[2025-05-22T16:02:46.926+0000] {processor.py:830} INFO - Processing file /opt/airflow/dags/init_raw_schema_dag.py for tasks to queue
[2025-05-22T16:02:46.929+0000] {logging_mixin.py:188} INFO - [2025-05-22T16:02:46.927+0000] {dagbag.py:538} INFO - Filling up the DagBag from /opt/airflow/dags/init_raw_schema_dag.py
[2025-05-22T16:02:46.971+0000] {processor.py:840} INFO - DAG(s) 'init_raw_schema_dag' retrieved from /opt/airflow/dags/init_raw_schema_dag.py
[2025-05-22T16:02:46.999+0000] {logging_mixin.py:188} INFO - [2025-05-22T16:02:46.999+0000] {dag.py:3036} INFO - Sync 1 DAGs
[2025-05-22T16:02:47.015+0000] {logging_mixin.py:188} INFO - [2025-05-22T16:02:47.015+0000] {dag.py:3823} INFO - Setting next_dagrun for init_raw_schema_dag to None, run_after=None
[2025-05-22T16:02:47.034+0000] {processor.py:183} INFO - Processing /opt/airflow/dags/init_raw_schema_dag.py took 0.124 seconds
[2025-05-22T16:03:17.461+0000] {processor.py:161} INFO - Started process (PID=30465) to work on /opt/airflow/dags/init_raw_schema_dag.py
[2025-05-22T16:03:17.466+0000] {processor.py:830} INFO - Processing file /opt/airflow/dags/init_raw_schema_dag.py for tasks to queue
[2025-05-22T16:03:17.467+0000] {logging_mixin.py:188} INFO - [2025-05-22T16:03:17.466+0000] {dagbag.py:538} INFO - Filling up the DagBag from /opt/airflow/dags/init_raw_schema_dag.py
[2025-05-22T16:03:17.509+0000] {processor.py:840} INFO - DAG(s) 'init_raw_schema_dag' retrieved from /opt/airflow/dags/init_raw_schema_dag.py
[2025-05-22T16:03:17.542+0000] {logging_mixin.py:188} INFO - [2025-05-22T16:03:17.542+0000] {dag.py:3036} INFO - Sync 1 DAGs
[2025-05-22T16:03:17.555+0000] {logging_mixin.py:188} INFO - [2025-05-22T16:03:17.554+0000] {dag.py:3823} INFO - Setting next_dagrun for init_raw_schema_dag to None, run_after=None
[2025-05-22T16:03:17.570+0000] {processor.py:183} INFO - Processing /opt/airflow/dags/init_raw_schema_dag.py took 0.125 seconds
[2025-05-22T16:03:48.058+0000] {processor.py:161} INFO - Started process (PID=30480) to work on /opt/airflow/dags/init_raw_schema_dag.py
[2025-05-22T16:03:48.063+0000] {processor.py:830} INFO - Processing file /opt/airflow/dags/init_raw_schema_dag.py for tasks to queue
[2025-05-22T16:03:48.065+0000] {logging_mixin.py:188} INFO - [2025-05-22T16:03:48.065+0000] {dagbag.py:538} INFO - Filling up the DagBag from /opt/airflow/dags/init_raw_schema_dag.py
[2025-05-22T16:03:48.099+0000] {processor.py:840} INFO - DAG(s) 'init_raw_schema_dag' retrieved from /opt/airflow/dags/init_raw_schema_dag.py
[2025-05-22T16:03:48.127+0000] {logging_mixin.py:188} INFO - [2025-05-22T16:03:48.127+0000] {dag.py:3036} INFO - Sync 1 DAGs
[2025-05-22T16:03:48.141+0000] {logging_mixin.py:188} INFO - [2025-05-22T16:03:48.141+0000] {dag.py:3823} INFO - Setting next_dagrun for init_raw_schema_dag to None, run_after=None
[2025-05-22T16:03:48.156+0000] {processor.py:183} INFO - Processing /opt/airflow/dags/init_raw_schema_dag.py took 0.109 seconds
[2025-05-22T16:04:18.658+0000] {processor.py:161} INFO - Started process (PID=30495) to work on /opt/airflow/dags/init_raw_schema_dag.py
[2025-05-22T16:04:18.661+0000] {processor.py:830} INFO - Processing file /opt/airflow/dags/init_raw_schema_dag.py for tasks to queue
[2025-05-22T16:04:18.662+0000] {logging_mixin.py:188} INFO - [2025-05-22T16:04:18.662+0000] {dagbag.py:538} INFO - Filling up the DagBag from /opt/airflow/dags/init_raw_schema_dag.py
[2025-05-22T16:04:18.695+0000] {processor.py:840} INFO - DAG(s) 'init_raw_schema_dag' retrieved from /opt/airflow/dags/init_raw_schema_dag.py
[2025-05-22T16:04:18.735+0000] {logging_mixin.py:188} INFO - [2025-05-22T16:04:18.735+0000] {dag.py:3036} INFO - Sync 1 DAGs
[2025-05-22T16:04:18.747+0000] {logging_mixin.py:188} INFO - [2025-05-22T16:04:18.747+0000] {dag.py:3823} INFO - Setting next_dagrun for init_raw_schema_dag to None, run_after=None
[2025-05-22T16:04:18.764+0000] {processor.py:183} INFO - Processing /opt/airflow/dags/init_raw_schema_dag.py took 0.118 seconds
[2025-05-22T16:04:49.266+0000] {processor.py:161} INFO - Started process (PID=30510) to work on /opt/airflow/dags/init_raw_schema_dag.py
[2025-05-22T16:04:49.269+0000] {processor.py:830} INFO - Processing file /opt/airflow/dags/init_raw_schema_dag.py for tasks to queue
[2025-05-22T16:04:49.269+0000] {logging_mixin.py:188} INFO - [2025-05-22T16:04:49.269+0000] {dagbag.py:538} INFO - Filling up the DagBag from /opt/airflow/dags/init_raw_schema_dag.py
[2025-05-22T16:04:49.313+0000] {processor.py:840} INFO - DAG(s) 'init_raw_schema_dag' retrieved from /opt/airflow/dags/init_raw_schema_dag.py
[2025-05-22T16:04:49.341+0000] {logging_mixin.py:188} INFO - [2025-05-22T16:04:49.341+0000] {dag.py:3036} INFO - Sync 1 DAGs
[2025-05-22T16:04:49.355+0000] {logging_mixin.py:188} INFO - [2025-05-22T16:04:49.355+0000] {dag.py:3823} INFO - Setting next_dagrun for init_raw_schema_dag to None, run_after=None
[2025-05-22T16:04:49.371+0000] {processor.py:183} INFO - Processing /opt/airflow/dags/init_raw_schema_dag.py took 0.121 seconds
[2025-05-22T16:05:19.788+0000] {processor.py:161} INFO - Started process (PID=30525) to work on /opt/airflow/dags/init_raw_schema_dag.py
[2025-05-22T16:05:19.790+0000] {processor.py:830} INFO - Processing file /opt/airflow/dags/init_raw_schema_dag.py for tasks to queue
[2025-05-22T16:05:19.791+0000] {logging_mixin.py:188} INFO - [2025-05-22T16:05:19.791+0000] {dagbag.py:538} INFO - Filling up the DagBag from /opt/airflow/dags/init_raw_schema_dag.py
[2025-05-22T16:05:19.839+0000] {processor.py:840} INFO - DAG(s) 'init_raw_schema_dag' retrieved from /opt/airflow/dags/init_raw_schema_dag.py
[2025-05-22T16:05:19.865+0000] {logging_mixin.py:188} INFO - [2025-05-22T16:05:19.865+0000] {dag.py:3036} INFO - Sync 1 DAGs
[2025-05-22T16:05:19.881+0000] {logging_mixin.py:188} INFO - [2025-05-22T16:05:19.881+0000] {dag.py:3823} INFO - Setting next_dagrun for init_raw_schema_dag to None, run_after=None
[2025-05-22T16:05:19.896+0000] {processor.py:183} INFO - Processing /opt/airflow/dags/init_raw_schema_dag.py took 0.115 seconds
[2025-05-22T16:05:50.416+0000] {processor.py:161} INFO - Started process (PID=30540) to work on /opt/airflow/dags/init_raw_schema_dag.py
[2025-05-22T16:05:50.420+0000] {processor.py:830} INFO - Processing file /opt/airflow/dags/init_raw_schema_dag.py for tasks to queue
[2025-05-22T16:05:50.422+0000] {logging_mixin.py:188} INFO - [2025-05-22T16:05:50.421+0000] {dagbag.py:538} INFO - Filling up the DagBag from /opt/airflow/dags/init_raw_schema_dag.py
[2025-05-22T16:05:50.455+0000] {processor.py:840} INFO - DAG(s) 'init_raw_schema_dag' retrieved from /opt/airflow/dags/init_raw_schema_dag.py
[2025-05-22T16:05:50.487+0000] {logging_mixin.py:188} INFO - [2025-05-22T16:05:50.486+0000] {dag.py:3036} INFO - Sync 1 DAGs
[2025-05-22T16:05:50.500+0000] {logging_mixin.py:188} INFO - [2025-05-22T16:05:50.500+0000] {dag.py:3823} INFO - Setting next_dagrun for init_raw_schema_dag to None, run_after=None
[2025-05-22T16:05:50.517+0000] {processor.py:183} INFO - Processing /opt/airflow/dags/init_raw_schema_dag.py took 0.114 seconds
[2025-05-22T16:06:20.979+0000] {processor.py:161} INFO - Started process (PID=30555) to work on /opt/airflow/dags/init_raw_schema_dag.py
[2025-05-22T16:06:20.983+0000] {processor.py:830} INFO - Processing file /opt/airflow/dags/init_raw_schema_dag.py for tasks to queue
[2025-05-22T16:06:20.985+0000] {logging_mixin.py:188} INFO - [2025-05-22T16:06:20.985+0000] {dagbag.py:538} INFO - Filling up the DagBag from /opt/airflow/dags/init_raw_schema_dag.py
[2025-05-22T16:06:21.026+0000] {processor.py:840} INFO - DAG(s) 'init_raw_schema_dag' retrieved from /opt/airflow/dags/init_raw_schema_dag.py
[2025-05-22T16:06:21.055+0000] {logging_mixin.py:188} INFO - [2025-05-22T16:06:21.055+0000] {dag.py:3036} INFO - Sync 1 DAGs
[2025-05-22T16:06:21.068+0000] {logging_mixin.py:188} INFO - [2025-05-22T16:06:21.067+0000] {dag.py:3823} INFO - Setting next_dagrun for init_raw_schema_dag to None, run_after=None
[2025-05-22T16:06:21.084+0000] {processor.py:183} INFO - Processing /opt/airflow/dags/init_raw_schema_dag.py took 0.116 seconds
[2025-05-22T16:06:51.494+0000] {processor.py:161} INFO - Started process (PID=30570) to work on /opt/airflow/dags/init_raw_schema_dag.py
[2025-05-22T16:06:51.498+0000] {processor.py:830} INFO - Processing file /opt/airflow/dags/init_raw_schema_dag.py for tasks to queue
[2025-05-22T16:06:51.499+0000] {logging_mixin.py:188} INFO - [2025-05-22T16:06:51.498+0000] {dagbag.py:538} INFO - Filling up the DagBag from /opt/airflow/dags/init_raw_schema_dag.py
[2025-05-22T16:06:51.535+0000] {processor.py:840} INFO - DAG(s) 'init_raw_schema_dag' retrieved from /opt/airflow/dags/init_raw_schema_dag.py
[2025-05-22T16:06:51.565+0000] {logging_mixin.py:188} INFO - [2025-05-22T16:06:51.565+0000] {dag.py:3036} INFO - Sync 1 DAGs
[2025-05-22T16:06:51.577+0000] {logging_mixin.py:188} INFO - [2025-05-22T16:06:51.577+0000] {dag.py:3823} INFO - Setting next_dagrun for init_raw_schema_dag to None, run_after=None
[2025-05-22T16:06:51.594+0000] {processor.py:183} INFO - Processing /opt/airflow/dags/init_raw_schema_dag.py took 0.110 seconds
[2025-05-22T16:07:22.059+0000] {processor.py:161} INFO - Started process (PID=30585) to work on /opt/airflow/dags/init_raw_schema_dag.py
[2025-05-22T16:07:22.062+0000] {processor.py:830} INFO - Processing file /opt/airflow/dags/init_raw_schema_dag.py for tasks to queue
[2025-05-22T16:07:22.063+0000] {logging_mixin.py:188} INFO - [2025-05-22T16:07:22.063+0000] {dagbag.py:538} INFO - Filling up the DagBag from /opt/airflow/dags/init_raw_schema_dag.py
[2025-05-22T16:07:22.104+0000] {processor.py:840} INFO - DAG(s) 'init_raw_schema_dag' retrieved from /opt/airflow/dags/init_raw_schema_dag.py
[2025-05-22T16:07:22.140+0000] {logging_mixin.py:188} INFO - [2025-05-22T16:07:22.140+0000] {dag.py:3036} INFO - Sync 1 DAGs
[2025-05-22T16:07:22.158+0000] {logging_mixin.py:188} INFO - [2025-05-22T16:07:22.158+0000] {dag.py:3823} INFO - Setting next_dagrun for init_raw_schema_dag to None, run_after=None
[2025-05-22T16:07:22.177+0000] {processor.py:183} INFO - Processing /opt/airflow/dags/init_raw_schema_dag.py took 0.134 seconds
[2025-05-22T16:07:52.669+0000] {processor.py:161} INFO - Started process (PID=30600) to work on /opt/airflow/dags/init_raw_schema_dag.py
[2025-05-22T16:07:52.675+0000] {processor.py:830} INFO - Processing file /opt/airflow/dags/init_raw_schema_dag.py for tasks to queue
[2025-05-22T16:07:52.677+0000] {logging_mixin.py:188} INFO - [2025-05-22T16:07:52.677+0000] {dagbag.py:538} INFO - Filling up the DagBag from /opt/airflow/dags/init_raw_schema_dag.py
[2025-05-22T16:07:52.724+0000] {processor.py:840} INFO - DAG(s) 'init_raw_schema_dag' retrieved from /opt/airflow/dags/init_raw_schema_dag.py
[2025-05-22T16:07:52.752+0000] {logging_mixin.py:188} INFO - [2025-05-22T16:07:52.751+0000] {dag.py:3036} INFO - Sync 1 DAGs
[2025-05-22T16:07:52.765+0000] {logging_mixin.py:188} INFO - [2025-05-22T16:07:52.765+0000] {dag.py:3823} INFO - Setting next_dagrun for init_raw_schema_dag to None, run_after=None
[2025-05-22T16:07:52.782+0000] {processor.py:183} INFO - Processing /opt/airflow/dags/init_raw_schema_dag.py took 0.126 seconds
[2025-05-22T16:08:23.281+0000] {processor.py:161} INFO - Started process (PID=30615) to work on /opt/airflow/dags/init_raw_schema_dag.py
[2025-05-22T16:08:23.284+0000] {processor.py:830} INFO - Processing file /opt/airflow/dags/init_raw_schema_dag.py for tasks to queue
[2025-05-22T16:08:23.286+0000] {logging_mixin.py:188} INFO - [2025-05-22T16:08:23.286+0000] {dagbag.py:538} INFO - Filling up the DagBag from /opt/airflow/dags/init_raw_schema_dag.py
[2025-05-22T16:08:23.326+0000] {processor.py:840} INFO - DAG(s) 'init_raw_schema_dag' retrieved from /opt/airflow/dags/init_raw_schema_dag.py
[2025-05-22T16:08:23.364+0000] {logging_mixin.py:188} INFO - [2025-05-22T16:08:23.364+0000] {dag.py:3036} INFO - Sync 1 DAGs
[2025-05-22T16:08:23.377+0000] {logging_mixin.py:188} INFO - [2025-05-22T16:08:23.377+0000] {dag.py:3823} INFO - Setting next_dagrun for init_raw_schema_dag to None, run_after=None
[2025-05-22T16:08:23.395+0000] {processor.py:183} INFO - Processing /opt/airflow/dags/init_raw_schema_dag.py took 0.129 seconds
[2025-05-22T16:08:53.891+0000] {processor.py:161} INFO - Started process (PID=30630) to work on /opt/airflow/dags/init_raw_schema_dag.py
[2025-05-22T16:08:53.897+0000] {processor.py:830} INFO - Processing file /opt/airflow/dags/init_raw_schema_dag.py for tasks to queue
[2025-05-22T16:08:53.898+0000] {logging_mixin.py:188} INFO - [2025-05-22T16:08:53.898+0000] {dagbag.py:538} INFO - Filling up the DagBag from /opt/airflow/dags/init_raw_schema_dag.py
[2025-05-22T16:08:53.941+0000] {processor.py:840} INFO - DAG(s) 'init_raw_schema_dag' retrieved from /opt/airflow/dags/init_raw_schema_dag.py
[2025-05-22T16:08:53.969+0000] {logging_mixin.py:188} INFO - [2025-05-22T16:08:53.969+0000] {dag.py:3036} INFO - Sync 1 DAGs
[2025-05-22T16:08:53.982+0000] {logging_mixin.py:188} INFO - [2025-05-22T16:08:53.982+0000] {dag.py:3823} INFO - Setting next_dagrun for init_raw_schema_dag to None, run_after=None
[2025-05-22T16:08:53.998+0000] {processor.py:183} INFO - Processing /opt/airflow/dags/init_raw_schema_dag.py took 0.124 seconds
[2025-05-22T16:09:24.458+0000] {processor.py:161} INFO - Started process (PID=30645) to work on /opt/airflow/dags/init_raw_schema_dag.py
[2025-05-22T16:09:24.461+0000] {processor.py:830} INFO - Processing file /opt/airflow/dags/init_raw_schema_dag.py for tasks to queue
[2025-05-22T16:09:24.462+0000] {logging_mixin.py:188} INFO - [2025-05-22T16:09:24.461+0000] {dagbag.py:538} INFO - Filling up the DagBag from /opt/airflow/dags/init_raw_schema_dag.py
[2025-05-22T16:09:24.502+0000] {processor.py:840} INFO - DAG(s) 'init_raw_schema_dag' retrieved from /opt/airflow/dags/init_raw_schema_dag.py
[2025-05-22T16:09:24.542+0000] {logging_mixin.py:188} INFO - [2025-05-22T16:09:24.542+0000] {dag.py:3036} INFO - Sync 1 DAGs
[2025-05-22T16:09:24.558+0000] {logging_mixin.py:188} INFO - [2025-05-22T16:09:24.558+0000] {dag.py:3823} INFO - Setting next_dagrun for init_raw_schema_dag to None, run_after=None
[2025-05-22T16:09:24.575+0000] {processor.py:183} INFO - Processing /opt/airflow/dags/init_raw_schema_dag.py took 0.136 seconds
[2025-05-22T16:09:55.066+0000] {processor.py:161} INFO - Started process (PID=30660) to work on /opt/airflow/dags/init_raw_schema_dag.py
[2025-05-22T16:09:55.069+0000] {processor.py:830} INFO - Processing file /opt/airflow/dags/init_raw_schema_dag.py for tasks to queue
[2025-05-22T16:09:55.070+0000] {logging_mixin.py:188} INFO - [2025-05-22T16:09:55.070+0000] {dagbag.py:538} INFO - Filling up the DagBag from /opt/airflow/dags/init_raw_schema_dag.py
[2025-05-22T16:09:55.115+0000] {processor.py:840} INFO - DAG(s) 'init_raw_schema_dag' retrieved from /opt/airflow/dags/init_raw_schema_dag.py
[2025-05-22T16:09:55.144+0000] {logging_mixin.py:188} INFO - [2025-05-22T16:09:55.144+0000] {dag.py:3036} INFO - Sync 1 DAGs
[2025-05-22T16:09:55.158+0000] {logging_mixin.py:188} INFO - [2025-05-22T16:09:55.158+0000] {dag.py:3823} INFO - Setting next_dagrun for init_raw_schema_dag to None, run_after=None
[2025-05-22T16:09:55.176+0000] {processor.py:183} INFO - Processing /opt/airflow/dags/init_raw_schema_dag.py took 0.127 seconds
[2025-05-22T16:10:25.618+0000] {processor.py:161} INFO - Started process (PID=30675) to work on /opt/airflow/dags/init_raw_schema_dag.py
[2025-05-22T16:10:25.621+0000] {processor.py:830} INFO - Processing file /opt/airflow/dags/init_raw_schema_dag.py for tasks to queue
[2025-05-22T16:10:25.622+0000] {logging_mixin.py:188} INFO - [2025-05-22T16:10:25.621+0000] {dagbag.py:538} INFO - Filling up the DagBag from /opt/airflow/dags/init_raw_schema_dag.py
[2025-05-22T16:10:25.668+0000] {processor.py:840} INFO - DAG(s) 'init_raw_schema_dag' retrieved from /opt/airflow/dags/init_raw_schema_dag.py
[2025-05-22T16:10:25.704+0000] {logging_mixin.py:188} INFO - [2025-05-22T16:10:25.704+0000] {dag.py:3036} INFO - Sync 1 DAGs
[2025-05-22T16:10:25.720+0000] {logging_mixin.py:188} INFO - [2025-05-22T16:10:25.720+0000] {dag.py:3823} INFO - Setting next_dagrun for init_raw_schema_dag to None, run_after=None
[2025-05-22T16:10:25.734+0000] {processor.py:183} INFO - Processing /opt/airflow/dags/init_raw_schema_dag.py took 0.126 seconds
[2025-05-22T16:10:56.300+0000] {processor.py:161} INFO - Started process (PID=30690) to work on /opt/airflow/dags/init_raw_schema_dag.py
[2025-05-22T16:10:56.303+0000] {processor.py:830} INFO - Processing file /opt/airflow/dags/init_raw_schema_dag.py for tasks to queue
[2025-05-22T16:10:56.305+0000] {logging_mixin.py:188} INFO - [2025-05-22T16:10:56.304+0000] {dagbag.py:538} INFO - Filling up the DagBag from /opt/airflow/dags/init_raw_schema_dag.py
[2025-05-22T16:10:56.336+0000] {processor.py:840} INFO - DAG(s) 'init_raw_schema_dag' retrieved from /opt/airflow/dags/init_raw_schema_dag.py
[2025-05-22T16:10:56.371+0000] {logging_mixin.py:188} INFO - [2025-05-22T16:10:56.371+0000] {dag.py:3036} INFO - Sync 1 DAGs
[2025-05-22T16:10:56.387+0000] {logging_mixin.py:188} INFO - [2025-05-22T16:10:56.386+0000] {dag.py:3823} INFO - Setting next_dagrun for init_raw_schema_dag to None, run_after=None
[2025-05-22T16:10:56.404+0000] {processor.py:183} INFO - Processing /opt/airflow/dags/init_raw_schema_dag.py took 0.117 seconds
[2025-05-22T16:11:26.858+0000] {processor.py:161} INFO - Started process (PID=30705) to work on /opt/airflow/dags/init_raw_schema_dag.py
[2025-05-22T16:11:26.862+0000] {processor.py:830} INFO - Processing file /opt/airflow/dags/init_raw_schema_dag.py for tasks to queue
[2025-05-22T16:11:26.866+0000] {logging_mixin.py:188} INFO - [2025-05-22T16:11:26.864+0000] {dagbag.py:538} INFO - Filling up the DagBag from /opt/airflow/dags/init_raw_schema_dag.py
[2025-05-22T16:11:26.912+0000] {processor.py:840} INFO - DAG(s) 'init_raw_schema_dag' retrieved from /opt/airflow/dags/init_raw_schema_dag.py
[2025-05-22T16:11:26.941+0000] {logging_mixin.py:188} INFO - [2025-05-22T16:11:26.941+0000] {dag.py:3036} INFO - Sync 1 DAGs
[2025-05-22T16:11:26.956+0000] {logging_mixin.py:188} INFO - [2025-05-22T16:11:26.956+0000] {dag.py:3823} INFO - Setting next_dagrun for init_raw_schema_dag to None, run_after=None
[2025-05-22T16:11:26.975+0000] {processor.py:183} INFO - Processing /opt/airflow/dags/init_raw_schema_dag.py took 0.136 seconds
[2025-05-22T16:11:57.445+0000] {processor.py:161} INFO - Started process (PID=30720) to work on /opt/airflow/dags/init_raw_schema_dag.py
[2025-05-22T16:11:57.449+0000] {processor.py:830} INFO - Processing file /opt/airflow/dags/init_raw_schema_dag.py for tasks to queue
[2025-05-22T16:11:57.452+0000] {logging_mixin.py:188} INFO - [2025-05-22T16:11:57.451+0000] {dagbag.py:538} INFO - Filling up the DagBag from /opt/airflow/dags/init_raw_schema_dag.py
[2025-05-22T16:11:57.484+0000] {processor.py:840} INFO - DAG(s) 'init_raw_schema_dag' retrieved from /opt/airflow/dags/init_raw_schema_dag.py
[2025-05-22T16:11:57.514+0000] {logging_mixin.py:188} INFO - [2025-05-22T16:11:57.514+0000] {dag.py:3036} INFO - Sync 1 DAGs
[2025-05-22T16:11:57.526+0000] {logging_mixin.py:188} INFO - [2025-05-22T16:11:57.526+0000] {dag.py:3823} INFO - Setting next_dagrun for init_raw_schema_dag to None, run_after=None
[2025-05-22T16:11:57.551+0000] {processor.py:183} INFO - Processing /opt/airflow/dags/init_raw_schema_dag.py took 0.117 seconds
[2025-05-22T16:12:28.015+0000] {processor.py:161} INFO - Started process (PID=30735) to work on /opt/airflow/dags/init_raw_schema_dag.py
[2025-05-22T16:12:28.017+0000] {processor.py:830} INFO - Processing file /opt/airflow/dags/init_raw_schema_dag.py for tasks to queue
[2025-05-22T16:12:28.019+0000] {logging_mixin.py:188} INFO - [2025-05-22T16:12:28.019+0000] {dagbag.py:538} INFO - Filling up the DagBag from /opt/airflow/dags/init_raw_schema_dag.py
[2025-05-22T16:12:28.060+0000] {processor.py:840} INFO - DAG(s) 'init_raw_schema_dag' retrieved from /opt/airflow/dags/init_raw_schema_dag.py
[2025-05-22T16:12:28.094+0000] {logging_mixin.py:188} INFO - [2025-05-22T16:12:28.094+0000] {dag.py:3036} INFO - Sync 1 DAGs
[2025-05-22T16:12:28.106+0000] {logging_mixin.py:188} INFO - [2025-05-22T16:12:28.106+0000] {dag.py:3823} INFO - Setting next_dagrun for init_raw_schema_dag to None, run_after=None
[2025-05-22T16:12:28.124+0000] {processor.py:183} INFO - Processing /opt/airflow/dags/init_raw_schema_dag.py took 0.124 seconds
[2025-05-22T16:12:58.560+0000] {processor.py:161} INFO - Started process (PID=30750) to work on /opt/airflow/dags/init_raw_schema_dag.py
[2025-05-22T16:12:58.564+0000] {processor.py:830} INFO - Processing file /opt/airflow/dags/init_raw_schema_dag.py for tasks to queue
[2025-05-22T16:12:58.566+0000] {logging_mixin.py:188} INFO - [2025-05-22T16:12:58.566+0000] {dagbag.py:538} INFO - Filling up the DagBag from /opt/airflow/dags/init_raw_schema_dag.py
[2025-05-22T16:12:58.607+0000] {processor.py:840} INFO - DAG(s) 'init_raw_schema_dag' retrieved from /opt/airflow/dags/init_raw_schema_dag.py
[2025-05-22T16:12:58.643+0000] {logging_mixin.py:188} INFO - [2025-05-22T16:12:58.643+0000] {dag.py:3036} INFO - Sync 1 DAGs
[2025-05-22T16:12:58.656+0000] {logging_mixin.py:188} INFO - [2025-05-22T16:12:58.655+0000] {dag.py:3823} INFO - Setting next_dagrun for init_raw_schema_dag to None, run_after=None
[2025-05-22T16:12:58.858+0000] {processor.py:183} INFO - Processing /opt/airflow/dags/init_raw_schema_dag.py took 0.311 seconds
[2025-05-22T16:13:29.348+0000] {processor.py:161} INFO - Started process (PID=30765) to work on /opt/airflow/dags/init_raw_schema_dag.py
[2025-05-22T16:13:29.354+0000] {processor.py:830} INFO - Processing file /opt/airflow/dags/init_raw_schema_dag.py for tasks to queue
[2025-05-22T16:13:29.356+0000] {logging_mixin.py:188} INFO - [2025-05-22T16:13:29.356+0000] {dagbag.py:538} INFO - Filling up the DagBag from /opt/airflow/dags/init_raw_schema_dag.py
[2025-05-22T16:13:29.400+0000] {processor.py:840} INFO - DAG(s) 'init_raw_schema_dag' retrieved from /opt/airflow/dags/init_raw_schema_dag.py
[2025-05-22T16:13:29.432+0000] {logging_mixin.py:188} INFO - [2025-05-22T16:13:29.432+0000] {dag.py:3036} INFO - Sync 1 DAGs
[2025-05-22T16:13:29.446+0000] {logging_mixin.py:188} INFO - [2025-05-22T16:13:29.445+0000] {dag.py:3823} INFO - Setting next_dagrun for init_raw_schema_dag to None, run_after=None
[2025-05-22T16:13:29.462+0000] {processor.py:183} INFO - Processing /opt/airflow/dags/init_raw_schema_dag.py took 0.126 seconds
[2025-05-22T16:13:59.965+0000] {processor.py:161} INFO - Started process (PID=30780) to work on /opt/airflow/dags/init_raw_schema_dag.py
[2025-05-22T16:13:59.969+0000] {processor.py:830} INFO - Processing file /opt/airflow/dags/init_raw_schema_dag.py for tasks to queue
[2025-05-22T16:13:59.970+0000] {logging_mixin.py:188} INFO - [2025-05-22T16:13:59.970+0000] {dagbag.py:538} INFO - Filling up the DagBag from /opt/airflow/dags/init_raw_schema_dag.py
[2025-05-22T16:14:00.011+0000] {processor.py:840} INFO - DAG(s) 'init_raw_schema_dag' retrieved from /opt/airflow/dags/init_raw_schema_dag.py
[2025-05-22T16:14:00.041+0000] {logging_mixin.py:188} INFO - [2025-05-22T16:14:00.041+0000] {dag.py:3036} INFO - Sync 1 DAGs
[2025-05-22T16:14:00.055+0000] {logging_mixin.py:188} INFO - [2025-05-22T16:14:00.055+0000] {dag.py:3823} INFO - Setting next_dagrun for init_raw_schema_dag to None, run_after=None
[2025-05-22T16:14:00.070+0000] {processor.py:183} INFO - Processing /opt/airflow/dags/init_raw_schema_dag.py took 0.124 seconds
[2025-05-22T16:14:30.622+0000] {processor.py:161} INFO - Started process (PID=30795) to work on /opt/airflow/dags/init_raw_schema_dag.py
[2025-05-22T16:14:30.625+0000] {processor.py:830} INFO - Processing file /opt/airflow/dags/init_raw_schema_dag.py for tasks to queue
[2025-05-22T16:14:30.628+0000] {logging_mixin.py:188} INFO - [2025-05-22T16:14:30.627+0000] {dagbag.py:538} INFO - Filling up the DagBag from /opt/airflow/dags/init_raw_schema_dag.py
[2025-05-22T16:14:30.678+0000] {processor.py:840} INFO - DAG(s) 'init_raw_schema_dag' retrieved from /opt/airflow/dags/init_raw_schema_dag.py
[2025-05-22T16:14:30.710+0000] {logging_mixin.py:188} INFO - [2025-05-22T16:14:30.710+0000] {dag.py:3036} INFO - Sync 1 DAGs
[2025-05-22T16:14:30.726+0000] {logging_mixin.py:188} INFO - [2025-05-22T16:14:30.726+0000] {dag.py:3823} INFO - Setting next_dagrun for init_raw_schema_dag to None, run_after=None
[2025-05-22T16:14:30.742+0000] {processor.py:183} INFO - Processing /opt/airflow/dags/init_raw_schema_dag.py took 0.137 seconds
[2025-05-22T16:15:01.315+0000] {processor.py:161} INFO - Started process (PID=30810) to work on /opt/airflow/dags/init_raw_schema_dag.py
[2025-05-22T16:15:01.318+0000] {processor.py:830} INFO - Processing file /opt/airflow/dags/init_raw_schema_dag.py for tasks to queue
[2025-05-22T16:15:01.320+0000] {logging_mixin.py:188} INFO - [2025-05-22T16:15:01.320+0000] {dagbag.py:538} INFO - Filling up the DagBag from /opt/airflow/dags/init_raw_schema_dag.py
[2025-05-22T16:15:01.349+0000] {processor.py:840} INFO - DAG(s) 'init_raw_schema_dag' retrieved from /opt/airflow/dags/init_raw_schema_dag.py
[2025-05-22T16:15:01.387+0000] {logging_mixin.py:188} INFO - [2025-05-22T16:15:01.387+0000] {dag.py:3036} INFO - Sync 1 DAGs
[2025-05-22T16:15:01.401+0000] {logging_mixin.py:188} INFO - [2025-05-22T16:15:01.401+0000] {dag.py:3823} INFO - Setting next_dagrun for init_raw_schema_dag to None, run_after=None
[2025-05-22T16:15:01.419+0000] {processor.py:183} INFO - Processing /opt/airflow/dags/init_raw_schema_dag.py took 0.109 seconds
[2025-05-22T16:15:31.877+0000] {processor.py:161} INFO - Started process (PID=30825) to work on /opt/airflow/dags/init_raw_schema_dag.py
[2025-05-22T16:15:31.881+0000] {processor.py:830} INFO - Processing file /opt/airflow/dags/init_raw_schema_dag.py for tasks to queue
[2025-05-22T16:15:31.883+0000] {logging_mixin.py:188} INFO - [2025-05-22T16:15:31.882+0000] {dagbag.py:538} INFO - Filling up the DagBag from /opt/airflow/dags/init_raw_schema_dag.py
[2025-05-22T16:15:31.924+0000] {processor.py:840} INFO - DAG(s) 'init_raw_schema_dag' retrieved from /opt/airflow/dags/init_raw_schema_dag.py
[2025-05-22T16:15:31.954+0000] {logging_mixin.py:188} INFO - [2025-05-22T16:15:31.954+0000] {dag.py:3036} INFO - Sync 1 DAGs
[2025-05-22T16:15:31.971+0000] {logging_mixin.py:188} INFO - [2025-05-22T16:15:31.971+0000] {dag.py:3823} INFO - Setting next_dagrun for init_raw_schema_dag to None, run_after=None
[2025-05-22T16:15:32.165+0000] {processor.py:183} INFO - Processing /opt/airflow/dags/init_raw_schema_dag.py took 0.298 seconds
[2025-05-22T16:16:02.697+0000] {processor.py:161} INFO - Started process (PID=30840) to work on /opt/airflow/dags/init_raw_schema_dag.py
[2025-05-22T16:16:02.700+0000] {processor.py:830} INFO - Processing file /opt/airflow/dags/init_raw_schema_dag.py for tasks to queue
[2025-05-22T16:16:02.702+0000] {logging_mixin.py:188} INFO - [2025-05-22T16:16:02.701+0000] {dagbag.py:538} INFO - Filling up the DagBag from /opt/airflow/dags/init_raw_schema_dag.py
[2025-05-22T16:16:02.740+0000] {processor.py:840} INFO - DAG(s) 'init_raw_schema_dag' retrieved from /opt/airflow/dags/init_raw_schema_dag.py
[2025-05-22T16:16:02.775+0000] {logging_mixin.py:188} INFO - [2025-05-22T16:16:02.775+0000] {dag.py:3036} INFO - Sync 1 DAGs
[2025-05-22T16:16:02.790+0000] {logging_mixin.py:188} INFO - [2025-05-22T16:16:02.789+0000] {dag.py:3823} INFO - Setting next_dagrun for init_raw_schema_dag to None, run_after=None
[2025-05-22T16:16:02.803+0000] {processor.py:183} INFO - Processing /opt/airflow/dags/init_raw_schema_dag.py took 0.126 seconds
[2025-05-22T16:16:33.333+0000] {processor.py:161} INFO - Started process (PID=30855) to work on /opt/airflow/dags/init_raw_schema_dag.py
[2025-05-22T16:16:33.335+0000] {processor.py:830} INFO - Processing file /opt/airflow/dags/init_raw_schema_dag.py for tasks to queue
[2025-05-22T16:16:33.336+0000] {logging_mixin.py:188} INFO - [2025-05-22T16:16:33.336+0000] {dagbag.py:538} INFO - Filling up the DagBag from /opt/airflow/dags/init_raw_schema_dag.py
[2025-05-22T16:16:33.373+0000] {processor.py:840} INFO - DAG(s) 'init_raw_schema_dag' retrieved from /opt/airflow/dags/init_raw_schema_dag.py
[2025-05-22T16:16:33.403+0000] {logging_mixin.py:188} INFO - [2025-05-22T16:16:33.403+0000] {dag.py:3036} INFO - Sync 1 DAGs
[2025-05-22T16:16:33.417+0000] {logging_mixin.py:188} INFO - [2025-05-22T16:16:33.417+0000] {dag.py:3823} INFO - Setting next_dagrun for init_raw_schema_dag to None, run_after=None
[2025-05-22T16:16:33.433+0000] {processor.py:183} INFO - Processing /opt/airflow/dags/init_raw_schema_dag.py took 0.111 seconds
[2025-05-22T16:17:03.959+0000] {processor.py:161} INFO - Started process (PID=30870) to work on /opt/airflow/dags/init_raw_schema_dag.py
[2025-05-22T16:17:03.961+0000] {processor.py:830} INFO - Processing file /opt/airflow/dags/init_raw_schema_dag.py for tasks to queue
[2025-05-22T16:17:03.963+0000] {logging_mixin.py:188} INFO - [2025-05-22T16:17:03.963+0000] {dagbag.py:538} INFO - Filling up the DagBag from /opt/airflow/dags/init_raw_schema_dag.py
[2025-05-22T16:17:04.003+0000] {processor.py:840} INFO - DAG(s) 'init_raw_schema_dag' retrieved from /opt/airflow/dags/init_raw_schema_dag.py
[2025-05-22T16:17:04.035+0000] {logging_mixin.py:188} INFO - [2025-05-22T16:17:04.035+0000] {dag.py:3036} INFO - Sync 1 DAGs
[2025-05-22T16:17:04.048+0000] {logging_mixin.py:188} INFO - [2025-05-22T16:17:04.048+0000] {dag.py:3823} INFO - Setting next_dagrun for init_raw_schema_dag to None, run_after=None
[2025-05-22T16:17:04.065+0000] {processor.py:183} INFO - Processing /opt/airflow/dags/init_raw_schema_dag.py took 0.126 seconds
[2025-05-22T16:17:34.564+0000] {processor.py:161} INFO - Started process (PID=30885) to work on /opt/airflow/dags/init_raw_schema_dag.py
[2025-05-22T16:17:34.567+0000] {processor.py:830} INFO - Processing file /opt/airflow/dags/init_raw_schema_dag.py for tasks to queue
[2025-05-22T16:17:34.568+0000] {logging_mixin.py:188} INFO - [2025-05-22T16:17:34.567+0000] {dagbag.py:538} INFO - Filling up the DagBag from /opt/airflow/dags/init_raw_schema_dag.py
[2025-05-22T16:17:34.616+0000] {processor.py:840} INFO - DAG(s) 'init_raw_schema_dag' retrieved from /opt/airflow/dags/init_raw_schema_dag.py
[2025-05-22T16:17:34.650+0000] {logging_mixin.py:188} INFO - [2025-05-22T16:17:34.649+0000] {dag.py:3036} INFO - Sync 1 DAGs
[2025-05-22T16:17:34.661+0000] {logging_mixin.py:188} INFO - [2025-05-22T16:17:34.661+0000] {dag.py:3823} INFO - Setting next_dagrun for init_raw_schema_dag to None, run_after=None
[2025-05-22T16:17:34.681+0000] {processor.py:183} INFO - Processing /opt/airflow/dags/init_raw_schema_dag.py took 0.128 seconds
[2025-05-22T16:18:05.194+0000] {processor.py:161} INFO - Started process (PID=30900) to work on /opt/airflow/dags/init_raw_schema_dag.py
[2025-05-22T16:18:05.198+0000] {processor.py:830} INFO - Processing file /opt/airflow/dags/init_raw_schema_dag.py for tasks to queue
[2025-05-22T16:18:05.200+0000] {logging_mixin.py:188} INFO - [2025-05-22T16:18:05.199+0000] {dagbag.py:538} INFO - Filling up the DagBag from /opt/airflow/dags/init_raw_schema_dag.py
[2025-05-22T16:18:05.240+0000] {processor.py:840} INFO - DAG(s) 'init_raw_schema_dag' retrieved from /opt/airflow/dags/init_raw_schema_dag.py
[2025-05-22T16:18:05.279+0000] {logging_mixin.py:188} INFO - [2025-05-22T16:18:05.278+0000] {dag.py:3036} INFO - Sync 1 DAGs
[2025-05-22T16:18:05.293+0000] {logging_mixin.py:188} INFO - [2025-05-22T16:18:05.292+0000] {dag.py:3823} INFO - Setting next_dagrun for init_raw_schema_dag to None, run_after=None
[2025-05-22T16:18:05.510+0000] {processor.py:183} INFO - Processing /opt/airflow/dags/init_raw_schema_dag.py took 0.329 seconds
[2025-05-22T16:18:36.006+0000] {processor.py:161} INFO - Started process (PID=30915) to work on /opt/airflow/dags/init_raw_schema_dag.py
[2025-05-22T16:18:36.009+0000] {processor.py:830} INFO - Processing file /opt/airflow/dags/init_raw_schema_dag.py for tasks to queue
[2025-05-22T16:18:36.013+0000] {logging_mixin.py:188} INFO - [2025-05-22T16:18:36.010+0000] {dagbag.py:538} INFO - Filling up the DagBag from /opt/airflow/dags/init_raw_schema_dag.py
[2025-05-22T16:18:36.051+0000] {processor.py:840} INFO - DAG(s) 'init_raw_schema_dag' retrieved from /opt/airflow/dags/init_raw_schema_dag.py
[2025-05-22T16:18:36.089+0000] {logging_mixin.py:188} INFO - [2025-05-22T16:18:36.089+0000] {dag.py:3036} INFO - Sync 1 DAGs
[2025-05-22T16:18:36.106+0000] {logging_mixin.py:188} INFO - [2025-05-22T16:18:36.105+0000] {dag.py:3823} INFO - Setting next_dagrun for init_raw_schema_dag to None, run_after=None
[2025-05-22T16:18:36.120+0000] {processor.py:183} INFO - Processing /opt/airflow/dags/init_raw_schema_dag.py took 0.124 seconds
[2025-05-22T16:19:06.690+0000] {processor.py:161} INFO - Started process (PID=30930) to work on /opt/airflow/dags/init_raw_schema_dag.py
[2025-05-22T16:19:06.693+0000] {processor.py:830} INFO - Processing file /opt/airflow/dags/init_raw_schema_dag.py for tasks to queue
[2025-05-22T16:19:06.694+0000] {logging_mixin.py:188} INFO - [2025-05-22T16:19:06.694+0000] {dagbag.py:538} INFO - Filling up the DagBag from /opt/airflow/dags/init_raw_schema_dag.py
[2025-05-22T16:19:06.738+0000] {processor.py:840} INFO - DAG(s) 'init_raw_schema_dag' retrieved from /opt/airflow/dags/init_raw_schema_dag.py
[2025-05-22T16:19:06.770+0000] {logging_mixin.py:188} INFO - [2025-05-22T16:19:06.770+0000] {dag.py:3036} INFO - Sync 1 DAGs
[2025-05-22T16:19:06.785+0000] {logging_mixin.py:188} INFO - [2025-05-22T16:19:06.784+0000] {dag.py:3823} INFO - Setting next_dagrun for init_raw_schema_dag to None, run_after=None
[2025-05-22T16:19:06.803+0000] {processor.py:183} INFO - Processing /opt/airflow/dags/init_raw_schema_dag.py took 0.126 seconds
[2025-05-22T16:19:37.282+0000] {processor.py:161} INFO - Started process (PID=30945) to work on /opt/airflow/dags/init_raw_schema_dag.py
[2025-05-22T16:19:37.284+0000] {processor.py:830} INFO - Processing file /opt/airflow/dags/init_raw_schema_dag.py for tasks to queue
[2025-05-22T16:19:37.286+0000] {logging_mixin.py:188} INFO - [2025-05-22T16:19:37.285+0000] {dagbag.py:538} INFO - Filling up the DagBag from /opt/airflow/dags/init_raw_schema_dag.py
[2025-05-22T16:19:37.321+0000] {processor.py:840} INFO - DAG(s) 'init_raw_schema_dag' retrieved from /opt/airflow/dags/init_raw_schema_dag.py
[2025-05-22T16:19:37.363+0000] {logging_mixin.py:188} INFO - [2025-05-22T16:19:37.363+0000] {dag.py:3036} INFO - Sync 1 DAGs
[2025-05-22T16:19:37.374+0000] {logging_mixin.py:188} INFO - [2025-05-22T16:19:37.374+0000] {dag.py:3823} INFO - Setting next_dagrun for init_raw_schema_dag to None, run_after=None
[2025-05-22T16:19:37.392+0000] {processor.py:183} INFO - Processing /opt/airflow/dags/init_raw_schema_dag.py took 0.127 seconds
[2025-05-22T16:20:07.918+0000] {processor.py:161} INFO - Started process (PID=30960) to work on /opt/airflow/dags/init_raw_schema_dag.py
[2025-05-22T16:20:07.920+0000] {processor.py:830} INFO - Processing file /opt/airflow/dags/init_raw_schema_dag.py for tasks to queue
[2025-05-22T16:20:07.922+0000] {logging_mixin.py:188} INFO - [2025-05-22T16:20:07.922+0000] {dagbag.py:538} INFO - Filling up the DagBag from /opt/airflow/dags/init_raw_schema_dag.py
[2025-05-22T16:20:07.964+0000] {processor.py:840} INFO - DAG(s) 'init_raw_schema_dag' retrieved from /opt/airflow/dags/init_raw_schema_dag.py
[2025-05-22T16:20:07.998+0000] {logging_mixin.py:188} INFO - [2025-05-22T16:20:07.998+0000] {dag.py:3036} INFO - Sync 1 DAGs
[2025-05-22T16:20:08.009+0000] {logging_mixin.py:188} INFO - [2025-05-22T16:20:08.009+0000] {dag.py:3823} INFO - Setting next_dagrun for init_raw_schema_dag to None, run_after=None
[2025-05-22T16:20:08.026+0000] {processor.py:183} INFO - Processing /opt/airflow/dags/init_raw_schema_dag.py took 0.127 seconds
[2025-05-22T16:20:38.522+0000] {processor.py:161} INFO - Started process (PID=30975) to work on /opt/airflow/dags/init_raw_schema_dag.py
[2025-05-22T16:20:38.526+0000] {processor.py:830} INFO - Processing file /opt/airflow/dags/init_raw_schema_dag.py for tasks to queue
[2025-05-22T16:20:38.528+0000] {logging_mixin.py:188} INFO - [2025-05-22T16:20:38.527+0000] {dagbag.py:538} INFO - Filling up the DagBag from /opt/airflow/dags/init_raw_schema_dag.py
[2025-05-22T16:20:38.571+0000] {processor.py:840} INFO - DAG(s) 'init_raw_schema_dag' retrieved from /opt/airflow/dags/init_raw_schema_dag.py
[2025-05-22T16:20:38.609+0000] {logging_mixin.py:188} INFO - [2025-05-22T16:20:38.609+0000] {dag.py:3036} INFO - Sync 1 DAGs
[2025-05-22T16:20:38.623+0000] {logging_mixin.py:188} INFO - [2025-05-22T16:20:38.623+0000] {dag.py:3823} INFO - Setting next_dagrun for init_raw_schema_dag to None, run_after=None
[2025-05-22T16:20:38.641+0000] {processor.py:183} INFO - Processing /opt/airflow/dags/init_raw_schema_dag.py took 0.133 seconds
[2025-05-22T16:21:09.173+0000] {processor.py:161} INFO - Started process (PID=30990) to work on /opt/airflow/dags/init_raw_schema_dag.py
[2025-05-22T16:21:09.178+0000] {processor.py:830} INFO - Processing file /opt/airflow/dags/init_raw_schema_dag.py for tasks to queue
[2025-05-22T16:21:09.179+0000] {logging_mixin.py:188} INFO - [2025-05-22T16:21:09.178+0000] {dagbag.py:538} INFO - Filling up the DagBag from /opt/airflow/dags/init_raw_schema_dag.py
[2025-05-22T16:21:09.219+0000] {processor.py:840} INFO - DAG(s) 'init_raw_schema_dag' retrieved from /opt/airflow/dags/init_raw_schema_dag.py
[2025-05-22T16:21:09.251+0000] {logging_mixin.py:188} INFO - [2025-05-22T16:21:09.251+0000] {dag.py:3036} INFO - Sync 1 DAGs
[2025-05-22T16:21:09.264+0000] {logging_mixin.py:188} INFO - [2025-05-22T16:21:09.264+0000] {dag.py:3823} INFO - Setting next_dagrun for init_raw_schema_dag to None, run_after=None
[2025-05-22T16:21:09.284+0000] {processor.py:183} INFO - Processing /opt/airflow/dags/init_raw_schema_dag.py took 0.124 seconds
[2025-05-22T16:21:39.714+0000] {processor.py:161} INFO - Started process (PID=31005) to work on /opt/airflow/dags/init_raw_schema_dag.py
[2025-05-22T16:21:39.717+0000] {processor.py:830} INFO - Processing file /opt/airflow/dags/init_raw_schema_dag.py for tasks to queue
[2025-05-22T16:21:39.720+0000] {logging_mixin.py:188} INFO - [2025-05-22T16:21:39.719+0000] {dagbag.py:538} INFO - Filling up the DagBag from /opt/airflow/dags/init_raw_schema_dag.py
[2025-05-22T16:21:39.774+0000] {processor.py:840} INFO - DAG(s) 'init_raw_schema_dag' retrieved from /opt/airflow/dags/init_raw_schema_dag.py
[2025-05-22T16:21:39.809+0000] {logging_mixin.py:188} INFO - [2025-05-22T16:21:39.809+0000] {dag.py:3036} INFO - Sync 1 DAGs
[2025-05-22T16:21:39.823+0000] {logging_mixin.py:188} INFO - [2025-05-22T16:21:39.823+0000] {dag.py:3823} INFO - Setting next_dagrun for init_raw_schema_dag to None, run_after=None
[2025-05-22T16:21:39.840+0000] {processor.py:183} INFO - Processing /opt/airflow/dags/init_raw_schema_dag.py took 0.142 seconds
[2025-05-22T16:22:10.372+0000] {processor.py:161} INFO - Started process (PID=31020) to work on /opt/airflow/dags/init_raw_schema_dag.py
[2025-05-22T16:22:10.375+0000] {processor.py:830} INFO - Processing file /opt/airflow/dags/init_raw_schema_dag.py for tasks to queue
[2025-05-22T16:22:10.376+0000] {logging_mixin.py:188} INFO - [2025-05-22T16:22:10.376+0000] {dagbag.py:538} INFO - Filling up the DagBag from /opt/airflow/dags/init_raw_schema_dag.py
[2025-05-22T16:22:10.419+0000] {processor.py:840} INFO - DAG(s) 'init_raw_schema_dag' retrieved from /opt/airflow/dags/init_raw_schema_dag.py
[2025-05-22T16:22:10.450+0000] {logging_mixin.py:188} INFO - [2025-05-22T16:22:10.450+0000] {dag.py:3036} INFO - Sync 1 DAGs
[2025-05-22T16:22:10.463+0000] {logging_mixin.py:188} INFO - [2025-05-22T16:22:10.463+0000] {dag.py:3823} INFO - Setting next_dagrun for init_raw_schema_dag to None, run_after=None
[2025-05-22T16:22:10.480+0000] {processor.py:183} INFO - Processing /opt/airflow/dags/init_raw_schema_dag.py took 0.127 seconds
[2025-05-22T16:22:41.029+0000] {processor.py:161} INFO - Started process (PID=31035) to work on /opt/airflow/dags/init_raw_schema_dag.py
[2025-05-22T16:22:41.032+0000] {processor.py:830} INFO - Processing file /opt/airflow/dags/init_raw_schema_dag.py for tasks to queue
[2025-05-22T16:22:41.033+0000] {logging_mixin.py:188} INFO - [2025-05-22T16:22:41.033+0000] {dagbag.py:538} INFO - Filling up the DagBag from /opt/airflow/dags/init_raw_schema_dag.py
[2025-05-22T16:22:41.072+0000] {processor.py:840} INFO - DAG(s) 'init_raw_schema_dag' retrieved from /opt/airflow/dags/init_raw_schema_dag.py
[2025-05-22T16:22:41.105+0000] {logging_mixin.py:188} INFO - [2025-05-22T16:22:41.105+0000] {dag.py:3036} INFO - Sync 1 DAGs
[2025-05-22T16:22:41.117+0000] {logging_mixin.py:188} INFO - [2025-05-22T16:22:41.117+0000] {dag.py:3823} INFO - Setting next_dagrun for init_raw_schema_dag to None, run_after=None
[2025-05-22T16:22:41.133+0000] {processor.py:183} INFO - Processing /opt/airflow/dags/init_raw_schema_dag.py took 0.118 seconds
[2025-05-22T16:23:11.636+0000] {processor.py:161} INFO - Started process (PID=31050) to work on /opt/airflow/dags/init_raw_schema_dag.py
[2025-05-22T16:23:11.642+0000] {processor.py:830} INFO - Processing file /opt/airflow/dags/init_raw_schema_dag.py for tasks to queue
[2025-05-22T16:23:11.643+0000] {logging_mixin.py:188} INFO - [2025-05-22T16:23:11.642+0000] {dagbag.py:538} INFO - Filling up the DagBag from /opt/airflow/dags/init_raw_schema_dag.py
[2025-05-22T16:23:11.688+0000] {processor.py:840} INFO - DAG(s) 'init_raw_schema_dag' retrieved from /opt/airflow/dags/init_raw_schema_dag.py
[2025-05-22T16:23:11.722+0000] {logging_mixin.py:188} INFO - [2025-05-22T16:23:11.722+0000] {dag.py:3036} INFO - Sync 1 DAGs
[2025-05-22T16:23:11.739+0000] {logging_mixin.py:188} INFO - [2025-05-22T16:23:11.739+0000] {dag.py:3823} INFO - Setting next_dagrun for init_raw_schema_dag to None, run_after=None
[2025-05-22T16:23:11.758+0000] {processor.py:183} INFO - Processing /opt/airflow/dags/init_raw_schema_dag.py took 0.132 seconds
[2025-05-22T16:23:42.296+0000] {processor.py:161} INFO - Started process (PID=31065) to work on /opt/airflow/dags/init_raw_schema_dag.py
[2025-05-22T16:23:42.298+0000] {processor.py:830} INFO - Processing file /opt/airflow/dags/init_raw_schema_dag.py for tasks to queue
[2025-05-22T16:23:42.299+0000] {logging_mixin.py:188} INFO - [2025-05-22T16:23:42.299+0000] {dagbag.py:538} INFO - Filling up the DagBag from /opt/airflow/dags/init_raw_schema_dag.py
[2025-05-22T16:23:42.347+0000] {processor.py:840} INFO - DAG(s) 'init_raw_schema_dag' retrieved from /opt/airflow/dags/init_raw_schema_dag.py
[2025-05-22T16:23:42.379+0000] {logging_mixin.py:188} INFO - [2025-05-22T16:23:42.379+0000] {dag.py:3036} INFO - Sync 1 DAGs
[2025-05-22T16:23:42.587+0000] {logging_mixin.py:188} INFO - [2025-05-22T16:23:42.587+0000] {dag.py:3823} INFO - Setting next_dagrun for init_raw_schema_dag to None, run_after=None
[2025-05-22T16:23:42.598+0000] {processor.py:183} INFO - Processing /opt/airflow/dags/init_raw_schema_dag.py took 0.318 seconds
[2025-05-22T16:24:13.156+0000] {processor.py:161} INFO - Started process (PID=31080) to work on /opt/airflow/dags/init_raw_schema_dag.py
[2025-05-22T16:24:13.159+0000] {processor.py:830} INFO - Processing file /opt/airflow/dags/init_raw_schema_dag.py for tasks to queue
[2025-05-22T16:24:13.160+0000] {logging_mixin.py:188} INFO - [2025-05-22T16:24:13.160+0000] {dagbag.py:538} INFO - Filling up the DagBag from /opt/airflow/dags/init_raw_schema_dag.py
[2025-05-22T16:24:13.198+0000] {processor.py:840} INFO - DAG(s) 'init_raw_schema_dag' retrieved from /opt/airflow/dags/init_raw_schema_dag.py
[2025-05-22T16:24:13.236+0000] {logging_mixin.py:188} INFO - [2025-05-22T16:24:13.236+0000] {dag.py:3036} INFO - Sync 1 DAGs
[2025-05-22T16:24:13.247+0000] {logging_mixin.py:188} INFO - [2025-05-22T16:24:13.247+0000] {dag.py:3823} INFO - Setting next_dagrun for init_raw_schema_dag to None, run_after=None
[2025-05-22T16:24:13.266+0000] {processor.py:183} INFO - Processing /opt/airflow/dags/init_raw_schema_dag.py took 0.126 seconds
[2025-05-22T16:24:43.835+0000] {processor.py:161} INFO - Started process (PID=31095) to work on /opt/airflow/dags/init_raw_schema_dag.py
[2025-05-22T16:24:43.839+0000] {processor.py:830} INFO - Processing file /opt/airflow/dags/init_raw_schema_dag.py for tasks to queue
[2025-05-22T16:24:43.840+0000] {logging_mixin.py:188} INFO - [2025-05-22T16:24:43.840+0000] {dagbag.py:538} INFO - Filling up the DagBag from /opt/airflow/dags/init_raw_schema_dag.py
[2025-05-22T16:24:43.879+0000] {processor.py:840} INFO - DAG(s) 'init_raw_schema_dag' retrieved from /opt/airflow/dags/init_raw_schema_dag.py
[2025-05-22T16:24:43.920+0000] {logging_mixin.py:188} INFO - [2025-05-22T16:24:43.920+0000] {dag.py:3036} INFO - Sync 1 DAGs
[2025-05-22T16:24:43.934+0000] {logging_mixin.py:188} INFO - [2025-05-22T16:24:43.934+0000] {dag.py:3823} INFO - Setting next_dagrun for init_raw_schema_dag to None, run_after=None
[2025-05-22T16:24:43.953+0000] {processor.py:183} INFO - Processing /opt/airflow/dags/init_raw_schema_dag.py took 0.132 seconds
[2025-05-22T16:25:14.484+0000] {processor.py:161} INFO - Started process (PID=31110) to work on /opt/airflow/dags/init_raw_schema_dag.py
[2025-05-22T16:25:14.487+0000] {processor.py:830} INFO - Processing file /opt/airflow/dags/init_raw_schema_dag.py for tasks to queue
[2025-05-22T16:25:14.488+0000] {logging_mixin.py:188} INFO - [2025-05-22T16:25:14.488+0000] {dagbag.py:538} INFO - Filling up the DagBag from /opt/airflow/dags/init_raw_schema_dag.py
[2025-05-22T16:25:14.530+0000] {processor.py:840} INFO - DAG(s) 'init_raw_schema_dag' retrieved from /opt/airflow/dags/init_raw_schema_dag.py
[2025-05-22T16:25:14.561+0000] {logging_mixin.py:188} INFO - [2025-05-22T16:25:14.561+0000] {dag.py:3036} INFO - Sync 1 DAGs
[2025-05-22T16:25:14.572+0000] {logging_mixin.py:188} INFO - [2025-05-22T16:25:14.572+0000] {dag.py:3823} INFO - Setting next_dagrun for init_raw_schema_dag to None, run_after=None
[2025-05-22T16:25:14.589+0000] {processor.py:183} INFO - Processing /opt/airflow/dags/init_raw_schema_dag.py took 0.118 seconds
[2025-05-22T16:25:45.159+0000] {processor.py:161} INFO - Started process (PID=31125) to work on /opt/airflow/dags/init_raw_schema_dag.py
[2025-05-22T16:25:45.162+0000] {processor.py:830} INFO - Processing file /opt/airflow/dags/init_raw_schema_dag.py for tasks to queue
[2025-05-22T16:25:45.164+0000] {logging_mixin.py:188} INFO - [2025-05-22T16:25:45.163+0000] {dagbag.py:538} INFO - Filling up the DagBag from /opt/airflow/dags/init_raw_schema_dag.py
[2025-05-22T16:25:45.208+0000] {processor.py:840} INFO - DAG(s) 'init_raw_schema_dag' retrieved from /opt/airflow/dags/init_raw_schema_dag.py
[2025-05-22T16:25:45.234+0000] {logging_mixin.py:188} INFO - [2025-05-22T16:25:45.234+0000] {dag.py:3036} INFO - Sync 1 DAGs
[2025-05-22T16:25:45.248+0000] {logging_mixin.py:188} INFO - [2025-05-22T16:25:45.248+0000] {dag.py:3823} INFO - Setting next_dagrun for init_raw_schema_dag to None, run_after=None
[2025-05-22T16:25:45.263+0000] {processor.py:183} INFO - Processing /opt/airflow/dags/init_raw_schema_dag.py took 0.119 seconds
[2025-05-22T16:26:15.704+0000] {processor.py:161} INFO - Started process (PID=31140) to work on /opt/airflow/dags/init_raw_schema_dag.py
[2025-05-22T16:26:15.706+0000] {processor.py:830} INFO - Processing file /opt/airflow/dags/init_raw_schema_dag.py for tasks to queue
[2025-05-22T16:26:15.709+0000] {logging_mixin.py:188} INFO - [2025-05-22T16:26:15.709+0000] {dagbag.py:538} INFO - Filling up the DagBag from /opt/airflow/dags/init_raw_schema_dag.py
[2025-05-22T16:26:15.744+0000] {processor.py:840} INFO - DAG(s) 'init_raw_schema_dag' retrieved from /opt/airflow/dags/init_raw_schema_dag.py
[2025-05-22T16:26:15.780+0000] {logging_mixin.py:188} INFO - [2025-05-22T16:26:15.780+0000] {dag.py:3036} INFO - Sync 1 DAGs
[2025-05-22T16:26:15.968+0000] {logging_mixin.py:188} INFO - [2025-05-22T16:26:15.968+0000] {dag.py:3823} INFO - Setting next_dagrun for init_raw_schema_dag to None, run_after=None
[2025-05-22T16:26:15.980+0000] {processor.py:183} INFO - Processing /opt/airflow/dags/init_raw_schema_dag.py took 0.286 seconds
[2025-05-22T16:26:46.418+0000] {processor.py:161} INFO - Started process (PID=31155) to work on /opt/airflow/dags/init_raw_schema_dag.py
[2025-05-22T16:26:46.423+0000] {processor.py:830} INFO - Processing file /opt/airflow/dags/init_raw_schema_dag.py for tasks to queue
[2025-05-22T16:26:46.427+0000] {logging_mixin.py:188} INFO - [2025-05-22T16:26:46.427+0000] {dagbag.py:538} INFO - Filling up the DagBag from /opt/airflow/dags/init_raw_schema_dag.py
[2025-05-22T16:26:46.472+0000] {processor.py:840} INFO - DAG(s) 'init_raw_schema_dag' retrieved from /opt/airflow/dags/init_raw_schema_dag.py
[2025-05-22T16:26:46.505+0000] {logging_mixin.py:188} INFO - [2025-05-22T16:26:46.505+0000] {dag.py:3036} INFO - Sync 1 DAGs
[2025-05-22T16:26:46.523+0000] {logging_mixin.py:188} INFO - [2025-05-22T16:26:46.523+0000] {dag.py:3823} INFO - Setting next_dagrun for init_raw_schema_dag to None, run_after=None
[2025-05-22T16:26:46.540+0000] {processor.py:183} INFO - Processing /opt/airflow/dags/init_raw_schema_dag.py took 0.137 seconds
[2025-05-22T16:27:16.991+0000] {processor.py:161} INFO - Started process (PID=31170) to work on /opt/airflow/dags/init_raw_schema_dag.py
[2025-05-22T16:27:16.994+0000] {processor.py:830} INFO - Processing file /opt/airflow/dags/init_raw_schema_dag.py for tasks to queue
[2025-05-22T16:27:16.995+0000] {logging_mixin.py:188} INFO - [2025-05-22T16:27:16.995+0000] {dagbag.py:538} INFO - Filling up the DagBag from /opt/airflow/dags/init_raw_schema_dag.py
[2025-05-22T16:27:17.034+0000] {processor.py:840} INFO - DAG(s) 'init_raw_schema_dag' retrieved from /opt/airflow/dags/init_raw_schema_dag.py
[2025-05-22T16:27:17.058+0000] {logging_mixin.py:188} INFO - [2025-05-22T16:27:17.058+0000] {dag.py:3036} INFO - Sync 1 DAGs
[2025-05-22T16:27:17.071+0000] {logging_mixin.py:188} INFO - [2025-05-22T16:27:17.071+0000] {dag.py:3823} INFO - Setting next_dagrun for init_raw_schema_dag to None, run_after=None
[2025-05-22T16:27:17.086+0000] {processor.py:183} INFO - Processing /opt/airflow/dags/init_raw_schema_dag.py took 0.108 seconds
[2025-05-22T16:27:47.526+0000] {processor.py:161} INFO - Started process (PID=31185) to work on /opt/airflow/dags/init_raw_schema_dag.py
[2025-05-22T16:27:47.534+0000] {processor.py:830} INFO - Processing file /opt/airflow/dags/init_raw_schema_dag.py for tasks to queue
[2025-05-22T16:27:47.535+0000] {logging_mixin.py:188} INFO - [2025-05-22T16:27:47.535+0000] {dagbag.py:538} INFO - Filling up the DagBag from /opt/airflow/dags/init_raw_schema_dag.py
[2025-05-22T16:27:47.563+0000] {processor.py:840} INFO - DAG(s) 'init_raw_schema_dag' retrieved from /opt/airflow/dags/init_raw_schema_dag.py
[2025-05-22T16:27:47.598+0000] {logging_mixin.py:188} INFO - [2025-05-22T16:27:47.598+0000] {dag.py:3036} INFO - Sync 1 DAGs
[2025-05-22T16:27:47.612+0000] {logging_mixin.py:188} INFO - [2025-05-22T16:27:47.612+0000] {dag.py:3823} INFO - Setting next_dagrun for init_raw_schema_dag to None, run_after=None
[2025-05-22T16:27:47.630+0000] {processor.py:183} INFO - Processing /opt/airflow/dags/init_raw_schema_dag.py took 0.113 seconds
[2025-05-22T16:28:18.076+0000] {processor.py:161} INFO - Started process (PID=31200) to work on /opt/airflow/dags/init_raw_schema_dag.py
[2025-05-22T16:28:18.079+0000] {processor.py:830} INFO - Processing file /opt/airflow/dags/init_raw_schema_dag.py for tasks to queue
[2025-05-22T16:28:18.082+0000] {logging_mixin.py:188} INFO - [2025-05-22T16:28:18.082+0000] {dagbag.py:538} INFO - Filling up the DagBag from /opt/airflow/dags/init_raw_schema_dag.py
[2025-05-22T16:28:18.128+0000] {processor.py:840} INFO - DAG(s) 'init_raw_schema_dag' retrieved from /opt/airflow/dags/init_raw_schema_dag.py
[2025-05-22T16:28:18.167+0000] {logging_mixin.py:188} INFO - [2025-05-22T16:28:18.167+0000] {dag.py:3036} INFO - Sync 1 DAGs
[2025-05-22T16:28:18.184+0000] {logging_mixin.py:188} INFO - [2025-05-22T16:28:18.184+0000] {dag.py:3823} INFO - Setting next_dagrun for init_raw_schema_dag to None, run_after=None
[2025-05-22T16:28:18.205+0000] {processor.py:183} INFO - Processing /opt/airflow/dags/init_raw_schema_dag.py took 0.140 seconds
[2025-05-22T16:28:48.683+0000] {processor.py:161} INFO - Started process (PID=31215) to work on /opt/airflow/dags/init_raw_schema_dag.py
[2025-05-22T16:28:48.686+0000] {processor.py:830} INFO - Processing file /opt/airflow/dags/init_raw_schema_dag.py for tasks to queue
[2025-05-22T16:28:48.689+0000] {logging_mixin.py:188} INFO - [2025-05-22T16:28:48.689+0000] {dagbag.py:538} INFO - Filling up the DagBag from /opt/airflow/dags/init_raw_schema_dag.py
[2025-05-22T16:28:48.744+0000] {processor.py:840} INFO - DAG(s) 'init_raw_schema_dag' retrieved from /opt/airflow/dags/init_raw_schema_dag.py
[2025-05-22T16:28:48.773+0000] {logging_mixin.py:188} INFO - [2025-05-22T16:28:48.773+0000] {dag.py:3036} INFO - Sync 1 DAGs
[2025-05-22T16:28:48.972+0000] {logging_mixin.py:188} INFO - [2025-05-22T16:28:48.972+0000] {dag.py:3823} INFO - Setting next_dagrun for init_raw_schema_dag to None, run_after=None
[2025-05-22T16:28:48.983+0000] {processor.py:183} INFO - Processing /opt/airflow/dags/init_raw_schema_dag.py took 0.306 seconds
[2025-05-22T16:29:19.417+0000] {processor.py:161} INFO - Started process (PID=31230) to work on /opt/airflow/dags/init_raw_schema_dag.py
[2025-05-22T16:29:19.419+0000] {processor.py:830} INFO - Processing file /opt/airflow/dags/init_raw_schema_dag.py for tasks to queue
[2025-05-22T16:29:19.421+0000] {logging_mixin.py:188} INFO - [2025-05-22T16:29:19.420+0000] {dagbag.py:538} INFO - Filling up the DagBag from /opt/airflow/dags/init_raw_schema_dag.py
[2025-05-22T16:29:19.465+0000] {processor.py:840} INFO - DAG(s) 'init_raw_schema_dag' retrieved from /opt/airflow/dags/init_raw_schema_dag.py
[2025-05-22T16:29:19.497+0000] {logging_mixin.py:188} INFO - [2025-05-22T16:29:19.497+0000] {dag.py:3036} INFO - Sync 1 DAGs
[2025-05-22T16:29:19.510+0000] {logging_mixin.py:188} INFO - [2025-05-22T16:29:19.509+0000] {dag.py:3823} INFO - Setting next_dagrun for init_raw_schema_dag to None, run_after=None
[2025-05-22T16:29:19.526+0000] {processor.py:183} INFO - Processing /opt/airflow/dags/init_raw_schema_dag.py took 0.117 seconds
[2025-05-22T16:29:49.986+0000] {processor.py:161} INFO - Started process (PID=31245) to work on /opt/airflow/dags/init_raw_schema_dag.py
[2025-05-22T16:29:49.990+0000] {processor.py:830} INFO - Processing file /opt/airflow/dags/init_raw_schema_dag.py for tasks to queue
[2025-05-22T16:29:49.993+0000] {logging_mixin.py:188} INFO - [2025-05-22T16:29:49.992+0000] {dagbag.py:538} INFO - Filling up the DagBag from /opt/airflow/dags/init_raw_schema_dag.py
[2025-05-22T16:29:50.034+0000] {processor.py:840} INFO - DAG(s) 'init_raw_schema_dag' retrieved from /opt/airflow/dags/init_raw_schema_dag.py
[2025-05-22T16:29:50.061+0000] {logging_mixin.py:188} INFO - [2025-05-22T16:29:50.061+0000] {dag.py:3036} INFO - Sync 1 DAGs
[2025-05-22T16:29:50.076+0000] {logging_mixin.py:188} INFO - [2025-05-22T16:29:50.076+0000] {dag.py:3823} INFO - Setting next_dagrun for init_raw_schema_dag to None, run_after=None
[2025-05-22T16:29:50.092+0000] {processor.py:183} INFO - Processing /opt/airflow/dags/init_raw_schema_dag.py took 0.116 seconds
[2025-05-22T16:30:20.546+0000] {processor.py:161} INFO - Started process (PID=31260) to work on /opt/airflow/dags/init_raw_schema_dag.py
[2025-05-22T16:30:20.550+0000] {processor.py:830} INFO - Processing file /opt/airflow/dags/init_raw_schema_dag.py for tasks to queue
[2025-05-22T16:30:20.552+0000] {logging_mixin.py:188} INFO - [2025-05-22T16:30:20.551+0000] {dagbag.py:538} INFO - Filling up the DagBag from /opt/airflow/dags/init_raw_schema_dag.py
[2025-05-22T16:30:20.589+0000] {processor.py:840} INFO - DAG(s) 'init_raw_schema_dag' retrieved from /opt/airflow/dags/init_raw_schema_dag.py
[2025-05-22T16:30:20.621+0000] {logging_mixin.py:188} INFO - [2025-05-22T16:30:20.621+0000] {dag.py:3036} INFO - Sync 1 DAGs
[2025-05-22T16:30:20.632+0000] {logging_mixin.py:188} INFO - [2025-05-22T16:30:20.632+0000] {dag.py:3823} INFO - Setting next_dagrun for init_raw_schema_dag to None, run_after=None
[2025-05-22T16:30:20.647+0000] {processor.py:183} INFO - Processing /opt/airflow/dags/init_raw_schema_dag.py took 0.112 seconds
[2025-05-22T16:30:51.116+0000] {processor.py:161} INFO - Started process (PID=31275) to work on /opt/airflow/dags/init_raw_schema_dag.py
[2025-05-22T16:30:51.119+0000] {processor.py:830} INFO - Processing file /opt/airflow/dags/init_raw_schema_dag.py for tasks to queue
[2025-05-22T16:30:51.121+0000] {logging_mixin.py:188} INFO - [2025-05-22T16:30:51.120+0000] {dagbag.py:538} INFO - Filling up the DagBag from /opt/airflow/dags/init_raw_schema_dag.py
[2025-05-22T16:30:51.158+0000] {processor.py:840} INFO - DAG(s) 'init_raw_schema_dag' retrieved from /opt/airflow/dags/init_raw_schema_dag.py
[2025-05-22T16:30:51.192+0000] {logging_mixin.py:188} INFO - [2025-05-22T16:30:51.192+0000] {dag.py:3036} INFO - Sync 1 DAGs
[2025-05-22T16:30:51.204+0000] {logging_mixin.py:188} INFO - [2025-05-22T16:30:51.204+0000] {dag.py:3823} INFO - Setting next_dagrun for init_raw_schema_dag to None, run_after=None
[2025-05-22T16:30:51.220+0000] {processor.py:183} INFO - Processing /opt/airflow/dags/init_raw_schema_dag.py took 0.117 seconds
[2025-05-22T16:31:21.712+0000] {processor.py:161} INFO - Started process (PID=31290) to work on /opt/airflow/dags/init_raw_schema_dag.py
[2025-05-22T16:31:21.715+0000] {processor.py:830} INFO - Processing file /opt/airflow/dags/init_raw_schema_dag.py for tasks to queue
[2025-05-22T16:31:21.716+0000] {logging_mixin.py:188} INFO - [2025-05-22T16:31:21.715+0000] {dagbag.py:538} INFO - Filling up the DagBag from /opt/airflow/dags/init_raw_schema_dag.py
[2025-05-22T16:31:21.756+0000] {processor.py:840} INFO - DAG(s) 'init_raw_schema_dag' retrieved from /opt/airflow/dags/init_raw_schema_dag.py
[2025-05-22T16:31:21.787+0000] {logging_mixin.py:188} INFO - [2025-05-22T16:31:21.787+0000] {dag.py:3036} INFO - Sync 1 DAGs
[2025-05-22T16:31:21.973+0000] {logging_mixin.py:188} INFO - [2025-05-22T16:31:21.973+0000] {dag.py:3823} INFO - Setting next_dagrun for init_raw_schema_dag to None, run_after=None
[2025-05-22T16:31:21.985+0000] {processor.py:183} INFO - Processing /opt/airflow/dags/init_raw_schema_dag.py took 0.288 seconds
[2025-05-22T16:31:52.499+0000] {processor.py:161} INFO - Started process (PID=31305) to work on /opt/airflow/dags/init_raw_schema_dag.py
[2025-05-22T16:31:52.507+0000] {processor.py:830} INFO - Processing file /opt/airflow/dags/init_raw_schema_dag.py for tasks to queue
[2025-05-22T16:31:52.508+0000] {logging_mixin.py:188} INFO - [2025-05-22T16:31:52.507+0000] {dagbag.py:538} INFO - Filling up the DagBag from /opt/airflow/dags/init_raw_schema_dag.py
[2025-05-22T16:31:52.556+0000] {processor.py:840} INFO - DAG(s) 'init_raw_schema_dag' retrieved from /opt/airflow/dags/init_raw_schema_dag.py
[2025-05-22T16:31:52.586+0000] {logging_mixin.py:188} INFO - [2025-05-22T16:31:52.586+0000] {dag.py:3036} INFO - Sync 1 DAGs
[2025-05-22T16:31:52.795+0000] {logging_mixin.py:188} INFO - [2025-05-22T16:31:52.795+0000] {dag.py:3823} INFO - Setting next_dagrun for init_raw_schema_dag to None, run_after=None
[2025-05-22T16:31:52.808+0000] {processor.py:183} INFO - Processing /opt/airflow/dags/init_raw_schema_dag.py took 0.326 seconds
[2025-05-22T16:32:23.295+0000] {processor.py:161} INFO - Started process (PID=31320) to work on /opt/airflow/dags/init_raw_schema_dag.py
[2025-05-22T16:32:23.301+0000] {processor.py:830} INFO - Processing file /opt/airflow/dags/init_raw_schema_dag.py for tasks to queue
[2025-05-22T16:32:23.303+0000] {logging_mixin.py:188} INFO - [2025-05-22T16:32:23.303+0000] {dagbag.py:538} INFO - Filling up the DagBag from /opt/airflow/dags/init_raw_schema_dag.py
[2025-05-22T16:32:23.336+0000] {processor.py:840} INFO - DAG(s) 'init_raw_schema_dag' retrieved from /opt/airflow/dags/init_raw_schema_dag.py
[2025-05-22T16:32:23.366+0000] {logging_mixin.py:188} INFO - [2025-05-22T16:32:23.366+0000] {dag.py:3036} INFO - Sync 1 DAGs
[2025-05-22T16:32:23.382+0000] {logging_mixin.py:188} INFO - [2025-05-22T16:32:23.381+0000] {dag.py:3823} INFO - Setting next_dagrun for init_raw_schema_dag to None, run_after=None
[2025-05-22T16:32:23.400+0000] {processor.py:183} INFO - Processing /opt/airflow/dags/init_raw_schema_dag.py took 0.119 seconds
[2025-05-22T16:32:53.876+0000] {processor.py:161} INFO - Started process (PID=31335) to work on /opt/airflow/dags/init_raw_schema_dag.py
[2025-05-22T16:32:53.878+0000] {processor.py:830} INFO - Processing file /opt/airflow/dags/init_raw_schema_dag.py for tasks to queue
[2025-05-22T16:32:53.880+0000] {logging_mixin.py:188} INFO - [2025-05-22T16:32:53.880+0000] {dagbag.py:538} INFO - Filling up the DagBag from /opt/airflow/dags/init_raw_schema_dag.py
[2025-05-22T16:32:53.920+0000] {processor.py:840} INFO - DAG(s) 'init_raw_schema_dag' retrieved from /opt/airflow/dags/init_raw_schema_dag.py
[2025-05-22T16:32:53.947+0000] {logging_mixin.py:188} INFO - [2025-05-22T16:32:53.947+0000] {dag.py:3036} INFO - Sync 1 DAGs
[2025-05-22T16:32:53.961+0000] {logging_mixin.py:188} INFO - [2025-05-22T16:32:53.961+0000] {dag.py:3823} INFO - Setting next_dagrun for init_raw_schema_dag to None, run_after=None
[2025-05-22T16:32:53.975+0000] {processor.py:183} INFO - Processing /opt/airflow/dags/init_raw_schema_dag.py took 0.109 seconds
[2025-05-22T16:33:24.440+0000] {processor.py:161} INFO - Started process (PID=31350) to work on /opt/airflow/dags/init_raw_schema_dag.py
[2025-05-22T16:33:24.443+0000] {processor.py:830} INFO - Processing file /opt/airflow/dags/init_raw_schema_dag.py for tasks to queue
[2025-05-22T16:33:24.445+0000] {logging_mixin.py:188} INFO - [2025-05-22T16:33:24.444+0000] {dagbag.py:538} INFO - Filling up the DagBag from /opt/airflow/dags/init_raw_schema_dag.py
[2025-05-22T16:33:24.485+0000] {processor.py:840} INFO - DAG(s) 'init_raw_schema_dag' retrieved from /opt/airflow/dags/init_raw_schema_dag.py
[2025-05-22T16:33:24.520+0000] {logging_mixin.py:188} INFO - [2025-05-22T16:33:24.520+0000] {dag.py:3036} INFO - Sync 1 DAGs
[2025-05-22T16:33:24.538+0000] {logging_mixin.py:188} INFO - [2025-05-22T16:33:24.538+0000] {dag.py:3823} INFO - Setting next_dagrun for init_raw_schema_dag to None, run_after=None
[2025-05-22T16:33:24.556+0000] {processor.py:183} INFO - Processing /opt/airflow/dags/init_raw_schema_dag.py took 0.131 seconds
[2025-05-22T16:33:55.005+0000] {processor.py:161} INFO - Started process (PID=31365) to work on /opt/airflow/dags/init_raw_schema_dag.py
[2025-05-22T16:33:55.008+0000] {processor.py:830} INFO - Processing file /opt/airflow/dags/init_raw_schema_dag.py for tasks to queue
[2025-05-22T16:33:55.012+0000] {logging_mixin.py:188} INFO - [2025-05-22T16:33:55.012+0000] {dagbag.py:538} INFO - Filling up the DagBag from /opt/airflow/dags/init_raw_schema_dag.py
[2025-05-22T16:33:55.049+0000] {processor.py:840} INFO - DAG(s) 'init_raw_schema_dag' retrieved from /opt/airflow/dags/init_raw_schema_dag.py
[2025-05-22T16:33:55.085+0000] {logging_mixin.py:188} INFO - [2025-05-22T16:33:55.085+0000] {dag.py:3036} INFO - Sync 1 DAGs
[2025-05-22T16:33:55.286+0000] {logging_mixin.py:188} INFO - [2025-05-22T16:33:55.286+0000] {dag.py:3823} INFO - Setting next_dagrun for init_raw_schema_dag to None, run_after=None
[2025-05-22T16:33:55.298+0000] {processor.py:183} INFO - Processing /opt/airflow/dags/init_raw_schema_dag.py took 0.307 seconds
[2025-05-22T16:34:25.779+0000] {processor.py:161} INFO - Started process (PID=31380) to work on /opt/airflow/dags/init_raw_schema_dag.py
[2025-05-22T16:34:25.782+0000] {processor.py:830} INFO - Processing file /opt/airflow/dags/init_raw_schema_dag.py for tasks to queue
[2025-05-22T16:34:25.783+0000] {logging_mixin.py:188} INFO - [2025-05-22T16:34:25.783+0000] {dagbag.py:538} INFO - Filling up the DagBag from /opt/airflow/dags/init_raw_schema_dag.py
[2025-05-22T16:34:25.816+0000] {processor.py:840} INFO - DAG(s) 'init_raw_schema_dag' retrieved from /opt/airflow/dags/init_raw_schema_dag.py
[2025-05-22T16:34:25.854+0000] {logging_mixin.py:188} INFO - [2025-05-22T16:34:25.854+0000] {dag.py:3036} INFO - Sync 1 DAGs
[2025-05-22T16:34:25.868+0000] {logging_mixin.py:188} INFO - [2025-05-22T16:34:25.867+0000] {dag.py:3823} INFO - Setting next_dagrun for init_raw_schema_dag to None, run_after=None
[2025-05-22T16:34:25.882+0000] {processor.py:183} INFO - Processing /opt/airflow/dags/init_raw_schema_dag.py took 0.123 seconds
[2025-05-22T16:34:56.393+0000] {processor.py:161} INFO - Started process (PID=31395) to work on /opt/airflow/dags/init_raw_schema_dag.py
[2025-05-22T16:34:56.400+0000] {processor.py:830} INFO - Processing file /opt/airflow/dags/init_raw_schema_dag.py for tasks to queue
[2025-05-22T16:34:56.402+0000] {logging_mixin.py:188} INFO - [2025-05-22T16:34:56.402+0000] {dagbag.py:538} INFO - Filling up the DagBag from /opt/airflow/dags/init_raw_schema_dag.py
[2025-05-22T16:34:56.444+0000] {processor.py:840} INFO - DAG(s) 'init_raw_schema_dag' retrieved from /opt/airflow/dags/init_raw_schema_dag.py
[2025-05-22T16:34:56.474+0000] {logging_mixin.py:188} INFO - [2025-05-22T16:34:56.474+0000] {dag.py:3036} INFO - Sync 1 DAGs
[2025-05-22T16:34:56.487+0000] {logging_mixin.py:188} INFO - [2025-05-22T16:34:56.487+0000] {dag.py:3823} INFO - Setting next_dagrun for init_raw_schema_dag to None, run_after=None
[2025-05-22T16:34:56.505+0000] {processor.py:183} INFO - Processing /opt/airflow/dags/init_raw_schema_dag.py took 0.123 seconds
[2025-05-22T16:35:26.874+0000] {processor.py:161} INFO - Started process (PID=31410) to work on /opt/airflow/dags/init_raw_schema_dag.py
[2025-05-22T16:35:26.876+0000] {processor.py:830} INFO - Processing file /opt/airflow/dags/init_raw_schema_dag.py for tasks to queue
[2025-05-22T16:35:26.878+0000] {logging_mixin.py:188} INFO - [2025-05-22T16:35:26.878+0000] {dagbag.py:538} INFO - Filling up the DagBag from /opt/airflow/dags/init_raw_schema_dag.py
[2025-05-22T16:35:26.913+0000] {processor.py:840} INFO - DAG(s) 'init_raw_schema_dag' retrieved from /opt/airflow/dags/init_raw_schema_dag.py
[2025-05-22T16:35:26.947+0000] {logging_mixin.py:188} INFO - [2025-05-22T16:35:26.947+0000] {dag.py:3036} INFO - Sync 1 DAGs
[2025-05-22T16:35:26.960+0000] {logging_mixin.py:188} INFO - [2025-05-22T16:35:26.960+0000] {dag.py:3823} INFO - Setting next_dagrun for init_raw_schema_dag to None, run_after=None
[2025-05-22T16:35:26.977+0000] {processor.py:183} INFO - Processing /opt/airflow/dags/init_raw_schema_dag.py took 0.115 seconds
[2025-05-22T16:35:57.481+0000] {processor.py:161} INFO - Started process (PID=31425) to work on /opt/airflow/dags/init_raw_schema_dag.py
[2025-05-22T16:35:57.486+0000] {processor.py:830} INFO - Processing file /opt/airflow/dags/init_raw_schema_dag.py for tasks to queue
[2025-05-22T16:35:57.488+0000] {logging_mixin.py:188} INFO - [2025-05-22T16:35:57.487+0000] {dagbag.py:538} INFO - Filling up the DagBag from /opt/airflow/dags/init_raw_schema_dag.py
[2025-05-22T16:35:57.525+0000] {processor.py:840} INFO - DAG(s) 'init_raw_schema_dag' retrieved from /opt/airflow/dags/init_raw_schema_dag.py
[2025-05-22T16:35:57.566+0000] {logging_mixin.py:188} INFO - [2025-05-22T16:35:57.565+0000] {dag.py:3036} INFO - Sync 1 DAGs
[2025-05-22T16:35:57.582+0000] {logging_mixin.py:188} INFO - [2025-05-22T16:35:57.581+0000] {dag.py:3823} INFO - Setting next_dagrun for init_raw_schema_dag to None, run_after=None
[2025-05-22T16:35:57.601+0000] {processor.py:183} INFO - Processing /opt/airflow/dags/init_raw_schema_dag.py took 0.128 seconds
[2025-05-22T16:36:28.082+0000] {processor.py:161} INFO - Started process (PID=31440) to work on /opt/airflow/dags/init_raw_schema_dag.py
[2025-05-22T16:36:28.085+0000] {processor.py:830} INFO - Processing file /opt/airflow/dags/init_raw_schema_dag.py for tasks to queue
[2025-05-22T16:36:28.086+0000] {logging_mixin.py:188} INFO - [2025-05-22T16:36:28.086+0000] {dagbag.py:538} INFO - Filling up the DagBag from /opt/airflow/dags/init_raw_schema_dag.py
[2025-05-22T16:36:28.129+0000] {processor.py:840} INFO - DAG(s) 'init_raw_schema_dag' retrieved from /opt/airflow/dags/init_raw_schema_dag.py
[2025-05-22T16:36:28.156+0000] {logging_mixin.py:188} INFO - [2025-05-22T16:36:28.156+0000] {dag.py:3036} INFO - Sync 1 DAGs
[2025-05-22T16:36:28.359+0000] {logging_mixin.py:188} INFO - [2025-05-22T16:36:28.358+0000] {dag.py:3823} INFO - Setting next_dagrun for init_raw_schema_dag to None, run_after=None
[2025-05-22T16:36:28.372+0000] {processor.py:183} INFO - Processing /opt/airflow/dags/init_raw_schema_dag.py took 0.306 seconds
[2025-05-22T16:36:58.886+0000] {processor.py:161} INFO - Started process (PID=31455) to work on /opt/airflow/dags/init_raw_schema_dag.py
[2025-05-22T16:36:58.888+0000] {processor.py:830} INFO - Processing file /opt/airflow/dags/init_raw_schema_dag.py for tasks to queue
[2025-05-22T16:36:58.890+0000] {logging_mixin.py:188} INFO - [2025-05-22T16:36:58.889+0000] {dagbag.py:538} INFO - Filling up the DagBag from /opt/airflow/dags/init_raw_schema_dag.py
[2025-05-22T16:36:58.927+0000] {processor.py:840} INFO - DAG(s) 'init_raw_schema_dag' retrieved from /opt/airflow/dags/init_raw_schema_dag.py
[2025-05-22T16:36:58.957+0000] {logging_mixin.py:188} INFO - [2025-05-22T16:36:58.957+0000] {dag.py:3036} INFO - Sync 1 DAGs
[2025-05-22T16:36:59.161+0000] {logging_mixin.py:188} INFO - [2025-05-22T16:36:59.160+0000] {dag.py:3823} INFO - Setting next_dagrun for init_raw_schema_dag to None, run_after=None
[2025-05-22T16:36:59.172+0000] {processor.py:183} INFO - Processing /opt/airflow/dags/init_raw_schema_dag.py took 0.303 seconds
[2025-05-22T16:37:29.660+0000] {processor.py:161} INFO - Started process (PID=31470) to work on /opt/airflow/dags/init_raw_schema_dag.py
[2025-05-22T16:37:29.663+0000] {processor.py:830} INFO - Processing file /opt/airflow/dags/init_raw_schema_dag.py for tasks to queue
[2025-05-22T16:37:29.669+0000] {logging_mixin.py:188} INFO - [2025-05-22T16:37:29.666+0000] {dagbag.py:538} INFO - Filling up the DagBag from /opt/airflow/dags/init_raw_schema_dag.py
[2025-05-22T16:37:29.699+0000] {processor.py:840} INFO - DAG(s) 'init_raw_schema_dag' retrieved from /opt/airflow/dags/init_raw_schema_dag.py
[2025-05-22T16:37:29.736+0000] {logging_mixin.py:188} INFO - [2025-05-22T16:37:29.736+0000] {dag.py:3036} INFO - Sync 1 DAGs
[2025-05-22T16:37:29.748+0000] {logging_mixin.py:188} INFO - [2025-05-22T16:37:29.748+0000] {dag.py:3823} INFO - Setting next_dagrun for init_raw_schema_dag to None, run_after=None
[2025-05-22T16:37:29.764+0000] {processor.py:183} INFO - Processing /opt/airflow/dags/init_raw_schema_dag.py took 0.117 seconds
[2025-05-22T16:38:00.262+0000] {processor.py:161} INFO - Started process (PID=31485) to work on /opt/airflow/dags/init_raw_schema_dag.py
[2025-05-22T16:38:00.267+0000] {processor.py:830} INFO - Processing file /opt/airflow/dags/init_raw_schema_dag.py for tasks to queue
[2025-05-22T16:38:00.268+0000] {logging_mixin.py:188} INFO - [2025-05-22T16:38:00.268+0000] {dagbag.py:538} INFO - Filling up the DagBag from /opt/airflow/dags/init_raw_schema_dag.py
[2025-05-22T16:38:00.303+0000] {processor.py:840} INFO - DAG(s) 'init_raw_schema_dag' retrieved from /opt/airflow/dags/init_raw_schema_dag.py
[2025-05-22T16:38:00.339+0000] {logging_mixin.py:188} INFO - [2025-05-22T16:38:00.339+0000] {dag.py:3036} INFO - Sync 1 DAGs
[2025-05-22T16:38:00.354+0000] {logging_mixin.py:188} INFO - [2025-05-22T16:38:00.354+0000] {dag.py:3823} INFO - Setting next_dagrun for init_raw_schema_dag to None, run_after=None
[2025-05-22T16:38:00.373+0000] {processor.py:183} INFO - Processing /opt/airflow/dags/init_raw_schema_dag.py took 0.125 seconds
[2025-05-22T16:38:30.862+0000] {processor.py:161} INFO - Started process (PID=31500) to work on /opt/airflow/dags/init_raw_schema_dag.py
[2025-05-22T16:38:30.867+0000] {processor.py:830} INFO - Processing file /opt/airflow/dags/init_raw_schema_dag.py for tasks to queue
[2025-05-22T16:38:30.868+0000] {logging_mixin.py:188} INFO - [2025-05-22T16:38:30.867+0000] {dagbag.py:538} INFO - Filling up the DagBag from /opt/airflow/dags/init_raw_schema_dag.py
[2025-05-22T16:38:30.901+0000] {processor.py:840} INFO - DAG(s) 'init_raw_schema_dag' retrieved from /opt/airflow/dags/init_raw_schema_dag.py
[2025-05-22T16:38:30.940+0000] {logging_mixin.py:188} INFO - [2025-05-22T16:38:30.940+0000] {dag.py:3036} INFO - Sync 1 DAGs
[2025-05-22T16:38:30.956+0000] {logging_mixin.py:188} INFO - [2025-05-22T16:38:30.955+0000] {dag.py:3823} INFO - Setting next_dagrun for init_raw_schema_dag to None, run_after=None
[2025-05-22T16:38:30.971+0000] {processor.py:183} INFO - Processing /opt/airflow/dags/init_raw_schema_dag.py took 0.124 seconds
[2025-05-22T16:39:01.496+0000] {processor.py:161} INFO - Started process (PID=31515) to work on /opt/airflow/dags/init_raw_schema_dag.py
[2025-05-22T16:39:01.500+0000] {processor.py:830} INFO - Processing file /opt/airflow/dags/init_raw_schema_dag.py for tasks to queue
[2025-05-22T16:39:01.501+0000] {logging_mixin.py:188} INFO - [2025-05-22T16:39:01.501+0000] {dagbag.py:538} INFO - Filling up the DagBag from /opt/airflow/dags/init_raw_schema_dag.py
[2025-05-22T16:39:01.542+0000] {processor.py:840} INFO - DAG(s) 'init_raw_schema_dag' retrieved from /opt/airflow/dags/init_raw_schema_dag.py
[2025-05-22T16:39:01.579+0000] {logging_mixin.py:188} INFO - [2025-05-22T16:39:01.579+0000] {dag.py:3036} INFO - Sync 1 DAGs
[2025-05-22T16:39:01.775+0000] {logging_mixin.py:188} INFO - [2025-05-22T16:39:01.775+0000] {dag.py:3823} INFO - Setting next_dagrun for init_raw_schema_dag to None, run_after=None
[2025-05-22T16:39:01.787+0000] {processor.py:183} INFO - Processing /opt/airflow/dags/init_raw_schema_dag.py took 0.297 seconds
[2025-05-22T16:39:32.274+0000] {processor.py:161} INFO - Started process (PID=31530) to work on /opt/airflow/dags/init_raw_schema_dag.py
[2025-05-22T16:39:32.278+0000] {processor.py:830} INFO - Processing file /opt/airflow/dags/init_raw_schema_dag.py for tasks to queue
[2025-05-22T16:39:32.279+0000] {logging_mixin.py:188} INFO - [2025-05-22T16:39:32.279+0000] {dagbag.py:538} INFO - Filling up the DagBag from /opt/airflow/dags/init_raw_schema_dag.py
[2025-05-22T16:39:32.318+0000] {processor.py:840} INFO - DAG(s) 'init_raw_schema_dag' retrieved from /opt/airflow/dags/init_raw_schema_dag.py
[2025-05-22T16:39:32.357+0000] {logging_mixin.py:188} INFO - [2025-05-22T16:39:32.357+0000] {dag.py:3036} INFO - Sync 1 DAGs
[2025-05-22T16:39:32.539+0000] {logging_mixin.py:188} INFO - [2025-05-22T16:39:32.539+0000] {dag.py:3823} INFO - Setting next_dagrun for init_raw_schema_dag to None, run_after=None
[2025-05-22T16:39:32.551+0000] {processor.py:183} INFO - Processing /opt/airflow/dags/init_raw_schema_dag.py took 0.289 seconds
[2025-05-22T16:40:03.053+0000] {processor.py:161} INFO - Started process (PID=31545) to work on /opt/airflow/dags/init_raw_schema_dag.py
[2025-05-22T16:40:03.056+0000] {processor.py:830} INFO - Processing file /opt/airflow/dags/init_raw_schema_dag.py for tasks to queue
[2025-05-22T16:40:03.059+0000] {logging_mixin.py:188} INFO - [2025-05-22T16:40:03.058+0000] {dagbag.py:538} INFO - Filling up the DagBag from /opt/airflow/dags/init_raw_schema_dag.py
[2025-05-22T16:40:03.093+0000] {processor.py:840} INFO - DAG(s) 'init_raw_schema_dag' retrieved from /opt/airflow/dags/init_raw_schema_dag.py
[2025-05-22T16:40:03.133+0000] {logging_mixin.py:188} INFO - [2025-05-22T16:40:03.132+0000] {dag.py:3036} INFO - Sync 1 DAGs
[2025-05-22T16:40:03.147+0000] {logging_mixin.py:188} INFO - [2025-05-22T16:40:03.146+0000] {dag.py:3823} INFO - Setting next_dagrun for init_raw_schema_dag to None, run_after=None
[2025-05-22T16:40:03.160+0000] {processor.py:183} INFO - Processing /opt/airflow/dags/init_raw_schema_dag.py took 0.120 seconds
[2025-05-22T16:40:33.613+0000] {processor.py:161} INFO - Started process (PID=31560) to work on /opt/airflow/dags/init_raw_schema_dag.py
[2025-05-22T16:40:33.616+0000] {processor.py:830} INFO - Processing file /opt/airflow/dags/init_raw_schema_dag.py for tasks to queue
[2025-05-22T16:40:33.617+0000] {logging_mixin.py:188} INFO - [2025-05-22T16:40:33.617+0000] {dagbag.py:538} INFO - Filling up the DagBag from /opt/airflow/dags/init_raw_schema_dag.py
[2025-05-22T16:40:33.659+0000] {processor.py:840} INFO - DAG(s) 'init_raw_schema_dag' retrieved from /opt/airflow/dags/init_raw_schema_dag.py
[2025-05-22T16:40:33.686+0000] {logging_mixin.py:188} INFO - [2025-05-22T16:40:33.685+0000] {dag.py:3036} INFO - Sync 1 DAGs
[2025-05-22T16:40:33.699+0000] {logging_mixin.py:188} INFO - [2025-05-22T16:40:33.699+0000] {dag.py:3823} INFO - Setting next_dagrun for init_raw_schema_dag to None, run_after=None
[2025-05-22T16:40:33.714+0000] {processor.py:183} INFO - Processing /opt/airflow/dags/init_raw_schema_dag.py took 0.116 seconds
[2025-05-22T16:41:04.151+0000] {processor.py:161} INFO - Started process (PID=31575) to work on /opt/airflow/dags/init_raw_schema_dag.py
[2025-05-22T16:41:04.157+0000] {processor.py:830} INFO - Processing file /opt/airflow/dags/init_raw_schema_dag.py for tasks to queue
[2025-05-22T16:41:04.158+0000] {logging_mixin.py:188} INFO - [2025-05-22T16:41:04.157+0000] {dagbag.py:538} INFO - Filling up the DagBag from /opt/airflow/dags/init_raw_schema_dag.py
[2025-05-22T16:41:04.199+0000] {processor.py:840} INFO - DAG(s) 'init_raw_schema_dag' retrieved from /opt/airflow/dags/init_raw_schema_dag.py
[2025-05-22T16:41:04.228+0000] {logging_mixin.py:188} INFO - [2025-05-22T16:41:04.228+0000] {dag.py:3036} INFO - Sync 1 DAGs
[2025-05-22T16:41:04.244+0000] {logging_mixin.py:188} INFO - [2025-05-22T16:41:04.244+0000] {dag.py:3823} INFO - Setting next_dagrun for init_raw_schema_dag to None, run_after=None
[2025-05-22T16:41:04.262+0000] {processor.py:183} INFO - Processing /opt/airflow/dags/init_raw_schema_dag.py took 0.124 seconds
[2025-05-22T16:41:34.692+0000] {processor.py:161} INFO - Started process (PID=31590) to work on /opt/airflow/dags/init_raw_schema_dag.py
[2025-05-22T16:41:34.694+0000] {processor.py:830} INFO - Processing file /opt/airflow/dags/init_raw_schema_dag.py for tasks to queue
[2025-05-22T16:41:34.696+0000] {logging_mixin.py:188} INFO - [2025-05-22T16:41:34.695+0000] {dagbag.py:538} INFO - Filling up the DagBag from /opt/airflow/dags/init_raw_schema_dag.py
[2025-05-22T16:41:34.736+0000] {processor.py:840} INFO - DAG(s) 'init_raw_schema_dag' retrieved from /opt/airflow/dags/init_raw_schema_dag.py
[2025-05-22T16:41:34.775+0000] {logging_mixin.py:188} INFO - [2025-05-22T16:41:34.775+0000] {dag.py:3036} INFO - Sync 1 DAGs
[2025-05-22T16:41:34.975+0000] {logging_mixin.py:188} INFO - [2025-05-22T16:41:34.974+0000] {dag.py:3823} INFO - Setting next_dagrun for init_raw_schema_dag to None, run_after=None
[2025-05-22T16:41:34.987+0000] {processor.py:183} INFO - Processing /opt/airflow/dags/init_raw_schema_dag.py took 0.309 seconds
[2025-05-22T16:42:05.517+0000] {processor.py:161} INFO - Started process (PID=31605) to work on /opt/airflow/dags/init_raw_schema_dag.py
[2025-05-22T16:42:05.519+0000] {processor.py:830} INFO - Processing file /opt/airflow/dags/init_raw_schema_dag.py for tasks to queue
[2025-05-22T16:42:05.520+0000] {logging_mixin.py:188} INFO - [2025-05-22T16:42:05.520+0000] {dagbag.py:538} INFO - Filling up the DagBag from /opt/airflow/dags/init_raw_schema_dag.py
[2025-05-22T16:42:05.566+0000] {processor.py:840} INFO - DAG(s) 'init_raw_schema_dag' retrieved from /opt/airflow/dags/init_raw_schema_dag.py
[2025-05-22T16:42:05.599+0000] {logging_mixin.py:188} INFO - [2025-05-22T16:42:05.599+0000] {dag.py:3036} INFO - Sync 1 DAGs
[2025-05-22T16:42:05.805+0000] {logging_mixin.py:188} INFO - [2025-05-22T16:42:05.805+0000] {dag.py:3823} INFO - Setting next_dagrun for init_raw_schema_dag to None, run_after=None
[2025-05-22T16:42:05.816+0000] {processor.py:183} INFO - Processing /opt/airflow/dags/init_raw_schema_dag.py took 0.312 seconds
[2025-05-22T16:42:36.318+0000] {processor.py:161} INFO - Started process (PID=31620) to work on /opt/airflow/dags/init_raw_schema_dag.py
[2025-05-22T16:42:36.324+0000] {processor.py:830} INFO - Processing file /opt/airflow/dags/init_raw_schema_dag.py for tasks to queue
[2025-05-22T16:42:36.327+0000] {logging_mixin.py:188} INFO - [2025-05-22T16:42:36.326+0000] {dagbag.py:538} INFO - Filling up the DagBag from /opt/airflow/dags/init_raw_schema_dag.py
[2025-05-22T16:42:36.373+0000] {processor.py:840} INFO - DAG(s) 'init_raw_schema_dag' retrieved from /opt/airflow/dags/init_raw_schema_dag.py
[2025-05-22T16:42:36.409+0000] {logging_mixin.py:188} INFO - [2025-05-22T16:42:36.409+0000] {dag.py:3036} INFO - Sync 1 DAGs
[2025-05-22T16:42:36.422+0000] {logging_mixin.py:188} INFO - [2025-05-22T16:42:36.422+0000] {dag.py:3823} INFO - Setting next_dagrun for init_raw_schema_dag to None, run_after=None
[2025-05-22T16:42:36.437+0000] {processor.py:183} INFO - Processing /opt/airflow/dags/init_raw_schema_dag.py took 0.136 seconds
[2025-05-22T16:43:06.958+0000] {processor.py:161} INFO - Started process (PID=31635) to work on /opt/airflow/dags/init_raw_schema_dag.py
[2025-05-22T16:43:06.963+0000] {processor.py:830} INFO - Processing file /opt/airflow/dags/init_raw_schema_dag.py for tasks to queue
[2025-05-22T16:43:06.964+0000] {logging_mixin.py:188} INFO - [2025-05-22T16:43:06.963+0000] {dagbag.py:538} INFO - Filling up the DagBag from /opt/airflow/dags/init_raw_schema_dag.py
[2025-05-22T16:43:06.996+0000] {processor.py:840} INFO - DAG(s) 'init_raw_schema_dag' retrieved from /opt/airflow/dags/init_raw_schema_dag.py
[2025-05-22T16:43:07.030+0000] {logging_mixin.py:188} INFO - [2025-05-22T16:43:07.030+0000] {dag.py:3036} INFO - Sync 1 DAGs
[2025-05-22T16:43:07.045+0000] {logging_mixin.py:188} INFO - [2025-05-22T16:43:07.045+0000] {dag.py:3823} INFO - Setting next_dagrun for init_raw_schema_dag to None, run_after=None
[2025-05-22T16:43:07.060+0000] {processor.py:183} INFO - Processing /opt/airflow/dags/init_raw_schema_dag.py took 0.116 seconds
[2025-05-22T16:43:37.559+0000] {processor.py:161} INFO - Started process (PID=31650) to work on /opt/airflow/dags/init_raw_schema_dag.py
[2025-05-22T16:43:37.564+0000] {processor.py:830} INFO - Processing file /opt/airflow/dags/init_raw_schema_dag.py for tasks to queue
[2025-05-22T16:43:37.571+0000] {logging_mixin.py:188} INFO - [2025-05-22T16:43:37.568+0000] {dagbag.py:538} INFO - Filling up the DagBag from /opt/airflow/dags/init_raw_schema_dag.py
[2025-05-22T16:43:37.605+0000] {processor.py:840} INFO - DAG(s) 'init_raw_schema_dag' retrieved from /opt/airflow/dags/init_raw_schema_dag.py
[2025-05-22T16:43:37.647+0000] {logging_mixin.py:188} INFO - [2025-05-22T16:43:37.647+0000] {dag.py:3036} INFO - Sync 1 DAGs
[2025-05-22T16:43:37.665+0000] {logging_mixin.py:188} INFO - [2025-05-22T16:43:37.664+0000] {dag.py:3823} INFO - Setting next_dagrun for init_raw_schema_dag to None, run_after=None
[2025-05-22T16:43:37.678+0000] {processor.py:183} INFO - Processing /opt/airflow/dags/init_raw_schema_dag.py took 0.134 seconds
[2025-05-22T16:44:08.194+0000] {processor.py:161} INFO - Started process (PID=31665) to work on /opt/airflow/dags/init_raw_schema_dag.py
[2025-05-22T16:44:08.199+0000] {processor.py:830} INFO - Processing file /opt/airflow/dags/init_raw_schema_dag.py for tasks to queue
[2025-05-22T16:44:08.200+0000] {logging_mixin.py:188} INFO - [2025-05-22T16:44:08.199+0000] {dagbag.py:538} INFO - Filling up the DagBag from /opt/airflow/dags/init_raw_schema_dag.py
[2025-05-22T16:44:08.246+0000] {processor.py:840} INFO - DAG(s) 'init_raw_schema_dag' retrieved from /opt/airflow/dags/init_raw_schema_dag.py
[2025-05-22T16:44:08.281+0000] {logging_mixin.py:188} INFO - [2025-05-22T16:44:08.281+0000] {dag.py:3036} INFO - Sync 1 DAGs
[2025-05-22T16:44:08.291+0000] {logging_mixin.py:188} INFO - [2025-05-22T16:44:08.291+0000] {dag.py:3823} INFO - Setting next_dagrun for init_raw_schema_dag to None, run_after=None
[2025-05-22T16:44:08.479+0000] {processor.py:183} INFO - Processing /opt/airflow/dags/init_raw_schema_dag.py took 0.295 seconds
[2025-05-22T16:44:39.000+0000] {processor.py:161} INFO - Started process (PID=31680) to work on /opt/airflow/dags/init_raw_schema_dag.py
[2025-05-22T16:44:39.004+0000] {processor.py:830} INFO - Processing file /opt/airflow/dags/init_raw_schema_dag.py for tasks to queue
[2025-05-22T16:44:39.007+0000] {logging_mixin.py:188} INFO - [2025-05-22T16:44:39.006+0000] {dagbag.py:538} INFO - Filling up the DagBag from /opt/airflow/dags/init_raw_schema_dag.py
[2025-05-22T16:44:39.049+0000] {processor.py:840} INFO - DAG(s) 'init_raw_schema_dag' retrieved from /opt/airflow/dags/init_raw_schema_dag.py
[2025-05-22T16:44:39.085+0000] {logging_mixin.py:188} INFO - [2025-05-22T16:44:39.085+0000] {dag.py:3036} INFO - Sync 1 DAGs
[2025-05-22T16:44:39.280+0000] {logging_mixin.py:188} INFO - [2025-05-22T16:44:39.280+0000] {dag.py:3823} INFO - Setting next_dagrun for init_raw_schema_dag to None, run_after=None
[2025-05-22T16:44:39.293+0000] {processor.py:183} INFO - Processing /opt/airflow/dags/init_raw_schema_dag.py took 0.309 seconds
[2025-05-22T16:45:09.712+0000] {processor.py:161} INFO - Started process (PID=31695) to work on /opt/airflow/dags/init_raw_schema_dag.py
[2025-05-22T16:45:09.713+0000] {processor.py:830} INFO - Processing file /opt/airflow/dags/init_raw_schema_dag.py for tasks to queue
[2025-05-22T16:45:09.717+0000] {logging_mixin.py:188} INFO - [2025-05-22T16:45:09.715+0000] {dagbag.py:538} INFO - Filling up the DagBag from /opt/airflow/dags/init_raw_schema_dag.py
[2025-05-22T16:45:09.756+0000] {processor.py:840} INFO - DAG(s) 'init_raw_schema_dag' retrieved from /opt/airflow/dags/init_raw_schema_dag.py
[2025-05-22T16:45:09.978+0000] {logging_mixin.py:188} INFO - [2025-05-22T16:45:09.978+0000] {dag.py:3036} INFO - Sync 1 DAGs
[2025-05-22T16:45:09.986+0000] {logging_mixin.py:188} INFO - [2025-05-22T16:45:09.986+0000] {dag.py:3823} INFO - Setting next_dagrun for init_raw_schema_dag to None, run_after=None
[2025-05-22T16:45:09.996+0000] {processor.py:183} INFO - Processing /opt/airflow/dags/init_raw_schema_dag.py took 0.293 seconds
[2025-05-22T16:45:40.562+0000] {processor.py:161} INFO - Started process (PID=31710) to work on /opt/airflow/dags/init_raw_schema_dag.py
[2025-05-22T16:45:40.567+0000] {processor.py:830} INFO - Processing file /opt/airflow/dags/init_raw_schema_dag.py for tasks to queue
[2025-05-22T16:45:40.568+0000] {logging_mixin.py:188} INFO - [2025-05-22T16:45:40.568+0000] {dagbag.py:538} INFO - Filling up the DagBag from /opt/airflow/dags/init_raw_schema_dag.py
[2025-05-22T16:45:40.615+0000] {processor.py:840} INFO - DAG(s) 'init_raw_schema_dag' retrieved from /opt/airflow/dags/init_raw_schema_dag.py
[2025-05-22T16:45:40.650+0000] {logging_mixin.py:188} INFO - [2025-05-22T16:45:40.650+0000] {dag.py:3036} INFO - Sync 1 DAGs
[2025-05-22T16:45:40.663+0000] {logging_mixin.py:188} INFO - [2025-05-22T16:45:40.663+0000] {dag.py:3823} INFO - Setting next_dagrun for init_raw_schema_dag to None, run_after=None
[2025-05-22T16:45:40.687+0000] {processor.py:183} INFO - Processing /opt/airflow/dags/init_raw_schema_dag.py took 0.138 seconds
[2025-05-22T16:46:11.206+0000] {processor.py:161} INFO - Started process (PID=31725) to work on /opt/airflow/dags/init_raw_schema_dag.py
[2025-05-22T16:46:11.209+0000] {processor.py:830} INFO - Processing file /opt/airflow/dags/init_raw_schema_dag.py for tasks to queue
[2025-05-22T16:46:11.212+0000] {logging_mixin.py:188} INFO - [2025-05-22T16:46:11.211+0000] {dagbag.py:538} INFO - Filling up the DagBag from /opt/airflow/dags/init_raw_schema_dag.py
[2025-05-22T16:46:11.250+0000] {processor.py:840} INFO - DAG(s) 'init_raw_schema_dag' retrieved from /opt/airflow/dags/init_raw_schema_dag.py
[2025-05-22T16:46:11.290+0000] {logging_mixin.py:188} INFO - [2025-05-22T16:46:11.289+0000] {dag.py:3036} INFO - Sync 1 DAGs
[2025-05-22T16:46:11.303+0000] {logging_mixin.py:188} INFO - [2025-05-22T16:46:11.302+0000] {dag.py:3823} INFO - Setting next_dagrun for init_raw_schema_dag to None, run_after=None
[2025-05-22T16:46:11.319+0000] {processor.py:183} INFO - Processing /opt/airflow/dags/init_raw_schema_dag.py took 0.134 seconds
[2025-05-22T16:46:41.841+0000] {processor.py:161} INFO - Started process (PID=31740) to work on /opt/airflow/dags/init_raw_schema_dag.py
[2025-05-22T16:46:41.849+0000] {processor.py:830} INFO - Processing file /opt/airflow/dags/init_raw_schema_dag.py for tasks to queue
[2025-05-22T16:46:41.850+0000] {logging_mixin.py:188} INFO - [2025-05-22T16:46:41.850+0000] {dagbag.py:538} INFO - Filling up the DagBag from /opt/airflow/dags/init_raw_schema_dag.py
[2025-05-22T16:46:41.893+0000] {processor.py:840} INFO - DAG(s) 'init_raw_schema_dag' retrieved from /opt/airflow/dags/init_raw_schema_dag.py
[2025-05-22T16:46:41.935+0000] {logging_mixin.py:188} INFO - [2025-05-22T16:46:41.935+0000] {dag.py:3036} INFO - Sync 1 DAGs
[2025-05-22T16:46:41.953+0000] {logging_mixin.py:188} INFO - [2025-05-22T16:46:41.953+0000] {dag.py:3823} INFO - Setting next_dagrun for init_raw_schema_dag to None, run_after=None
[2025-05-22T16:46:42.143+0000] {processor.py:183} INFO - Processing /opt/airflow/dags/init_raw_schema_dag.py took 0.311 seconds
[2025-05-22T16:47:12.680+0000] {processor.py:161} INFO - Started process (PID=31755) to work on /opt/airflow/dags/init_raw_schema_dag.py
[2025-05-22T16:47:12.682+0000] {processor.py:830} INFO - Processing file /opt/airflow/dags/init_raw_schema_dag.py for tasks to queue
[2025-05-22T16:47:12.683+0000] {logging_mixin.py:188} INFO - [2025-05-22T16:47:12.683+0000] {dagbag.py:538} INFO - Filling up the DagBag from /opt/airflow/dags/init_raw_schema_dag.py
[2025-05-22T16:47:12.726+0000] {processor.py:840} INFO - DAG(s) 'init_raw_schema_dag' retrieved from /opt/airflow/dags/init_raw_schema_dag.py
[2025-05-22T16:47:12.768+0000] {logging_mixin.py:188} INFO - [2025-05-22T16:47:12.768+0000] {dag.py:3036} INFO - Sync 1 DAGs
[2025-05-22T16:47:12.963+0000] {logging_mixin.py:188} INFO - [2025-05-22T16:47:12.962+0000] {dag.py:3823} INFO - Setting next_dagrun for init_raw_schema_dag to None, run_after=None
[2025-05-22T16:47:12.974+0000] {processor.py:183} INFO - Processing /opt/airflow/dags/init_raw_schema_dag.py took 0.306 seconds
[2025-05-22T16:47:43.372+0000] {processor.py:161} INFO - Started process (PID=31770) to work on /opt/airflow/dags/init_raw_schema_dag.py
[2025-05-22T16:47:43.376+0000] {processor.py:830} INFO - Processing file /opt/airflow/dags/init_raw_schema_dag.py for tasks to queue
[2025-05-22T16:47:43.378+0000] {logging_mixin.py:188} INFO - [2025-05-22T16:47:43.378+0000] {dagbag.py:538} INFO - Filling up the DagBag from /opt/airflow/dags/init_raw_schema_dag.py
[2025-05-22T16:47:43.419+0000] {processor.py:840} INFO - DAG(s) 'init_raw_schema_dag' retrieved from /opt/airflow/dags/init_raw_schema_dag.py
[2025-05-22T16:47:43.642+0000] {logging_mixin.py:188} INFO - [2025-05-22T16:47:43.642+0000] {dag.py:3036} INFO - Sync 1 DAGs
[2025-05-22T16:47:43.648+0000] {logging_mixin.py:188} INFO - [2025-05-22T16:47:43.648+0000] {dag.py:3823} INFO - Setting next_dagrun for init_raw_schema_dag to None, run_after=None
[2025-05-22T16:47:43.659+0000] {processor.py:183} INFO - Processing /opt/airflow/dags/init_raw_schema_dag.py took 0.302 seconds
[2025-05-22T16:48:14.198+0000] {processor.py:161} INFO - Started process (PID=31785) to work on /opt/airflow/dags/init_raw_schema_dag.py
[2025-05-22T16:48:14.202+0000] {processor.py:830} INFO - Processing file /opt/airflow/dags/init_raw_schema_dag.py for tasks to queue
[2025-05-22T16:48:14.205+0000] {logging_mixin.py:188} INFO - [2025-05-22T16:48:14.204+0000] {dagbag.py:538} INFO - Filling up the DagBag from /opt/airflow/dags/init_raw_schema_dag.py
[2025-05-22T16:48:14.250+0000] {processor.py:840} INFO - DAG(s) 'init_raw_schema_dag' retrieved from /opt/airflow/dags/init_raw_schema_dag.py
[2025-05-22T16:48:14.286+0000] {logging_mixin.py:188} INFO - [2025-05-22T16:48:14.286+0000] {dag.py:3036} INFO - Sync 1 DAGs
[2025-05-22T16:48:14.299+0000] {logging_mixin.py:188} INFO - [2025-05-22T16:48:14.299+0000] {dag.py:3823} INFO - Setting next_dagrun for init_raw_schema_dag to None, run_after=None
[2025-05-22T16:48:14.319+0000] {processor.py:183} INFO - Processing /opt/airflow/dags/init_raw_schema_dag.py took 0.136 seconds
[2025-05-22T16:48:44.745+0000] {processor.py:161} INFO - Started process (PID=31800) to work on /opt/airflow/dags/init_raw_schema_dag.py
[2025-05-22T16:48:44.751+0000] {processor.py:830} INFO - Processing file /opt/airflow/dags/init_raw_schema_dag.py for tasks to queue
[2025-05-22T16:48:44.753+0000] {logging_mixin.py:188} INFO - [2025-05-22T16:48:44.752+0000] {dagbag.py:538} INFO - Filling up the DagBag from /opt/airflow/dags/init_raw_schema_dag.py
[2025-05-22T16:48:44.794+0000] {processor.py:840} INFO - DAG(s) 'init_raw_schema_dag' retrieved from /opt/airflow/dags/init_raw_schema_dag.py
[2025-05-22T16:48:44.827+0000] {logging_mixin.py:188} INFO - [2025-05-22T16:48:44.827+0000] {dag.py:3036} INFO - Sync 1 DAGs
[2025-05-22T16:48:44.841+0000] {logging_mixin.py:188} INFO - [2025-05-22T16:48:44.841+0000] {dag.py:3823} INFO - Setting next_dagrun for init_raw_schema_dag to None, run_after=None
[2025-05-22T16:48:44.858+0000] {processor.py:183} INFO - Processing /opt/airflow/dags/init_raw_schema_dag.py took 0.124 seconds
[2025-05-22T16:49:15.305+0000] {processor.py:161} INFO - Started process (PID=31815) to work on /opt/airflow/dags/init_raw_schema_dag.py
[2025-05-22T16:49:15.308+0000] {processor.py:830} INFO - Processing file /opt/airflow/dags/init_raw_schema_dag.py for tasks to queue
[2025-05-22T16:49:15.309+0000] {logging_mixin.py:188} INFO - [2025-05-22T16:49:15.309+0000] {dagbag.py:538} INFO - Filling up the DagBag from /opt/airflow/dags/init_raw_schema_dag.py
[2025-05-22T16:49:15.354+0000] {processor.py:840} INFO - DAG(s) 'init_raw_schema_dag' retrieved from /opt/airflow/dags/init_raw_schema_dag.py
[2025-05-22T16:49:15.389+0000] {logging_mixin.py:188} INFO - [2025-05-22T16:49:15.389+0000] {dag.py:3036} INFO - Sync 1 DAGs
[2025-05-22T16:49:15.404+0000] {logging_mixin.py:188} INFO - [2025-05-22T16:49:15.404+0000] {dag.py:3823} INFO - Setting next_dagrun for init_raw_schema_dag to None, run_after=None
[2025-05-22T16:49:15.596+0000] {processor.py:183} INFO - Processing /opt/airflow/dags/init_raw_schema_dag.py took 0.303 seconds
[2025-05-22T16:49:46.068+0000] {processor.py:161} INFO - Started process (PID=31830) to work on /opt/airflow/dags/init_raw_schema_dag.py
[2025-05-22T16:49:46.071+0000] {processor.py:830} INFO - Processing file /opt/airflow/dags/init_raw_schema_dag.py for tasks to queue
[2025-05-22T16:49:46.072+0000] {logging_mixin.py:188} INFO - [2025-05-22T16:49:46.072+0000] {dagbag.py:538} INFO - Filling up the DagBag from /opt/airflow/dags/init_raw_schema_dag.py
[2025-05-22T16:49:46.113+0000] {processor.py:840} INFO - DAG(s) 'init_raw_schema_dag' retrieved from /opt/airflow/dags/init_raw_schema_dag.py
[2025-05-22T16:49:46.147+0000] {logging_mixin.py:188} INFO - [2025-05-22T16:49:46.147+0000] {dag.py:3036} INFO - Sync 1 DAGs
[2025-05-22T16:49:46.337+0000] {logging_mixin.py:188} INFO - [2025-05-22T16:49:46.337+0000] {dag.py:3823} INFO - Setting next_dagrun for init_raw_schema_dag to None, run_after=None
[2025-05-22T16:49:46.350+0000] {processor.py:183} INFO - Processing /opt/airflow/dags/init_raw_schema_dag.py took 0.297 seconds
[2025-05-22T16:50:16.794+0000] {processor.py:161} INFO - Started process (PID=31845) to work on /opt/airflow/dags/init_raw_schema_dag.py
[2025-05-22T16:50:16.797+0000] {processor.py:830} INFO - Processing file /opt/airflow/dags/init_raw_schema_dag.py for tasks to queue
[2025-05-22T16:50:16.799+0000] {logging_mixin.py:188} INFO - [2025-05-22T16:50:16.799+0000] {dagbag.py:538} INFO - Filling up the DagBag from /opt/airflow/dags/init_raw_schema_dag.py
[2025-05-22T16:50:16.835+0000] {processor.py:840} INFO - DAG(s) 'init_raw_schema_dag' retrieved from /opt/airflow/dags/init_raw_schema_dag.py
[2025-05-22T16:50:17.064+0000] {logging_mixin.py:188} INFO - [2025-05-22T16:50:17.063+0000] {dag.py:3036} INFO - Sync 1 DAGs
[2025-05-22T16:50:17.072+0000] {logging_mixin.py:188} INFO - [2025-05-22T16:50:17.072+0000] {dag.py:3823} INFO - Setting next_dagrun for init_raw_schema_dag to None, run_after=None
[2025-05-22T16:50:17.082+0000] {processor.py:183} INFO - Processing /opt/airflow/dags/init_raw_schema_dag.py took 0.298 seconds
[2025-05-22T16:50:47.551+0000] {processor.py:161} INFO - Started process (PID=31860) to work on /opt/airflow/dags/init_raw_schema_dag.py
[2025-05-22T16:50:47.553+0000] {processor.py:830} INFO - Processing file /opt/airflow/dags/init_raw_schema_dag.py for tasks to queue
[2025-05-22T16:50:47.555+0000] {logging_mixin.py:188} INFO - [2025-05-22T16:50:47.555+0000] {dagbag.py:538} INFO - Filling up the DagBag from /opt/airflow/dags/init_raw_schema_dag.py
[2025-05-22T16:50:47.595+0000] {processor.py:840} INFO - DAG(s) 'init_raw_schema_dag' retrieved from /opt/airflow/dags/init_raw_schema_dag.py
[2025-05-22T16:50:47.624+0000] {logging_mixin.py:188} INFO - [2025-05-22T16:50:47.624+0000] {dag.py:3036} INFO - Sync 1 DAGs
[2025-05-22T16:50:47.636+0000] {logging_mixin.py:188} INFO - [2025-05-22T16:50:47.636+0000] {dag.py:3823} INFO - Setting next_dagrun for init_raw_schema_dag to None, run_after=None
[2025-05-22T16:50:47.654+0000] {processor.py:183} INFO - Processing /opt/airflow/dags/init_raw_schema_dag.py took 0.120 seconds
[2025-05-22T16:51:18.122+0000] {processor.py:161} INFO - Started process (PID=31875) to work on /opt/airflow/dags/init_raw_schema_dag.py
[2025-05-22T16:51:18.124+0000] {processor.py:830} INFO - Processing file /opt/airflow/dags/init_raw_schema_dag.py for tasks to queue
[2025-05-22T16:51:18.126+0000] {logging_mixin.py:188} INFO - [2025-05-22T16:51:18.126+0000] {dagbag.py:538} INFO - Filling up the DagBag from /opt/airflow/dags/init_raw_schema_dag.py
[2025-05-22T16:51:18.160+0000] {processor.py:840} INFO - DAG(s) 'init_raw_schema_dag' retrieved from /opt/airflow/dags/init_raw_schema_dag.py
[2025-05-22T16:51:18.197+0000] {logging_mixin.py:188} INFO - [2025-05-22T16:51:18.197+0000] {dag.py:3036} INFO - Sync 1 DAGs
[2025-05-22T16:51:18.212+0000] {logging_mixin.py:188} INFO - [2025-05-22T16:51:18.212+0000] {dag.py:3823} INFO - Setting next_dagrun for init_raw_schema_dag to None, run_after=None
[2025-05-22T16:51:18.228+0000] {processor.py:183} INFO - Processing /opt/airflow/dags/init_raw_schema_dag.py took 0.119 seconds
[2025-05-22T16:51:48.671+0000] {processor.py:161} INFO - Started process (PID=31890) to work on /opt/airflow/dags/init_raw_schema_dag.py
[2025-05-22T16:51:48.675+0000] {processor.py:830} INFO - Processing file /opt/airflow/dags/init_raw_schema_dag.py for tasks to queue
[2025-05-22T16:51:48.678+0000] {logging_mixin.py:188} INFO - [2025-05-22T16:51:48.677+0000] {dagbag.py:538} INFO - Filling up the DagBag from /opt/airflow/dags/init_raw_schema_dag.py
[2025-05-22T16:51:48.712+0000] {processor.py:840} INFO - DAG(s) 'init_raw_schema_dag' retrieved from /opt/airflow/dags/init_raw_schema_dag.py
[2025-05-22T16:51:48.739+0000] {logging_mixin.py:188} INFO - [2025-05-22T16:51:48.738+0000] {dag.py:3036} INFO - Sync 1 DAGs
[2025-05-22T16:51:48.753+0000] {logging_mixin.py:188} INFO - [2025-05-22T16:51:48.753+0000] {dag.py:3823} INFO - Setting next_dagrun for init_raw_schema_dag to None, run_after=None
[2025-05-22T16:51:48.960+0000] {processor.py:183} INFO - Processing /opt/airflow/dags/init_raw_schema_dag.py took 0.302 seconds
[2025-05-22T16:52:19.387+0000] {processor.py:161} INFO - Started process (PID=31905) to work on /opt/airflow/dags/init_raw_schema_dag.py
[2025-05-22T16:52:19.390+0000] {processor.py:830} INFO - Processing file /opt/airflow/dags/init_raw_schema_dag.py for tasks to queue
[2025-05-22T16:52:19.391+0000] {logging_mixin.py:188} INFO - [2025-05-22T16:52:19.391+0000] {dagbag.py:538} INFO - Filling up the DagBag from /opt/airflow/dags/init_raw_schema_dag.py
[2025-05-22T16:52:19.434+0000] {processor.py:840} INFO - DAG(s) 'init_raw_schema_dag' retrieved from /opt/airflow/dags/init_raw_schema_dag.py
[2025-05-22T16:52:19.464+0000] {logging_mixin.py:188} INFO - [2025-05-22T16:52:19.464+0000] {dag.py:3036} INFO - Sync 1 DAGs
[2025-05-22T16:52:19.661+0000] {logging_mixin.py:188} INFO - [2025-05-22T16:52:19.661+0000] {dag.py:3823} INFO - Setting next_dagrun for init_raw_schema_dag to None, run_after=None
[2025-05-22T16:52:19.671+0000] {processor.py:183} INFO - Processing /opt/airflow/dags/init_raw_schema_dag.py took 0.299 seconds
[2025-05-22T16:52:50.111+0000] {processor.py:161} INFO - Started process (PID=31920) to work on /opt/airflow/dags/init_raw_schema_dag.py
[2025-05-22T16:52:50.115+0000] {processor.py:830} INFO - Processing file /opt/airflow/dags/init_raw_schema_dag.py for tasks to queue
[2025-05-22T16:52:50.117+0000] {logging_mixin.py:188} INFO - [2025-05-22T16:52:50.117+0000] {dagbag.py:538} INFO - Filling up the DagBag from /opt/airflow/dags/init_raw_schema_dag.py
[2025-05-22T16:52:50.149+0000] {processor.py:840} INFO - DAG(s) 'init_raw_schema_dag' retrieved from /opt/airflow/dags/init_raw_schema_dag.py
[2025-05-22T16:52:50.366+0000] {logging_mixin.py:188} INFO - [2025-05-22T16:52:50.366+0000] {dag.py:3036} INFO - Sync 1 DAGs
[2025-05-22T16:52:50.373+0000] {logging_mixin.py:188} INFO - [2025-05-22T16:52:50.373+0000] {dag.py:3823} INFO - Setting next_dagrun for init_raw_schema_dag to None, run_after=None
[2025-05-22T16:52:50.384+0000] {processor.py:183} INFO - Processing /opt/airflow/dags/init_raw_schema_dag.py took 0.288 seconds
[2025-05-22T16:53:20.769+0000] {processor.py:161} INFO - Started process (PID=31935) to work on /opt/airflow/dags/init_raw_schema_dag.py
[2025-05-22T16:53:20.771+0000] {processor.py:830} INFO - Processing file /opt/airflow/dags/init_raw_schema_dag.py for tasks to queue
[2025-05-22T16:53:20.773+0000] {logging_mixin.py:188} INFO - [2025-05-22T16:53:20.772+0000] {dagbag.py:538} INFO - Filling up the DagBag from /opt/airflow/dags/init_raw_schema_dag.py
[2025-05-22T16:53:20.814+0000] {processor.py:840} INFO - DAG(s) 'init_raw_schema_dag' retrieved from /opt/airflow/dags/init_raw_schema_dag.py
[2025-05-22T16:53:20.844+0000] {logging_mixin.py:188} INFO - [2025-05-22T16:53:20.844+0000] {dag.py:3036} INFO - Sync 1 DAGs
[2025-05-22T16:53:20.858+0000] {logging_mixin.py:188} INFO - [2025-05-22T16:53:20.858+0000] {dag.py:3823} INFO - Setting next_dagrun for init_raw_schema_dag to None, run_after=None
[2025-05-22T16:53:20.873+0000] {processor.py:183} INFO - Processing /opt/airflow/dags/init_raw_schema_dag.py took 0.116 seconds
[2025-05-22T16:53:51.365+0000] {processor.py:161} INFO - Started process (PID=31950) to work on /opt/airflow/dags/init_raw_schema_dag.py
[2025-05-22T16:53:51.368+0000] {processor.py:830} INFO - Processing file /opt/airflow/dags/init_raw_schema_dag.py for tasks to queue
[2025-05-22T16:53:51.369+0000] {logging_mixin.py:188} INFO - [2025-05-22T16:53:51.369+0000] {dagbag.py:538} INFO - Filling up the DagBag from /opt/airflow/dags/init_raw_schema_dag.py
[2025-05-22T16:53:51.404+0000] {processor.py:840} INFO - DAG(s) 'init_raw_schema_dag' retrieved from /opt/airflow/dags/init_raw_schema_dag.py
[2025-05-22T16:53:51.436+0000] {logging_mixin.py:188} INFO - [2025-05-22T16:53:51.435+0000] {dag.py:3036} INFO - Sync 1 DAGs
[2025-05-22T16:53:51.446+0000] {logging_mixin.py:188} INFO - [2025-05-22T16:53:51.446+0000] {dag.py:3823} INFO - Setting next_dagrun for init_raw_schema_dag to None, run_after=None
[2025-05-22T16:53:51.461+0000] {processor.py:183} INFO - Processing /opt/airflow/dags/init_raw_schema_dag.py took 0.108 seconds
[2025-05-22T16:54:21.952+0000] {processor.py:161} INFO - Started process (PID=31965) to work on /opt/airflow/dags/init_raw_schema_dag.py
[2025-05-22T16:54:21.954+0000] {processor.py:830} INFO - Processing file /opt/airflow/dags/init_raw_schema_dag.py for tasks to queue
[2025-05-22T16:54:21.957+0000] {logging_mixin.py:188} INFO - [2025-05-22T16:54:21.955+0000] {dagbag.py:538} INFO - Filling up the DagBag from /opt/airflow/dags/init_raw_schema_dag.py
[2025-05-22T16:54:21.998+0000] {processor.py:840} INFO - DAG(s) 'init_raw_schema_dag' retrieved from /opt/airflow/dags/init_raw_schema_dag.py
[2025-05-22T16:54:22.031+0000] {logging_mixin.py:188} INFO - [2025-05-22T16:54:22.031+0000] {dag.py:3036} INFO - Sync 1 DAGs
[2025-05-22T16:54:22.045+0000] {logging_mixin.py:188} INFO - [2025-05-22T16:54:22.045+0000] {dag.py:3823} INFO - Setting next_dagrun for init_raw_schema_dag to None, run_after=None
[2025-05-22T16:54:22.241+0000] {processor.py:183} INFO - Processing /opt/airflow/dags/init_raw_schema_dag.py took 0.299 seconds
[2025-05-22T16:54:52.692+0000] {processor.py:161} INFO - Started process (PID=31980) to work on /opt/airflow/dags/init_raw_schema_dag.py
[2025-05-22T16:54:52.694+0000] {processor.py:830} INFO - Processing file /opt/airflow/dags/init_raw_schema_dag.py for tasks to queue
[2025-05-22T16:54:52.695+0000] {logging_mixin.py:188} INFO - [2025-05-22T16:54:52.695+0000] {dagbag.py:538} INFO - Filling up the DagBag from /opt/airflow/dags/init_raw_schema_dag.py
[2025-05-22T16:54:52.726+0000] {processor.py:840} INFO - DAG(s) 'init_raw_schema_dag' retrieved from /opt/airflow/dags/init_raw_schema_dag.py
[2025-05-22T16:54:52.758+0000] {logging_mixin.py:188} INFO - [2025-05-22T16:54:52.757+0000] {dag.py:3036} INFO - Sync 1 DAGs
[2025-05-22T16:54:52.944+0000] {logging_mixin.py:188} INFO - [2025-05-22T16:54:52.944+0000] {dag.py:3823} INFO - Setting next_dagrun for init_raw_schema_dag to None, run_after=None
[2025-05-22T16:54:52.954+0000] {processor.py:183} INFO - Processing /opt/airflow/dags/init_raw_schema_dag.py took 0.266 seconds
[2025-05-22T16:55:23.327+0000] {processor.py:161} INFO - Started process (PID=31995) to work on /opt/airflow/dags/init_raw_schema_dag.py
[2025-05-22T16:55:23.331+0000] {processor.py:830} INFO - Processing file /opt/airflow/dags/init_raw_schema_dag.py for tasks to queue
[2025-05-22T16:55:23.332+0000] {logging_mixin.py:188} INFO - [2025-05-22T16:55:23.332+0000] {dagbag.py:538} INFO - Filling up the DagBag from /opt/airflow/dags/init_raw_schema_dag.py
[2025-05-22T16:55:23.376+0000] {processor.py:840} INFO - DAG(s) 'init_raw_schema_dag' retrieved from /opt/airflow/dags/init_raw_schema_dag.py
[2025-05-22T16:55:23.592+0000] {logging_mixin.py:188} INFO - [2025-05-22T16:55:23.592+0000] {dag.py:3036} INFO - Sync 1 DAGs
[2025-05-22T16:55:23.597+0000] {logging_mixin.py:188} INFO - [2025-05-22T16:55:23.597+0000] {dag.py:3823} INFO - Setting next_dagrun for init_raw_schema_dag to None, run_after=None
[2025-05-22T16:55:23.608+0000] {processor.py:183} INFO - Processing /opt/airflow/dags/init_raw_schema_dag.py took 0.295 seconds
[2025-05-22T17:11:10.533+0000] {processor.py:161} INFO - Started process (PID=32012) to work on /opt/airflow/dags/init_raw_schema_dag.py
[2025-05-22T17:11:10.536+0000] {processor.py:830} INFO - Processing file /opt/airflow/dags/init_raw_schema_dag.py for tasks to queue
[2025-05-22T17:11:10.537+0000] {logging_mixin.py:188} INFO - [2025-05-22T17:11:10.537+0000] {dagbag.py:538} INFO - Filling up the DagBag from /opt/airflow/dags/init_raw_schema_dag.py
[2025-05-22T17:11:10.567+0000] {processor.py:840} INFO - DAG(s) 'init_raw_schema_dag' retrieved from /opt/airflow/dags/init_raw_schema_dag.py
[2025-05-22T17:11:10.612+0000] {logging_mixin.py:188} INFO - [2025-05-22T17:11:10.612+0000] {dag.py:3036} INFO - Sync 1 DAGs
[2025-05-22T17:11:10.645+0000] {logging_mixin.py:188} INFO - [2025-05-22T17:11:10.645+0000] {dag.py:3823} INFO - Setting next_dagrun for init_raw_schema_dag to None, run_after=None
[2025-05-22T17:11:10.678+0000] {processor.py:183} INFO - Processing /opt/airflow/dags/init_raw_schema_dag.py took 0.155 seconds
[2025-05-22T18:02:04.029+0000] {processor.py:161} INFO - Started process (PID=32027) to work on /opt/airflow/dags/init_raw_schema_dag.py
[2025-05-22T18:02:04.031+0000] {processor.py:830} INFO - Processing file /opt/airflow/dags/init_raw_schema_dag.py for tasks to queue
[2025-05-22T18:02:04.033+0000] {logging_mixin.py:188} INFO - [2025-05-22T18:02:04.032+0000] {dagbag.py:538} INFO - Filling up the DagBag from /opt/airflow/dags/init_raw_schema_dag.py
[2025-05-22T18:02:04.079+0000] {processor.py:840} INFO - DAG(s) 'init_raw_schema_dag' retrieved from /opt/airflow/dags/init_raw_schema_dag.py
[2025-05-22T18:02:04.137+0000] {logging_mixin.py:188} INFO - [2025-05-22T18:02:04.136+0000] {dag.py:3036} INFO - Sync 1 DAGs
[2025-05-22T18:02:04.159+0000] {logging_mixin.py:188} INFO - [2025-05-22T18:02:04.158+0000] {dag.py:3823} INFO - Setting next_dagrun for init_raw_schema_dag to None, run_after=None
[2025-05-22T18:02:04.197+0000] {processor.py:183} INFO - Processing /opt/airflow/dags/init_raw_schema_dag.py took 0.181 seconds
[2025-05-22T18:20:26.570+0000] {processor.py:161} INFO - Started process (PID=32043) to work on /opt/airflow/dags/init_raw_schema_dag.py
[2025-05-22T18:20:26.571+0000] {processor.py:830} INFO - Processing file /opt/airflow/dags/init_raw_schema_dag.py for tasks to queue
[2025-05-22T18:20:26.572+0000] {logging_mixin.py:188} INFO - [2025-05-22T18:20:26.572+0000] {dagbag.py:538} INFO - Filling up the DagBag from /opt/airflow/dags/init_raw_schema_dag.py
[2025-05-22T18:20:26.609+0000] {processor.py:840} INFO - DAG(s) 'init_raw_schema_dag' retrieved from /opt/airflow/dags/init_raw_schema_dag.py
[2025-05-22T18:20:26.634+0000] {logging_mixin.py:188} INFO - [2025-05-22T18:20:26.634+0000] {dag.py:3036} INFO - Sync 1 DAGs
[2025-05-22T18:20:26.646+0000] {logging_mixin.py:188} INFO - [2025-05-22T18:20:26.646+0000] {dag.py:3823} INFO - Setting next_dagrun for init_raw_schema_dag to None, run_after=None
[2025-05-22T18:20:26.661+0000] {processor.py:183} INFO - Processing /opt/airflow/dags/init_raw_schema_dag.py took 0.103 seconds
[2025-05-22T18:53:48.110+0000] {processor.py:161} INFO - Started process (PID=32059) to work on /opt/airflow/dags/init_raw_schema_dag.py
[2025-05-22T18:53:48.113+0000] {processor.py:830} INFO - Processing file /opt/airflow/dags/init_raw_schema_dag.py for tasks to queue
[2025-05-22T18:53:48.115+0000] {logging_mixin.py:188} INFO - [2025-05-22T18:53:48.114+0000] {dagbag.py:538} INFO - Filling up the DagBag from /opt/airflow/dags/init_raw_schema_dag.py
[2025-05-22T18:53:48.176+0000] {processor.py:840} INFO - DAG(s) 'init_raw_schema_dag' retrieved from /opt/airflow/dags/init_raw_schema_dag.py
[2025-05-22T18:53:48.231+0000] {logging_mixin.py:188} INFO - [2025-05-22T18:53:48.231+0000] {dag.py:3036} INFO - Sync 1 DAGs
[2025-05-22T18:53:48.519+0000] {logging_mixin.py:188} INFO - [2025-05-22T18:53:48.518+0000] {dag.py:3823} INFO - Setting next_dagrun for init_raw_schema_dag to None, run_after=None
[2025-05-22T18:53:48.555+0000] {processor.py:183} INFO - Processing /opt/airflow/dags/init_raw_schema_dag.py took 0.459 seconds
[2025-05-22T19:11:50.538+0000] {processor.py:161} INFO - Started process (PID=32074) to work on /opt/airflow/dags/init_raw_schema_dag.py
[2025-05-22T19:11:50.543+0000] {processor.py:830} INFO - Processing file /opt/airflow/dags/init_raw_schema_dag.py for tasks to queue
[2025-05-22T19:11:50.550+0000] {logging_mixin.py:188} INFO - [2025-05-22T19:11:50.548+0000] {dagbag.py:538} INFO - Filling up the DagBag from /opt/airflow/dags/init_raw_schema_dag.py
[2025-05-22T19:11:50.586+0000] {processor.py:840} INFO - DAG(s) 'init_raw_schema_dag' retrieved from /opt/airflow/dags/init_raw_schema_dag.py
[2025-05-22T19:11:50.888+0000] {logging_mixin.py:188} INFO - [2025-05-22T19:11:50.888+0000] {dag.py:3036} INFO - Sync 1 DAGs
[2025-05-22T19:11:50.899+0000] {logging_mixin.py:188} INFO - [2025-05-22T19:11:50.899+0000] {dag.py:3823} INFO - Setting next_dagrun for init_raw_schema_dag to None, run_after=None
[2025-05-22T19:11:50.917+0000] {processor.py:183} INFO - Processing /opt/airflow/dags/init_raw_schema_dag.py took 0.391 seconds
[2025-05-22T19:29:49.234+0000] {processor.py:161} INFO - Started process (PID=32089) to work on /opt/airflow/dags/init_raw_schema_dag.py
[2025-05-22T19:29:49.239+0000] {processor.py:830} INFO - Processing file /opt/airflow/dags/init_raw_schema_dag.py for tasks to queue
[2025-05-22T19:29:49.242+0000] {logging_mixin.py:188} INFO - [2025-05-22T19:29:49.241+0000] {dagbag.py:538} INFO - Filling up the DagBag from /opt/airflow/dags/init_raw_schema_dag.py
[2025-05-22T19:29:49.298+0000] {processor.py:840} INFO - DAG(s) 'init_raw_schema_dag' retrieved from /opt/airflow/dags/init_raw_schema_dag.py
[2025-05-22T19:29:49.351+0000] {logging_mixin.py:188} INFO - [2025-05-22T19:29:49.351+0000] {dag.py:3036} INFO - Sync 1 DAGs
[2025-05-22T19:29:49.377+0000] {logging_mixin.py:188} INFO - [2025-05-22T19:29:49.377+0000] {dag.py:3823} INFO - Setting next_dagrun for init_raw_schema_dag to None, run_after=None
[2025-05-22T19:29:49.420+0000] {processor.py:183} INFO - Processing /opt/airflow/dags/init_raw_schema_dag.py took 0.196 seconds
[2025-05-22T20:28:34.302+0000] {processor.py:161} INFO - Started process (PID=32104) to work on /opt/airflow/dags/init_raw_schema_dag.py
[2025-05-22T20:28:34.307+0000] {processor.py:830} INFO - Processing file /opt/airflow/dags/init_raw_schema_dag.py for tasks to queue
[2025-05-22T20:28:34.309+0000] {logging_mixin.py:188} INFO - [2025-05-22T20:28:34.308+0000] {dagbag.py:538} INFO - Filling up the DagBag from /opt/airflow/dags/init_raw_schema_dag.py
[2025-05-22T20:28:34.382+0000] {processor.py:840} INFO - DAG(s) 'init_raw_schema_dag' retrieved from /opt/airflow/dags/init_raw_schema_dag.py
[2025-05-22T20:28:34.435+0000] {logging_mixin.py:188} INFO - [2025-05-22T20:28:34.435+0000] {dag.py:3036} INFO - Sync 1 DAGs
[2025-05-22T20:28:34.465+0000] {logging_mixin.py:188} INFO - [2025-05-22T20:28:34.464+0000] {dag.py:3823} INFO - Setting next_dagrun for init_raw_schema_dag to None, run_after=None
[2025-05-22T20:28:34.531+0000] {processor.py:183} INFO - Processing /opt/airflow/dags/init_raw_schema_dag.py took 0.242 seconds
[2025-05-22T21:13:14.247+0000] {processor.py:161} INFO - Started process (PID=32119) to work on /opt/airflow/dags/init_raw_schema_dag.py
[2025-05-22T21:13:14.250+0000] {processor.py:830} INFO - Processing file /opt/airflow/dags/init_raw_schema_dag.py for tasks to queue
[2025-05-22T21:13:14.255+0000] {logging_mixin.py:188} INFO - [2025-05-22T21:13:14.253+0000] {dagbag.py:538} INFO - Filling up the DagBag from /opt/airflow/dags/init_raw_schema_dag.py
[2025-05-22T21:13:14.311+0000] {processor.py:840} INFO - DAG(s) 'init_raw_schema_dag' retrieved from /opt/airflow/dags/init_raw_schema_dag.py
[2025-05-22T21:13:14.365+0000] {logging_mixin.py:188} INFO - [2025-05-22T21:13:14.364+0000] {dag.py:3036} INFO - Sync 1 DAGs
[2025-05-22T21:13:14.710+0000] {logging_mixin.py:188} INFO - [2025-05-22T21:13:14.709+0000] {dag.py:3823} INFO - Setting next_dagrun for init_raw_schema_dag to None, run_after=None
[2025-05-22T21:13:14.739+0000] {processor.py:183} INFO - Processing /opt/airflow/dags/init_raw_schema_dag.py took 0.511 seconds
[2025-05-22T21:13:45.243+0000] {processor.py:161} INFO - Started process (PID=32134) to work on /opt/airflow/dags/init_raw_schema_dag.py
[2025-05-22T21:13:45.246+0000] {processor.py:830} INFO - Processing file /opt/airflow/dags/init_raw_schema_dag.py for tasks to queue
[2025-05-22T21:13:45.248+0000] {logging_mixin.py:188} INFO - [2025-05-22T21:13:45.247+0000] {dagbag.py:538} INFO - Filling up the DagBag from /opt/airflow/dags/init_raw_schema_dag.py
[2025-05-22T21:13:45.280+0000] {processor.py:840} INFO - DAG(s) 'init_raw_schema_dag' retrieved from /opt/airflow/dags/init_raw_schema_dag.py
[2025-05-22T21:13:45.503+0000] {logging_mixin.py:188} INFO - [2025-05-22T21:13:45.503+0000] {dag.py:3036} INFO - Sync 1 DAGs
[2025-05-22T21:13:45.511+0000] {logging_mixin.py:188} INFO - [2025-05-22T21:13:45.510+0000] {dag.py:3823} INFO - Setting next_dagrun for init_raw_schema_dag to None, run_after=None
[2025-05-22T21:13:45.525+0000] {processor.py:183} INFO - Processing /opt/airflow/dags/init_raw_schema_dag.py took 0.288 seconds
[2025-05-22T21:59:05.674+0000] {processor.py:161} INFO - Started process (PID=32149) to work on /opt/airflow/dags/init_raw_schema_dag.py
[2025-05-22T21:59:05.679+0000] {processor.py:830} INFO - Processing file /opt/airflow/dags/init_raw_schema_dag.py for tasks to queue
[2025-05-22T21:59:05.680+0000] {logging_mixin.py:188} INFO - [2025-05-22T21:59:05.680+0000] {dagbag.py:538} INFO - Filling up the DagBag from /opt/airflow/dags/init_raw_schema_dag.py
[2025-05-22T21:59:06.444+0000] {processor.py:840} INFO - DAG(s) 'init_raw_schema_dag' retrieved from /opt/airflow/dags/init_raw_schema_dag.py
[2025-05-22T21:59:06.471+0000] {logging_mixin.py:188} INFO - [2025-05-22T21:59:06.470+0000] {dag.py:3036} INFO - Sync 1 DAGs
[2025-05-22T21:59:06.479+0000] {logging_mixin.py:188} INFO - [2025-05-22T21:59:06.479+0000] {dag.py:3823} INFO - Setting next_dagrun for init_raw_schema_dag to None, run_after=None
[2025-05-22T21:59:06.499+0000] {processor.py:183} INFO - Processing /opt/airflow/dags/init_raw_schema_dag.py took 0.835 seconds
[2025-05-22T22:16:57.532+0000] {processor.py:161} INFO - Started process (PID=32164) to work on /opt/airflow/dags/init_raw_schema_dag.py
[2025-05-22T22:16:57.535+0000] {processor.py:830} INFO - Processing file /opt/airflow/dags/init_raw_schema_dag.py for tasks to queue
[2025-05-22T22:16:57.539+0000] {logging_mixin.py:188} INFO - [2025-05-22T22:16:57.536+0000] {dagbag.py:538} INFO - Filling up the DagBag from /opt/airflow/dags/init_raw_schema_dag.py
[2025-05-22T22:16:57.599+0000] {processor.py:840} INFO - DAG(s) 'init_raw_schema_dag' retrieved from /opt/airflow/dags/init_raw_schema_dag.py
[2025-05-22T22:16:57.644+0000] {logging_mixin.py:188} INFO - [2025-05-22T22:16:57.644+0000] {dag.py:3036} INFO - Sync 1 DAGs
[2025-05-22T22:16:57.661+0000] {logging_mixin.py:188} INFO - [2025-05-22T22:16:57.661+0000] {dag.py:3823} INFO - Setting next_dagrun for init_raw_schema_dag to None, run_after=None
[2025-05-22T22:16:57.693+0000] {processor.py:183} INFO - Processing /opt/airflow/dags/init_raw_schema_dag.py took 0.167 seconds
[2025-05-22T23:15:37.848+0000] {processor.py:161} INFO - Started process (PID=32181) to work on /opt/airflow/dags/init_raw_schema_dag.py
[2025-05-22T23:15:37.850+0000] {processor.py:830} INFO - Processing file /opt/airflow/dags/init_raw_schema_dag.py for tasks to queue
[2025-05-22T23:15:37.854+0000] {logging_mixin.py:188} INFO - [2025-05-22T23:15:37.853+0000] {dagbag.py:538} INFO - Filling up the DagBag from /opt/airflow/dags/init_raw_schema_dag.py
[2025-05-22T23:15:37.890+0000] {processor.py:840} INFO - DAG(s) 'init_raw_schema_dag' retrieved from /opt/airflow/dags/init_raw_schema_dag.py
[2025-05-22T23:15:37.916+0000] {logging_mixin.py:188} INFO - [2025-05-22T23:15:37.916+0000] {dag.py:3036} INFO - Sync 1 DAGs
[2025-05-22T23:15:37.928+0000] {logging_mixin.py:188} INFO - [2025-05-22T23:15:37.927+0000] {dag.py:3823} INFO - Setting next_dagrun for init_raw_schema_dag to None, run_after=None
[2025-05-22T23:15:37.939+0000] {processor.py:183} INFO - Processing /opt/airflow/dags/init_raw_schema_dag.py took 0.101 seconds
[2025-05-22T23:34:01.425+0000] {processor.py:161} INFO - Started process (PID=32196) to work on /opt/airflow/dags/init_raw_schema_dag.py
[2025-05-22T23:34:01.427+0000] {processor.py:830} INFO - Processing file /opt/airflow/dags/init_raw_schema_dag.py for tasks to queue
[2025-05-22T23:34:01.430+0000] {logging_mixin.py:188} INFO - [2025-05-22T23:34:01.429+0000] {dagbag.py:538} INFO - Filling up the DagBag from /opt/airflow/dags/init_raw_schema_dag.py
[2025-05-22T23:34:01.468+0000] {processor.py:840} INFO - DAG(s) 'init_raw_schema_dag' retrieved from /opt/airflow/dags/init_raw_schema_dag.py
[2025-05-22T23:34:01.508+0000] {logging_mixin.py:188} INFO - [2025-05-22T23:34:01.508+0000] {dag.py:3036} INFO - Sync 1 DAGs
[2025-05-22T23:34:01.536+0000] {logging_mixin.py:188} INFO - [2025-05-22T23:34:01.536+0000] {dag.py:3823} INFO - Setting next_dagrun for init_raw_schema_dag to None, run_after=None
[2025-05-22T23:34:01.579+0000] {processor.py:183} INFO - Processing /opt/airflow/dags/init_raw_schema_dag.py took 0.162 seconds
[2025-05-22T23:37:58.732+0000] {processor.py:161} INFO - Started process (PID=32211) to work on /opt/airflow/dags/init_raw_schema_dag.py
[2025-05-22T23:37:58.735+0000] {processor.py:830} INFO - Processing file /opt/airflow/dags/init_raw_schema_dag.py for tasks to queue
[2025-05-22T23:37:58.738+0000] {logging_mixin.py:188} INFO - [2025-05-22T23:37:58.738+0000] {dagbag.py:538} INFO - Filling up the DagBag from /opt/airflow/dags/init_raw_schema_dag.py
[2025-05-22T23:37:58.770+0000] {processor.py:840} INFO - DAG(s) 'init_raw_schema_dag' retrieved from /opt/airflow/dags/init_raw_schema_dag.py
[2025-05-22T23:37:58.808+0000] {logging_mixin.py:188} INFO - [2025-05-22T23:37:58.808+0000] {dag.py:3036} INFO - Sync 1 DAGs
[2025-05-22T23:37:58.822+0000] {logging_mixin.py:188} INFO - [2025-05-22T23:37:58.822+0000] {dag.py:3823} INFO - Setting next_dagrun for init_raw_schema_dag to None, run_after=None
[2025-05-22T23:37:58.859+0000] {processor.py:183} INFO - Processing /opt/airflow/dags/init_raw_schema_dag.py took 0.139 seconds
