[2025-05-22T00:18:35.443+0000] {processor.py:161} INFO - Started process (PID=26599) to work on /opt/airflow/dags/raw_to_staging_dag.py
[2025-05-22T00:18:35.447+0000] {processor.py:830} INFO - Processing file /opt/airflow/dags/raw_to_staging_dag.py for tasks to queue
[2025-05-22T00:18:35.449+0000] {logging_mixin.py:188} INFO - [2025-05-22T00:18:35.449+0000] {dagbag.py:538} INFO - Filling up the DagBag from /opt/airflow/dags/raw_to_staging_dag.py
[2025-05-22T00:18:35.607+0000] {logging_mixin.py:188} WARNING - /home/airflow/.local/lib/python3.9/site-packages/airflow/providers/common/sql/operators/sql.py:139 RemovedInAirflow3Warning: The 'task_concurrency' parameter is deprecated. Please use 'max_active_tis_per_dag'.
[2025-05-22T00:18:35.657+0000] {processor.py:840} INFO - DAG(s) 'raw_to_staging_dag' retrieved from /opt/airflow/dags/raw_to_staging_dag.py
[2025-05-22T00:18:35.739+0000] {logging_mixin.py:188} INFO - [2025-05-22T00:18:35.739+0000] {dag.py:3036} INFO - Sync 1 DAGs
[2025-05-22T00:18:35.792+0000] {logging_mixin.py:188} INFO - [2025-05-22T00:18:35.792+0000] {dag.py:3823} INFO - Setting next_dagrun for raw_to_staging_dag to 2025-02-18 00:00:00+00:00, run_after=2025-02-19 00:00:00+00:00
[2025-05-22T00:18:35.839+0000] {processor.py:183} INFO - Processing /opt/airflow/dags/raw_to_staging_dag.py took 0.411 seconds
[2025-05-22T00:34:07.612+0000] {processor.py:161} INFO - Started process (PID=26610) to work on /opt/airflow/dags/raw_to_staging_dag.py
[2025-05-22T00:34:07.614+0000] {processor.py:830} INFO - Processing file /opt/airflow/dags/raw_to_staging_dag.py for tasks to queue
[2025-05-22T00:34:07.615+0000] {logging_mixin.py:188} INFO - [2025-05-22T00:34:07.615+0000] {dagbag.py:538} INFO - Filling up the DagBag from /opt/airflow/dags/raw_to_staging_dag.py
[2025-05-22T00:34:07.640+0000] {logging_mixin.py:188} WARNING - /home/airflow/.local/lib/python3.9/site-packages/airflow/providers/common/sql/operators/sql.py:139 RemovedInAirflow3Warning: The 'task_concurrency' parameter is deprecated. Please use 'max_active_tis_per_dag'.
[2025-05-22T00:34:07.666+0000] {processor.py:840} INFO - DAG(s) 'raw_to_staging_dag' retrieved from /opt/airflow/dags/raw_to_staging_dag.py
[2025-05-22T00:34:07.705+0000] {logging_mixin.py:188} INFO - [2025-05-22T00:34:07.704+0000] {dag.py:3036} INFO - Sync 1 DAGs
[2025-05-22T00:34:07.742+0000] {logging_mixin.py:188} INFO - [2025-05-22T00:34:07.742+0000] {dag.py:3823} INFO - Setting next_dagrun for raw_to_staging_dag to 2025-02-18 00:00:00+00:00, run_after=2025-02-19 00:00:00+00:00
[2025-05-22T00:34:07.775+0000] {processor.py:183} INFO - Processing /opt/airflow/dags/raw_to_staging_dag.py took 0.169 seconds
[2025-05-22T01:03:46.701+0000] {processor.py:161} INFO - Started process (PID=26620) to work on /opt/airflow/dags/raw_to_staging_dag.py
[2025-05-22T01:03:46.702+0000] {processor.py:830} INFO - Processing file /opt/airflow/dags/raw_to_staging_dag.py for tasks to queue
[2025-05-22T01:03:46.705+0000] {logging_mixin.py:188} INFO - [2025-05-22T01:03:46.704+0000] {dagbag.py:538} INFO - Filling up the DagBag from /opt/airflow/dags/raw_to_staging_dag.py
[2025-05-22T01:03:46.737+0000] {logging_mixin.py:188} WARNING - /home/airflow/.local/lib/python3.9/site-packages/airflow/providers/common/sql/operators/sql.py:139 RemovedInAirflow3Warning: The 'task_concurrency' parameter is deprecated. Please use 'max_active_tis_per_dag'.
[2025-05-22T01:03:46.764+0000] {processor.py:840} INFO - DAG(s) 'raw_to_staging_dag' retrieved from /opt/airflow/dags/raw_to_staging_dag.py
[2025-05-22T01:03:46.823+0000] {logging_mixin.py:188} INFO - [2025-05-22T01:03:46.823+0000] {dag.py:3036} INFO - Sync 1 DAGs
[2025-05-22T01:03:46.896+0000] {logging_mixin.py:188} INFO - [2025-05-22T01:03:46.896+0000] {dag.py:3823} INFO - Setting next_dagrun for raw_to_staging_dag to 2025-02-18 00:00:00+00:00, run_after=2025-02-19 00:00:00+00:00
[2025-05-22T01:03:46.934+0000] {processor.py:183} INFO - Processing /opt/airflow/dags/raw_to_staging_dag.py took 0.238 seconds
[2025-05-22T01:04:44.799+0000] {processor.py:161} INFO - Started process (PID=26630) to work on /opt/airflow/dags/raw_to_staging_dag.py
[2025-05-22T01:04:44.801+0000] {processor.py:830} INFO - Processing file /opt/airflow/dags/raw_to_staging_dag.py for tasks to queue
[2025-05-22T01:04:44.802+0000] {logging_mixin.py:188} INFO - [2025-05-22T01:04:44.802+0000] {dagbag.py:538} INFO - Filling up the DagBag from /opt/airflow/dags/raw_to_staging_dag.py
[2025-05-22T01:04:44.836+0000] {logging_mixin.py:188} WARNING - /home/airflow/.local/lib/python3.9/site-packages/airflow/providers/common/sql/operators/sql.py:139 RemovedInAirflow3Warning: The 'task_concurrency' parameter is deprecated. Please use 'max_active_tis_per_dag'.
[2025-05-22T01:04:44.861+0000] {processor.py:840} INFO - DAG(s) 'raw_to_staging_dag' retrieved from /opt/airflow/dags/raw_to_staging_dag.py
[2025-05-22T01:04:44.887+0000] {logging_mixin.py:188} INFO - [2025-05-22T01:04:44.887+0000] {dag.py:3036} INFO - Sync 1 DAGs
[2025-05-22T01:04:44.906+0000] {logging_mixin.py:188} INFO - [2025-05-22T01:04:44.906+0000] {dag.py:3823} INFO - Setting next_dagrun for raw_to_staging_dag to 2025-02-18 00:00:00+00:00, run_after=2025-02-19 00:00:00+00:00
[2025-05-22T01:04:44.913+0000] {processor.py:183} INFO - Processing /opt/airflow/dags/raw_to_staging_dag.py took 0.121 seconds
[2025-05-22T01:05:15.410+0000] {processor.py:161} INFO - Started process (PID=26640) to work on /opt/airflow/dags/raw_to_staging_dag.py
[2025-05-22T01:05:15.416+0000] {processor.py:830} INFO - Processing file /opt/airflow/dags/raw_to_staging_dag.py for tasks to queue
[2025-05-22T01:05:15.417+0000] {logging_mixin.py:188} INFO - [2025-05-22T01:05:15.416+0000] {dagbag.py:538} INFO - Filling up the DagBag from /opt/airflow/dags/raw_to_staging_dag.py
[2025-05-22T01:05:15.445+0000] {logging_mixin.py:188} WARNING - /home/airflow/.local/lib/python3.9/site-packages/airflow/providers/common/sql/operators/sql.py:139 RemovedInAirflow3Warning: The 'task_concurrency' parameter is deprecated. Please use 'max_active_tis_per_dag'.
[2025-05-22T01:05:15.462+0000] {processor.py:840} INFO - DAG(s) 'raw_to_staging_dag' retrieved from /opt/airflow/dags/raw_to_staging_dag.py
[2025-05-22T01:05:15.487+0000] {logging_mixin.py:188} INFO - [2025-05-22T01:05:15.487+0000] {dag.py:3036} INFO - Sync 1 DAGs
[2025-05-22T01:05:15.511+0000] {logging_mixin.py:188} INFO - [2025-05-22T01:05:15.511+0000] {dag.py:3823} INFO - Setting next_dagrun for raw_to_staging_dag to 2025-02-18 00:00:00+00:00, run_after=2025-02-19 00:00:00+00:00
[2025-05-22T01:05:15.524+0000] {processor.py:183} INFO - Processing /opt/airflow/dags/raw_to_staging_dag.py took 0.120 seconds
[2025-05-22T01:14:13.887+0000] {processor.py:161} INFO - Started process (PID=26650) to work on /opt/airflow/dags/raw_to_staging_dag.py
[2025-05-22T01:14:13.891+0000] {processor.py:830} INFO - Processing file /opt/airflow/dags/raw_to_staging_dag.py for tasks to queue
[2025-05-22T01:14:13.896+0000] {logging_mixin.py:188} INFO - [2025-05-22T01:14:13.895+0000] {dagbag.py:538} INFO - Filling up the DagBag from /opt/airflow/dags/raw_to_staging_dag.py
[2025-05-22T01:14:13.947+0000] {logging_mixin.py:188} WARNING - /home/airflow/.local/lib/python3.9/site-packages/airflow/providers/common/sql/operators/sql.py:139 RemovedInAirflow3Warning: The 'task_concurrency' parameter is deprecated. Please use 'max_active_tis_per_dag'.
[2025-05-22T01:14:13.976+0000] {processor.py:840} INFO - DAG(s) 'raw_to_staging_dag' retrieved from /opt/airflow/dags/raw_to_staging_dag.py
[2025-05-22T01:14:14.028+0000] {logging_mixin.py:188} INFO - [2025-05-22T01:14:14.028+0000] {dag.py:3036} INFO - Sync 1 DAGs
[2025-05-22T01:14:14.069+0000] {logging_mixin.py:188} INFO - [2025-05-22T01:14:14.069+0000] {dag.py:3823} INFO - Setting next_dagrun for raw_to_staging_dag to 2025-02-18 00:00:00+00:00, run_after=2025-02-19 00:00:00+00:00
[2025-05-22T01:14:14.089+0000] {processor.py:183} INFO - Processing /opt/airflow/dags/raw_to_staging_dag.py took 0.219 seconds
[2025-05-22T01:14:44.571+0000] {processor.py:161} INFO - Started process (PID=26660) to work on /opt/airflow/dags/raw_to_staging_dag.py
[2025-05-22T01:14:44.574+0000] {processor.py:830} INFO - Processing file /opt/airflow/dags/raw_to_staging_dag.py for tasks to queue
[2025-05-22T01:14:44.576+0000] {logging_mixin.py:188} INFO - [2025-05-22T01:14:44.576+0000] {dagbag.py:538} INFO - Filling up the DagBag from /opt/airflow/dags/raw_to_staging_dag.py
[2025-05-22T01:14:44.612+0000] {logging_mixin.py:188} WARNING - /home/airflow/.local/lib/python3.9/site-packages/airflow/providers/common/sql/operators/sql.py:139 RemovedInAirflow3Warning: The 'task_concurrency' parameter is deprecated. Please use 'max_active_tis_per_dag'.
[2025-05-22T01:14:44.631+0000] {processor.py:840} INFO - DAG(s) 'raw_to_staging_dag' retrieved from /opt/airflow/dags/raw_to_staging_dag.py
[2025-05-22T01:14:44.655+0000] {logging_mixin.py:188} INFO - [2025-05-22T01:14:44.655+0000] {dag.py:3036} INFO - Sync 1 DAGs
[2025-05-22T01:14:44.675+0000] {logging_mixin.py:188} INFO - [2025-05-22T01:14:44.675+0000] {dag.py:3823} INFO - Setting next_dagrun for raw_to_staging_dag to 2025-02-18 00:00:00+00:00, run_after=2025-02-19 00:00:00+00:00
[2025-05-22T01:14:44.689+0000] {processor.py:183} INFO - Processing /opt/airflow/dags/raw_to_staging_dag.py took 0.124 seconds
[2025-05-22T01:25:27.171+0000] {processor.py:161} INFO - Started process (PID=26670) to work on /opt/airflow/dags/raw_to_staging_dag.py
[2025-05-22T01:25:27.176+0000] {processor.py:830} INFO - Processing file /opt/airflow/dags/raw_to_staging_dag.py for tasks to queue
[2025-05-22T01:25:27.177+0000] {logging_mixin.py:188} INFO - [2025-05-22T01:25:27.177+0000] {dagbag.py:538} INFO - Filling up the DagBag from /opt/airflow/dags/raw_to_staging_dag.py
[2025-05-22T01:25:27.199+0000] {logging_mixin.py:188} WARNING - /home/airflow/.local/lib/python3.9/site-packages/airflow/providers/common/sql/operators/sql.py:139 RemovedInAirflow3Warning: The 'task_concurrency' parameter is deprecated. Please use 'max_active_tis_per_dag'.
[2025-05-22T01:25:27.223+0000] {processor.py:840} INFO - DAG(s) 'raw_to_staging_dag' retrieved from /opt/airflow/dags/raw_to_staging_dag.py
[2025-05-22T01:25:27.267+0000] {logging_mixin.py:188} INFO - [2025-05-22T01:25:27.267+0000] {dag.py:3036} INFO - Sync 1 DAGs
[2025-05-22T01:25:27.293+0000] {logging_mixin.py:188} INFO - [2025-05-22T01:25:27.293+0000] {dag.py:3823} INFO - Setting next_dagrun for raw_to_staging_dag to 2025-02-18 00:00:00+00:00, run_after=2025-02-19 00:00:00+00:00
[2025-05-22T01:25:27.317+0000] {processor.py:183} INFO - Processing /opt/airflow/dags/raw_to_staging_dag.py took 0.151 seconds
[2025-05-22T01:25:57.776+0000] {processor.py:161} INFO - Started process (PID=26680) to work on /opt/airflow/dags/raw_to_staging_dag.py
[2025-05-22T01:25:57.779+0000] {processor.py:830} INFO - Processing file /opt/airflow/dags/raw_to_staging_dag.py for tasks to queue
[2025-05-22T01:25:57.779+0000] {logging_mixin.py:188} INFO - [2025-05-22T01:25:57.779+0000] {dagbag.py:538} INFO - Filling up the DagBag from /opt/airflow/dags/raw_to_staging_dag.py
[2025-05-22T01:25:57.806+0000] {logging_mixin.py:188} WARNING - /home/airflow/.local/lib/python3.9/site-packages/airflow/providers/common/sql/operators/sql.py:139 RemovedInAirflow3Warning: The 'task_concurrency' parameter is deprecated. Please use 'max_active_tis_per_dag'.
[2025-05-22T01:25:57.828+0000] {processor.py:840} INFO - DAG(s) 'raw_to_staging_dag' retrieved from /opt/airflow/dags/raw_to_staging_dag.py
[2025-05-22T01:25:57.857+0000] {logging_mixin.py:188} INFO - [2025-05-22T01:25:57.856+0000] {dag.py:3036} INFO - Sync 1 DAGs
[2025-05-22T01:25:57.876+0000] {logging_mixin.py:188} INFO - [2025-05-22T01:25:57.876+0000] {dag.py:3823} INFO - Setting next_dagrun for raw_to_staging_dag to 2025-02-18 00:00:00+00:00, run_after=2025-02-19 00:00:00+00:00
[2025-05-22T01:25:57.890+0000] {processor.py:183} INFO - Processing /opt/airflow/dags/raw_to_staging_dag.py took 0.121 seconds
[2025-05-22T01:26:28.336+0000] {processor.py:161} INFO - Started process (PID=26690) to work on /opt/airflow/dags/raw_to_staging_dag.py
[2025-05-22T01:26:28.340+0000] {processor.py:830} INFO - Processing file /opt/airflow/dags/raw_to_staging_dag.py for tasks to queue
[2025-05-22T01:26:28.341+0000] {logging_mixin.py:188} INFO - [2025-05-22T01:26:28.341+0000] {dagbag.py:538} INFO - Filling up the DagBag from /opt/airflow/dags/raw_to_staging_dag.py
[2025-05-22T01:26:28.369+0000] {logging_mixin.py:188} WARNING - /home/airflow/.local/lib/python3.9/site-packages/airflow/providers/common/sql/operators/sql.py:139 RemovedInAirflow3Warning: The 'task_concurrency' parameter is deprecated. Please use 'max_active_tis_per_dag'.
[2025-05-22T01:26:28.392+0000] {processor.py:840} INFO - DAG(s) 'raw_to_staging_dag' retrieved from /opt/airflow/dags/raw_to_staging_dag.py
[2025-05-22T01:26:28.420+0000] {logging_mixin.py:188} INFO - [2025-05-22T01:26:28.420+0000] {dag.py:3036} INFO - Sync 1 DAGs
[2025-05-22T01:26:28.437+0000] {logging_mixin.py:188} INFO - [2025-05-22T01:26:28.436+0000] {dag.py:3823} INFO - Setting next_dagrun for raw_to_staging_dag to 2025-02-18 00:00:00+00:00, run_after=2025-02-19 00:00:00+00:00
[2025-05-22T01:26:28.447+0000] {processor.py:183} INFO - Processing /opt/airflow/dags/raw_to_staging_dag.py took 0.126 seconds
[2025-05-22T01:26:58.862+0000] {processor.py:161} INFO - Started process (PID=26700) to work on /opt/airflow/dags/raw_to_staging_dag.py
[2025-05-22T01:26:58.865+0000] {processor.py:830} INFO - Processing file /opt/airflow/dags/raw_to_staging_dag.py for tasks to queue
[2025-05-22T01:26:58.866+0000] {logging_mixin.py:188} INFO - [2025-05-22T01:26:58.866+0000] {dagbag.py:538} INFO - Filling up the DagBag from /opt/airflow/dags/raw_to_staging_dag.py
[2025-05-22T01:26:58.897+0000] {logging_mixin.py:188} WARNING - /home/airflow/.local/lib/python3.9/site-packages/airflow/providers/common/sql/operators/sql.py:139 RemovedInAirflow3Warning: The 'task_concurrency' parameter is deprecated. Please use 'max_active_tis_per_dag'.
[2025-05-22T01:26:58.913+0000] {processor.py:840} INFO - DAG(s) 'raw_to_staging_dag' retrieved from /opt/airflow/dags/raw_to_staging_dag.py
[2025-05-22T01:26:58.945+0000] {logging_mixin.py:188} INFO - [2025-05-22T01:26:58.945+0000] {dag.py:3036} INFO - Sync 1 DAGs
[2025-05-22T01:26:58.966+0000] {logging_mixin.py:188} INFO - [2025-05-22T01:26:58.966+0000] {dag.py:3823} INFO - Setting next_dagrun for raw_to_staging_dag to 2025-02-18 00:00:00+00:00, run_after=2025-02-19 00:00:00+00:00
[2025-05-22T01:26:58.973+0000] {processor.py:183} INFO - Processing /opt/airflow/dags/raw_to_staging_dag.py took 0.116 seconds
[2025-05-22T01:27:29.468+0000] {processor.py:161} INFO - Started process (PID=26710) to work on /opt/airflow/dags/raw_to_staging_dag.py
[2025-05-22T01:27:29.470+0000] {processor.py:830} INFO - Processing file /opt/airflow/dags/raw_to_staging_dag.py for tasks to queue
[2025-05-22T01:27:29.472+0000] {logging_mixin.py:188} INFO - [2025-05-22T01:27:29.472+0000] {dagbag.py:538} INFO - Filling up the DagBag from /opt/airflow/dags/raw_to_staging_dag.py
[2025-05-22T01:27:29.509+0000] {logging_mixin.py:188} WARNING - /home/airflow/.local/lib/python3.9/site-packages/airflow/providers/common/sql/operators/sql.py:139 RemovedInAirflow3Warning: The 'task_concurrency' parameter is deprecated. Please use 'max_active_tis_per_dag'.
[2025-05-22T01:27:29.530+0000] {processor.py:840} INFO - DAG(s) 'raw_to_staging_dag' retrieved from /opt/airflow/dags/raw_to_staging_dag.py
[2025-05-22T01:27:29.561+0000] {logging_mixin.py:188} INFO - [2025-05-22T01:27:29.561+0000] {dag.py:3036} INFO - Sync 1 DAGs
[2025-05-22T01:27:29.586+0000] {logging_mixin.py:188} INFO - [2025-05-22T01:27:29.585+0000] {dag.py:3823} INFO - Setting next_dagrun for raw_to_staging_dag to 2025-02-18 00:00:00+00:00, run_after=2025-02-19 00:00:00+00:00
[2025-05-22T01:27:29.601+0000] {processor.py:183} INFO - Processing /opt/airflow/dags/raw_to_staging_dag.py took 0.138 seconds
[2025-05-22T01:28:00.031+0000] {processor.py:161} INFO - Started process (PID=26720) to work on /opt/airflow/dags/raw_to_staging_dag.py
[2025-05-22T01:28:00.033+0000] {processor.py:830} INFO - Processing file /opt/airflow/dags/raw_to_staging_dag.py for tasks to queue
[2025-05-22T01:28:00.035+0000] {logging_mixin.py:188} INFO - [2025-05-22T01:28:00.035+0000] {dagbag.py:538} INFO - Filling up the DagBag from /opt/airflow/dags/raw_to_staging_dag.py
[2025-05-22T01:28:00.066+0000] {logging_mixin.py:188} WARNING - /home/airflow/.local/lib/python3.9/site-packages/airflow/providers/common/sql/operators/sql.py:139 RemovedInAirflow3Warning: The 'task_concurrency' parameter is deprecated. Please use 'max_active_tis_per_dag'.
[2025-05-22T01:28:00.088+0000] {processor.py:840} INFO - DAG(s) 'raw_to_staging_dag' retrieved from /opt/airflow/dags/raw_to_staging_dag.py
[2025-05-22T01:28:00.115+0000] {logging_mixin.py:188} INFO - [2025-05-22T01:28:00.115+0000] {dag.py:3036} INFO - Sync 1 DAGs
[2025-05-22T01:28:00.134+0000] {logging_mixin.py:188} INFO - [2025-05-22T01:28:00.134+0000] {dag.py:3823} INFO - Setting next_dagrun for raw_to_staging_dag to 2025-02-18 00:00:00+00:00, run_after=2025-02-19 00:00:00+00:00
[2025-05-22T01:28:00.145+0000] {processor.py:183} INFO - Processing /opt/airflow/dags/raw_to_staging_dag.py took 0.118 seconds
[2025-05-22T01:28:30.629+0000] {processor.py:161} INFO - Started process (PID=26730) to work on /opt/airflow/dags/raw_to_staging_dag.py
[2025-05-22T01:28:30.633+0000] {processor.py:830} INFO - Processing file /opt/airflow/dags/raw_to_staging_dag.py for tasks to queue
[2025-05-22T01:28:30.634+0000] {logging_mixin.py:188} INFO - [2025-05-22T01:28:30.633+0000] {dagbag.py:538} INFO - Filling up the DagBag from /opt/airflow/dags/raw_to_staging_dag.py
[2025-05-22T01:28:30.662+0000] {logging_mixin.py:188} WARNING - /home/airflow/.local/lib/python3.9/site-packages/airflow/providers/common/sql/operators/sql.py:139 RemovedInAirflow3Warning: The 'task_concurrency' parameter is deprecated. Please use 'max_active_tis_per_dag'.
[2025-05-22T01:28:30.684+0000] {processor.py:840} INFO - DAG(s) 'raw_to_staging_dag' retrieved from /opt/airflow/dags/raw_to_staging_dag.py
[2025-05-22T01:28:30.710+0000] {logging_mixin.py:188} INFO - [2025-05-22T01:28:30.709+0000] {dag.py:3036} INFO - Sync 1 DAGs
[2025-05-22T01:28:30.728+0000] {logging_mixin.py:188} INFO - [2025-05-22T01:28:30.728+0000] {dag.py:3823} INFO - Setting next_dagrun for raw_to_staging_dag to 2025-02-18 00:00:00+00:00, run_after=2025-02-19 00:00:00+00:00
[2025-05-22T01:28:30.735+0000] {processor.py:183} INFO - Processing /opt/airflow/dags/raw_to_staging_dag.py took 0.113 seconds
[2025-05-22T01:29:01.182+0000] {processor.py:161} INFO - Started process (PID=26740) to work on /opt/airflow/dags/raw_to_staging_dag.py
[2025-05-22T01:29:01.184+0000] {processor.py:830} INFO - Processing file /opt/airflow/dags/raw_to_staging_dag.py for tasks to queue
[2025-05-22T01:29:01.184+0000] {logging_mixin.py:188} INFO - [2025-05-22T01:29:01.184+0000] {dagbag.py:538} INFO - Filling up the DagBag from /opt/airflow/dags/raw_to_staging_dag.py
[2025-05-22T01:29:01.213+0000] {logging_mixin.py:188} WARNING - /home/airflow/.local/lib/python3.9/site-packages/airflow/providers/common/sql/operators/sql.py:139 RemovedInAirflow3Warning: The 'task_concurrency' parameter is deprecated. Please use 'max_active_tis_per_dag'.
[2025-05-22T01:29:01.232+0000] {processor.py:840} INFO - DAG(s) 'raw_to_staging_dag' retrieved from /opt/airflow/dags/raw_to_staging_dag.py
[2025-05-22T01:29:01.253+0000] {logging_mixin.py:188} INFO - [2025-05-22T01:29:01.253+0000] {dag.py:3036} INFO - Sync 1 DAGs
[2025-05-22T01:29:01.269+0000] {logging_mixin.py:188} INFO - [2025-05-22T01:29:01.269+0000] {dag.py:3823} INFO - Setting next_dagrun for raw_to_staging_dag to 2025-02-18 00:00:00+00:00, run_after=2025-02-19 00:00:00+00:00
[2025-05-22T01:29:01.280+0000] {processor.py:183} INFO - Processing /opt/airflow/dags/raw_to_staging_dag.py took 0.103 seconds
[2025-05-22T01:29:31.744+0000] {processor.py:161} INFO - Started process (PID=26750) to work on /opt/airflow/dags/raw_to_staging_dag.py
[2025-05-22T01:29:31.749+0000] {processor.py:830} INFO - Processing file /opt/airflow/dags/raw_to_staging_dag.py for tasks to queue
[2025-05-22T01:29:31.750+0000] {logging_mixin.py:188} INFO - [2025-05-22T01:29:31.749+0000] {dagbag.py:538} INFO - Filling up the DagBag from /opt/airflow/dags/raw_to_staging_dag.py
[2025-05-22T01:29:31.774+0000] {logging_mixin.py:188} WARNING - /home/airflow/.local/lib/python3.9/site-packages/airflow/providers/common/sql/operators/sql.py:139 RemovedInAirflow3Warning: The 'task_concurrency' parameter is deprecated. Please use 'max_active_tis_per_dag'.
[2025-05-22T01:29:31.793+0000] {processor.py:840} INFO - DAG(s) 'raw_to_staging_dag' retrieved from /opt/airflow/dags/raw_to_staging_dag.py
[2025-05-22T01:29:31.814+0000] {logging_mixin.py:188} INFO - [2025-05-22T01:29:31.814+0000] {dag.py:3036} INFO - Sync 1 DAGs
[2025-05-22T01:29:31.831+0000] {logging_mixin.py:188} INFO - [2025-05-22T01:29:31.831+0000] {dag.py:3823} INFO - Setting next_dagrun for raw_to_staging_dag to 2025-02-18 00:00:00+00:00, run_after=2025-02-19 00:00:00+00:00
[2025-05-22T01:29:31.840+0000] {processor.py:183} INFO - Processing /opt/airflow/dags/raw_to_staging_dag.py took 0.102 seconds
[2025-05-22T01:30:02.250+0000] {processor.py:161} INFO - Started process (PID=26760) to work on /opt/airflow/dags/raw_to_staging_dag.py
[2025-05-22T01:30:02.252+0000] {processor.py:830} INFO - Processing file /opt/airflow/dags/raw_to_staging_dag.py for tasks to queue
[2025-05-22T01:30:02.253+0000] {logging_mixin.py:188} INFO - [2025-05-22T01:30:02.253+0000] {dagbag.py:538} INFO - Filling up the DagBag from /opt/airflow/dags/raw_to_staging_dag.py
[2025-05-22T01:30:02.279+0000] {logging_mixin.py:188} WARNING - /home/airflow/.local/lib/python3.9/site-packages/airflow/providers/common/sql/operators/sql.py:139 RemovedInAirflow3Warning: The 'task_concurrency' parameter is deprecated. Please use 'max_active_tis_per_dag'.
[2025-05-22T01:30:02.304+0000] {processor.py:840} INFO - DAG(s) 'raw_to_staging_dag' retrieved from /opt/airflow/dags/raw_to_staging_dag.py
[2025-05-22T01:30:02.332+0000] {logging_mixin.py:188} INFO - [2025-05-22T01:30:02.332+0000] {dag.py:3036} INFO - Sync 1 DAGs
[2025-05-22T01:30:02.352+0000] {logging_mixin.py:188} INFO - [2025-05-22T01:30:02.352+0000] {dag.py:3823} INFO - Setting next_dagrun for raw_to_staging_dag to 2025-02-18 00:00:00+00:00, run_after=2025-02-19 00:00:00+00:00
[2025-05-22T01:30:02.362+0000] {processor.py:183} INFO - Processing /opt/airflow/dags/raw_to_staging_dag.py took 0.118 seconds
[2025-05-22T01:30:32.928+0000] {processor.py:161} INFO - Started process (PID=26770) to work on /opt/airflow/dags/raw_to_staging_dag.py
[2025-05-22T01:30:32.930+0000] {processor.py:830} INFO - Processing file /opt/airflow/dags/raw_to_staging_dag.py for tasks to queue
[2025-05-22T01:30:32.931+0000] {logging_mixin.py:188} INFO - [2025-05-22T01:30:32.931+0000] {dagbag.py:538} INFO - Filling up the DagBag from /opt/airflow/dags/raw_to_staging_dag.py
[2025-05-22T01:30:32.954+0000] {logging_mixin.py:188} WARNING - /home/airflow/.local/lib/python3.9/site-packages/airflow/providers/common/sql/operators/sql.py:139 RemovedInAirflow3Warning: The 'task_concurrency' parameter is deprecated. Please use 'max_active_tis_per_dag'.
[2025-05-22T01:30:32.974+0000] {processor.py:840} INFO - DAG(s) 'raw_to_staging_dag' retrieved from /opt/airflow/dags/raw_to_staging_dag.py
[2025-05-22T01:30:32.998+0000] {logging_mixin.py:188} INFO - [2025-05-22T01:30:32.998+0000] {dag.py:3036} INFO - Sync 1 DAGs
[2025-05-22T01:30:33.017+0000] {logging_mixin.py:188} INFO - [2025-05-22T01:30:33.017+0000] {dag.py:3823} INFO - Setting next_dagrun for raw_to_staging_dag to 2025-02-18 00:00:00+00:00, run_after=2025-02-19 00:00:00+00:00
[2025-05-22T01:30:33.032+0000] {processor.py:183} INFO - Processing /opt/airflow/dags/raw_to_staging_dag.py took 0.110 seconds
[2025-05-22T01:31:03.600+0000] {processor.py:161} INFO - Started process (PID=26780) to work on /opt/airflow/dags/raw_to_staging_dag.py
[2025-05-22T01:31:03.602+0000] {processor.py:830} INFO - Processing file /opt/airflow/dags/raw_to_staging_dag.py for tasks to queue
[2025-05-22T01:31:03.603+0000] {logging_mixin.py:188} INFO - [2025-05-22T01:31:03.603+0000] {dagbag.py:538} INFO - Filling up the DagBag from /opt/airflow/dags/raw_to_staging_dag.py
[2025-05-22T01:31:03.633+0000] {logging_mixin.py:188} WARNING - /home/airflow/.local/lib/python3.9/site-packages/airflow/providers/common/sql/operators/sql.py:139 RemovedInAirflow3Warning: The 'task_concurrency' parameter is deprecated. Please use 'max_active_tis_per_dag'.
[2025-05-22T01:31:03.650+0000] {processor.py:840} INFO - DAG(s) 'raw_to_staging_dag' retrieved from /opt/airflow/dags/raw_to_staging_dag.py
[2025-05-22T01:31:03.676+0000] {logging_mixin.py:188} INFO - [2025-05-22T01:31:03.675+0000] {dag.py:3036} INFO - Sync 1 DAGs
[2025-05-22T01:31:03.691+0000] {logging_mixin.py:188} INFO - [2025-05-22T01:31:03.691+0000] {dag.py:3823} INFO - Setting next_dagrun for raw_to_staging_dag to 2025-02-18 00:00:00+00:00, run_after=2025-02-19 00:00:00+00:00
[2025-05-22T01:31:03.703+0000] {processor.py:183} INFO - Processing /opt/airflow/dags/raw_to_staging_dag.py took 0.111 seconds
[2025-05-22T01:31:34.165+0000] {processor.py:161} INFO - Started process (PID=26790) to work on /opt/airflow/dags/raw_to_staging_dag.py
[2025-05-22T01:31:34.166+0000] {processor.py:830} INFO - Processing file /opt/airflow/dags/raw_to_staging_dag.py for tasks to queue
[2025-05-22T01:31:34.167+0000] {logging_mixin.py:188} INFO - [2025-05-22T01:31:34.167+0000] {dagbag.py:538} INFO - Filling up the DagBag from /opt/airflow/dags/raw_to_staging_dag.py
[2025-05-22T01:31:34.198+0000] {logging_mixin.py:188} WARNING - /home/airflow/.local/lib/python3.9/site-packages/airflow/providers/common/sql/operators/sql.py:139 RemovedInAirflow3Warning: The 'task_concurrency' parameter is deprecated. Please use 'max_active_tis_per_dag'.
[2025-05-22T01:31:34.219+0000] {processor.py:840} INFO - DAG(s) 'raw_to_staging_dag' retrieved from /opt/airflow/dags/raw_to_staging_dag.py
[2025-05-22T01:31:34.239+0000] {logging_mixin.py:188} INFO - [2025-05-22T01:31:34.239+0000] {dag.py:3036} INFO - Sync 1 DAGs
[2025-05-22T01:31:34.255+0000] {logging_mixin.py:188} INFO - [2025-05-22T01:31:34.254+0000] {dag.py:3823} INFO - Setting next_dagrun for raw_to_staging_dag to 2025-02-18 00:00:00+00:00, run_after=2025-02-19 00:00:00+00:00
[2025-05-22T01:31:34.266+0000] {processor.py:183} INFO - Processing /opt/airflow/dags/raw_to_staging_dag.py took 0.107 seconds
[2025-05-22T01:32:04.684+0000] {processor.py:161} INFO - Started process (PID=26800) to work on /opt/airflow/dags/raw_to_staging_dag.py
[2025-05-22T01:32:04.685+0000] {processor.py:830} INFO - Processing file /opt/airflow/dags/raw_to_staging_dag.py for tasks to queue
[2025-05-22T01:32:04.687+0000] {logging_mixin.py:188} INFO - [2025-05-22T01:32:04.686+0000] {dagbag.py:538} INFO - Filling up the DagBag from /opt/airflow/dags/raw_to_staging_dag.py
[2025-05-22T01:32:04.719+0000] {logging_mixin.py:188} WARNING - /home/airflow/.local/lib/python3.9/site-packages/airflow/providers/common/sql/operators/sql.py:139 RemovedInAirflow3Warning: The 'task_concurrency' parameter is deprecated. Please use 'max_active_tis_per_dag'.
[2025-05-22T01:32:04.740+0000] {processor.py:840} INFO - DAG(s) 'raw_to_staging_dag' retrieved from /opt/airflow/dags/raw_to_staging_dag.py
[2025-05-22T01:32:04.766+0000] {logging_mixin.py:188} INFO - [2025-05-22T01:32:04.766+0000] {dag.py:3036} INFO - Sync 1 DAGs
[2025-05-22T01:32:04.782+0000] {logging_mixin.py:188} INFO - [2025-05-22T01:32:04.782+0000] {dag.py:3823} INFO - Setting next_dagrun for raw_to_staging_dag to 2025-02-18 00:00:00+00:00, run_after=2025-02-19 00:00:00+00:00
[2025-05-22T01:32:04.789+0000] {processor.py:183} INFO - Processing /opt/airflow/dags/raw_to_staging_dag.py took 0.116 seconds
[2025-05-22T01:32:35.239+0000] {processor.py:161} INFO - Started process (PID=26810) to work on /opt/airflow/dags/raw_to_staging_dag.py
[2025-05-22T01:32:35.240+0000] {processor.py:830} INFO - Processing file /opt/airflow/dags/raw_to_staging_dag.py for tasks to queue
[2025-05-22T01:32:35.241+0000] {logging_mixin.py:188} INFO - [2025-05-22T01:32:35.241+0000] {dagbag.py:538} INFO - Filling up the DagBag from /opt/airflow/dags/raw_to_staging_dag.py
[2025-05-22T01:32:35.269+0000] {logging_mixin.py:188} WARNING - /home/airflow/.local/lib/python3.9/site-packages/airflow/providers/common/sql/operators/sql.py:139 RemovedInAirflow3Warning: The 'task_concurrency' parameter is deprecated. Please use 'max_active_tis_per_dag'.
[2025-05-22T01:32:35.284+0000] {processor.py:840} INFO - DAG(s) 'raw_to_staging_dag' retrieved from /opt/airflow/dags/raw_to_staging_dag.py
[2025-05-22T01:32:35.310+0000] {logging_mixin.py:188} INFO - [2025-05-22T01:32:35.309+0000] {dag.py:3036} INFO - Sync 1 DAGs
[2025-05-22T01:32:35.327+0000] {logging_mixin.py:188} INFO - [2025-05-22T01:32:35.327+0000] {dag.py:3823} INFO - Setting next_dagrun for raw_to_staging_dag to 2025-02-18 00:00:00+00:00, run_after=2025-02-19 00:00:00+00:00
[2025-05-22T01:32:35.336+0000] {processor.py:183} INFO - Processing /opt/airflow/dags/raw_to_staging_dag.py took 0.105 seconds
[2025-05-22T01:33:05.788+0000] {processor.py:161} INFO - Started process (PID=26820) to work on /opt/airflow/dags/raw_to_staging_dag.py
[2025-05-22T01:33:05.790+0000] {processor.py:830} INFO - Processing file /opt/airflow/dags/raw_to_staging_dag.py for tasks to queue
[2025-05-22T01:33:05.791+0000] {logging_mixin.py:188} INFO - [2025-05-22T01:33:05.791+0000] {dagbag.py:538} INFO - Filling up the DagBag from /opt/airflow/dags/raw_to_staging_dag.py
[2025-05-22T01:33:05.817+0000] {logging_mixin.py:188} WARNING - /home/airflow/.local/lib/python3.9/site-packages/airflow/providers/common/sql/operators/sql.py:139 RemovedInAirflow3Warning: The 'task_concurrency' parameter is deprecated. Please use 'max_active_tis_per_dag'.
[2025-05-22T01:33:05.837+0000] {processor.py:840} INFO - DAG(s) 'raw_to_staging_dag' retrieved from /opt/airflow/dags/raw_to_staging_dag.py
[2025-05-22T01:33:05.862+0000] {logging_mixin.py:188} INFO - [2025-05-22T01:33:05.862+0000] {dag.py:3036} INFO - Sync 1 DAGs
[2025-05-22T01:33:05.881+0000] {logging_mixin.py:188} INFO - [2025-05-22T01:33:05.880+0000] {dag.py:3823} INFO - Setting next_dagrun for raw_to_staging_dag to 2025-02-18 00:00:00+00:00, run_after=2025-02-19 00:00:00+00:00
[2025-05-22T01:33:05.888+0000] {processor.py:183} INFO - Processing /opt/airflow/dags/raw_to_staging_dag.py took 0.106 seconds
[2025-05-22T01:33:36.283+0000] {processor.py:161} INFO - Started process (PID=26830) to work on /opt/airflow/dags/raw_to_staging_dag.py
[2025-05-22T01:33:36.285+0000] {processor.py:830} INFO - Processing file /opt/airflow/dags/raw_to_staging_dag.py for tasks to queue
[2025-05-22T01:33:36.286+0000] {logging_mixin.py:188} INFO - [2025-05-22T01:33:36.286+0000] {dagbag.py:538} INFO - Filling up the DagBag from /opt/airflow/dags/raw_to_staging_dag.py
[2025-05-22T01:33:36.317+0000] {logging_mixin.py:188} WARNING - /home/airflow/.local/lib/python3.9/site-packages/airflow/providers/common/sql/operators/sql.py:139 RemovedInAirflow3Warning: The 'task_concurrency' parameter is deprecated. Please use 'max_active_tis_per_dag'.
[2025-05-22T01:33:36.338+0000] {processor.py:840} INFO - DAG(s) 'raw_to_staging_dag' retrieved from /opt/airflow/dags/raw_to_staging_dag.py
[2025-05-22T01:33:36.357+0000] {logging_mixin.py:188} INFO - [2025-05-22T01:33:36.357+0000] {dag.py:3036} INFO - Sync 1 DAGs
[2025-05-22T01:33:36.374+0000] {logging_mixin.py:188} INFO - [2025-05-22T01:33:36.374+0000] {dag.py:3823} INFO - Setting next_dagrun for raw_to_staging_dag to 2025-02-18 00:00:00+00:00, run_after=2025-02-19 00:00:00+00:00
[2025-05-22T01:33:36.385+0000] {processor.py:183} INFO - Processing /opt/airflow/dags/raw_to_staging_dag.py took 0.108 seconds
[2025-05-22T01:34:06.979+0000] {processor.py:161} INFO - Started process (PID=26840) to work on /opt/airflow/dags/raw_to_staging_dag.py
[2025-05-22T01:34:06.981+0000] {processor.py:830} INFO - Processing file /opt/airflow/dags/raw_to_staging_dag.py for tasks to queue
[2025-05-22T01:34:06.983+0000] {logging_mixin.py:188} INFO - [2025-05-22T01:34:06.982+0000] {dagbag.py:538} INFO - Filling up the DagBag from /opt/airflow/dags/raw_to_staging_dag.py
[2025-05-22T01:34:07.012+0000] {logging_mixin.py:188} WARNING - /home/airflow/.local/lib/python3.9/site-packages/airflow/providers/common/sql/operators/sql.py:139 RemovedInAirflow3Warning: The 'task_concurrency' parameter is deprecated. Please use 'max_active_tis_per_dag'.
[2025-05-22T01:34:07.027+0000] {processor.py:840} INFO - DAG(s) 'raw_to_staging_dag' retrieved from /opt/airflow/dags/raw_to_staging_dag.py
[2025-05-22T01:34:07.050+0000] {logging_mixin.py:188} INFO - [2025-05-22T01:34:07.050+0000] {dag.py:3036} INFO - Sync 1 DAGs
[2025-05-22T01:34:07.069+0000] {logging_mixin.py:188} INFO - [2025-05-22T01:34:07.068+0000] {dag.py:3823} INFO - Setting next_dagrun for raw_to_staging_dag to 2025-02-18 00:00:00+00:00, run_after=2025-02-19 00:00:00+00:00
[2025-05-22T01:34:07.082+0000] {processor.py:183} INFO - Processing /opt/airflow/dags/raw_to_staging_dag.py took 0.107 seconds
[2025-05-22T01:34:37.585+0000] {processor.py:161} INFO - Started process (PID=26850) to work on /opt/airflow/dags/raw_to_staging_dag.py
[2025-05-22T01:34:37.587+0000] {processor.py:830} INFO - Processing file /opt/airflow/dags/raw_to_staging_dag.py for tasks to queue
[2025-05-22T01:34:37.588+0000] {logging_mixin.py:188} INFO - [2025-05-22T01:34:37.588+0000] {dagbag.py:538} INFO - Filling up the DagBag from /opt/airflow/dags/raw_to_staging_dag.py
[2025-05-22T01:34:37.612+0000] {logging_mixin.py:188} WARNING - /home/airflow/.local/lib/python3.9/site-packages/airflow/providers/common/sql/operators/sql.py:139 RemovedInAirflow3Warning: The 'task_concurrency' parameter is deprecated. Please use 'max_active_tis_per_dag'.
[2025-05-22T01:34:37.637+0000] {processor.py:840} INFO - DAG(s) 'raw_to_staging_dag' retrieved from /opt/airflow/dags/raw_to_staging_dag.py
[2025-05-22T01:34:37.659+0000] {logging_mixin.py:188} INFO - [2025-05-22T01:34:37.659+0000] {dag.py:3036} INFO - Sync 1 DAGs
[2025-05-22T01:34:37.676+0000] {logging_mixin.py:188} INFO - [2025-05-22T01:34:37.676+0000] {dag.py:3823} INFO - Setting next_dagrun for raw_to_staging_dag to 2025-02-18 00:00:00+00:00, run_after=2025-02-19 00:00:00+00:00
[2025-05-22T01:34:37.685+0000] {processor.py:183} INFO - Processing /opt/airflow/dags/raw_to_staging_dag.py took 0.108 seconds
[2025-05-22T01:35:08.093+0000] {processor.py:161} INFO - Started process (PID=26860) to work on /opt/airflow/dags/raw_to_staging_dag.py
[2025-05-22T01:35:08.094+0000] {processor.py:830} INFO - Processing file /opt/airflow/dags/raw_to_staging_dag.py for tasks to queue
[2025-05-22T01:35:08.096+0000] {logging_mixin.py:188} INFO - [2025-05-22T01:35:08.095+0000] {dagbag.py:538} INFO - Filling up the DagBag from /opt/airflow/dags/raw_to_staging_dag.py
[2025-05-22T01:35:08.117+0000] {logging_mixin.py:188} WARNING - /home/airflow/.local/lib/python3.9/site-packages/airflow/providers/common/sql/operators/sql.py:139 RemovedInAirflow3Warning: The 'task_concurrency' parameter is deprecated. Please use 'max_active_tis_per_dag'.
[2025-05-22T01:35:08.136+0000] {processor.py:840} INFO - DAG(s) 'raw_to_staging_dag' retrieved from /opt/airflow/dags/raw_to_staging_dag.py
[2025-05-22T01:35:08.156+0000] {logging_mixin.py:188} INFO - [2025-05-22T01:35:08.156+0000] {dag.py:3036} INFO - Sync 1 DAGs
[2025-05-22T01:35:08.171+0000] {logging_mixin.py:188} INFO - [2025-05-22T01:35:08.171+0000] {dag.py:3823} INFO - Setting next_dagrun for raw_to_staging_dag to 2025-02-18 00:00:00+00:00, run_after=2025-02-19 00:00:00+00:00
[2025-05-22T01:35:08.183+0000] {processor.py:183} INFO - Processing /opt/airflow/dags/raw_to_staging_dag.py took 0.094 seconds
[2025-05-22T01:35:38.533+0000] {processor.py:161} INFO - Started process (PID=26870) to work on /opt/airflow/dags/raw_to_staging_dag.py
[2025-05-22T01:35:38.535+0000] {processor.py:830} INFO - Processing file /opt/airflow/dags/raw_to_staging_dag.py for tasks to queue
[2025-05-22T01:35:38.536+0000] {logging_mixin.py:188} INFO - [2025-05-22T01:35:38.536+0000] {dagbag.py:538} INFO - Filling up the DagBag from /opt/airflow/dags/raw_to_staging_dag.py
[2025-05-22T01:35:38.560+0000] {logging_mixin.py:188} WARNING - /home/airflow/.local/lib/python3.9/site-packages/airflow/providers/common/sql/operators/sql.py:139 RemovedInAirflow3Warning: The 'task_concurrency' parameter is deprecated. Please use 'max_active_tis_per_dag'.
[2025-05-22T01:35:38.576+0000] {processor.py:840} INFO - DAG(s) 'raw_to_staging_dag' retrieved from /opt/airflow/dags/raw_to_staging_dag.py
[2025-05-22T01:35:38.601+0000] {logging_mixin.py:188} INFO - [2025-05-22T01:35:38.601+0000] {dag.py:3036} INFO - Sync 1 DAGs
[2025-05-22T01:35:38.618+0000] {logging_mixin.py:188} INFO - [2025-05-22T01:35:38.618+0000] {dag.py:3823} INFO - Setting next_dagrun for raw_to_staging_dag to 2025-02-18 00:00:00+00:00, run_after=2025-02-19 00:00:00+00:00
[2025-05-22T01:35:38.630+0000] {processor.py:183} INFO - Processing /opt/airflow/dags/raw_to_staging_dag.py took 0.102 seconds
[2025-05-22T01:36:09.050+0000] {processor.py:161} INFO - Started process (PID=26880) to work on /opt/airflow/dags/raw_to_staging_dag.py
[2025-05-22T01:36:09.051+0000] {processor.py:830} INFO - Processing file /opt/airflow/dags/raw_to_staging_dag.py for tasks to queue
[2025-05-22T01:36:09.053+0000] {logging_mixin.py:188} INFO - [2025-05-22T01:36:09.053+0000] {dagbag.py:538} INFO - Filling up the DagBag from /opt/airflow/dags/raw_to_staging_dag.py
[2025-05-22T01:36:09.079+0000] {logging_mixin.py:188} WARNING - /home/airflow/.local/lib/python3.9/site-packages/airflow/providers/common/sql/operators/sql.py:139 RemovedInAirflow3Warning: The 'task_concurrency' parameter is deprecated. Please use 'max_active_tis_per_dag'.
[2025-05-22T01:36:09.097+0000] {processor.py:840} INFO - DAG(s) 'raw_to_staging_dag' retrieved from /opt/airflow/dags/raw_to_staging_dag.py
[2025-05-22T01:36:09.118+0000] {logging_mixin.py:188} INFO - [2025-05-22T01:36:09.118+0000] {dag.py:3036} INFO - Sync 1 DAGs
[2025-05-22T01:36:09.134+0000] {logging_mixin.py:188} INFO - [2025-05-22T01:36:09.134+0000] {dag.py:3823} INFO - Setting next_dagrun for raw_to_staging_dag to 2025-02-18 00:00:00+00:00, run_after=2025-02-19 00:00:00+00:00
[2025-05-22T01:36:09.146+0000] {processor.py:183} INFO - Processing /opt/airflow/dags/raw_to_staging_dag.py took 0.103 seconds
[2025-05-22T01:36:39.571+0000] {processor.py:161} INFO - Started process (PID=26890) to work on /opt/airflow/dags/raw_to_staging_dag.py
[2025-05-22T01:36:39.572+0000] {processor.py:830} INFO - Processing file /opt/airflow/dags/raw_to_staging_dag.py for tasks to queue
[2025-05-22T01:36:39.573+0000] {logging_mixin.py:188} INFO - [2025-05-22T01:36:39.573+0000] {dagbag.py:538} INFO - Filling up the DagBag from /opt/airflow/dags/raw_to_staging_dag.py
[2025-05-22T01:36:39.607+0000] {logging_mixin.py:188} WARNING - /home/airflow/.local/lib/python3.9/site-packages/airflow/providers/common/sql/operators/sql.py:139 RemovedInAirflow3Warning: The 'task_concurrency' parameter is deprecated. Please use 'max_active_tis_per_dag'.
[2025-05-22T01:36:39.631+0000] {processor.py:840} INFO - DAG(s) 'raw_to_staging_dag' retrieved from /opt/airflow/dags/raw_to_staging_dag.py
[2025-05-22T01:36:39.653+0000] {logging_mixin.py:188} INFO - [2025-05-22T01:36:39.653+0000] {dag.py:3036} INFO - Sync 1 DAGs
[2025-05-22T01:36:39.669+0000] {logging_mixin.py:188} INFO - [2025-05-22T01:36:39.669+0000] {dag.py:3823} INFO - Setting next_dagrun for raw_to_staging_dag to 2025-02-18 00:00:00+00:00, run_after=2025-02-19 00:00:00+00:00
[2025-05-22T01:36:39.678+0000] {processor.py:183} INFO - Processing /opt/airflow/dags/raw_to_staging_dag.py took 0.112 seconds
[2025-05-22T01:37:10.103+0000] {processor.py:161} INFO - Started process (PID=26900) to work on /opt/airflow/dags/raw_to_staging_dag.py
[2025-05-22T01:37:10.105+0000] {processor.py:830} INFO - Processing file /opt/airflow/dags/raw_to_staging_dag.py for tasks to queue
[2025-05-22T01:37:10.105+0000] {logging_mixin.py:188} INFO - [2025-05-22T01:37:10.105+0000] {dagbag.py:538} INFO - Filling up the DagBag from /opt/airflow/dags/raw_to_staging_dag.py
[2025-05-22T01:37:10.134+0000] {logging_mixin.py:188} WARNING - /home/airflow/.local/lib/python3.9/site-packages/airflow/providers/common/sql/operators/sql.py:139 RemovedInAirflow3Warning: The 'task_concurrency' parameter is deprecated. Please use 'max_active_tis_per_dag'.
[2025-05-22T01:37:10.156+0000] {processor.py:840} INFO - DAG(s) 'raw_to_staging_dag' retrieved from /opt/airflow/dags/raw_to_staging_dag.py
[2025-05-22T01:37:10.178+0000] {logging_mixin.py:188} INFO - [2025-05-22T01:37:10.177+0000] {dag.py:3036} INFO - Sync 1 DAGs
[2025-05-22T01:37:10.192+0000] {logging_mixin.py:188} INFO - [2025-05-22T01:37:10.192+0000] {dag.py:3823} INFO - Setting next_dagrun for raw_to_staging_dag to 2025-02-18 00:00:00+00:00, run_after=2025-02-19 00:00:00+00:00
[2025-05-22T01:37:10.201+0000] {processor.py:183} INFO - Processing /opt/airflow/dags/raw_to_staging_dag.py took 0.104 seconds
[2025-05-22T01:37:40.612+0000] {processor.py:161} INFO - Started process (PID=26910) to work on /opt/airflow/dags/raw_to_staging_dag.py
[2025-05-22T01:37:40.615+0000] {processor.py:830} INFO - Processing file /opt/airflow/dags/raw_to_staging_dag.py for tasks to queue
[2025-05-22T01:37:40.616+0000] {logging_mixin.py:188} INFO - [2025-05-22T01:37:40.616+0000] {dagbag.py:538} INFO - Filling up the DagBag from /opt/airflow/dags/raw_to_staging_dag.py
[2025-05-22T01:37:40.641+0000] {logging_mixin.py:188} WARNING - /home/airflow/.local/lib/python3.9/site-packages/airflow/providers/common/sql/operators/sql.py:139 RemovedInAirflow3Warning: The 'task_concurrency' parameter is deprecated. Please use 'max_active_tis_per_dag'.
[2025-05-22T01:37:40.662+0000] {processor.py:840} INFO - DAG(s) 'raw_to_staging_dag' retrieved from /opt/airflow/dags/raw_to_staging_dag.py
[2025-05-22T01:37:40.689+0000] {logging_mixin.py:188} INFO - [2025-05-22T01:37:40.689+0000] {dag.py:3036} INFO - Sync 1 DAGs
[2025-05-22T01:37:40.708+0000] {logging_mixin.py:188} INFO - [2025-05-22T01:37:40.708+0000] {dag.py:3823} INFO - Setting next_dagrun for raw_to_staging_dag to 2025-02-18 00:00:00+00:00, run_after=2025-02-19 00:00:00+00:00
[2025-05-22T01:37:40.714+0000] {processor.py:183} INFO - Processing /opt/airflow/dags/raw_to_staging_dag.py took 0.107 seconds
[2025-05-22T01:38:11.141+0000] {processor.py:161} INFO - Started process (PID=26920) to work on /opt/airflow/dags/raw_to_staging_dag.py
[2025-05-22T01:38:11.143+0000] {processor.py:830} INFO - Processing file /opt/airflow/dags/raw_to_staging_dag.py for tasks to queue
[2025-05-22T01:38:11.144+0000] {logging_mixin.py:188} INFO - [2025-05-22T01:38:11.144+0000] {dagbag.py:538} INFO - Filling up the DagBag from /opt/airflow/dags/raw_to_staging_dag.py
[2025-05-22T01:38:11.171+0000] {logging_mixin.py:188} WARNING - /home/airflow/.local/lib/python3.9/site-packages/airflow/providers/common/sql/operators/sql.py:139 RemovedInAirflow3Warning: The 'task_concurrency' parameter is deprecated. Please use 'max_active_tis_per_dag'.
[2025-05-22T01:38:11.191+0000] {processor.py:840} INFO - DAG(s) 'raw_to_staging_dag' retrieved from /opt/airflow/dags/raw_to_staging_dag.py
[2025-05-22T01:38:11.214+0000] {logging_mixin.py:188} INFO - [2025-05-22T01:38:11.214+0000] {dag.py:3036} INFO - Sync 1 DAGs
[2025-05-22T01:38:11.231+0000] {logging_mixin.py:188} INFO - [2025-05-22T01:38:11.231+0000] {dag.py:3823} INFO - Setting next_dagrun for raw_to_staging_dag to 2025-02-18 00:00:00+00:00, run_after=2025-02-19 00:00:00+00:00
[2025-05-22T01:38:11.239+0000] {processor.py:183} INFO - Processing /opt/airflow/dags/raw_to_staging_dag.py took 0.102 seconds
[2025-05-22T01:38:41.677+0000] {processor.py:161} INFO - Started process (PID=26930) to work on /opt/airflow/dags/raw_to_staging_dag.py
[2025-05-22T01:38:41.679+0000] {processor.py:830} INFO - Processing file /opt/airflow/dags/raw_to_staging_dag.py for tasks to queue
[2025-05-22T01:38:41.681+0000] {logging_mixin.py:188} INFO - [2025-05-22T01:38:41.681+0000] {dagbag.py:538} INFO - Filling up the DagBag from /opt/airflow/dags/raw_to_staging_dag.py
[2025-05-22T01:38:41.712+0000] {logging_mixin.py:188} WARNING - /home/airflow/.local/lib/python3.9/site-packages/airflow/providers/common/sql/operators/sql.py:139 RemovedInAirflow3Warning: The 'task_concurrency' parameter is deprecated. Please use 'max_active_tis_per_dag'.
[2025-05-22T01:38:41.730+0000] {processor.py:840} INFO - DAG(s) 'raw_to_staging_dag' retrieved from /opt/airflow/dags/raw_to_staging_dag.py
[2025-05-22T01:38:41.750+0000] {logging_mixin.py:188} INFO - [2025-05-22T01:38:41.750+0000] {dag.py:3036} INFO - Sync 1 DAGs
[2025-05-22T01:38:41.770+0000] {logging_mixin.py:188} INFO - [2025-05-22T01:38:41.770+0000] {dag.py:3823} INFO - Setting next_dagrun for raw_to_staging_dag to 2025-02-18 00:00:00+00:00, run_after=2025-02-19 00:00:00+00:00
[2025-05-22T01:38:41.777+0000] {processor.py:183} INFO - Processing /opt/airflow/dags/raw_to_staging_dag.py took 0.107 seconds
[2025-05-22T01:39:12.238+0000] {processor.py:161} INFO - Started process (PID=26940) to work on /opt/airflow/dags/raw_to_staging_dag.py
[2025-05-22T01:39:12.239+0000] {processor.py:830} INFO - Processing file /opt/airflow/dags/raw_to_staging_dag.py for tasks to queue
[2025-05-22T01:39:12.240+0000] {logging_mixin.py:188} INFO - [2025-05-22T01:39:12.240+0000] {dagbag.py:538} INFO - Filling up the DagBag from /opt/airflow/dags/raw_to_staging_dag.py
[2025-05-22T01:39:12.270+0000] {logging_mixin.py:188} WARNING - /home/airflow/.local/lib/python3.9/site-packages/airflow/providers/common/sql/operators/sql.py:139 RemovedInAirflow3Warning: The 'task_concurrency' parameter is deprecated. Please use 'max_active_tis_per_dag'.
[2025-05-22T01:39:12.296+0000] {processor.py:840} INFO - DAG(s) 'raw_to_staging_dag' retrieved from /opt/airflow/dags/raw_to_staging_dag.py
[2025-05-22T01:39:12.318+0000] {logging_mixin.py:188} INFO - [2025-05-22T01:39:12.317+0000] {dag.py:3036} INFO - Sync 1 DAGs
[2025-05-22T01:39:12.332+0000] {logging_mixin.py:188} INFO - [2025-05-22T01:39:12.332+0000] {dag.py:3823} INFO - Setting next_dagrun for raw_to_staging_dag to 2025-02-18 00:00:00+00:00, run_after=2025-02-19 00:00:00+00:00
[2025-05-22T01:39:12.341+0000] {processor.py:183} INFO - Processing /opt/airflow/dags/raw_to_staging_dag.py took 0.109 seconds
[2025-05-22T01:39:42.726+0000] {processor.py:161} INFO - Started process (PID=26949) to work on /opt/airflow/dags/raw_to_staging_dag.py
[2025-05-22T01:39:42.728+0000] {processor.py:830} INFO - Processing file /opt/airflow/dags/raw_to_staging_dag.py for tasks to queue
[2025-05-22T01:39:42.729+0000] {logging_mixin.py:188} INFO - [2025-05-22T01:39:42.728+0000] {dagbag.py:538} INFO - Filling up the DagBag from /opt/airflow/dags/raw_to_staging_dag.py
[2025-05-22T01:39:42.761+0000] {logging_mixin.py:188} WARNING - /home/airflow/.local/lib/python3.9/site-packages/airflow/providers/common/sql/operators/sql.py:139 RemovedInAirflow3Warning: The 'task_concurrency' parameter is deprecated. Please use 'max_active_tis_per_dag'.
[2025-05-22T01:39:42.776+0000] {processor.py:840} INFO - DAG(s) 'raw_to_staging_dag' retrieved from /opt/airflow/dags/raw_to_staging_dag.py
[2025-05-22T01:39:42.804+0000] {logging_mixin.py:188} INFO - [2025-05-22T01:39:42.804+0000] {dag.py:3036} INFO - Sync 1 DAGs
[2025-05-22T01:39:42.822+0000] {logging_mixin.py:188} INFO - [2025-05-22T01:39:42.822+0000] {dag.py:3823} INFO - Setting next_dagrun for raw_to_staging_dag to 2025-02-18 00:00:00+00:00, run_after=2025-02-19 00:00:00+00:00
[2025-05-22T01:39:42.833+0000] {processor.py:183} INFO - Processing /opt/airflow/dags/raw_to_staging_dag.py took 0.117 seconds
[2025-05-22T01:40:13.292+0000] {processor.py:161} INFO - Started process (PID=26960) to work on /opt/airflow/dags/raw_to_staging_dag.py
[2025-05-22T01:40:13.293+0000] {processor.py:830} INFO - Processing file /opt/airflow/dags/raw_to_staging_dag.py for tasks to queue
[2025-05-22T01:40:13.295+0000] {logging_mixin.py:188} INFO - [2025-05-22T01:40:13.295+0000] {dagbag.py:538} INFO - Filling up the DagBag from /opt/airflow/dags/raw_to_staging_dag.py
[2025-05-22T01:40:13.325+0000] {logging_mixin.py:188} WARNING - /home/airflow/.local/lib/python3.9/site-packages/airflow/providers/common/sql/operators/sql.py:139 RemovedInAirflow3Warning: The 'task_concurrency' parameter is deprecated. Please use 'max_active_tis_per_dag'.
[2025-05-22T01:40:13.343+0000] {processor.py:840} INFO - DAG(s) 'raw_to_staging_dag' retrieved from /opt/airflow/dags/raw_to_staging_dag.py
[2025-05-22T01:40:13.371+0000] {logging_mixin.py:188} INFO - [2025-05-22T01:40:13.371+0000] {dag.py:3036} INFO - Sync 1 DAGs
[2025-05-22T01:40:13.388+0000] {logging_mixin.py:188} INFO - [2025-05-22T01:40:13.388+0000] {dag.py:3823} INFO - Setting next_dagrun for raw_to_staging_dag to 2025-02-18 00:00:00+00:00, run_after=2025-02-19 00:00:00+00:00
[2025-05-22T01:40:13.399+0000] {processor.py:183} INFO - Processing /opt/airflow/dags/raw_to_staging_dag.py took 0.111 seconds
[2025-05-22T01:40:43.915+0000] {processor.py:161} INFO - Started process (PID=26970) to work on /opt/airflow/dags/raw_to_staging_dag.py
[2025-05-22T01:40:43.918+0000] {processor.py:830} INFO - Processing file /opt/airflow/dags/raw_to_staging_dag.py for tasks to queue
[2025-05-22T01:40:43.919+0000] {logging_mixin.py:188} INFO - [2025-05-22T01:40:43.918+0000] {dagbag.py:538} INFO - Filling up the DagBag from /opt/airflow/dags/raw_to_staging_dag.py
[2025-05-22T01:40:43.944+0000] {logging_mixin.py:188} WARNING - /home/airflow/.local/lib/python3.9/site-packages/airflow/providers/common/sql/operators/sql.py:139 RemovedInAirflow3Warning: The 'task_concurrency' parameter is deprecated. Please use 'max_active_tis_per_dag'.
[2025-05-22T01:40:43.969+0000] {processor.py:840} INFO - DAG(s) 'raw_to_staging_dag' retrieved from /opt/airflow/dags/raw_to_staging_dag.py
[2025-05-22T01:40:43.993+0000] {logging_mixin.py:188} INFO - [2025-05-22T01:40:43.993+0000] {dag.py:3036} INFO - Sync 1 DAGs
[2025-05-22T01:40:44.011+0000] {logging_mixin.py:188} INFO - [2025-05-22T01:40:44.011+0000] {dag.py:3823} INFO - Setting next_dagrun for raw_to_staging_dag to 2025-02-18 00:00:00+00:00, run_after=2025-02-19 00:00:00+00:00
[2025-05-22T01:40:44.018+0000] {processor.py:183} INFO - Processing /opt/airflow/dags/raw_to_staging_dag.py took 0.109 seconds
[2025-05-22T01:41:14.446+0000] {processor.py:161} INFO - Started process (PID=26980) to work on /opt/airflow/dags/raw_to_staging_dag.py
[2025-05-22T01:41:14.447+0000] {processor.py:830} INFO - Processing file /opt/airflow/dags/raw_to_staging_dag.py for tasks to queue
[2025-05-22T01:41:14.448+0000] {logging_mixin.py:188} INFO - [2025-05-22T01:41:14.447+0000] {dagbag.py:538} INFO - Filling up the DagBag from /opt/airflow/dags/raw_to_staging_dag.py
[2025-05-22T01:41:14.479+0000] {logging_mixin.py:188} WARNING - /home/airflow/.local/lib/python3.9/site-packages/airflow/providers/common/sql/operators/sql.py:139 RemovedInAirflow3Warning: The 'task_concurrency' parameter is deprecated. Please use 'max_active_tis_per_dag'.
[2025-05-22T01:41:14.496+0000] {processor.py:840} INFO - DAG(s) 'raw_to_staging_dag' retrieved from /opt/airflow/dags/raw_to_staging_dag.py
[2025-05-22T01:41:14.517+0000] {logging_mixin.py:188} INFO - [2025-05-22T01:41:14.517+0000] {dag.py:3036} INFO - Sync 1 DAGs
[2025-05-22T01:41:14.535+0000] {logging_mixin.py:188} INFO - [2025-05-22T01:41:14.535+0000] {dag.py:3823} INFO - Setting next_dagrun for raw_to_staging_dag to 2025-02-18 00:00:00+00:00, run_after=2025-02-19 00:00:00+00:00
[2025-05-22T01:41:14.547+0000] {processor.py:183} INFO - Processing /opt/airflow/dags/raw_to_staging_dag.py took 0.105 seconds
[2025-05-22T01:41:44.958+0000] {processor.py:161} INFO - Started process (PID=26990) to work on /opt/airflow/dags/raw_to_staging_dag.py
[2025-05-22T01:41:44.962+0000] {processor.py:830} INFO - Processing file /opt/airflow/dags/raw_to_staging_dag.py for tasks to queue
[2025-05-22T01:41:44.962+0000] {logging_mixin.py:188} INFO - [2025-05-22T01:41:44.962+0000] {dagbag.py:538} INFO - Filling up the DagBag from /opt/airflow/dags/raw_to_staging_dag.py
[2025-05-22T01:41:44.996+0000] {logging_mixin.py:188} WARNING - /home/airflow/.local/lib/python3.9/site-packages/airflow/providers/common/sql/operators/sql.py:139 RemovedInAirflow3Warning: The 'task_concurrency' parameter is deprecated. Please use 'max_active_tis_per_dag'.
[2025-05-22T01:41:45.014+0000] {processor.py:840} INFO - DAG(s) 'raw_to_staging_dag' retrieved from /opt/airflow/dags/raw_to_staging_dag.py
[2025-05-22T01:41:45.037+0000] {logging_mixin.py:188} INFO - [2025-05-22T01:41:45.037+0000] {dag.py:3036} INFO - Sync 1 DAGs
[2025-05-22T01:41:45.060+0000] {logging_mixin.py:188} INFO - [2025-05-22T01:41:45.060+0000] {dag.py:3823} INFO - Setting next_dagrun for raw_to_staging_dag to 2025-02-18 00:00:00+00:00, run_after=2025-02-19 00:00:00+00:00
[2025-05-22T01:41:45.078+0000] {processor.py:183} INFO - Processing /opt/airflow/dags/raw_to_staging_dag.py took 0.126 seconds
[2025-05-22T01:42:15.555+0000] {processor.py:161} INFO - Started process (PID=27000) to work on /opt/airflow/dags/raw_to_staging_dag.py
[2025-05-22T01:42:15.556+0000] {processor.py:830} INFO - Processing file /opt/airflow/dags/raw_to_staging_dag.py for tasks to queue
[2025-05-22T01:42:15.557+0000] {logging_mixin.py:188} INFO - [2025-05-22T01:42:15.557+0000] {dagbag.py:538} INFO - Filling up the DagBag from /opt/airflow/dags/raw_to_staging_dag.py
[2025-05-22T01:42:15.579+0000] {logging_mixin.py:188} WARNING - /home/airflow/.local/lib/python3.9/site-packages/airflow/providers/common/sql/operators/sql.py:139 RemovedInAirflow3Warning: The 'task_concurrency' parameter is deprecated. Please use 'max_active_tis_per_dag'.
[2025-05-22T01:42:15.609+0000] {processor.py:840} INFO - DAG(s) 'raw_to_staging_dag' retrieved from /opt/airflow/dags/raw_to_staging_dag.py
[2025-05-22T01:42:15.629+0000] {logging_mixin.py:188} INFO - [2025-05-22T01:42:15.629+0000] {dag.py:3036} INFO - Sync 1 DAGs
[2025-05-22T01:42:15.647+0000] {logging_mixin.py:188} INFO - [2025-05-22T01:42:15.647+0000] {dag.py:3823} INFO - Setting next_dagrun for raw_to_staging_dag to 2025-02-18 00:00:00+00:00, run_after=2025-02-19 00:00:00+00:00
[2025-05-22T01:42:15.654+0000] {processor.py:183} INFO - Processing /opt/airflow/dags/raw_to_staging_dag.py took 0.104 seconds
[2025-05-22T01:42:46.164+0000] {processor.py:161} INFO - Started process (PID=27010) to work on /opt/airflow/dags/raw_to_staging_dag.py
[2025-05-22T01:42:46.166+0000] {processor.py:830} INFO - Processing file /opt/airflow/dags/raw_to_staging_dag.py for tasks to queue
[2025-05-22T01:42:46.167+0000] {logging_mixin.py:188} INFO - [2025-05-22T01:42:46.167+0000] {dagbag.py:538} INFO - Filling up the DagBag from /opt/airflow/dags/raw_to_staging_dag.py
[2025-05-22T01:42:46.191+0000] {logging_mixin.py:188} WARNING - /home/airflow/.local/lib/python3.9/site-packages/airflow/providers/common/sql/operators/sql.py:139 RemovedInAirflow3Warning: The 'task_concurrency' parameter is deprecated. Please use 'max_active_tis_per_dag'.
[2025-05-22T01:42:46.209+0000] {processor.py:840} INFO - DAG(s) 'raw_to_staging_dag' retrieved from /opt/airflow/dags/raw_to_staging_dag.py
[2025-05-22T01:42:46.231+0000] {logging_mixin.py:188} INFO - [2025-05-22T01:42:46.231+0000] {dag.py:3036} INFO - Sync 1 DAGs
[2025-05-22T01:42:46.251+0000] {logging_mixin.py:188} INFO - [2025-05-22T01:42:46.250+0000] {dag.py:3823} INFO - Setting next_dagrun for raw_to_staging_dag to 2025-02-18 00:00:00+00:00, run_after=2025-02-19 00:00:00+00:00
[2025-05-22T01:42:46.261+0000] {processor.py:183} INFO - Processing /opt/airflow/dags/raw_to_staging_dag.py took 0.102 seconds
[2025-05-22T01:43:13.619+0000] {processor.py:161} INFO - Started process (PID=27017) to work on /opt/airflow/dags/raw_to_staging_dag.py
[2025-05-22T01:43:13.621+0000] {processor.py:830} INFO - Processing file /opt/airflow/dags/raw_to_staging_dag.py for tasks to queue
[2025-05-22T01:43:13.622+0000] {logging_mixin.py:188} INFO - [2025-05-22T01:43:13.622+0000] {dagbag.py:538} INFO - Filling up the DagBag from /opt/airflow/dags/raw_to_staging_dag.py
[2025-05-22T01:43:13.650+0000] {logging_mixin.py:188} WARNING - /home/airflow/.local/lib/python3.9/site-packages/airflow/providers/common/sql/operators/sql.py:139 RemovedInAirflow3Warning: The 'task_concurrency' parameter is deprecated. Please use 'max_active_tis_per_dag'.
[2025-05-22T01:43:13.666+0000] {processor.py:840} INFO - DAG(s) 'raw_to_staging_dag' retrieved from /opt/airflow/dags/raw_to_staging_dag.py
[2025-05-22T01:43:13.771+0000] {logging_mixin.py:188} INFO - [2025-05-22T01:43:13.771+0000] {dag.py:3036} INFO - Sync 1 DAGs
[2025-05-22T01:43:13.788+0000] {logging_mixin.py:188} INFO - [2025-05-22T01:43:13.788+0000] {dag.py:3823} INFO - Setting next_dagrun for raw_to_staging_dag to 2025-05-01 00:00:00+00:00, run_after=2025-05-02 00:00:00+00:00
[2025-05-22T01:43:13.799+0000] {processor.py:183} INFO - Processing /opt/airflow/dags/raw_to_staging_dag.py took 0.190 seconds
[2025-05-22T01:43:44.117+0000] {processor.py:161} INFO - Started process (PID=27032) to work on /opt/airflow/dags/raw_to_staging_dag.py
[2025-05-22T01:43:44.119+0000] {processor.py:830} INFO - Processing file /opt/airflow/dags/raw_to_staging_dag.py for tasks to queue
[2025-05-22T01:43:44.122+0000] {logging_mixin.py:188} INFO - [2025-05-22T01:43:44.121+0000] {dagbag.py:538} INFO - Filling up the DagBag from /opt/airflow/dags/raw_to_staging_dag.py
[2025-05-22T01:43:44.158+0000] {logging_mixin.py:188} WARNING - /home/airflow/.local/lib/python3.9/site-packages/airflow/providers/common/sql/operators/sql.py:139 RemovedInAirflow3Warning: The 'task_concurrency' parameter is deprecated. Please use 'max_active_tis_per_dag'.
[2025-05-22T01:43:44.172+0000] {processor.py:840} INFO - DAG(s) 'raw_to_staging_dag' retrieved from /opt/airflow/dags/raw_to_staging_dag.py
[2025-05-22T01:43:44.203+0000] {logging_mixin.py:188} INFO - [2025-05-22T01:43:44.203+0000] {dag.py:3036} INFO - Sync 1 DAGs
[2025-05-22T01:43:44.219+0000] {logging_mixin.py:188} INFO - [2025-05-22T01:43:44.219+0000] {dag.py:3823} INFO - Setting next_dagrun for raw_to_staging_dag to 2025-05-01 00:00:00+00:00, run_after=2025-05-02 00:00:00+00:00
[2025-05-22T01:43:44.229+0000] {processor.py:183} INFO - Processing /opt/airflow/dags/raw_to_staging_dag.py took 0.121 seconds
[2025-05-22T01:44:14.524+0000] {processor.py:161} INFO - Started process (PID=27042) to work on /opt/airflow/dags/raw_to_staging_dag.py
[2025-05-22T01:44:14.529+0000] {processor.py:830} INFO - Processing file /opt/airflow/dags/raw_to_staging_dag.py for tasks to queue
[2025-05-22T01:44:14.530+0000] {logging_mixin.py:188} INFO - [2025-05-22T01:44:14.529+0000] {dagbag.py:538} INFO - Filling up the DagBag from /opt/airflow/dags/raw_to_staging_dag.py
[2025-05-22T01:44:14.557+0000] {logging_mixin.py:188} WARNING - /home/airflow/.local/lib/python3.9/site-packages/airflow/providers/common/sql/operators/sql.py:139 RemovedInAirflow3Warning: The 'task_concurrency' parameter is deprecated. Please use 'max_active_tis_per_dag'.
[2025-05-22T01:44:14.573+0000] {processor.py:840} INFO - DAG(s) 'raw_to_staging_dag' retrieved from /opt/airflow/dags/raw_to_staging_dag.py
[2025-05-22T01:44:14.603+0000] {logging_mixin.py:188} INFO - [2025-05-22T01:44:14.603+0000] {dag.py:3036} INFO - Sync 1 DAGs
[2025-05-22T01:44:14.619+0000] {logging_mixin.py:188} INFO - [2025-05-22T01:44:14.619+0000] {dag.py:3823} INFO - Setting next_dagrun for raw_to_staging_dag to 2025-05-01 00:00:00+00:00, run_after=2025-05-02 00:00:00+00:00
[2025-05-22T01:44:14.630+0000] {processor.py:183} INFO - Processing /opt/airflow/dags/raw_to_staging_dag.py took 0.112 seconds
[2025-05-22T01:44:44.971+0000] {processor.py:161} INFO - Started process (PID=27052) to work on /opt/airflow/dags/raw_to_staging_dag.py
[2025-05-22T01:44:44.973+0000] {processor.py:830} INFO - Processing file /opt/airflow/dags/raw_to_staging_dag.py for tasks to queue
[2025-05-22T01:44:44.974+0000] {logging_mixin.py:188} INFO - [2025-05-22T01:44:44.973+0000] {dagbag.py:538} INFO - Filling up the DagBag from /opt/airflow/dags/raw_to_staging_dag.py
[2025-05-22T01:44:45.001+0000] {logging_mixin.py:188} WARNING - /home/airflow/.local/lib/python3.9/site-packages/airflow/providers/common/sql/operators/sql.py:139 RemovedInAirflow3Warning: The 'task_concurrency' parameter is deprecated. Please use 'max_active_tis_per_dag'.
[2025-05-22T01:44:45.021+0000] {processor.py:840} INFO - DAG(s) 'raw_to_staging_dag' retrieved from /opt/airflow/dags/raw_to_staging_dag.py
[2025-05-22T01:44:45.063+0000] {logging_mixin.py:188} INFO - [2025-05-22T01:44:45.063+0000] {dag.py:3036} INFO - Sync 1 DAGs
[2025-05-22T01:44:45.084+0000] {logging_mixin.py:188} INFO - [2025-05-22T01:44:45.084+0000] {dag.py:3823} INFO - Setting next_dagrun for raw_to_staging_dag to 2025-05-01 00:00:00+00:00, run_after=2025-05-02 00:00:00+00:00
[2025-05-22T01:44:45.097+0000] {processor.py:183} INFO - Processing /opt/airflow/dags/raw_to_staging_dag.py took 0.133 seconds
[2025-05-22T01:45:15.409+0000] {processor.py:161} INFO - Started process (PID=27062) to work on /opt/airflow/dags/raw_to_staging_dag.py
[2025-05-22T01:45:15.411+0000] {processor.py:830} INFO - Processing file /opt/airflow/dags/raw_to_staging_dag.py for tasks to queue
[2025-05-22T01:45:15.412+0000] {logging_mixin.py:188} INFO - [2025-05-22T01:45:15.411+0000] {dagbag.py:538} INFO - Filling up the DagBag from /opt/airflow/dags/raw_to_staging_dag.py
[2025-05-22T01:45:15.435+0000] {logging_mixin.py:188} WARNING - /home/airflow/.local/lib/python3.9/site-packages/airflow/providers/common/sql/operators/sql.py:139 RemovedInAirflow3Warning: The 'task_concurrency' parameter is deprecated. Please use 'max_active_tis_per_dag'.
[2025-05-22T01:45:15.450+0000] {processor.py:840} INFO - DAG(s) 'raw_to_staging_dag' retrieved from /opt/airflow/dags/raw_to_staging_dag.py
[2025-05-22T01:45:15.480+0000] {logging_mixin.py:188} INFO - [2025-05-22T01:45:15.479+0000] {dag.py:3036} INFO - Sync 1 DAGs
[2025-05-22T01:45:15.497+0000] {logging_mixin.py:188} INFO - [2025-05-22T01:45:15.497+0000] {dag.py:3823} INFO - Setting next_dagrun for raw_to_staging_dag to 2025-05-01 00:00:00+00:00, run_after=2025-05-02 00:00:00+00:00
[2025-05-22T01:45:15.508+0000] {processor.py:183} INFO - Processing /opt/airflow/dags/raw_to_staging_dag.py took 0.113 seconds
[2025-05-22T01:45:45.834+0000] {processor.py:161} INFO - Started process (PID=27077) to work on /opt/airflow/dags/raw_to_staging_dag.py
[2025-05-22T01:45:45.836+0000] {processor.py:830} INFO - Processing file /opt/airflow/dags/raw_to_staging_dag.py for tasks to queue
[2025-05-22T01:45:45.837+0000] {logging_mixin.py:188} INFO - [2025-05-22T01:45:45.836+0000] {dagbag.py:538} INFO - Filling up the DagBag from /opt/airflow/dags/raw_to_staging_dag.py
[2025-05-22T01:45:45.861+0000] {logging_mixin.py:188} WARNING - /home/airflow/.local/lib/python3.9/site-packages/airflow/providers/common/sql/operators/sql.py:139 RemovedInAirflow3Warning: The 'task_concurrency' parameter is deprecated. Please use 'max_active_tis_per_dag'.
[2025-05-22T01:45:45.877+0000] {processor.py:840} INFO - DAG(s) 'raw_to_staging_dag' retrieved from /opt/airflow/dags/raw_to_staging_dag.py
[2025-05-22T01:45:45.909+0000] {logging_mixin.py:188} INFO - [2025-05-22T01:45:45.909+0000] {dag.py:3036} INFO - Sync 1 DAGs
[2025-05-22T01:45:45.927+0000] {logging_mixin.py:188} INFO - [2025-05-22T01:45:45.927+0000] {dag.py:3823} INFO - Setting next_dagrun for raw_to_staging_dag to 2025-05-01 00:00:00+00:00, run_after=2025-05-02 00:00:00+00:00
[2025-05-22T01:45:45.937+0000] {processor.py:183} INFO - Processing /opt/airflow/dags/raw_to_staging_dag.py took 0.107 seconds
[2025-05-22T01:46:16.217+0000] {processor.py:161} INFO - Started process (PID=27092) to work on /opt/airflow/dags/raw_to_staging_dag.py
[2025-05-22T01:46:16.219+0000] {processor.py:830} INFO - Processing file /opt/airflow/dags/raw_to_staging_dag.py for tasks to queue
[2025-05-22T01:46:16.219+0000] {logging_mixin.py:188} INFO - [2025-05-22T01:46:16.219+0000] {dagbag.py:538} INFO - Filling up the DagBag from /opt/airflow/dags/raw_to_staging_dag.py
[2025-05-22T01:46:16.244+0000] {logging_mixin.py:188} WARNING - /home/airflow/.local/lib/python3.9/site-packages/airflow/providers/common/sql/operators/sql.py:139 RemovedInAirflow3Warning: The 'task_concurrency' parameter is deprecated. Please use 'max_active_tis_per_dag'.
[2025-05-22T01:46:16.261+0000] {processor.py:840} INFO - DAG(s) 'raw_to_staging_dag' retrieved from /opt/airflow/dags/raw_to_staging_dag.py
[2025-05-22T01:46:16.293+0000] {logging_mixin.py:188} INFO - [2025-05-22T01:46:16.293+0000] {dag.py:3036} INFO - Sync 1 DAGs
[2025-05-22T01:46:16.312+0000] {logging_mixin.py:188} INFO - [2025-05-22T01:46:16.312+0000] {dag.py:3823} INFO - Setting next_dagrun for raw_to_staging_dag to 2025-05-01 00:00:00+00:00, run_after=2025-05-02 00:00:00+00:00
[2025-05-22T01:46:16.322+0000] {processor.py:183} INFO - Processing /opt/airflow/dags/raw_to_staging_dag.py took 0.108 seconds
[2025-05-22T01:46:46.877+0000] {processor.py:161} INFO - Started process (PID=27107) to work on /opt/airflow/dags/raw_to_staging_dag.py
[2025-05-22T01:46:46.879+0000] {processor.py:830} INFO - Processing file /opt/airflow/dags/raw_to_staging_dag.py for tasks to queue
[2025-05-22T01:46:46.880+0000] {logging_mixin.py:188} INFO - [2025-05-22T01:46:46.880+0000] {dagbag.py:538} INFO - Filling up the DagBag from /opt/airflow/dags/raw_to_staging_dag.py
[2025-05-22T01:46:46.904+0000] {logging_mixin.py:188} WARNING - /home/airflow/.local/lib/python3.9/site-packages/airflow/providers/common/sql/operators/sql.py:139 RemovedInAirflow3Warning: The 'task_concurrency' parameter is deprecated. Please use 'max_active_tis_per_dag'.
[2025-05-22T01:46:46.922+0000] {processor.py:840} INFO - DAG(s) 'raw_to_staging_dag' retrieved from /opt/airflow/dags/raw_to_staging_dag.py
[2025-05-22T01:46:46.956+0000] {logging_mixin.py:188} INFO - [2025-05-22T01:46:46.956+0000] {dag.py:3036} INFO - Sync 1 DAGs
[2025-05-22T01:46:46.974+0000] {logging_mixin.py:188} INFO - [2025-05-22T01:46:46.974+0000] {dag.py:3823} INFO - Setting next_dagrun for raw_to_staging_dag to 2025-05-01 00:00:00+00:00, run_after=2025-05-02 00:00:00+00:00
[2025-05-22T01:46:46.986+0000] {processor.py:183} INFO - Processing /opt/airflow/dags/raw_to_staging_dag.py took 0.115 seconds
[2025-05-22T01:47:17.392+0000] {processor.py:161} INFO - Started process (PID=27122) to work on /opt/airflow/dags/raw_to_staging_dag.py
[2025-05-22T01:47:17.394+0000] {processor.py:830} INFO - Processing file /opt/airflow/dags/raw_to_staging_dag.py for tasks to queue
[2025-05-22T01:47:17.396+0000] {logging_mixin.py:188} INFO - [2025-05-22T01:47:17.396+0000] {dagbag.py:538} INFO - Filling up the DagBag from /opt/airflow/dags/raw_to_staging_dag.py
[2025-05-22T01:47:17.420+0000] {logging_mixin.py:188} WARNING - /home/airflow/.local/lib/python3.9/site-packages/airflow/providers/common/sql/operators/sql.py:139 RemovedInAirflow3Warning: The 'task_concurrency' parameter is deprecated. Please use 'max_active_tis_per_dag'.
[2025-05-22T01:47:17.438+0000] {processor.py:840} INFO - DAG(s) 'raw_to_staging_dag' retrieved from /opt/airflow/dags/raw_to_staging_dag.py
[2025-05-22T01:47:17.474+0000] {logging_mixin.py:188} INFO - [2025-05-22T01:47:17.473+0000] {dag.py:3036} INFO - Sync 1 DAGs
[2025-05-22T01:47:17.494+0000] {logging_mixin.py:188} INFO - [2025-05-22T01:47:17.493+0000] {dag.py:3823} INFO - Setting next_dagrun for raw_to_staging_dag to 2025-05-01 00:00:00+00:00, run_after=2025-05-02 00:00:00+00:00
[2025-05-22T01:47:17.504+0000] {processor.py:183} INFO - Processing /opt/airflow/dags/raw_to_staging_dag.py took 0.125 seconds
[2025-05-22T01:47:47.900+0000] {processor.py:161} INFO - Started process (PID=27137) to work on /opt/airflow/dags/raw_to_staging_dag.py
[2025-05-22T01:47:47.902+0000] {processor.py:830} INFO - Processing file /opt/airflow/dags/raw_to_staging_dag.py for tasks to queue
[2025-05-22T01:47:47.903+0000] {logging_mixin.py:188} INFO - [2025-05-22T01:47:47.903+0000] {dagbag.py:538} INFO - Filling up the DagBag from /opt/airflow/dags/raw_to_staging_dag.py
[2025-05-22T01:47:47.926+0000] {logging_mixin.py:188} WARNING - /home/airflow/.local/lib/python3.9/site-packages/airflow/providers/common/sql/operators/sql.py:139 RemovedInAirflow3Warning: The 'task_concurrency' parameter is deprecated. Please use 'max_active_tis_per_dag'.
[2025-05-22T01:47:47.942+0000] {processor.py:840} INFO - DAG(s) 'raw_to_staging_dag' retrieved from /opt/airflow/dags/raw_to_staging_dag.py
[2025-05-22T01:47:47.972+0000] {logging_mixin.py:188} INFO - [2025-05-22T01:47:47.972+0000] {dag.py:3036} INFO - Sync 1 DAGs
[2025-05-22T01:47:47.988+0000] {logging_mixin.py:188} INFO - [2025-05-22T01:47:47.988+0000] {dag.py:3823} INFO - Setting next_dagrun for raw_to_staging_dag to 2025-05-01 00:00:00+00:00, run_after=2025-05-02 00:00:00+00:00
[2025-05-22T01:47:48.000+0000] {processor.py:183} INFO - Processing /opt/airflow/dags/raw_to_staging_dag.py took 0.105 seconds
[2025-05-22T01:48:18.439+0000] {processor.py:161} INFO - Started process (PID=27152) to work on /opt/airflow/dags/raw_to_staging_dag.py
[2025-05-22T01:48:18.442+0000] {processor.py:830} INFO - Processing file /opt/airflow/dags/raw_to_staging_dag.py for tasks to queue
[2025-05-22T01:48:18.442+0000] {logging_mixin.py:188} INFO - [2025-05-22T01:48:18.442+0000] {dagbag.py:538} INFO - Filling up the DagBag from /opt/airflow/dags/raw_to_staging_dag.py
[2025-05-22T01:48:18.468+0000] {logging_mixin.py:188} WARNING - /home/airflow/.local/lib/python3.9/site-packages/airflow/providers/common/sql/operators/sql.py:139 RemovedInAirflow3Warning: The 'task_concurrency' parameter is deprecated. Please use 'max_active_tis_per_dag'.
[2025-05-22T01:48:18.486+0000] {processor.py:840} INFO - DAG(s) 'raw_to_staging_dag' retrieved from /opt/airflow/dags/raw_to_staging_dag.py
[2025-05-22T01:48:18.534+0000] {logging_mixin.py:188} INFO - [2025-05-22T01:48:18.533+0000] {dag.py:3036} INFO - Sync 1 DAGs
[2025-05-22T01:48:18.553+0000] {logging_mixin.py:188} INFO - [2025-05-22T01:48:18.553+0000] {dag.py:3823} INFO - Setting next_dagrun for raw_to_staging_dag to 2025-05-01 00:00:00+00:00, run_after=2025-05-02 00:00:00+00:00
[2025-05-22T01:48:18.568+0000] {processor.py:183} INFO - Processing /opt/airflow/dags/raw_to_staging_dag.py took 0.142 seconds
[2025-05-22T01:48:48.732+0000] {processor.py:161} INFO - Started process (PID=27167) to work on /opt/airflow/dags/raw_to_staging_dag.py
[2025-05-22T01:48:48.734+0000] {processor.py:830} INFO - Processing file /opt/airflow/dags/raw_to_staging_dag.py for tasks to queue
[2025-05-22T01:48:48.735+0000] {logging_mixin.py:188} INFO - [2025-05-22T01:48:48.735+0000] {dagbag.py:538} INFO - Filling up the DagBag from /opt/airflow/dags/raw_to_staging_dag.py
[2025-05-22T01:48:48.752+0000] {logging_mixin.py:188} WARNING - /home/airflow/.local/lib/python3.9/site-packages/airflow/providers/common/sql/operators/sql.py:139 RemovedInAirflow3Warning: The 'task_concurrency' parameter is deprecated. Please use 'max_active_tis_per_dag'.
[2025-05-22T01:48:48.763+0000] {processor.py:840} INFO - DAG(s) 'raw_to_staging_dag' retrieved from /opt/airflow/dags/raw_to_staging_dag.py
[2025-05-22T01:48:48.793+0000] {logging_mixin.py:188} INFO - [2025-05-22T01:48:48.793+0000] {dag.py:3036} INFO - Sync 1 DAGs
[2025-05-22T01:48:48.807+0000] {logging_mixin.py:188} INFO - [2025-05-22T01:48:48.807+0000] {dag.py:3823} INFO - Setting next_dagrun for raw_to_staging_dag to 2025-05-01 00:00:00+00:00, run_after=2025-05-02 00:00:00+00:00
[2025-05-22T01:48:48.817+0000] {processor.py:183} INFO - Processing /opt/airflow/dags/raw_to_staging_dag.py took 0.095 seconds
[2025-05-22T01:49:19.289+0000] {processor.py:161} INFO - Started process (PID=27182) to work on /opt/airflow/dags/raw_to_staging_dag.py
[2025-05-22T01:49:19.291+0000] {processor.py:830} INFO - Processing file /opt/airflow/dags/raw_to_staging_dag.py for tasks to queue
[2025-05-22T01:49:19.291+0000] {logging_mixin.py:188} INFO - [2025-05-22T01:49:19.291+0000] {dagbag.py:538} INFO - Filling up the DagBag from /opt/airflow/dags/raw_to_staging_dag.py
[2025-05-22T01:49:19.313+0000] {logging_mixin.py:188} WARNING - /home/airflow/.local/lib/python3.9/site-packages/airflow/providers/common/sql/operators/sql.py:139 RemovedInAirflow3Warning: The 'task_concurrency' parameter is deprecated. Please use 'max_active_tis_per_dag'.
[2025-05-22T01:49:19.331+0000] {processor.py:840} INFO - DAG(s) 'raw_to_staging_dag' retrieved from /opt/airflow/dags/raw_to_staging_dag.py
[2025-05-22T01:49:19.362+0000] {logging_mixin.py:188} INFO - [2025-05-22T01:49:19.361+0000] {dag.py:3036} INFO - Sync 1 DAGs
[2025-05-22T01:49:19.381+0000] {logging_mixin.py:188} INFO - [2025-05-22T01:49:19.381+0000] {dag.py:3823} INFO - Setting next_dagrun for raw_to_staging_dag to 2025-05-01 00:00:00+00:00, run_after=2025-05-02 00:00:00+00:00
[2025-05-22T01:49:19.391+0000] {processor.py:183} INFO - Processing /opt/airflow/dags/raw_to_staging_dag.py took 0.115 seconds
[2025-05-22T01:49:49.836+0000] {processor.py:161} INFO - Started process (PID=27197) to work on /opt/airflow/dags/raw_to_staging_dag.py
[2025-05-22T01:49:49.838+0000] {processor.py:830} INFO - Processing file /opt/airflow/dags/raw_to_staging_dag.py for tasks to queue
[2025-05-22T01:49:49.839+0000] {logging_mixin.py:188} INFO - [2025-05-22T01:49:49.838+0000] {dagbag.py:538} INFO - Filling up the DagBag from /opt/airflow/dags/raw_to_staging_dag.py
[2025-05-22T01:49:49.863+0000] {logging_mixin.py:188} WARNING - /home/airflow/.local/lib/python3.9/site-packages/airflow/providers/common/sql/operators/sql.py:139 RemovedInAirflow3Warning: The 'task_concurrency' parameter is deprecated. Please use 'max_active_tis_per_dag'.
[2025-05-22T01:49:49.878+0000] {processor.py:840} INFO - DAG(s) 'raw_to_staging_dag' retrieved from /opt/airflow/dags/raw_to_staging_dag.py
[2025-05-22T01:49:49.915+0000] {logging_mixin.py:188} INFO - [2025-05-22T01:49:49.914+0000] {dag.py:3036} INFO - Sync 1 DAGs
[2025-05-22T01:49:49.931+0000] {logging_mixin.py:188} INFO - [2025-05-22T01:49:49.931+0000] {dag.py:3823} INFO - Setting next_dagrun for raw_to_staging_dag to 2025-05-01 00:00:00+00:00, run_after=2025-05-02 00:00:00+00:00
[2025-05-22T01:49:49.941+0000] {processor.py:183} INFO - Processing /opt/airflow/dags/raw_to_staging_dag.py took 0.111 seconds
[2025-05-22T01:50:20.362+0000] {processor.py:161} INFO - Started process (PID=27212) to work on /opt/airflow/dags/raw_to_staging_dag.py
[2025-05-22T01:50:20.364+0000] {processor.py:830} INFO - Processing file /opt/airflow/dags/raw_to_staging_dag.py for tasks to queue
[2025-05-22T01:50:20.365+0000] {logging_mixin.py:188} INFO - [2025-05-22T01:50:20.364+0000] {dagbag.py:538} INFO - Filling up the DagBag from /opt/airflow/dags/raw_to_staging_dag.py
[2025-05-22T01:50:20.396+0000] {logging_mixin.py:188} WARNING - /home/airflow/.local/lib/python3.9/site-packages/airflow/providers/common/sql/operators/sql.py:139 RemovedInAirflow3Warning: The 'task_concurrency' parameter is deprecated. Please use 'max_active_tis_per_dag'.
[2025-05-22T01:50:20.416+0000] {processor.py:840} INFO - DAG(s) 'raw_to_staging_dag' retrieved from /opt/airflow/dags/raw_to_staging_dag.py
[2025-05-22T01:50:20.448+0000] {logging_mixin.py:188} INFO - [2025-05-22T01:50:20.448+0000] {dag.py:3036} INFO - Sync 1 DAGs
[2025-05-22T01:50:20.471+0000] {logging_mixin.py:188} INFO - [2025-05-22T01:50:20.470+0000] {dag.py:3823} INFO - Setting next_dagrun for raw_to_staging_dag to 2025-05-01 00:00:00+00:00, run_after=2025-05-02 00:00:00+00:00
[2025-05-22T01:50:20.484+0000] {processor.py:183} INFO - Processing /opt/airflow/dags/raw_to_staging_dag.py took 0.133 seconds
[2025-05-22T01:50:50.906+0000] {processor.py:161} INFO - Started process (PID=27227) to work on /opt/airflow/dags/raw_to_staging_dag.py
[2025-05-22T01:50:50.908+0000] {processor.py:830} INFO - Processing file /opt/airflow/dags/raw_to_staging_dag.py for tasks to queue
[2025-05-22T01:50:50.909+0000] {logging_mixin.py:188} INFO - [2025-05-22T01:50:50.908+0000] {dagbag.py:538} INFO - Filling up the DagBag from /opt/airflow/dags/raw_to_staging_dag.py
[2025-05-22T01:50:50.938+0000] {logging_mixin.py:188} WARNING - /home/airflow/.local/lib/python3.9/site-packages/airflow/providers/common/sql/operators/sql.py:139 RemovedInAirflow3Warning: The 'task_concurrency' parameter is deprecated. Please use 'max_active_tis_per_dag'.
[2025-05-22T01:50:50.955+0000] {processor.py:840} INFO - DAG(s) 'raw_to_staging_dag' retrieved from /opt/airflow/dags/raw_to_staging_dag.py
[2025-05-22T01:50:50.989+0000] {logging_mixin.py:188} INFO - [2025-05-22T01:50:50.988+0000] {dag.py:3036} INFO - Sync 1 DAGs
[2025-05-22T01:50:51.007+0000] {logging_mixin.py:188} INFO - [2025-05-22T01:50:51.007+0000] {dag.py:3823} INFO - Setting next_dagrun for raw_to_staging_dag to 2025-05-01 00:00:00+00:00, run_after=2025-05-02 00:00:00+00:00
[2025-05-22T01:50:51.017+0000] {processor.py:183} INFO - Processing /opt/airflow/dags/raw_to_staging_dag.py took 0.121 seconds
[2025-05-22T01:51:21.365+0000] {processor.py:161} INFO - Started process (PID=27242) to work on /opt/airflow/dags/raw_to_staging_dag.py
[2025-05-22T01:51:21.370+0000] {processor.py:830} INFO - Processing file /opt/airflow/dags/raw_to_staging_dag.py for tasks to queue
[2025-05-22T01:51:21.371+0000] {logging_mixin.py:188} INFO - [2025-05-22T01:51:21.371+0000] {dagbag.py:538} INFO - Filling up the DagBag from /opt/airflow/dags/raw_to_staging_dag.py
[2025-05-22T01:51:21.385+0000] {logging_mixin.py:188} WARNING - /home/airflow/.local/lib/python3.9/site-packages/airflow/providers/common/sql/operators/sql.py:139 RemovedInAirflow3Warning: The 'task_concurrency' parameter is deprecated. Please use 'max_active_tis_per_dag'.
[2025-05-22T01:51:21.393+0000] {processor.py:840} INFO - DAG(s) 'raw_to_staging_dag' retrieved from /opt/airflow/dags/raw_to_staging_dag.py
[2025-05-22T01:51:21.407+0000] {logging_mixin.py:188} INFO - [2025-05-22T01:51:21.407+0000] {dag.py:3036} INFO - Sync 1 DAGs
[2025-05-22T01:51:21.419+0000] {logging_mixin.py:188} INFO - [2025-05-22T01:51:21.419+0000] {dag.py:3823} INFO - Setting next_dagrun for raw_to_staging_dag to 2025-05-01 00:00:00+00:00, run_after=2025-05-02 00:00:00+00:00
[2025-05-22T01:51:21.427+0000] {processor.py:183} INFO - Processing /opt/airflow/dags/raw_to_staging_dag.py took 0.067 seconds
[2025-05-22T01:51:51.865+0000] {processor.py:161} INFO - Started process (PID=27257) to work on /opt/airflow/dags/raw_to_staging_dag.py
[2025-05-22T01:51:51.866+0000] {processor.py:830} INFO - Processing file /opt/airflow/dags/raw_to_staging_dag.py for tasks to queue
[2025-05-22T01:51:51.866+0000] {logging_mixin.py:188} INFO - [2025-05-22T01:51:51.866+0000] {dagbag.py:538} INFO - Filling up the DagBag from /opt/airflow/dags/raw_to_staging_dag.py
[2025-05-22T01:51:51.876+0000] {logging_mixin.py:188} WARNING - /home/airflow/.local/lib/python3.9/site-packages/airflow/providers/common/sql/operators/sql.py:139 RemovedInAirflow3Warning: The 'task_concurrency' parameter is deprecated. Please use 'max_active_tis_per_dag'.
[2025-05-22T01:51:51.885+0000] {processor.py:840} INFO - DAG(s) 'raw_to_staging_dag' retrieved from /opt/airflow/dags/raw_to_staging_dag.py
[2025-05-22T01:51:51.899+0000] {logging_mixin.py:188} INFO - [2025-05-22T01:51:51.899+0000] {dag.py:3036} INFO - Sync 1 DAGs
[2025-05-22T01:51:51.911+0000] {logging_mixin.py:188} INFO - [2025-05-22T01:51:51.911+0000] {dag.py:3823} INFO - Setting next_dagrun for raw_to_staging_dag to 2025-05-01 00:00:00+00:00, run_after=2025-05-02 00:00:00+00:00
[2025-05-22T01:51:51.920+0000] {processor.py:183} INFO - Processing /opt/airflow/dags/raw_to_staging_dag.py took 0.058 seconds
[2025-05-22T01:52:22.429+0000] {processor.py:161} INFO - Started process (PID=27272) to work on /opt/airflow/dags/raw_to_staging_dag.py
[2025-05-22T01:52:22.431+0000] {processor.py:830} INFO - Processing file /opt/airflow/dags/raw_to_staging_dag.py for tasks to queue
[2025-05-22T01:52:22.433+0000] {logging_mixin.py:188} INFO - [2025-05-22T01:52:22.432+0000] {dagbag.py:538} INFO - Filling up the DagBag from /opt/airflow/dags/raw_to_staging_dag.py
[2025-05-22T01:52:22.463+0000] {logging_mixin.py:188} WARNING - /home/airflow/.local/lib/python3.9/site-packages/airflow/providers/common/sql/operators/sql.py:139 RemovedInAirflow3Warning: The 'task_concurrency' parameter is deprecated. Please use 'max_active_tis_per_dag'.
[2025-05-22T01:52:22.483+0000] {processor.py:840} INFO - DAG(s) 'raw_to_staging_dag' retrieved from /opt/airflow/dags/raw_to_staging_dag.py
[2025-05-22T01:52:22.516+0000] {logging_mixin.py:188} INFO - [2025-05-22T01:52:22.516+0000] {dag.py:3036} INFO - Sync 1 DAGs
[2025-05-22T01:52:22.536+0000] {logging_mixin.py:188} INFO - [2025-05-22T01:52:22.536+0000] {dag.py:3823} INFO - Setting next_dagrun for raw_to_staging_dag to 2025-05-01 00:00:00+00:00, run_after=2025-05-02 00:00:00+00:00
[2025-05-22T01:52:22.548+0000] {processor.py:183} INFO - Processing /opt/airflow/dags/raw_to_staging_dag.py took 0.129 seconds
[2025-05-22T01:52:52.890+0000] {processor.py:161} INFO - Started process (PID=27287) to work on /opt/airflow/dags/raw_to_staging_dag.py
[2025-05-22T01:52:52.891+0000] {processor.py:830} INFO - Processing file /opt/airflow/dags/raw_to_staging_dag.py for tasks to queue
[2025-05-22T01:52:52.892+0000] {logging_mixin.py:188} INFO - [2025-05-22T01:52:52.892+0000] {dagbag.py:538} INFO - Filling up the DagBag from /opt/airflow/dags/raw_to_staging_dag.py
[2025-05-22T01:52:52.907+0000] {logging_mixin.py:188} WARNING - /home/airflow/.local/lib/python3.9/site-packages/airflow/providers/common/sql/operators/sql.py:139 RemovedInAirflow3Warning: The 'task_concurrency' parameter is deprecated. Please use 'max_active_tis_per_dag'.
[2025-05-22T01:52:52.919+0000] {processor.py:840} INFO - DAG(s) 'raw_to_staging_dag' retrieved from /opt/airflow/dags/raw_to_staging_dag.py
[2025-05-22T01:52:52.936+0000] {logging_mixin.py:188} INFO - [2025-05-22T01:52:52.936+0000] {dag.py:3036} INFO - Sync 1 DAGs
[2025-05-22T01:52:52.953+0000] {logging_mixin.py:188} INFO - [2025-05-22T01:52:52.953+0000] {dag.py:3823} INFO - Setting next_dagrun for raw_to_staging_dag to 2025-05-01 00:00:00+00:00, run_after=2025-05-02 00:00:00+00:00
[2025-05-22T01:52:52.963+0000] {processor.py:183} INFO - Processing /opt/airflow/dags/raw_to_staging_dag.py took 0.079 seconds
[2025-05-22T01:53:23.442+0000] {processor.py:161} INFO - Started process (PID=27302) to work on /opt/airflow/dags/raw_to_staging_dag.py
[2025-05-22T01:53:23.445+0000] {processor.py:830} INFO - Processing file /opt/airflow/dags/raw_to_staging_dag.py for tasks to queue
[2025-05-22T01:53:23.446+0000] {logging_mixin.py:188} INFO - [2025-05-22T01:53:23.445+0000] {dagbag.py:538} INFO - Filling up the DagBag from /opt/airflow/dags/raw_to_staging_dag.py
[2025-05-22T01:53:23.475+0000] {logging_mixin.py:188} WARNING - /home/airflow/.local/lib/python3.9/site-packages/airflow/providers/common/sql/operators/sql.py:139 RemovedInAirflow3Warning: The 'task_concurrency' parameter is deprecated. Please use 'max_active_tis_per_dag'.
[2025-05-22T01:53:23.497+0000] {processor.py:840} INFO - DAG(s) 'raw_to_staging_dag' retrieved from /opt/airflow/dags/raw_to_staging_dag.py
[2025-05-22T01:53:23.536+0000] {logging_mixin.py:188} INFO - [2025-05-22T01:53:23.536+0000] {dag.py:3036} INFO - Sync 1 DAGs
[2025-05-22T01:53:23.557+0000] {logging_mixin.py:188} INFO - [2025-05-22T01:53:23.557+0000] {dag.py:3823} INFO - Setting next_dagrun for raw_to_staging_dag to 2025-05-01 00:00:00+00:00, run_after=2025-05-02 00:00:00+00:00
[2025-05-22T01:53:23.569+0000] {processor.py:183} INFO - Processing /opt/airflow/dags/raw_to_staging_dag.py took 0.137 seconds
[2025-05-22T01:53:53.868+0000] {processor.py:161} INFO - Started process (PID=27317) to work on /opt/airflow/dags/raw_to_staging_dag.py
[2025-05-22T01:53:53.871+0000] {processor.py:830} INFO - Processing file /opt/airflow/dags/raw_to_staging_dag.py for tasks to queue
[2025-05-22T01:53:53.872+0000] {logging_mixin.py:188} INFO - [2025-05-22T01:53:53.872+0000] {dagbag.py:538} INFO - Filling up the DagBag from /opt/airflow/dags/raw_to_staging_dag.py
[2025-05-22T01:53:53.894+0000] {logging_mixin.py:188} WARNING - /home/airflow/.local/lib/python3.9/site-packages/airflow/providers/common/sql/operators/sql.py:139 RemovedInAirflow3Warning: The 'task_concurrency' parameter is deprecated. Please use 'max_active_tis_per_dag'.
[2025-05-22T01:53:53.905+0000] {processor.py:840} INFO - DAG(s) 'raw_to_staging_dag' retrieved from /opt/airflow/dags/raw_to_staging_dag.py
[2025-05-22T01:53:53.928+0000] {logging_mixin.py:188} INFO - [2025-05-22T01:53:53.927+0000] {dag.py:3036} INFO - Sync 1 DAGs
[2025-05-22T01:53:53.941+0000] {logging_mixin.py:188} INFO - [2025-05-22T01:53:53.941+0000] {dag.py:3823} INFO - Setting next_dagrun for raw_to_staging_dag to 2025-05-01 00:00:00+00:00, run_after=2025-05-02 00:00:00+00:00
[2025-05-22T01:53:53.950+0000] {processor.py:183} INFO - Processing /opt/airflow/dags/raw_to_staging_dag.py took 0.091 seconds
[2025-05-22T01:54:24.368+0000] {processor.py:161} INFO - Started process (PID=27332) to work on /opt/airflow/dags/raw_to_staging_dag.py
[2025-05-22T01:54:24.370+0000] {processor.py:830} INFO - Processing file /opt/airflow/dags/raw_to_staging_dag.py for tasks to queue
[2025-05-22T01:54:24.372+0000] {logging_mixin.py:188} INFO - [2025-05-22T01:54:24.371+0000] {dagbag.py:538} INFO - Filling up the DagBag from /opt/airflow/dags/raw_to_staging_dag.py
[2025-05-22T01:54:24.402+0000] {logging_mixin.py:188} WARNING - /home/airflow/.local/lib/python3.9/site-packages/airflow/providers/common/sql/operators/sql.py:139 RemovedInAirflow3Warning: The 'task_concurrency' parameter is deprecated. Please use 'max_active_tis_per_dag'.
[2025-05-22T01:54:24.420+0000] {processor.py:840} INFO - DAG(s) 'raw_to_staging_dag' retrieved from /opt/airflow/dags/raw_to_staging_dag.py
[2025-05-22T01:54:24.453+0000] {logging_mixin.py:188} INFO - [2025-05-22T01:54:24.453+0000] {dag.py:3036} INFO - Sync 1 DAGs
[2025-05-22T01:54:24.470+0000] {logging_mixin.py:188} INFO - [2025-05-22T01:54:24.469+0000] {dag.py:3823} INFO - Setting next_dagrun for raw_to_staging_dag to 2025-05-01 00:00:00+00:00, run_after=2025-05-02 00:00:00+00:00
[2025-05-22T01:54:24.479+0000] {processor.py:183} INFO - Processing /opt/airflow/dags/raw_to_staging_dag.py took 0.122 seconds
[2025-05-22T01:54:54.826+0000] {processor.py:161} INFO - Started process (PID=27347) to work on /opt/airflow/dags/raw_to_staging_dag.py
[2025-05-22T01:54:54.828+0000] {processor.py:830} INFO - Processing file /opt/airflow/dags/raw_to_staging_dag.py for tasks to queue
[2025-05-22T01:54:54.829+0000] {logging_mixin.py:188} INFO - [2025-05-22T01:54:54.828+0000] {dagbag.py:538} INFO - Filling up the DagBag from /opt/airflow/dags/raw_to_staging_dag.py
[2025-05-22T01:54:54.850+0000] {logging_mixin.py:188} WARNING - /home/airflow/.local/lib/python3.9/site-packages/airflow/providers/common/sql/operators/sql.py:139 RemovedInAirflow3Warning: The 'task_concurrency' parameter is deprecated. Please use 'max_active_tis_per_dag'.
[2025-05-22T01:54:54.864+0000] {processor.py:840} INFO - DAG(s) 'raw_to_staging_dag' retrieved from /opt/airflow/dags/raw_to_staging_dag.py
[2025-05-22T01:54:54.898+0000] {logging_mixin.py:188} INFO - [2025-05-22T01:54:54.898+0000] {dag.py:3036} INFO - Sync 1 DAGs
[2025-05-22T01:54:54.916+0000] {logging_mixin.py:188} INFO - [2025-05-22T01:54:54.916+0000] {dag.py:3823} INFO - Setting next_dagrun for raw_to_staging_dag to 2025-05-01 00:00:00+00:00, run_after=2025-05-02 00:00:00+00:00
[2025-05-22T01:54:54.928+0000] {processor.py:183} INFO - Processing /opt/airflow/dags/raw_to_staging_dag.py took 0.107 seconds
[2025-05-22T01:55:25.259+0000] {processor.py:161} INFO - Started process (PID=27362) to work on /opt/airflow/dags/raw_to_staging_dag.py
[2025-05-22T01:55:25.260+0000] {processor.py:830} INFO - Processing file /opt/airflow/dags/raw_to_staging_dag.py for tasks to queue
[2025-05-22T01:55:25.261+0000] {logging_mixin.py:188} INFO - [2025-05-22T01:55:25.261+0000] {dagbag.py:538} INFO - Filling up the DagBag from /opt/airflow/dags/raw_to_staging_dag.py
[2025-05-22T01:55:25.285+0000] {logging_mixin.py:188} WARNING - /home/airflow/.local/lib/python3.9/site-packages/airflow/providers/common/sql/operators/sql.py:139 RemovedInAirflow3Warning: The 'task_concurrency' parameter is deprecated. Please use 'max_active_tis_per_dag'.
[2025-05-22T01:55:25.300+0000] {processor.py:840} INFO - DAG(s) 'raw_to_staging_dag' retrieved from /opt/airflow/dags/raw_to_staging_dag.py
[2025-05-22T01:55:25.332+0000] {logging_mixin.py:188} INFO - [2025-05-22T01:55:25.332+0000] {dag.py:3036} INFO - Sync 1 DAGs
[2025-05-22T01:55:25.351+0000] {logging_mixin.py:188} INFO - [2025-05-22T01:55:25.351+0000] {dag.py:3823} INFO - Setting next_dagrun for raw_to_staging_dag to 2025-05-01 00:00:00+00:00, run_after=2025-05-02 00:00:00+00:00
[2025-05-22T01:55:25.362+0000] {processor.py:183} INFO - Processing /opt/airflow/dags/raw_to_staging_dag.py took 0.108 seconds
[2025-05-22T01:55:55.707+0000] {processor.py:161} INFO - Started process (PID=27377) to work on /opt/airflow/dags/raw_to_staging_dag.py
[2025-05-22T01:55:55.710+0000] {processor.py:830} INFO - Processing file /opt/airflow/dags/raw_to_staging_dag.py for tasks to queue
[2025-05-22T01:55:55.711+0000] {logging_mixin.py:188} INFO - [2025-05-22T01:55:55.711+0000] {dagbag.py:538} INFO - Filling up the DagBag from /opt/airflow/dags/raw_to_staging_dag.py
[2025-05-22T01:55:55.742+0000] {logging_mixin.py:188} WARNING - /home/airflow/.local/lib/python3.9/site-packages/airflow/providers/common/sql/operators/sql.py:139 RemovedInAirflow3Warning: The 'task_concurrency' parameter is deprecated. Please use 'max_active_tis_per_dag'.
[2025-05-22T01:55:55.757+0000] {processor.py:840} INFO - DAG(s) 'raw_to_staging_dag' retrieved from /opt/airflow/dags/raw_to_staging_dag.py
[2025-05-22T01:55:55.784+0000] {logging_mixin.py:188} INFO - [2025-05-22T01:55:55.784+0000] {dag.py:3036} INFO - Sync 1 DAGs
[2025-05-22T01:55:55.802+0000] {logging_mixin.py:188} INFO - [2025-05-22T01:55:55.802+0000] {dag.py:3823} INFO - Setting next_dagrun for raw_to_staging_dag to 2025-05-01 00:00:00+00:00, run_after=2025-05-02 00:00:00+00:00
[2025-05-22T01:55:55.810+0000] {processor.py:183} INFO - Processing /opt/airflow/dags/raw_to_staging_dag.py took 0.110 seconds
[2025-05-22T01:56:26.094+0000] {processor.py:161} INFO - Started process (PID=27392) to work on /opt/airflow/dags/raw_to_staging_dag.py
[2025-05-22T01:56:26.096+0000] {processor.py:830} INFO - Processing file /opt/airflow/dags/raw_to_staging_dag.py for tasks to queue
[2025-05-22T01:56:26.096+0000] {logging_mixin.py:188} INFO - [2025-05-22T01:56:26.096+0000] {dagbag.py:538} INFO - Filling up the DagBag from /opt/airflow/dags/raw_to_staging_dag.py
[2025-05-22T01:56:26.125+0000] {logging_mixin.py:188} WARNING - /home/airflow/.local/lib/python3.9/site-packages/airflow/providers/common/sql/operators/sql.py:139 RemovedInAirflow3Warning: The 'task_concurrency' parameter is deprecated. Please use 'max_active_tis_per_dag'.
[2025-05-22T01:56:26.138+0000] {processor.py:840} INFO - DAG(s) 'raw_to_staging_dag' retrieved from /opt/airflow/dags/raw_to_staging_dag.py
[2025-05-22T01:56:26.167+0000] {logging_mixin.py:188} INFO - [2025-05-22T01:56:26.167+0000] {dag.py:3036} INFO - Sync 1 DAGs
[2025-05-22T01:56:26.185+0000] {logging_mixin.py:188} INFO - [2025-05-22T01:56:26.184+0000] {dag.py:3823} INFO - Setting next_dagrun for raw_to_staging_dag to 2025-05-01 00:00:00+00:00, run_after=2025-05-02 00:00:00+00:00
[2025-05-22T01:56:26.194+0000] {processor.py:183} INFO - Processing /opt/airflow/dags/raw_to_staging_dag.py took 0.111 seconds
[2025-05-22T01:56:56.580+0000] {processor.py:161} INFO - Started process (PID=27407) to work on /opt/airflow/dags/raw_to_staging_dag.py
[2025-05-22T01:56:56.581+0000] {processor.py:830} INFO - Processing file /opt/airflow/dags/raw_to_staging_dag.py for tasks to queue
[2025-05-22T01:56:56.582+0000] {logging_mixin.py:188} INFO - [2025-05-22T01:56:56.582+0000] {dagbag.py:538} INFO - Filling up the DagBag from /opt/airflow/dags/raw_to_staging_dag.py
[2025-05-22T01:56:56.609+0000] {logging_mixin.py:188} WARNING - /home/airflow/.local/lib/python3.9/site-packages/airflow/providers/common/sql/operators/sql.py:139 RemovedInAirflow3Warning: The 'task_concurrency' parameter is deprecated. Please use 'max_active_tis_per_dag'.
[2025-05-22T01:56:56.624+0000] {processor.py:840} INFO - DAG(s) 'raw_to_staging_dag' retrieved from /opt/airflow/dags/raw_to_staging_dag.py
[2025-05-22T01:56:56.660+0000] {logging_mixin.py:188} INFO - [2025-05-22T01:56:56.660+0000] {dag.py:3036} INFO - Sync 1 DAGs
[2025-05-22T01:56:56.679+0000] {logging_mixin.py:188} INFO - [2025-05-22T01:56:56.679+0000] {dag.py:3823} INFO - Setting next_dagrun for raw_to_staging_dag to 2025-05-01 00:00:00+00:00, run_after=2025-05-02 00:00:00+00:00
[2025-05-22T01:56:56.689+0000] {processor.py:183} INFO - Processing /opt/airflow/dags/raw_to_staging_dag.py took 0.115 seconds
[2025-05-22T01:57:27.173+0000] {processor.py:161} INFO - Started process (PID=27422) to work on /opt/airflow/dags/raw_to_staging_dag.py
[2025-05-22T01:57:27.174+0000] {processor.py:830} INFO - Processing file /opt/airflow/dags/raw_to_staging_dag.py for tasks to queue
[2025-05-22T01:57:27.174+0000] {logging_mixin.py:188} INFO - [2025-05-22T01:57:27.174+0000] {dagbag.py:538} INFO - Filling up the DagBag from /opt/airflow/dags/raw_to_staging_dag.py
[2025-05-22T01:57:27.193+0000] {logging_mixin.py:188} WARNING - /home/airflow/.local/lib/python3.9/site-packages/airflow/providers/common/sql/operators/sql.py:139 RemovedInAirflow3Warning: The 'task_concurrency' parameter is deprecated. Please use 'max_active_tis_per_dag'.
[2025-05-22T01:57:27.204+0000] {processor.py:840} INFO - DAG(s) 'raw_to_staging_dag' retrieved from /opt/airflow/dags/raw_to_staging_dag.py
[2025-05-22T01:57:27.233+0000] {logging_mixin.py:188} INFO - [2025-05-22T01:57:27.233+0000] {dag.py:3036} INFO - Sync 1 DAGs
[2025-05-22T01:57:27.255+0000] {logging_mixin.py:188} INFO - [2025-05-22T01:57:27.255+0000] {dag.py:3823} INFO - Setting next_dagrun for raw_to_staging_dag to 2025-05-01 00:00:00+00:00, run_after=2025-05-02 00:00:00+00:00
[2025-05-22T01:57:27.265+0000] {processor.py:183} INFO - Processing /opt/airflow/dags/raw_to_staging_dag.py took 0.096 seconds
[2025-05-22T01:57:57.653+0000] {processor.py:161} INFO - Started process (PID=27437) to work on /opt/airflow/dags/raw_to_staging_dag.py
[2025-05-22T01:57:57.655+0000] {processor.py:830} INFO - Processing file /opt/airflow/dags/raw_to_staging_dag.py for tasks to queue
[2025-05-22T01:57:57.656+0000] {logging_mixin.py:188} INFO - [2025-05-22T01:57:57.656+0000] {dagbag.py:538} INFO - Filling up the DagBag from /opt/airflow/dags/raw_to_staging_dag.py
[2025-05-22T01:57:57.671+0000] {logging_mixin.py:188} WARNING - /home/airflow/.local/lib/python3.9/site-packages/airflow/providers/common/sql/operators/sql.py:139 RemovedInAirflow3Warning: The 'task_concurrency' parameter is deprecated. Please use 'max_active_tis_per_dag'.
[2025-05-22T01:57:57.682+0000] {processor.py:840} INFO - DAG(s) 'raw_to_staging_dag' retrieved from /opt/airflow/dags/raw_to_staging_dag.py
[2025-05-22T01:57:57.703+0000] {logging_mixin.py:188} INFO - [2025-05-22T01:57:57.703+0000] {dag.py:3036} INFO - Sync 1 DAGs
[2025-05-22T01:57:57.718+0000] {logging_mixin.py:188} INFO - [2025-05-22T01:57:57.718+0000] {dag.py:3823} INFO - Setting next_dagrun for raw_to_staging_dag to 2025-05-01 00:00:00+00:00, run_after=2025-05-02 00:00:00+00:00
[2025-05-22T01:57:57.727+0000] {processor.py:183} INFO - Processing /opt/airflow/dags/raw_to_staging_dag.py took 0.079 seconds
[2025-05-22T01:58:28.054+0000] {processor.py:161} INFO - Started process (PID=27452) to work on /opt/airflow/dags/raw_to_staging_dag.py
[2025-05-22T01:58:28.055+0000] {processor.py:830} INFO - Processing file /opt/airflow/dags/raw_to_staging_dag.py for tasks to queue
[2025-05-22T01:58:28.056+0000] {logging_mixin.py:188} INFO - [2025-05-22T01:58:28.056+0000] {dagbag.py:538} INFO - Filling up the DagBag from /opt/airflow/dags/raw_to_staging_dag.py
[2025-05-22T01:58:28.076+0000] {logging_mixin.py:188} WARNING - /home/airflow/.local/lib/python3.9/site-packages/airflow/providers/common/sql/operators/sql.py:139 RemovedInAirflow3Warning: The 'task_concurrency' parameter is deprecated. Please use 'max_active_tis_per_dag'.
[2025-05-22T01:58:28.086+0000] {processor.py:840} INFO - DAG(s) 'raw_to_staging_dag' retrieved from /opt/airflow/dags/raw_to_staging_dag.py
[2025-05-22T01:58:28.101+0000] {logging_mixin.py:188} INFO - [2025-05-22T01:58:28.101+0000] {dag.py:3036} INFO - Sync 1 DAGs
[2025-05-22T01:58:28.116+0000] {logging_mixin.py:188} INFO - [2025-05-22T01:58:28.116+0000] {dag.py:3823} INFO - Setting next_dagrun for raw_to_staging_dag to 2025-05-01 00:00:00+00:00, run_after=2025-05-02 00:00:00+00:00
[2025-05-22T01:58:28.124+0000] {processor.py:183} INFO - Processing /opt/airflow/dags/raw_to_staging_dag.py took 0.076 seconds
[2025-05-22T01:58:58.632+0000] {processor.py:161} INFO - Started process (PID=27467) to work on /opt/airflow/dags/raw_to_staging_dag.py
[2025-05-22T01:58:58.634+0000] {processor.py:830} INFO - Processing file /opt/airflow/dags/raw_to_staging_dag.py for tasks to queue
[2025-05-22T01:58:58.635+0000] {logging_mixin.py:188} INFO - [2025-05-22T01:58:58.634+0000] {dagbag.py:538} INFO - Filling up the DagBag from /opt/airflow/dags/raw_to_staging_dag.py
[2025-05-22T01:58:58.660+0000] {logging_mixin.py:188} WARNING - /home/airflow/.local/lib/python3.9/site-packages/airflow/providers/common/sql/operators/sql.py:139 RemovedInAirflow3Warning: The 'task_concurrency' parameter is deprecated. Please use 'max_active_tis_per_dag'.
[2025-05-22T01:58:58.678+0000] {processor.py:840} INFO - DAG(s) 'raw_to_staging_dag' retrieved from /opt/airflow/dags/raw_to_staging_dag.py
[2025-05-22T01:58:58.709+0000] {logging_mixin.py:188} INFO - [2025-05-22T01:58:58.709+0000] {dag.py:3036} INFO - Sync 1 DAGs
[2025-05-22T01:58:58.727+0000] {logging_mixin.py:188} INFO - [2025-05-22T01:58:58.727+0000] {dag.py:3823} INFO - Setting next_dagrun for raw_to_staging_dag to 2025-05-01 00:00:00+00:00, run_after=2025-05-02 00:00:00+00:00
[2025-05-22T01:58:58.738+0000] {processor.py:183} INFO - Processing /opt/airflow/dags/raw_to_staging_dag.py took 0.112 seconds
[2025-05-22T01:59:29.129+0000] {processor.py:161} INFO - Started process (PID=27482) to work on /opt/airflow/dags/raw_to_staging_dag.py
[2025-05-22T01:59:29.130+0000] {processor.py:830} INFO - Processing file /opt/airflow/dags/raw_to_staging_dag.py for tasks to queue
[2025-05-22T01:59:29.131+0000] {logging_mixin.py:188} INFO - [2025-05-22T01:59:29.131+0000] {dagbag.py:538} INFO - Filling up the DagBag from /opt/airflow/dags/raw_to_staging_dag.py
[2025-05-22T01:59:29.162+0000] {logging_mixin.py:188} WARNING - /home/airflow/.local/lib/python3.9/site-packages/airflow/providers/common/sql/operators/sql.py:139 RemovedInAirflow3Warning: The 'task_concurrency' parameter is deprecated. Please use 'max_active_tis_per_dag'.
[2025-05-22T01:59:29.177+0000] {processor.py:840} INFO - DAG(s) 'raw_to_staging_dag' retrieved from /opt/airflow/dags/raw_to_staging_dag.py
[2025-05-22T01:59:29.214+0000] {logging_mixin.py:188} INFO - [2025-05-22T01:59:29.214+0000] {dag.py:3036} INFO - Sync 1 DAGs
[2025-05-22T01:59:29.230+0000] {logging_mixin.py:188} INFO - [2025-05-22T01:59:29.230+0000] {dag.py:3823} INFO - Setting next_dagrun for raw_to_staging_dag to 2025-05-01 00:00:00+00:00, run_after=2025-05-02 00:00:00+00:00
[2025-05-22T01:59:29.240+0000] {processor.py:183} INFO - Processing /opt/airflow/dags/raw_to_staging_dag.py took 0.121 seconds
[2025-05-22T01:59:59.751+0000] {processor.py:161} INFO - Started process (PID=27497) to work on /opt/airflow/dags/raw_to_staging_dag.py
[2025-05-22T01:59:59.752+0000] {processor.py:830} INFO - Processing file /opt/airflow/dags/raw_to_staging_dag.py for tasks to queue
[2025-05-22T01:59:59.753+0000] {logging_mixin.py:188} INFO - [2025-05-22T01:59:59.753+0000] {dagbag.py:538} INFO - Filling up the DagBag from /opt/airflow/dags/raw_to_staging_dag.py
[2025-05-22T01:59:59.775+0000] {logging_mixin.py:188} WARNING - /home/airflow/.local/lib/python3.9/site-packages/airflow/providers/common/sql/operators/sql.py:139 RemovedInAirflow3Warning: The 'task_concurrency' parameter is deprecated. Please use 'max_active_tis_per_dag'.
[2025-05-22T01:59:59.792+0000] {processor.py:840} INFO - DAG(s) 'raw_to_staging_dag' retrieved from /opt/airflow/dags/raw_to_staging_dag.py
[2025-05-22T01:59:59.822+0000] {logging_mixin.py:188} INFO - [2025-05-22T01:59:59.821+0000] {dag.py:3036} INFO - Sync 1 DAGs
[2025-05-22T01:59:59.841+0000] {logging_mixin.py:188} INFO - [2025-05-22T01:59:59.841+0000] {dag.py:3823} INFO - Setting next_dagrun for raw_to_staging_dag to 2025-05-01 00:00:00+00:00, run_after=2025-05-02 00:00:00+00:00
[2025-05-22T01:59:59.851+0000] {processor.py:183} INFO - Processing /opt/airflow/dags/raw_to_staging_dag.py took 0.109 seconds
[2025-05-22T02:00:30.259+0000] {processor.py:161} INFO - Started process (PID=27512) to work on /opt/airflow/dags/raw_to_staging_dag.py
[2025-05-22T02:00:30.261+0000] {processor.py:830} INFO - Processing file /opt/airflow/dags/raw_to_staging_dag.py for tasks to queue
[2025-05-22T02:00:30.262+0000] {logging_mixin.py:188} INFO - [2025-05-22T02:00:30.262+0000] {dagbag.py:538} INFO - Filling up the DagBag from /opt/airflow/dags/raw_to_staging_dag.py
[2025-05-22T02:00:30.285+0000] {logging_mixin.py:188} WARNING - /home/airflow/.local/lib/python3.9/site-packages/airflow/providers/common/sql/operators/sql.py:139 RemovedInAirflow3Warning: The 'task_concurrency' parameter is deprecated. Please use 'max_active_tis_per_dag'.
[2025-05-22T02:00:30.298+0000] {processor.py:840} INFO - DAG(s) 'raw_to_staging_dag' retrieved from /opt/airflow/dags/raw_to_staging_dag.py
[2025-05-22T02:00:30.318+0000] {logging_mixin.py:188} INFO - [2025-05-22T02:00:30.318+0000] {dag.py:3036} INFO - Sync 1 DAGs
[2025-05-22T02:00:30.334+0000] {logging_mixin.py:188} INFO - [2025-05-22T02:00:30.334+0000] {dag.py:3823} INFO - Setting next_dagrun for raw_to_staging_dag to 2025-05-01 00:00:00+00:00, run_after=2025-05-02 00:00:00+00:00
[2025-05-22T02:00:30.345+0000] {processor.py:183} INFO - Processing /opt/airflow/dags/raw_to_staging_dag.py took 0.098 seconds
[2025-05-22T02:01:00.686+0000] {processor.py:161} INFO - Started process (PID=27527) to work on /opt/airflow/dags/raw_to_staging_dag.py
[2025-05-22T02:01:00.688+0000] {processor.py:830} INFO - Processing file /opt/airflow/dags/raw_to_staging_dag.py for tasks to queue
[2025-05-22T02:01:00.689+0000] {logging_mixin.py:188} INFO - [2025-05-22T02:01:00.688+0000] {dagbag.py:538} INFO - Filling up the DagBag from /opt/airflow/dags/raw_to_staging_dag.py
[2025-05-22T02:01:00.704+0000] {logging_mixin.py:188} WARNING - /home/airflow/.local/lib/python3.9/site-packages/airflow/providers/common/sql/operators/sql.py:139 RemovedInAirflow3Warning: The 'task_concurrency' parameter is deprecated. Please use 'max_active_tis_per_dag'.
[2025-05-22T02:01:00.712+0000] {processor.py:840} INFO - DAG(s) 'raw_to_staging_dag' retrieved from /opt/airflow/dags/raw_to_staging_dag.py
[2025-05-22T02:01:00.729+0000] {logging_mixin.py:188} INFO - [2025-05-22T02:01:00.729+0000] {dag.py:3036} INFO - Sync 1 DAGs
[2025-05-22T02:01:00.742+0000] {logging_mixin.py:188} INFO - [2025-05-22T02:01:00.742+0000] {dag.py:3823} INFO - Setting next_dagrun for raw_to_staging_dag to 2025-05-01 00:00:00+00:00, run_after=2025-05-02 00:00:00+00:00
[2025-05-22T02:01:00.749+0000] {processor.py:183} INFO - Processing /opt/airflow/dags/raw_to_staging_dag.py took 0.074 seconds
[2025-05-22T02:01:31.182+0000] {processor.py:161} INFO - Started process (PID=27542) to work on /opt/airflow/dags/raw_to_staging_dag.py
[2025-05-22T02:01:31.183+0000] {processor.py:830} INFO - Processing file /opt/airflow/dags/raw_to_staging_dag.py for tasks to queue
[2025-05-22T02:01:31.184+0000] {logging_mixin.py:188} INFO - [2025-05-22T02:01:31.183+0000] {dagbag.py:538} INFO - Filling up the DagBag from /opt/airflow/dags/raw_to_staging_dag.py
[2025-05-22T02:01:31.198+0000] {logging_mixin.py:188} WARNING - /home/airflow/.local/lib/python3.9/site-packages/airflow/providers/common/sql/operators/sql.py:139 RemovedInAirflow3Warning: The 'task_concurrency' parameter is deprecated. Please use 'max_active_tis_per_dag'.
[2025-05-22T02:01:31.212+0000] {processor.py:840} INFO - DAG(s) 'raw_to_staging_dag' retrieved from /opt/airflow/dags/raw_to_staging_dag.py
[2025-05-22T02:01:31.231+0000] {logging_mixin.py:188} INFO - [2025-05-22T02:01:31.231+0000] {dag.py:3036} INFO - Sync 1 DAGs
[2025-05-22T02:01:31.249+0000] {logging_mixin.py:188} INFO - [2025-05-22T02:01:31.249+0000] {dag.py:3823} INFO - Setting next_dagrun for raw_to_staging_dag to 2025-05-01 00:00:00+00:00, run_after=2025-05-02 00:00:00+00:00
[2025-05-22T02:01:31.258+0000] {processor.py:183} INFO - Processing /opt/airflow/dags/raw_to_staging_dag.py took 0.083 seconds
[2025-05-22T02:02:01.667+0000] {processor.py:161} INFO - Started process (PID=27557) to work on /opt/airflow/dags/raw_to_staging_dag.py
[2025-05-22T02:02:01.668+0000] {processor.py:830} INFO - Processing file /opt/airflow/dags/raw_to_staging_dag.py for tasks to queue
[2025-05-22T02:02:01.669+0000] {logging_mixin.py:188} INFO - [2025-05-22T02:02:01.669+0000] {dagbag.py:538} INFO - Filling up the DagBag from /opt/airflow/dags/raw_to_staging_dag.py
[2025-05-22T02:02:01.699+0000] {logging_mixin.py:188} WARNING - /home/airflow/.local/lib/python3.9/site-packages/airflow/providers/common/sql/operators/sql.py:139 RemovedInAirflow3Warning: The 'task_concurrency' parameter is deprecated. Please use 'max_active_tis_per_dag'.
[2025-05-22T02:02:01.716+0000] {processor.py:840} INFO - DAG(s) 'raw_to_staging_dag' retrieved from /opt/airflow/dags/raw_to_staging_dag.py
[2025-05-22T02:02:01.745+0000] {logging_mixin.py:188} INFO - [2025-05-22T02:02:01.745+0000] {dag.py:3036} INFO - Sync 1 DAGs
[2025-05-22T02:02:01.764+0000] {logging_mixin.py:188} INFO - [2025-05-22T02:02:01.764+0000] {dag.py:3823} INFO - Setting next_dagrun for raw_to_staging_dag to 2025-05-01 00:00:00+00:00, run_after=2025-05-02 00:00:00+00:00
[2025-05-22T02:02:01.775+0000] {processor.py:183} INFO - Processing /opt/airflow/dags/raw_to_staging_dag.py took 0.116 seconds
[2025-05-22T02:02:32.087+0000] {processor.py:161} INFO - Started process (PID=27572) to work on /opt/airflow/dags/raw_to_staging_dag.py
[2025-05-22T02:02:32.088+0000] {processor.py:830} INFO - Processing file /opt/airflow/dags/raw_to_staging_dag.py for tasks to queue
[2025-05-22T02:02:32.089+0000] {logging_mixin.py:188} INFO - [2025-05-22T02:02:32.089+0000] {dagbag.py:538} INFO - Filling up the DagBag from /opt/airflow/dags/raw_to_staging_dag.py
[2025-05-22T02:02:32.109+0000] {logging_mixin.py:188} WARNING - /home/airflow/.local/lib/python3.9/site-packages/airflow/providers/common/sql/operators/sql.py:139 RemovedInAirflow3Warning: The 'task_concurrency' parameter is deprecated. Please use 'max_active_tis_per_dag'.
[2025-05-22T02:02:32.125+0000] {processor.py:840} INFO - DAG(s) 'raw_to_staging_dag' retrieved from /opt/airflow/dags/raw_to_staging_dag.py
[2025-05-22T02:02:32.142+0000] {logging_mixin.py:188} INFO - [2025-05-22T02:02:32.142+0000] {dag.py:3036} INFO - Sync 1 DAGs
[2025-05-22T02:02:32.155+0000] {logging_mixin.py:188} INFO - [2025-05-22T02:02:32.155+0000] {dag.py:3823} INFO - Setting next_dagrun for raw_to_staging_dag to 2025-05-01 00:00:00+00:00, run_after=2025-05-02 00:00:00+00:00
[2025-05-22T02:02:32.168+0000] {processor.py:183} INFO - Processing /opt/airflow/dags/raw_to_staging_dag.py took 0.087 seconds
[2025-05-22T02:03:02.639+0000] {processor.py:161} INFO - Started process (PID=27587) to work on /opt/airflow/dags/raw_to_staging_dag.py
[2025-05-22T02:03:02.641+0000] {processor.py:830} INFO - Processing file /opt/airflow/dags/raw_to_staging_dag.py for tasks to queue
[2025-05-22T02:03:02.641+0000] {logging_mixin.py:188} INFO - [2025-05-22T02:03:02.641+0000] {dagbag.py:538} INFO - Filling up the DagBag from /opt/airflow/dags/raw_to_staging_dag.py
[2025-05-22T02:03:02.666+0000] {logging_mixin.py:188} WARNING - /home/airflow/.local/lib/python3.9/site-packages/airflow/providers/common/sql/operators/sql.py:139 RemovedInAirflow3Warning: The 'task_concurrency' parameter is deprecated. Please use 'max_active_tis_per_dag'.
[2025-05-22T02:03:02.679+0000] {processor.py:840} INFO - DAG(s) 'raw_to_staging_dag' retrieved from /opt/airflow/dags/raw_to_staging_dag.py
[2025-05-22T02:03:02.708+0000] {logging_mixin.py:188} INFO - [2025-05-22T02:03:02.708+0000] {dag.py:3036} INFO - Sync 1 DAGs
[2025-05-22T02:03:02.726+0000] {logging_mixin.py:188} INFO - [2025-05-22T02:03:02.726+0000] {dag.py:3823} INFO - Setting next_dagrun for raw_to_staging_dag to 2025-05-01 00:00:00+00:00, run_after=2025-05-02 00:00:00+00:00
[2025-05-22T02:03:02.737+0000] {processor.py:183} INFO - Processing /opt/airflow/dags/raw_to_staging_dag.py took 0.103 seconds
[2025-05-22T02:03:33.100+0000] {processor.py:161} INFO - Started process (PID=27602) to work on /opt/airflow/dags/raw_to_staging_dag.py
[2025-05-22T02:03:33.101+0000] {processor.py:830} INFO - Processing file /opt/airflow/dags/raw_to_staging_dag.py for tasks to queue
[2025-05-22T02:03:33.102+0000] {logging_mixin.py:188} INFO - [2025-05-22T02:03:33.102+0000] {dagbag.py:538} INFO - Filling up the DagBag from /opt/airflow/dags/raw_to_staging_dag.py
[2025-05-22T02:03:33.125+0000] {logging_mixin.py:188} WARNING - /home/airflow/.local/lib/python3.9/site-packages/airflow/providers/common/sql/operators/sql.py:139 RemovedInAirflow3Warning: The 'task_concurrency' parameter is deprecated. Please use 'max_active_tis_per_dag'.
[2025-05-22T02:03:33.141+0000] {processor.py:840} INFO - DAG(s) 'raw_to_staging_dag' retrieved from /opt/airflow/dags/raw_to_staging_dag.py
[2025-05-22T02:03:33.168+0000] {logging_mixin.py:188} INFO - [2025-05-22T02:03:33.168+0000] {dag.py:3036} INFO - Sync 1 DAGs
[2025-05-22T02:03:33.189+0000] {logging_mixin.py:188} INFO - [2025-05-22T02:03:33.189+0000] {dag.py:3823} INFO - Setting next_dagrun for raw_to_staging_dag to 2025-05-01 00:00:00+00:00, run_after=2025-05-02 00:00:00+00:00
[2025-05-22T02:03:33.199+0000] {processor.py:183} INFO - Processing /opt/airflow/dags/raw_to_staging_dag.py took 0.110 seconds
[2025-05-22T02:04:03.608+0000] {processor.py:161} INFO - Started process (PID=27617) to work on /opt/airflow/dags/raw_to_staging_dag.py
[2025-05-22T02:04:03.610+0000] {processor.py:830} INFO - Processing file /opt/airflow/dags/raw_to_staging_dag.py for tasks to queue
[2025-05-22T02:04:03.611+0000] {logging_mixin.py:188} INFO - [2025-05-22T02:04:03.611+0000] {dagbag.py:538} INFO - Filling up the DagBag from /opt/airflow/dags/raw_to_staging_dag.py
[2025-05-22T02:04:03.637+0000] {logging_mixin.py:188} WARNING - /home/airflow/.local/lib/python3.9/site-packages/airflow/providers/common/sql/operators/sql.py:139 RemovedInAirflow3Warning: The 'task_concurrency' parameter is deprecated. Please use 'max_active_tis_per_dag'.
[2025-05-22T02:04:03.655+0000] {processor.py:840} INFO - DAG(s) 'raw_to_staging_dag' retrieved from /opt/airflow/dags/raw_to_staging_dag.py
[2025-05-22T02:04:03.691+0000] {logging_mixin.py:188} INFO - [2025-05-22T02:04:03.691+0000] {dag.py:3036} INFO - Sync 1 DAGs
[2025-05-22T02:04:03.714+0000] {logging_mixin.py:188} INFO - [2025-05-22T02:04:03.714+0000] {dag.py:3823} INFO - Setting next_dagrun for raw_to_staging_dag to 2025-05-01 00:00:00+00:00, run_after=2025-05-02 00:00:00+00:00
[2025-05-22T02:04:03.730+0000] {processor.py:183} INFO - Processing /opt/airflow/dags/raw_to_staging_dag.py took 0.133 seconds
[2025-05-22T02:04:34.169+0000] {processor.py:161} INFO - Started process (PID=27632) to work on /opt/airflow/dags/raw_to_staging_dag.py
[2025-05-22T02:04:34.170+0000] {processor.py:830} INFO - Processing file /opt/airflow/dags/raw_to_staging_dag.py for tasks to queue
[2025-05-22T02:04:34.171+0000] {logging_mixin.py:188} INFO - [2025-05-22T02:04:34.171+0000] {dagbag.py:538} INFO - Filling up the DagBag from /opt/airflow/dags/raw_to_staging_dag.py
[2025-05-22T02:04:34.202+0000] {logging_mixin.py:188} WARNING - /home/airflow/.local/lib/python3.9/site-packages/airflow/providers/common/sql/operators/sql.py:139 RemovedInAirflow3Warning: The 'task_concurrency' parameter is deprecated. Please use 'max_active_tis_per_dag'.
[2025-05-22T02:04:34.221+0000] {processor.py:840} INFO - DAG(s) 'raw_to_staging_dag' retrieved from /opt/airflow/dags/raw_to_staging_dag.py
[2025-05-22T02:04:34.257+0000] {logging_mixin.py:188} INFO - [2025-05-22T02:04:34.256+0000] {dag.py:3036} INFO - Sync 1 DAGs
[2025-05-22T02:04:34.276+0000] {logging_mixin.py:188} INFO - [2025-05-22T02:04:34.276+0000] {dag.py:3823} INFO - Setting next_dagrun for raw_to_staging_dag to 2025-05-01 00:00:00+00:00, run_after=2025-05-02 00:00:00+00:00
[2025-05-22T02:04:34.287+0000] {processor.py:183} INFO - Processing /opt/airflow/dags/raw_to_staging_dag.py took 0.128 seconds
[2025-05-22T02:05:04.740+0000] {processor.py:161} INFO - Started process (PID=27647) to work on /opt/airflow/dags/raw_to_staging_dag.py
[2025-05-22T02:05:04.747+0000] {processor.py:830} INFO - Processing file /opt/airflow/dags/raw_to_staging_dag.py for tasks to queue
[2025-05-22T02:05:04.748+0000] {logging_mixin.py:188} INFO - [2025-05-22T02:05:04.748+0000] {dagbag.py:538} INFO - Filling up the DagBag from /opt/airflow/dags/raw_to_staging_dag.py
[2025-05-22T02:05:04.774+0000] {logging_mixin.py:188} WARNING - /home/airflow/.local/lib/python3.9/site-packages/airflow/providers/common/sql/operators/sql.py:139 RemovedInAirflow3Warning: The 'task_concurrency' parameter is deprecated. Please use 'max_active_tis_per_dag'.
[2025-05-22T02:05:04.795+0000] {processor.py:840} INFO - DAG(s) 'raw_to_staging_dag' retrieved from /opt/airflow/dags/raw_to_staging_dag.py
[2025-05-22T02:05:04.830+0000] {logging_mixin.py:188} INFO - [2025-05-22T02:05:04.830+0000] {dag.py:3036} INFO - Sync 1 DAGs
[2025-05-22T02:05:04.855+0000] {logging_mixin.py:188} INFO - [2025-05-22T02:05:04.855+0000] {dag.py:3823} INFO - Setting next_dagrun for raw_to_staging_dag to 2025-05-01 00:00:00+00:00, run_after=2025-05-02 00:00:00+00:00
[2025-05-22T02:05:04.868+0000] {processor.py:183} INFO - Processing /opt/airflow/dags/raw_to_staging_dag.py took 0.177 seconds
[2025-05-22T02:05:35.155+0000] {processor.py:161} INFO - Started process (PID=27662) to work on /opt/airflow/dags/raw_to_staging_dag.py
[2025-05-22T02:05:35.157+0000] {processor.py:830} INFO - Processing file /opt/airflow/dags/raw_to_staging_dag.py for tasks to queue
[2025-05-22T02:05:35.158+0000] {logging_mixin.py:188} INFO - [2025-05-22T02:05:35.158+0000] {dagbag.py:538} INFO - Filling up the DagBag from /opt/airflow/dags/raw_to_staging_dag.py
[2025-05-22T02:05:35.178+0000] {logging_mixin.py:188} WARNING - /home/airflow/.local/lib/python3.9/site-packages/airflow/providers/common/sql/operators/sql.py:139 RemovedInAirflow3Warning: The 'task_concurrency' parameter is deprecated. Please use 'max_active_tis_per_dag'.
[2025-05-22T02:05:35.193+0000] {processor.py:840} INFO - DAG(s) 'raw_to_staging_dag' retrieved from /opt/airflow/dags/raw_to_staging_dag.py
[2025-05-22T02:05:35.215+0000] {logging_mixin.py:188} INFO - [2025-05-22T02:05:35.215+0000] {dag.py:3036} INFO - Sync 1 DAGs
[2025-05-22T02:05:35.231+0000] {logging_mixin.py:188} INFO - [2025-05-22T02:05:35.231+0000] {dag.py:3823} INFO - Setting next_dagrun for raw_to_staging_dag to 2025-05-01 00:00:00+00:00, run_after=2025-05-02 00:00:00+00:00
[2025-05-22T02:05:35.241+0000] {processor.py:183} INFO - Processing /opt/airflow/dags/raw_to_staging_dag.py took 0.094 seconds
[2025-05-22T02:06:05.609+0000] {processor.py:161} INFO - Started process (PID=27677) to work on /opt/airflow/dags/raw_to_staging_dag.py
[2025-05-22T02:06:05.611+0000] {processor.py:830} INFO - Processing file /opt/airflow/dags/raw_to_staging_dag.py for tasks to queue
[2025-05-22T02:06:05.615+0000] {logging_mixin.py:188} INFO - [2025-05-22T02:06:05.614+0000] {dagbag.py:538} INFO - Filling up the DagBag from /opt/airflow/dags/raw_to_staging_dag.py
[2025-05-22T02:06:05.646+0000] {logging_mixin.py:188} WARNING - /home/airflow/.local/lib/python3.9/site-packages/airflow/providers/common/sql/operators/sql.py:139 RemovedInAirflow3Warning: The 'task_concurrency' parameter is deprecated. Please use 'max_active_tis_per_dag'.
[2025-05-22T02:06:05.663+0000] {processor.py:840} INFO - DAG(s) 'raw_to_staging_dag' retrieved from /opt/airflow/dags/raw_to_staging_dag.py
[2025-05-22T02:06:05.692+0000] {logging_mixin.py:188} INFO - [2025-05-22T02:06:05.692+0000] {dag.py:3036} INFO - Sync 1 DAGs
[2025-05-22T02:06:05.710+0000] {logging_mixin.py:188} INFO - [2025-05-22T02:06:05.710+0000] {dag.py:3823} INFO - Setting next_dagrun for raw_to_staging_dag to 2025-05-01 00:00:00+00:00, run_after=2025-05-02 00:00:00+00:00
[2025-05-22T02:06:05.720+0000] {processor.py:183} INFO - Processing /opt/airflow/dags/raw_to_staging_dag.py took 0.116 seconds
[2025-05-22T02:06:36.057+0000] {processor.py:161} INFO - Started process (PID=27692) to work on /opt/airflow/dags/raw_to_staging_dag.py
[2025-05-22T02:06:36.060+0000] {processor.py:830} INFO - Processing file /opt/airflow/dags/raw_to_staging_dag.py for tasks to queue
[2025-05-22T02:06:36.061+0000] {logging_mixin.py:188} INFO - [2025-05-22T02:06:36.061+0000] {dagbag.py:538} INFO - Filling up the DagBag from /opt/airflow/dags/raw_to_staging_dag.py
[2025-05-22T02:06:36.085+0000] {logging_mixin.py:188} WARNING - /home/airflow/.local/lib/python3.9/site-packages/airflow/providers/common/sql/operators/sql.py:139 RemovedInAirflow3Warning: The 'task_concurrency' parameter is deprecated. Please use 'max_active_tis_per_dag'.
[2025-05-22T02:06:36.101+0000] {processor.py:840} INFO - DAG(s) 'raw_to_staging_dag' retrieved from /opt/airflow/dags/raw_to_staging_dag.py
[2025-05-22T02:06:36.130+0000] {logging_mixin.py:188} INFO - [2025-05-22T02:06:36.130+0000] {dag.py:3036} INFO - Sync 1 DAGs
[2025-05-22T02:06:36.148+0000] {logging_mixin.py:188} INFO - [2025-05-22T02:06:36.148+0000] {dag.py:3823} INFO - Setting next_dagrun for raw_to_staging_dag to 2025-05-01 00:00:00+00:00, run_after=2025-05-02 00:00:00+00:00
[2025-05-22T02:06:36.159+0000] {processor.py:183} INFO - Processing /opt/airflow/dags/raw_to_staging_dag.py took 0.109 seconds
[2025-05-22T02:07:06.572+0000] {processor.py:161} INFO - Started process (PID=27707) to work on /opt/airflow/dags/raw_to_staging_dag.py
[2025-05-22T02:07:06.574+0000] {processor.py:830} INFO - Processing file /opt/airflow/dags/raw_to_staging_dag.py for tasks to queue
[2025-05-22T02:07:06.575+0000] {logging_mixin.py:188} INFO - [2025-05-22T02:07:06.574+0000] {dagbag.py:538} INFO - Filling up the DagBag from /opt/airflow/dags/raw_to_staging_dag.py
[2025-05-22T02:07:06.597+0000] {logging_mixin.py:188} WARNING - /home/airflow/.local/lib/python3.9/site-packages/airflow/providers/common/sql/operators/sql.py:139 RemovedInAirflow3Warning: The 'task_concurrency' parameter is deprecated. Please use 'max_active_tis_per_dag'.
[2025-05-22T02:07:06.613+0000] {processor.py:840} INFO - DAG(s) 'raw_to_staging_dag' retrieved from /opt/airflow/dags/raw_to_staging_dag.py
[2025-05-22T02:07:06.646+0000] {logging_mixin.py:188} INFO - [2025-05-22T02:07:06.646+0000] {dag.py:3036} INFO - Sync 1 DAGs
[2025-05-22T02:07:06.663+0000] {logging_mixin.py:188} INFO - [2025-05-22T02:07:06.663+0000] {dag.py:3823} INFO - Setting next_dagrun for raw_to_staging_dag to 2025-05-01 00:00:00+00:00, run_after=2025-05-02 00:00:00+00:00
[2025-05-22T02:07:06.672+0000] {processor.py:183} INFO - Processing /opt/airflow/dags/raw_to_staging_dag.py took 0.110 seconds
[2025-05-22T02:07:37.047+0000] {processor.py:161} INFO - Started process (PID=27722) to work on /opt/airflow/dags/raw_to_staging_dag.py
[2025-05-22T02:07:37.048+0000] {processor.py:830} INFO - Processing file /opt/airflow/dags/raw_to_staging_dag.py for tasks to queue
[2025-05-22T02:07:37.049+0000] {logging_mixin.py:188} INFO - [2025-05-22T02:07:37.049+0000] {dagbag.py:538} INFO - Filling up the DagBag from /opt/airflow/dags/raw_to_staging_dag.py
[2025-05-22T02:07:37.073+0000] {logging_mixin.py:188} WARNING - /home/airflow/.local/lib/python3.9/site-packages/airflow/providers/common/sql/operators/sql.py:139 RemovedInAirflow3Warning: The 'task_concurrency' parameter is deprecated. Please use 'max_active_tis_per_dag'.
[2025-05-22T02:07:37.089+0000] {processor.py:840} INFO - DAG(s) 'raw_to_staging_dag' retrieved from /opt/airflow/dags/raw_to_staging_dag.py
[2025-05-22T02:07:37.121+0000] {logging_mixin.py:188} INFO - [2025-05-22T02:07:37.120+0000] {dag.py:3036} INFO - Sync 1 DAGs
[2025-05-22T02:07:37.138+0000] {logging_mixin.py:188} INFO - [2025-05-22T02:07:37.138+0000] {dag.py:3823} INFO - Setting next_dagrun for raw_to_staging_dag to 2025-05-01 00:00:00+00:00, run_after=2025-05-02 00:00:00+00:00
[2025-05-22T02:07:37.147+0000] {processor.py:183} INFO - Processing /opt/airflow/dags/raw_to_staging_dag.py took 0.109 seconds
[2025-05-22T02:08:07.681+0000] {processor.py:161} INFO - Started process (PID=27737) to work on /opt/airflow/dags/raw_to_staging_dag.py
[2025-05-22T02:08:07.683+0000] {processor.py:830} INFO - Processing file /opt/airflow/dags/raw_to_staging_dag.py for tasks to queue
[2025-05-22T02:08:07.684+0000] {logging_mixin.py:188} INFO - [2025-05-22T02:08:07.684+0000] {dagbag.py:538} INFO - Filling up the DagBag from /opt/airflow/dags/raw_to_staging_dag.py
[2025-05-22T02:08:07.704+0000] {logging_mixin.py:188} WARNING - /home/airflow/.local/lib/python3.9/site-packages/airflow/providers/common/sql/operators/sql.py:139 RemovedInAirflow3Warning: The 'task_concurrency' parameter is deprecated. Please use 'max_active_tis_per_dag'.
[2025-05-22T02:08:07.720+0000] {processor.py:840} INFO - DAG(s) 'raw_to_staging_dag' retrieved from /opt/airflow/dags/raw_to_staging_dag.py
[2025-05-22T02:08:07.754+0000] {logging_mixin.py:188} INFO - [2025-05-22T02:08:07.754+0000] {dag.py:3036} INFO - Sync 1 DAGs
[2025-05-22T02:08:07.770+0000] {logging_mixin.py:188} INFO - [2025-05-22T02:08:07.770+0000] {dag.py:3823} INFO - Setting next_dagrun for raw_to_staging_dag to 2025-05-01 00:00:00+00:00, run_after=2025-05-02 00:00:00+00:00
[2025-05-22T02:08:07.783+0000] {processor.py:183} INFO - Processing /opt/airflow/dags/raw_to_staging_dag.py took 0.111 seconds
[2025-05-22T02:08:38.155+0000] {processor.py:161} INFO - Started process (PID=27752) to work on /opt/airflow/dags/raw_to_staging_dag.py
[2025-05-22T02:08:38.156+0000] {processor.py:830} INFO - Processing file /opt/airflow/dags/raw_to_staging_dag.py for tasks to queue
[2025-05-22T02:08:38.157+0000] {logging_mixin.py:188} INFO - [2025-05-22T02:08:38.157+0000] {dagbag.py:538} INFO - Filling up the DagBag from /opt/airflow/dags/raw_to_staging_dag.py
[2025-05-22T02:08:38.176+0000] {logging_mixin.py:188} WARNING - /home/airflow/.local/lib/python3.9/site-packages/airflow/providers/common/sql/operators/sql.py:139 RemovedInAirflow3Warning: The 'task_concurrency' parameter is deprecated. Please use 'max_active_tis_per_dag'.
[2025-05-22T02:08:38.190+0000] {processor.py:840} INFO - DAG(s) 'raw_to_staging_dag' retrieved from /opt/airflow/dags/raw_to_staging_dag.py
[2025-05-22T02:08:38.220+0000] {logging_mixin.py:188} INFO - [2025-05-22T02:08:38.220+0000] {dag.py:3036} INFO - Sync 1 DAGs
[2025-05-22T02:08:38.241+0000] {logging_mixin.py:188} INFO - [2025-05-22T02:08:38.241+0000] {dag.py:3823} INFO - Setting next_dagrun for raw_to_staging_dag to 2025-05-01 00:00:00+00:00, run_after=2025-05-02 00:00:00+00:00
[2025-05-22T02:08:38.250+0000] {processor.py:183} INFO - Processing /opt/airflow/dags/raw_to_staging_dag.py took 0.106 seconds
[2025-05-22T02:09:08.652+0000] {processor.py:161} INFO - Started process (PID=27767) to work on /opt/airflow/dags/raw_to_staging_dag.py
[2025-05-22T02:09:08.655+0000] {processor.py:830} INFO - Processing file /opt/airflow/dags/raw_to_staging_dag.py for tasks to queue
[2025-05-22T02:09:08.656+0000] {logging_mixin.py:188} INFO - [2025-05-22T02:09:08.655+0000] {dagbag.py:538} INFO - Filling up the DagBag from /opt/airflow/dags/raw_to_staging_dag.py
[2025-05-22T02:09:08.683+0000] {logging_mixin.py:188} WARNING - /home/airflow/.local/lib/python3.9/site-packages/airflow/providers/common/sql/operators/sql.py:139 RemovedInAirflow3Warning: The 'task_concurrency' parameter is deprecated. Please use 'max_active_tis_per_dag'.
[2025-05-22T02:09:08.696+0000] {processor.py:840} INFO - DAG(s) 'raw_to_staging_dag' retrieved from /opt/airflow/dags/raw_to_staging_dag.py
[2025-05-22T02:09:08.729+0000] {logging_mixin.py:188} INFO - [2025-05-22T02:09:08.729+0000] {dag.py:3036} INFO - Sync 1 DAGs
[2025-05-22T02:09:08.746+0000] {logging_mixin.py:188} INFO - [2025-05-22T02:09:08.746+0000] {dag.py:3823} INFO - Setting next_dagrun for raw_to_staging_dag to 2025-05-01 00:00:00+00:00, run_after=2025-05-02 00:00:00+00:00
[2025-05-22T02:09:08.755+0000] {processor.py:183} INFO - Processing /opt/airflow/dags/raw_to_staging_dag.py took 0.117 seconds
[2025-05-22T02:09:39.178+0000] {processor.py:161} INFO - Started process (PID=27782) to work on /opt/airflow/dags/raw_to_staging_dag.py
[2025-05-22T02:09:39.179+0000] {processor.py:830} INFO - Processing file /opt/airflow/dags/raw_to_staging_dag.py for tasks to queue
[2025-05-22T02:09:39.180+0000] {logging_mixin.py:188} INFO - [2025-05-22T02:09:39.180+0000] {dagbag.py:538} INFO - Filling up the DagBag from /opt/airflow/dags/raw_to_staging_dag.py
[2025-05-22T02:09:39.203+0000] {logging_mixin.py:188} WARNING - /home/airflow/.local/lib/python3.9/site-packages/airflow/providers/common/sql/operators/sql.py:139 RemovedInAirflow3Warning: The 'task_concurrency' parameter is deprecated. Please use 'max_active_tis_per_dag'.
[2025-05-22T02:09:39.215+0000] {processor.py:840} INFO - DAG(s) 'raw_to_staging_dag' retrieved from /opt/airflow/dags/raw_to_staging_dag.py
[2025-05-22T02:09:39.243+0000] {logging_mixin.py:188} INFO - [2025-05-22T02:09:39.243+0000] {dag.py:3036} INFO - Sync 1 DAGs
[2025-05-22T02:09:39.258+0000] {logging_mixin.py:188} INFO - [2025-05-22T02:09:39.258+0000] {dag.py:3823} INFO - Setting next_dagrun for raw_to_staging_dag to 2025-05-01 00:00:00+00:00, run_after=2025-05-02 00:00:00+00:00
[2025-05-22T02:09:39.268+0000] {processor.py:183} INFO - Processing /opt/airflow/dags/raw_to_staging_dag.py took 0.100 seconds
[2025-05-22T02:10:09.625+0000] {processor.py:161} INFO - Started process (PID=27797) to work on /opt/airflow/dags/raw_to_staging_dag.py
[2025-05-22T02:10:09.627+0000] {processor.py:830} INFO - Processing file /opt/airflow/dags/raw_to_staging_dag.py for tasks to queue
[2025-05-22T02:10:09.628+0000] {logging_mixin.py:188} INFO - [2025-05-22T02:10:09.628+0000] {dagbag.py:538} INFO - Filling up the DagBag from /opt/airflow/dags/raw_to_staging_dag.py
[2025-05-22T02:10:09.653+0000] {logging_mixin.py:188} WARNING - /home/airflow/.local/lib/python3.9/site-packages/airflow/providers/common/sql/operators/sql.py:139 RemovedInAirflow3Warning: The 'task_concurrency' parameter is deprecated. Please use 'max_active_tis_per_dag'.
[2025-05-22T02:10:09.666+0000] {processor.py:840} INFO - DAG(s) 'raw_to_staging_dag' retrieved from /opt/airflow/dags/raw_to_staging_dag.py
[2025-05-22T02:10:09.690+0000] {logging_mixin.py:188} INFO - [2025-05-22T02:10:09.690+0000] {dag.py:3036} INFO - Sync 1 DAGs
[2025-05-22T02:10:09.705+0000] {logging_mixin.py:188} INFO - [2025-05-22T02:10:09.705+0000] {dag.py:3823} INFO - Setting next_dagrun for raw_to_staging_dag to 2025-05-01 00:00:00+00:00, run_after=2025-05-02 00:00:00+00:00
[2025-05-22T02:10:09.716+0000] {processor.py:183} INFO - Processing /opt/airflow/dags/raw_to_staging_dag.py took 0.098 seconds
[2025-05-22T02:10:40.168+0000] {processor.py:161} INFO - Started process (PID=27816) to work on /opt/airflow/dags/raw_to_staging_dag.py
[2025-05-22T02:10:40.169+0000] {processor.py:830} INFO - Processing file /opt/airflow/dags/raw_to_staging_dag.py for tasks to queue
[2025-05-22T02:10:40.171+0000] {logging_mixin.py:188} INFO - [2025-05-22T02:10:40.170+0000] {dagbag.py:538} INFO - Filling up the DagBag from /opt/airflow/dags/raw_to_staging_dag.py
[2025-05-22T02:10:40.193+0000] {logging_mixin.py:188} WARNING - /home/airflow/.local/lib/python3.9/site-packages/airflow/providers/common/sql/operators/sql.py:139 RemovedInAirflow3Warning: The 'task_concurrency' parameter is deprecated. Please use 'max_active_tis_per_dag'.
[2025-05-22T02:10:40.209+0000] {processor.py:840} INFO - DAG(s) 'raw_to_staging_dag' retrieved from /opt/airflow/dags/raw_to_staging_dag.py
[2025-05-22T02:10:40.239+0000] {logging_mixin.py:188} INFO - [2025-05-22T02:10:40.238+0000] {dag.py:3036} INFO - Sync 1 DAGs
[2025-05-22T02:10:40.255+0000] {logging_mixin.py:188} INFO - [2025-05-22T02:10:40.255+0000] {dag.py:3823} INFO - Setting next_dagrun for raw_to_staging_dag to 2025-05-01 00:00:00+00:00, run_after=2025-05-02 00:00:00+00:00
[2025-05-22T02:10:40.265+0000] {processor.py:183} INFO - Processing /opt/airflow/dags/raw_to_staging_dag.py took 0.102 seconds
[2025-05-22T02:11:10.627+0000] {processor.py:161} INFO - Started process (PID=27831) to work on /opt/airflow/dags/raw_to_staging_dag.py
[2025-05-22T02:11:10.628+0000] {processor.py:830} INFO - Processing file /opt/airflow/dags/raw_to_staging_dag.py for tasks to queue
[2025-05-22T02:11:10.629+0000] {logging_mixin.py:188} INFO - [2025-05-22T02:11:10.629+0000] {dagbag.py:538} INFO - Filling up the DagBag from /opt/airflow/dags/raw_to_staging_dag.py
[2025-05-22T02:11:10.653+0000] {logging_mixin.py:188} WARNING - /home/airflow/.local/lib/python3.9/site-packages/airflow/providers/common/sql/operators/sql.py:139 RemovedInAirflow3Warning: The 'task_concurrency' parameter is deprecated. Please use 'max_active_tis_per_dag'.
[2025-05-22T02:11:10.669+0000] {processor.py:840} INFO - DAG(s) 'raw_to_staging_dag' retrieved from /opt/airflow/dags/raw_to_staging_dag.py
[2025-05-22T02:11:10.707+0000] {logging_mixin.py:188} INFO - [2025-05-22T02:11:10.707+0000] {dag.py:3036} INFO - Sync 1 DAGs
[2025-05-22T02:11:10.725+0000] {logging_mixin.py:188} INFO - [2025-05-22T02:11:10.724+0000] {dag.py:3823} INFO - Setting next_dagrun for raw_to_staging_dag to 2025-05-01 00:00:00+00:00, run_after=2025-05-02 00:00:00+00:00
[2025-05-22T02:11:10.735+0000] {processor.py:183} INFO - Processing /opt/airflow/dags/raw_to_staging_dag.py took 0.114 seconds
[2025-05-22T02:11:41.021+0000] {processor.py:161} INFO - Started process (PID=27846) to work on /opt/airflow/dags/raw_to_staging_dag.py
[2025-05-22T02:11:41.023+0000] {processor.py:830} INFO - Processing file /opt/airflow/dags/raw_to_staging_dag.py for tasks to queue
[2025-05-22T02:11:41.024+0000] {logging_mixin.py:188} INFO - [2025-05-22T02:11:41.023+0000] {dagbag.py:538} INFO - Filling up the DagBag from /opt/airflow/dags/raw_to_staging_dag.py
[2025-05-22T02:11:41.037+0000] {logging_mixin.py:188} WARNING - /home/airflow/.local/lib/python3.9/site-packages/airflow/providers/common/sql/operators/sql.py:139 RemovedInAirflow3Warning: The 'task_concurrency' parameter is deprecated. Please use 'max_active_tis_per_dag'.
[2025-05-22T02:11:41.046+0000] {processor.py:840} INFO - DAG(s) 'raw_to_staging_dag' retrieved from /opt/airflow/dags/raw_to_staging_dag.py
[2025-05-22T02:11:41.060+0000] {logging_mixin.py:188} INFO - [2025-05-22T02:11:41.059+0000] {dag.py:3036} INFO - Sync 1 DAGs
[2025-05-22T02:11:41.074+0000] {logging_mixin.py:188} INFO - [2025-05-22T02:11:41.074+0000] {dag.py:3823} INFO - Setting next_dagrun for raw_to_staging_dag to 2025-05-01 00:00:00+00:00, run_after=2025-05-02 00:00:00+00:00
[2025-05-22T02:11:41.091+0000] {processor.py:183} INFO - Processing /opt/airflow/dags/raw_to_staging_dag.py took 0.073 seconds
[2025-05-22T02:12:11.509+0000] {processor.py:161} INFO - Started process (PID=27861) to work on /opt/airflow/dags/raw_to_staging_dag.py
[2025-05-22T02:12:11.512+0000] {processor.py:830} INFO - Processing file /opt/airflow/dags/raw_to_staging_dag.py for tasks to queue
[2025-05-22T02:12:11.513+0000] {logging_mixin.py:188} INFO - [2025-05-22T02:12:11.512+0000] {dagbag.py:538} INFO - Filling up the DagBag from /opt/airflow/dags/raw_to_staging_dag.py
[2025-05-22T02:12:11.540+0000] {logging_mixin.py:188} WARNING - /home/airflow/.local/lib/python3.9/site-packages/airflow/providers/common/sql/operators/sql.py:139 RemovedInAirflow3Warning: The 'task_concurrency' parameter is deprecated. Please use 'max_active_tis_per_dag'.
[2025-05-22T02:12:11.559+0000] {processor.py:840} INFO - DAG(s) 'raw_to_staging_dag' retrieved from /opt/airflow/dags/raw_to_staging_dag.py
[2025-05-22T02:12:11.588+0000] {logging_mixin.py:188} INFO - [2025-05-22T02:12:11.588+0000] {dag.py:3036} INFO - Sync 1 DAGs
[2025-05-22T02:12:11.604+0000] {logging_mixin.py:188} INFO - [2025-05-22T02:12:11.604+0000] {dag.py:3823} INFO - Setting next_dagrun for raw_to_staging_dag to 2025-05-01 00:00:00+00:00, run_after=2025-05-02 00:00:00+00:00
[2025-05-22T02:12:11.614+0000] {processor.py:183} INFO - Processing /opt/airflow/dags/raw_to_staging_dag.py took 0.114 seconds
[2025-05-22T02:12:41.853+0000] {processor.py:161} INFO - Started process (PID=27876) to work on /opt/airflow/dags/raw_to_staging_dag.py
[2025-05-22T02:12:41.854+0000] {processor.py:830} INFO - Processing file /opt/airflow/dags/raw_to_staging_dag.py for tasks to queue
[2025-05-22T02:12:41.855+0000] {logging_mixin.py:188} INFO - [2025-05-22T02:12:41.854+0000] {dagbag.py:538} INFO - Filling up the DagBag from /opt/airflow/dags/raw_to_staging_dag.py
[2025-05-22T02:12:41.866+0000] {logging_mixin.py:188} WARNING - /home/airflow/.local/lib/python3.9/site-packages/airflow/providers/common/sql/operators/sql.py:139 RemovedInAirflow3Warning: The 'task_concurrency' parameter is deprecated. Please use 'max_active_tis_per_dag'.
[2025-05-22T02:12:41.875+0000] {processor.py:840} INFO - DAG(s) 'raw_to_staging_dag' retrieved from /opt/airflow/dags/raw_to_staging_dag.py
[2025-05-22T02:12:41.888+0000] {logging_mixin.py:188} INFO - [2025-05-22T02:12:41.888+0000] {dag.py:3036} INFO - Sync 1 DAGs
[2025-05-22T02:12:41.898+0000] {logging_mixin.py:188} INFO - [2025-05-22T02:12:41.898+0000] {dag.py:3823} INFO - Setting next_dagrun for raw_to_staging_dag to 2025-05-01 00:00:00+00:00, run_after=2025-05-02 00:00:00+00:00
[2025-05-22T02:12:41.905+0000] {processor.py:183} INFO - Processing /opt/airflow/dags/raw_to_staging_dag.py took 0.055 seconds
[2025-05-22T02:13:12.255+0000] {processor.py:161} INFO - Started process (PID=27891) to work on /opt/airflow/dags/raw_to_staging_dag.py
[2025-05-22T02:13:12.257+0000] {processor.py:830} INFO - Processing file /opt/airflow/dags/raw_to_staging_dag.py for tasks to queue
[2025-05-22T02:13:12.257+0000] {logging_mixin.py:188} INFO - [2025-05-22T02:13:12.257+0000] {dagbag.py:538} INFO - Filling up the DagBag from /opt/airflow/dags/raw_to_staging_dag.py
[2025-05-22T02:13:12.279+0000] {logging_mixin.py:188} WARNING - /home/airflow/.local/lib/python3.9/site-packages/airflow/providers/common/sql/operators/sql.py:139 RemovedInAirflow3Warning: The 'task_concurrency' parameter is deprecated. Please use 'max_active_tis_per_dag'.
[2025-05-22T02:13:12.288+0000] {processor.py:840} INFO - DAG(s) 'raw_to_staging_dag' retrieved from /opt/airflow/dags/raw_to_staging_dag.py
[2025-05-22T02:13:12.305+0000] {logging_mixin.py:188} INFO - [2025-05-22T02:13:12.305+0000] {dag.py:3036} INFO - Sync 1 DAGs
[2025-05-22T02:13:12.318+0000] {logging_mixin.py:188} INFO - [2025-05-22T02:13:12.318+0000] {dag.py:3823} INFO - Setting next_dagrun for raw_to_staging_dag to 2025-05-01 00:00:00+00:00, run_after=2025-05-02 00:00:00+00:00
[2025-05-22T02:13:12.326+0000] {processor.py:183} INFO - Processing /opt/airflow/dags/raw_to_staging_dag.py took 0.074 seconds
[2025-05-22T02:13:42.662+0000] {processor.py:161} INFO - Started process (PID=27906) to work on /opt/airflow/dags/raw_to_staging_dag.py
[2025-05-22T02:13:42.663+0000] {processor.py:830} INFO - Processing file /opt/airflow/dags/raw_to_staging_dag.py for tasks to queue
[2025-05-22T02:13:42.664+0000] {logging_mixin.py:188} INFO - [2025-05-22T02:13:42.664+0000] {dagbag.py:538} INFO - Filling up the DagBag from /opt/airflow/dags/raw_to_staging_dag.py
[2025-05-22T02:13:42.681+0000] {logging_mixin.py:188} WARNING - /home/airflow/.local/lib/python3.9/site-packages/airflow/providers/common/sql/operators/sql.py:139 RemovedInAirflow3Warning: The 'task_concurrency' parameter is deprecated. Please use 'max_active_tis_per_dag'.
[2025-05-22T02:13:42.693+0000] {processor.py:840} INFO - DAG(s) 'raw_to_staging_dag' retrieved from /opt/airflow/dags/raw_to_staging_dag.py
[2025-05-22T02:13:42.714+0000] {logging_mixin.py:188} INFO - [2025-05-22T02:13:42.714+0000] {dag.py:3036} INFO - Sync 1 DAGs
[2025-05-22T02:13:42.732+0000] {logging_mixin.py:188} INFO - [2025-05-22T02:13:42.731+0000] {dag.py:3823} INFO - Setting next_dagrun for raw_to_staging_dag to 2025-05-01 00:00:00+00:00, run_after=2025-05-02 00:00:00+00:00
[2025-05-22T02:13:42.740+0000] {processor.py:183} INFO - Processing /opt/airflow/dags/raw_to_staging_dag.py took 0.083 seconds
[2025-05-22T02:14:13.212+0000] {processor.py:161} INFO - Started process (PID=27921) to work on /opt/airflow/dags/raw_to_staging_dag.py
[2025-05-22T02:14:13.214+0000] {processor.py:830} INFO - Processing file /opt/airflow/dags/raw_to_staging_dag.py for tasks to queue
[2025-05-22T02:14:13.216+0000] {logging_mixin.py:188} INFO - [2025-05-22T02:14:13.215+0000] {dagbag.py:538} INFO - Filling up the DagBag from /opt/airflow/dags/raw_to_staging_dag.py
[2025-05-22T02:14:13.230+0000] {logging_mixin.py:188} WARNING - /home/airflow/.local/lib/python3.9/site-packages/airflow/providers/common/sql/operators/sql.py:139 RemovedInAirflow3Warning: The 'task_concurrency' parameter is deprecated. Please use 'max_active_tis_per_dag'.
[2025-05-22T02:14:13.241+0000] {processor.py:840} INFO - DAG(s) 'raw_to_staging_dag' retrieved from /opt/airflow/dags/raw_to_staging_dag.py
[2025-05-22T02:14:13.259+0000] {logging_mixin.py:188} INFO - [2025-05-22T02:14:13.259+0000] {dag.py:3036} INFO - Sync 1 DAGs
[2025-05-22T02:14:13.273+0000] {logging_mixin.py:188} INFO - [2025-05-22T02:14:13.273+0000] {dag.py:3823} INFO - Setting next_dagrun for raw_to_staging_dag to 2025-05-01 00:00:00+00:00, run_after=2025-05-02 00:00:00+00:00
[2025-05-22T02:14:13.281+0000] {processor.py:183} INFO - Processing /opt/airflow/dags/raw_to_staging_dag.py took 0.089 seconds
[2025-05-22T02:14:43.702+0000] {processor.py:161} INFO - Started process (PID=27936) to work on /opt/airflow/dags/raw_to_staging_dag.py
[2025-05-22T02:14:43.703+0000] {processor.py:830} INFO - Processing file /opt/airflow/dags/raw_to_staging_dag.py for tasks to queue
[2025-05-22T02:14:43.704+0000] {logging_mixin.py:188} INFO - [2025-05-22T02:14:43.704+0000] {dagbag.py:538} INFO - Filling up the DagBag from /opt/airflow/dags/raw_to_staging_dag.py
[2025-05-22T02:14:43.725+0000] {logging_mixin.py:188} WARNING - /home/airflow/.local/lib/python3.9/site-packages/airflow/providers/common/sql/operators/sql.py:139 RemovedInAirflow3Warning: The 'task_concurrency' parameter is deprecated. Please use 'max_active_tis_per_dag'.
[2025-05-22T02:14:43.741+0000] {processor.py:840} INFO - DAG(s) 'raw_to_staging_dag' retrieved from /opt/airflow/dags/raw_to_staging_dag.py
[2025-05-22T02:14:43.767+0000] {logging_mixin.py:188} INFO - [2025-05-22T02:14:43.767+0000] {dag.py:3036} INFO - Sync 1 DAGs
[2025-05-22T02:14:43.782+0000] {logging_mixin.py:188} INFO - [2025-05-22T02:14:43.782+0000] {dag.py:3823} INFO - Setting next_dagrun for raw_to_staging_dag to 2025-05-01 00:00:00+00:00, run_after=2025-05-02 00:00:00+00:00
[2025-05-22T02:14:43.791+0000] {processor.py:183} INFO - Processing /opt/airflow/dags/raw_to_staging_dag.py took 0.093 seconds
[2025-05-22T02:15:14.150+0000] {processor.py:161} INFO - Started process (PID=27951) to work on /opt/airflow/dags/raw_to_staging_dag.py
[2025-05-22T02:15:14.151+0000] {processor.py:830} INFO - Processing file /opt/airflow/dags/raw_to_staging_dag.py for tasks to queue
[2025-05-22T02:15:14.152+0000] {logging_mixin.py:188} INFO - [2025-05-22T02:15:14.152+0000] {dagbag.py:538} INFO - Filling up the DagBag from /opt/airflow/dags/raw_to_staging_dag.py
[2025-05-22T02:15:14.178+0000] {logging_mixin.py:188} WARNING - /home/airflow/.local/lib/python3.9/site-packages/airflow/providers/common/sql/operators/sql.py:139 RemovedInAirflow3Warning: The 'task_concurrency' parameter is deprecated. Please use 'max_active_tis_per_dag'.
[2025-05-22T02:15:14.192+0000] {processor.py:840} INFO - DAG(s) 'raw_to_staging_dag' retrieved from /opt/airflow/dags/raw_to_staging_dag.py
[2025-05-22T02:15:14.222+0000] {logging_mixin.py:188} INFO - [2025-05-22T02:15:14.222+0000] {dag.py:3036} INFO - Sync 1 DAGs
[2025-05-22T02:15:14.241+0000] {logging_mixin.py:188} INFO - [2025-05-22T02:15:14.241+0000] {dag.py:3823} INFO - Setting next_dagrun for raw_to_staging_dag to 2025-05-01 00:00:00+00:00, run_after=2025-05-02 00:00:00+00:00
[2025-05-22T02:15:14.250+0000] {processor.py:183} INFO - Processing /opt/airflow/dags/raw_to_staging_dag.py took 0.107 seconds
[2025-05-22T02:15:44.569+0000] {processor.py:161} INFO - Started process (PID=27966) to work on /opt/airflow/dags/raw_to_staging_dag.py
[2025-05-22T02:15:44.570+0000] {processor.py:830} INFO - Processing file /opt/airflow/dags/raw_to_staging_dag.py for tasks to queue
[2025-05-22T02:15:44.572+0000] {logging_mixin.py:188} INFO - [2025-05-22T02:15:44.571+0000] {dagbag.py:538} INFO - Filling up the DagBag from /opt/airflow/dags/raw_to_staging_dag.py
[2025-05-22T02:15:44.601+0000] {logging_mixin.py:188} WARNING - /home/airflow/.local/lib/python3.9/site-packages/airflow/providers/common/sql/operators/sql.py:139 RemovedInAirflow3Warning: The 'task_concurrency' parameter is deprecated. Please use 'max_active_tis_per_dag'.
[2025-05-22T02:15:44.614+0000] {processor.py:840} INFO - DAG(s) 'raw_to_staging_dag' retrieved from /opt/airflow/dags/raw_to_staging_dag.py
[2025-05-22T02:15:44.645+0000] {logging_mixin.py:188} INFO - [2025-05-22T02:15:44.645+0000] {dag.py:3036} INFO - Sync 1 DAGs
[2025-05-22T02:15:44.660+0000] {logging_mixin.py:188} INFO - [2025-05-22T02:15:44.659+0000] {dag.py:3823} INFO - Setting next_dagrun for raw_to_staging_dag to 2025-05-01 00:00:00+00:00, run_after=2025-05-02 00:00:00+00:00
[2025-05-22T02:15:44.670+0000] {processor.py:183} INFO - Processing /opt/airflow/dags/raw_to_staging_dag.py took 0.108 seconds
[2025-05-22T02:16:14.948+0000] {processor.py:161} INFO - Started process (PID=27981) to work on /opt/airflow/dags/raw_to_staging_dag.py
[2025-05-22T02:16:14.949+0000] {processor.py:830} INFO - Processing file /opt/airflow/dags/raw_to_staging_dag.py for tasks to queue
[2025-05-22T02:16:14.950+0000] {logging_mixin.py:188} INFO - [2025-05-22T02:16:14.950+0000] {dagbag.py:538} INFO - Filling up the DagBag from /opt/airflow/dags/raw_to_staging_dag.py
[2025-05-22T02:16:14.975+0000] {logging_mixin.py:188} WARNING - /home/airflow/.local/lib/python3.9/site-packages/airflow/providers/common/sql/operators/sql.py:139 RemovedInAirflow3Warning: The 'task_concurrency' parameter is deprecated. Please use 'max_active_tis_per_dag'.
[2025-05-22T02:16:14.988+0000] {processor.py:840} INFO - DAG(s) 'raw_to_staging_dag' retrieved from /opt/airflow/dags/raw_to_staging_dag.py
[2025-05-22T02:16:15.013+0000] {logging_mixin.py:188} INFO - [2025-05-22T02:16:15.013+0000] {dag.py:3036} INFO - Sync 1 DAGs
[2025-05-22T02:16:15.028+0000] {logging_mixin.py:188} INFO - [2025-05-22T02:16:15.028+0000] {dag.py:3823} INFO - Setting next_dagrun for raw_to_staging_dag to 2025-05-01 00:00:00+00:00, run_after=2025-05-02 00:00:00+00:00
[2025-05-22T02:16:15.039+0000] {processor.py:183} INFO - Processing /opt/airflow/dags/raw_to_staging_dag.py took 0.098 seconds
[2025-05-22T02:16:45.380+0000] {processor.py:161} INFO - Started process (PID=27996) to work on /opt/airflow/dags/raw_to_staging_dag.py
[2025-05-22T02:16:45.381+0000] {processor.py:830} INFO - Processing file /opt/airflow/dags/raw_to_staging_dag.py for tasks to queue
[2025-05-22T02:16:45.383+0000] {logging_mixin.py:188} INFO - [2025-05-22T02:16:45.382+0000] {dagbag.py:538} INFO - Filling up the DagBag from /opt/airflow/dags/raw_to_staging_dag.py
[2025-05-22T02:16:45.421+0000] {logging_mixin.py:188} WARNING - /home/airflow/.local/lib/python3.9/site-packages/airflow/providers/common/sql/operators/sql.py:139 RemovedInAirflow3Warning: The 'task_concurrency' parameter is deprecated. Please use 'max_active_tis_per_dag'.
[2025-05-22T02:16:45.434+0000] {processor.py:840} INFO - DAG(s) 'raw_to_staging_dag' retrieved from /opt/airflow/dags/raw_to_staging_dag.py
[2025-05-22T02:16:45.458+0000] {logging_mixin.py:188} INFO - [2025-05-22T02:16:45.458+0000] {dag.py:3036} INFO - Sync 1 DAGs
[2025-05-22T02:16:45.474+0000] {logging_mixin.py:188} INFO - [2025-05-22T02:16:45.474+0000] {dag.py:3823} INFO - Setting next_dagrun for raw_to_staging_dag to 2025-05-01 00:00:00+00:00, run_after=2025-05-02 00:00:00+00:00
[2025-05-22T02:16:45.483+0000] {processor.py:183} INFO - Processing /opt/airflow/dags/raw_to_staging_dag.py took 0.110 seconds
[2025-05-22T02:17:15.812+0000] {processor.py:161} INFO - Started process (PID=28011) to work on /opt/airflow/dags/raw_to_staging_dag.py
[2025-05-22T02:17:15.813+0000] {processor.py:830} INFO - Processing file /opt/airflow/dags/raw_to_staging_dag.py for tasks to queue
[2025-05-22T02:17:15.814+0000] {logging_mixin.py:188} INFO - [2025-05-22T02:17:15.814+0000] {dagbag.py:538} INFO - Filling up the DagBag from /opt/airflow/dags/raw_to_staging_dag.py
[2025-05-22T02:17:15.837+0000] {logging_mixin.py:188} WARNING - /home/airflow/.local/lib/python3.9/site-packages/airflow/providers/common/sql/operators/sql.py:139 RemovedInAirflow3Warning: The 'task_concurrency' parameter is deprecated. Please use 'max_active_tis_per_dag'.
[2025-05-22T02:17:15.851+0000] {processor.py:840} INFO - DAG(s) 'raw_to_staging_dag' retrieved from /opt/airflow/dags/raw_to_staging_dag.py
[2025-05-22T02:17:15.879+0000] {logging_mixin.py:188} INFO - [2025-05-22T02:17:15.879+0000] {dag.py:3036} INFO - Sync 1 DAGs
[2025-05-22T02:17:15.895+0000] {logging_mixin.py:188} INFO - [2025-05-22T02:17:15.895+0000] {dag.py:3823} INFO - Setting next_dagrun for raw_to_staging_dag to 2025-05-01 00:00:00+00:00, run_after=2025-05-02 00:00:00+00:00
[2025-05-22T02:17:15.903+0000] {processor.py:183} INFO - Processing /opt/airflow/dags/raw_to_staging_dag.py took 0.099 seconds
[2025-05-22T02:17:46.246+0000] {processor.py:161} INFO - Started process (PID=28026) to work on /opt/airflow/dags/raw_to_staging_dag.py
[2025-05-22T02:17:46.247+0000] {processor.py:830} INFO - Processing file /opt/airflow/dags/raw_to_staging_dag.py for tasks to queue
[2025-05-22T02:17:46.248+0000] {logging_mixin.py:188} INFO - [2025-05-22T02:17:46.248+0000] {dagbag.py:538} INFO - Filling up the DagBag from /opt/airflow/dags/raw_to_staging_dag.py
[2025-05-22T02:17:46.263+0000] {logging_mixin.py:188} WARNING - /home/airflow/.local/lib/python3.9/site-packages/airflow/providers/common/sql/operators/sql.py:139 RemovedInAirflow3Warning: The 'task_concurrency' parameter is deprecated. Please use 'max_active_tis_per_dag'.
[2025-05-22T02:17:46.274+0000] {processor.py:840} INFO - DAG(s) 'raw_to_staging_dag' retrieved from /opt/airflow/dags/raw_to_staging_dag.py
[2025-05-22T02:17:46.291+0000] {logging_mixin.py:188} INFO - [2025-05-22T02:17:46.291+0000] {dag.py:3036} INFO - Sync 1 DAGs
[2025-05-22T02:17:46.304+0000] {logging_mixin.py:188} INFO - [2025-05-22T02:17:46.303+0000] {dag.py:3823} INFO - Setting next_dagrun for raw_to_staging_dag to 2025-05-01 00:00:00+00:00, run_after=2025-05-02 00:00:00+00:00
[2025-05-22T02:17:46.312+0000] {processor.py:183} INFO - Processing /opt/airflow/dags/raw_to_staging_dag.py took 0.070 seconds
[2025-05-22T02:18:16.720+0000] {processor.py:161} INFO - Started process (PID=28041) to work on /opt/airflow/dags/raw_to_staging_dag.py
[2025-05-22T02:18:16.722+0000] {processor.py:830} INFO - Processing file /opt/airflow/dags/raw_to_staging_dag.py for tasks to queue
[2025-05-22T02:18:16.723+0000] {logging_mixin.py:188} INFO - [2025-05-22T02:18:16.723+0000] {dagbag.py:538} INFO - Filling up the DagBag from /opt/airflow/dags/raw_to_staging_dag.py
[2025-05-22T02:18:16.746+0000] {logging_mixin.py:188} WARNING - /home/airflow/.local/lib/python3.9/site-packages/airflow/providers/common/sql/operators/sql.py:139 RemovedInAirflow3Warning: The 'task_concurrency' parameter is deprecated. Please use 'max_active_tis_per_dag'.
[2025-05-22T02:18:16.758+0000] {processor.py:840} INFO - DAG(s) 'raw_to_staging_dag' retrieved from /opt/airflow/dags/raw_to_staging_dag.py
[2025-05-22T02:18:16.788+0000] {logging_mixin.py:188} INFO - [2025-05-22T02:18:16.788+0000] {dag.py:3036} INFO - Sync 1 DAGs
[2025-05-22T02:18:16.803+0000] {logging_mixin.py:188} INFO - [2025-05-22T02:18:16.803+0000] {dag.py:3823} INFO - Setting next_dagrun for raw_to_staging_dag to 2025-05-01 00:00:00+00:00, run_after=2025-05-02 00:00:00+00:00
[2025-05-22T02:18:16.812+0000] {processor.py:183} INFO - Processing /opt/airflow/dags/raw_to_staging_dag.py took 0.099 seconds
[2025-05-22T02:18:47.157+0000] {processor.py:161} INFO - Started process (PID=28056) to work on /opt/airflow/dags/raw_to_staging_dag.py
[2025-05-22T02:18:47.158+0000] {processor.py:830} INFO - Processing file /opt/airflow/dags/raw_to_staging_dag.py for tasks to queue
[2025-05-22T02:18:47.159+0000] {logging_mixin.py:188} INFO - [2025-05-22T02:18:47.159+0000] {dagbag.py:538} INFO - Filling up the DagBag from /opt/airflow/dags/raw_to_staging_dag.py
[2025-05-22T02:18:47.172+0000] {logging_mixin.py:188} WARNING - /home/airflow/.local/lib/python3.9/site-packages/airflow/providers/common/sql/operators/sql.py:139 RemovedInAirflow3Warning: The 'task_concurrency' parameter is deprecated. Please use 'max_active_tis_per_dag'.
[2025-05-22T02:18:47.181+0000] {processor.py:840} INFO - DAG(s) 'raw_to_staging_dag' retrieved from /opt/airflow/dags/raw_to_staging_dag.py
[2025-05-22T02:18:47.196+0000] {logging_mixin.py:188} INFO - [2025-05-22T02:18:47.196+0000] {dag.py:3036} INFO - Sync 1 DAGs
[2025-05-22T02:18:47.209+0000] {logging_mixin.py:188} INFO - [2025-05-22T02:18:47.209+0000] {dag.py:3823} INFO - Setting next_dagrun for raw_to_staging_dag to 2025-05-01 00:00:00+00:00, run_after=2025-05-02 00:00:00+00:00
[2025-05-22T02:18:47.217+0000] {processor.py:183} INFO - Processing /opt/airflow/dags/raw_to_staging_dag.py took 0.064 seconds
[2025-05-22T02:19:17.726+0000] {processor.py:161} INFO - Started process (PID=28071) to work on /opt/airflow/dags/raw_to_staging_dag.py
[2025-05-22T02:19:17.728+0000] {processor.py:830} INFO - Processing file /opt/airflow/dags/raw_to_staging_dag.py for tasks to queue
[2025-05-22T02:19:17.729+0000] {logging_mixin.py:188} INFO - [2025-05-22T02:19:17.729+0000] {dagbag.py:538} INFO - Filling up the DagBag from /opt/airflow/dags/raw_to_staging_dag.py
[2025-05-22T02:19:17.751+0000] {logging_mixin.py:188} WARNING - /home/airflow/.local/lib/python3.9/site-packages/airflow/providers/common/sql/operators/sql.py:139 RemovedInAirflow3Warning: The 'task_concurrency' parameter is deprecated. Please use 'max_active_tis_per_dag'.
[2025-05-22T02:19:17.767+0000] {processor.py:840} INFO - DAG(s) 'raw_to_staging_dag' retrieved from /opt/airflow/dags/raw_to_staging_dag.py
[2025-05-22T02:19:17.792+0000] {logging_mixin.py:188} INFO - [2025-05-22T02:19:17.792+0000] {dag.py:3036} INFO - Sync 1 DAGs
[2025-05-22T02:19:17.809+0000] {logging_mixin.py:188} INFO - [2025-05-22T02:19:17.809+0000] {dag.py:3823} INFO - Setting next_dagrun for raw_to_staging_dag to 2025-05-01 00:00:00+00:00, run_after=2025-05-02 00:00:00+00:00
[2025-05-22T02:19:17.818+0000] {processor.py:183} INFO - Processing /opt/airflow/dags/raw_to_staging_dag.py took 0.097 seconds
[2025-05-22T02:19:48.239+0000] {processor.py:161} INFO - Started process (PID=28086) to work on /opt/airflow/dags/raw_to_staging_dag.py
[2025-05-22T02:19:48.241+0000] {processor.py:830} INFO - Processing file /opt/airflow/dags/raw_to_staging_dag.py for tasks to queue
[2025-05-22T02:19:48.243+0000] {logging_mixin.py:188} INFO - [2025-05-22T02:19:48.242+0000] {dagbag.py:538} INFO - Filling up the DagBag from /opt/airflow/dags/raw_to_staging_dag.py
[2025-05-22T02:19:48.270+0000] {logging_mixin.py:188} WARNING - /home/airflow/.local/lib/python3.9/site-packages/airflow/providers/common/sql/operators/sql.py:139 RemovedInAirflow3Warning: The 'task_concurrency' parameter is deprecated. Please use 'max_active_tis_per_dag'.
[2025-05-22T02:19:48.285+0000] {processor.py:840} INFO - DAG(s) 'raw_to_staging_dag' retrieved from /opt/airflow/dags/raw_to_staging_dag.py
[2025-05-22T02:19:48.309+0000] {logging_mixin.py:188} INFO - [2025-05-22T02:19:48.309+0000] {dag.py:3036} INFO - Sync 1 DAGs
[2025-05-22T02:19:48.326+0000] {logging_mixin.py:188} INFO - [2025-05-22T02:19:48.326+0000] {dag.py:3823} INFO - Setting next_dagrun for raw_to_staging_dag to 2025-05-01 00:00:00+00:00, run_after=2025-05-02 00:00:00+00:00
[2025-05-22T02:19:48.336+0000] {processor.py:183} INFO - Processing /opt/airflow/dags/raw_to_staging_dag.py took 0.106 seconds
[2025-05-22T02:20:18.794+0000] {processor.py:161} INFO - Started process (PID=28101) to work on /opt/airflow/dags/raw_to_staging_dag.py
[2025-05-22T02:20:18.796+0000] {processor.py:830} INFO - Processing file /opt/airflow/dags/raw_to_staging_dag.py for tasks to queue
[2025-05-22T02:20:18.797+0000] {logging_mixin.py:188} INFO - [2025-05-22T02:20:18.796+0000] {dagbag.py:538} INFO - Filling up the DagBag from /opt/airflow/dags/raw_to_staging_dag.py
[2025-05-22T02:20:18.821+0000] {logging_mixin.py:188} WARNING - /home/airflow/.local/lib/python3.9/site-packages/airflow/providers/common/sql/operators/sql.py:139 RemovedInAirflow3Warning: The 'task_concurrency' parameter is deprecated. Please use 'max_active_tis_per_dag'.
[2025-05-22T02:20:18.833+0000] {processor.py:840} INFO - DAG(s) 'raw_to_staging_dag' retrieved from /opt/airflow/dags/raw_to_staging_dag.py
[2025-05-22T02:20:18.855+0000] {logging_mixin.py:188} INFO - [2025-05-22T02:20:18.855+0000] {dag.py:3036} INFO - Sync 1 DAGs
[2025-05-22T02:20:18.869+0000] {logging_mixin.py:188} INFO - [2025-05-22T02:20:18.869+0000] {dag.py:3823} INFO - Setting next_dagrun for raw_to_staging_dag to 2025-05-01 00:00:00+00:00, run_after=2025-05-02 00:00:00+00:00
[2025-05-22T02:20:18.877+0000] {processor.py:183} INFO - Processing /opt/airflow/dags/raw_to_staging_dag.py took 0.088 seconds
[2025-05-22T02:20:49.314+0000] {processor.py:161} INFO - Started process (PID=28116) to work on /opt/airflow/dags/raw_to_staging_dag.py
[2025-05-22T02:20:49.315+0000] {processor.py:830} INFO - Processing file /opt/airflow/dags/raw_to_staging_dag.py for tasks to queue
[2025-05-22T02:20:49.316+0000] {logging_mixin.py:188} INFO - [2025-05-22T02:20:49.316+0000] {dagbag.py:538} INFO - Filling up the DagBag from /opt/airflow/dags/raw_to_staging_dag.py
[2025-05-22T02:20:49.330+0000] {logging_mixin.py:188} WARNING - /home/airflow/.local/lib/python3.9/site-packages/airflow/providers/common/sql/operators/sql.py:139 RemovedInAirflow3Warning: The 'task_concurrency' parameter is deprecated. Please use 'max_active_tis_per_dag'.
[2025-05-22T02:20:49.341+0000] {processor.py:840} INFO - DAG(s) 'raw_to_staging_dag' retrieved from /opt/airflow/dags/raw_to_staging_dag.py
[2025-05-22T02:20:49.363+0000] {logging_mixin.py:188} INFO - [2025-05-22T02:20:49.363+0000] {dag.py:3036} INFO - Sync 1 DAGs
[2025-05-22T02:20:49.376+0000] {logging_mixin.py:188} INFO - [2025-05-22T02:20:49.376+0000] {dag.py:3823} INFO - Setting next_dagrun for raw_to_staging_dag to 2025-05-01 00:00:00+00:00, run_after=2025-05-02 00:00:00+00:00
[2025-05-22T02:20:49.385+0000] {processor.py:183} INFO - Processing /opt/airflow/dags/raw_to_staging_dag.py took 0.075 seconds
[2025-05-22T02:21:19.732+0000] {processor.py:161} INFO - Started process (PID=28131) to work on /opt/airflow/dags/raw_to_staging_dag.py
[2025-05-22T02:21:19.734+0000] {processor.py:830} INFO - Processing file /opt/airflow/dags/raw_to_staging_dag.py for tasks to queue
[2025-05-22T02:21:19.734+0000] {logging_mixin.py:188} INFO - [2025-05-22T02:21:19.734+0000] {dagbag.py:538} INFO - Filling up the DagBag from /opt/airflow/dags/raw_to_staging_dag.py
[2025-05-22T02:21:19.746+0000] {logging_mixin.py:188} WARNING - /home/airflow/.local/lib/python3.9/site-packages/airflow/providers/common/sql/operators/sql.py:139 RemovedInAirflow3Warning: The 'task_concurrency' parameter is deprecated. Please use 'max_active_tis_per_dag'.
[2025-05-22T02:21:19.756+0000] {processor.py:840} INFO - DAG(s) 'raw_to_staging_dag' retrieved from /opt/airflow/dags/raw_to_staging_dag.py
[2025-05-22T02:21:19.771+0000] {logging_mixin.py:188} INFO - [2025-05-22T02:21:19.771+0000] {dag.py:3036} INFO - Sync 1 DAGs
[2025-05-22T02:21:19.781+0000] {logging_mixin.py:188} INFO - [2025-05-22T02:21:19.781+0000] {dag.py:3823} INFO - Setting next_dagrun for raw_to_staging_dag to 2025-05-01 00:00:00+00:00, run_after=2025-05-02 00:00:00+00:00
[2025-05-22T02:21:19.789+0000] {processor.py:183} INFO - Processing /opt/airflow/dags/raw_to_staging_dag.py took 0.061 seconds
[2025-05-22T02:21:50.148+0000] {processor.py:161} INFO - Started process (PID=28146) to work on /opt/airflow/dags/raw_to_staging_dag.py
[2025-05-22T02:21:50.149+0000] {processor.py:830} INFO - Processing file /opt/airflow/dags/raw_to_staging_dag.py for tasks to queue
[2025-05-22T02:21:50.150+0000] {logging_mixin.py:188} INFO - [2025-05-22T02:21:50.150+0000] {dagbag.py:538} INFO - Filling up the DagBag from /opt/airflow/dags/raw_to_staging_dag.py
[2025-05-22T02:21:50.168+0000] {logging_mixin.py:188} WARNING - /home/airflow/.local/lib/python3.9/site-packages/airflow/providers/common/sql/operators/sql.py:139 RemovedInAirflow3Warning: The 'task_concurrency' parameter is deprecated. Please use 'max_active_tis_per_dag'.
[2025-05-22T02:21:50.178+0000] {processor.py:840} INFO - DAG(s) 'raw_to_staging_dag' retrieved from /opt/airflow/dags/raw_to_staging_dag.py
[2025-05-22T02:21:50.198+0000] {logging_mixin.py:188} INFO - [2025-05-22T02:21:50.198+0000] {dag.py:3036} INFO - Sync 1 DAGs
[2025-05-22T02:21:50.211+0000] {logging_mixin.py:188} INFO - [2025-05-22T02:21:50.211+0000] {dag.py:3823} INFO - Setting next_dagrun for raw_to_staging_dag to 2025-05-01 00:00:00+00:00, run_after=2025-05-02 00:00:00+00:00
[2025-05-22T02:21:50.219+0000] {processor.py:183} INFO - Processing /opt/airflow/dags/raw_to_staging_dag.py took 0.077 seconds
[2025-05-22T02:22:20.590+0000] {processor.py:161} INFO - Started process (PID=28161) to work on /opt/airflow/dags/raw_to_staging_dag.py
[2025-05-22T02:22:20.591+0000] {processor.py:830} INFO - Processing file /opt/airflow/dags/raw_to_staging_dag.py for tasks to queue
[2025-05-22T02:22:20.592+0000] {logging_mixin.py:188} INFO - [2025-05-22T02:22:20.591+0000] {dagbag.py:538} INFO - Filling up the DagBag from /opt/airflow/dags/raw_to_staging_dag.py
[2025-05-22T02:22:20.605+0000] {logging_mixin.py:188} WARNING - /home/airflow/.local/lib/python3.9/site-packages/airflow/providers/common/sql/operators/sql.py:139 RemovedInAirflow3Warning: The 'task_concurrency' parameter is deprecated. Please use 'max_active_tis_per_dag'.
[2025-05-22T02:22:20.615+0000] {processor.py:840} INFO - DAG(s) 'raw_to_staging_dag' retrieved from /opt/airflow/dags/raw_to_staging_dag.py
[2025-05-22T02:22:20.631+0000] {logging_mixin.py:188} INFO - [2025-05-22T02:22:20.630+0000] {dag.py:3036} INFO - Sync 1 DAGs
[2025-05-22T02:22:20.643+0000] {logging_mixin.py:188} INFO - [2025-05-22T02:22:20.643+0000] {dag.py:3823} INFO - Setting next_dagrun for raw_to_staging_dag to 2025-05-01 00:00:00+00:00, run_after=2025-05-02 00:00:00+00:00
[2025-05-22T02:22:20.651+0000] {processor.py:183} INFO - Processing /opt/airflow/dags/raw_to_staging_dag.py took 0.065 seconds
[2025-05-22T02:22:51.089+0000] {processor.py:161} INFO - Started process (PID=28176) to work on /opt/airflow/dags/raw_to_staging_dag.py
[2025-05-22T02:22:51.090+0000] {processor.py:830} INFO - Processing file /opt/airflow/dags/raw_to_staging_dag.py for tasks to queue
[2025-05-22T02:22:51.091+0000] {logging_mixin.py:188} INFO - [2025-05-22T02:22:51.090+0000] {dagbag.py:538} INFO - Filling up the DagBag from /opt/airflow/dags/raw_to_staging_dag.py
[2025-05-22T02:22:51.108+0000] {logging_mixin.py:188} WARNING - /home/airflow/.local/lib/python3.9/site-packages/airflow/providers/common/sql/operators/sql.py:139 RemovedInAirflow3Warning: The 'task_concurrency' parameter is deprecated. Please use 'max_active_tis_per_dag'.
[2025-05-22T02:22:51.126+0000] {processor.py:840} INFO - DAG(s) 'raw_to_staging_dag' retrieved from /opt/airflow/dags/raw_to_staging_dag.py
[2025-05-22T02:22:51.150+0000] {logging_mixin.py:188} INFO - [2025-05-22T02:22:51.150+0000] {dag.py:3036} INFO - Sync 1 DAGs
[2025-05-22T02:22:51.164+0000] {logging_mixin.py:188} INFO - [2025-05-22T02:22:51.164+0000] {dag.py:3823} INFO - Setting next_dagrun for raw_to_staging_dag to 2025-05-01 00:00:00+00:00, run_after=2025-05-02 00:00:00+00:00
[2025-05-22T02:22:51.173+0000] {processor.py:183} INFO - Processing /opt/airflow/dags/raw_to_staging_dag.py took 0.089 seconds
[2025-05-22T02:23:21.495+0000] {processor.py:161} INFO - Started process (PID=28495) to work on /opt/airflow/dags/raw_to_staging_dag.py
[2025-05-22T02:23:21.498+0000] {processor.py:830} INFO - Processing file /opt/airflow/dags/raw_to_staging_dag.py for tasks to queue
[2025-05-22T02:23:21.499+0000] {logging_mixin.py:188} INFO - [2025-05-22T02:23:21.498+0000] {dagbag.py:538} INFO - Filling up the DagBag from /opt/airflow/dags/raw_to_staging_dag.py
[2025-05-22T02:23:21.523+0000] {logging_mixin.py:188} WARNING - /home/airflow/.local/lib/python3.9/site-packages/airflow/providers/common/sql/operators/sql.py:139 RemovedInAirflow3Warning: The 'task_concurrency' parameter is deprecated. Please use 'max_active_tis_per_dag'.
[2025-05-22T02:23:21.541+0000] {processor.py:840} INFO - DAG(s) 'raw_to_staging_dag' retrieved from /opt/airflow/dags/raw_to_staging_dag.py
[2025-05-22T02:23:21.572+0000] {logging_mixin.py:188} INFO - [2025-05-22T02:23:21.572+0000] {dag.py:3036} INFO - Sync 1 DAGs
[2025-05-22T02:23:21.588+0000] {logging_mixin.py:188} INFO - [2025-05-22T02:23:21.587+0000] {dag.py:3823} INFO - Setting next_dagrun for raw_to_staging_dag to 2025-05-05 00:00:00+00:00, run_after=2025-05-06 00:00:00+00:00
[2025-05-22T02:23:21.597+0000] {processor.py:183} INFO - Processing /opt/airflow/dags/raw_to_staging_dag.py took 0.106 seconds
[2025-05-22T02:23:52.871+0000] {processor.py:161} INFO - Started process (PID=28819) to work on /opt/airflow/dags/raw_to_staging_dag.py
[2025-05-22T02:23:52.879+0000] {processor.py:830} INFO - Processing file /opt/airflow/dags/raw_to_staging_dag.py for tasks to queue
[2025-05-22T02:23:52.882+0000] {logging_mixin.py:188} INFO - [2025-05-22T02:23:52.881+0000] {dagbag.py:538} INFO - Filling up the DagBag from /opt/airflow/dags/raw_to_staging_dag.py
[2025-05-22T02:23:52.945+0000] {logging_mixin.py:188} WARNING - /home/airflow/.local/lib/python3.9/site-packages/airflow/providers/common/sql/operators/sql.py:139 RemovedInAirflow3Warning: The 'task_concurrency' parameter is deprecated. Please use 'max_active_tis_per_dag'.
[2025-05-22T02:23:53.220+0000] {processor.py:840} INFO - DAG(s) 'raw_to_staging_dag' retrieved from /opt/airflow/dags/raw_to_staging_dag.py
[2025-05-22T02:23:53.428+0000] {logging_mixin.py:188} INFO - [2025-05-22T02:23:53.428+0000] {dag.py:3036} INFO - Sync 1 DAGs
[2025-05-22T02:23:53.528+0000] {logging_mixin.py:188} INFO - [2025-05-22T02:23:53.528+0000] {dag.py:3823} INFO - Setting next_dagrun for raw_to_staging_dag to 2025-05-21 00:00:00+00:00, run_after=2025-05-22 00:00:00+00:00
[2025-05-22T02:23:53.674+0000] {processor.py:183} INFO - Processing /opt/airflow/dags/raw_to_staging_dag.py took 0.854 seconds
[2025-05-22T02:24:24.654+0000] {processor.py:161} INFO - Started process (PID=28894) to work on /opt/airflow/dags/raw_to_staging_dag.py
[2025-05-22T02:24:24.656+0000] {processor.py:830} INFO - Processing file /opt/airflow/dags/raw_to_staging_dag.py for tasks to queue
[2025-05-22T02:24:24.657+0000] {logging_mixin.py:188} INFO - [2025-05-22T02:24:24.656+0000] {dagbag.py:538} INFO - Filling up the DagBag from /opt/airflow/dags/raw_to_staging_dag.py
[2025-05-22T02:24:24.670+0000] {logging_mixin.py:188} WARNING - /home/airflow/.local/lib/python3.9/site-packages/airflow/providers/common/sql/operators/sql.py:139 RemovedInAirflow3Warning: The 'task_concurrency' parameter is deprecated. Please use 'max_active_tis_per_dag'.
[2025-05-22T02:24:24.679+0000] {processor.py:840} INFO - DAG(s) 'raw_to_staging_dag' retrieved from /opt/airflow/dags/raw_to_staging_dag.py
[2025-05-22T02:24:24.694+0000] {logging_mixin.py:188} INFO - [2025-05-22T02:24:24.694+0000] {dag.py:3036} INFO - Sync 1 DAGs
[2025-05-22T02:24:24.709+0000] {logging_mixin.py:188} INFO - [2025-05-22T02:24:24.709+0000] {dag.py:3823} INFO - Setting next_dagrun for raw_to_staging_dag to 2025-05-22 00:00:00+00:00, run_after=2025-05-23 00:00:00+00:00
[2025-05-22T02:24:24.717+0000] {processor.py:183} INFO - Processing /opt/airflow/dags/raw_to_staging_dag.py took 0.070 seconds
[2025-05-22T02:24:55.145+0000] {processor.py:161} INFO - Started process (PID=28909) to work on /opt/airflow/dags/raw_to_staging_dag.py
[2025-05-22T02:24:55.147+0000] {processor.py:830} INFO - Processing file /opt/airflow/dags/raw_to_staging_dag.py for tasks to queue
[2025-05-22T02:24:55.148+0000] {logging_mixin.py:188} INFO - [2025-05-22T02:24:55.147+0000] {dagbag.py:538} INFO - Filling up the DagBag from /opt/airflow/dags/raw_to_staging_dag.py
[2025-05-22T02:24:55.160+0000] {logging_mixin.py:188} WARNING - /home/airflow/.local/lib/python3.9/site-packages/airflow/providers/common/sql/operators/sql.py:139 RemovedInAirflow3Warning: The 'task_concurrency' parameter is deprecated. Please use 'max_active_tis_per_dag'.
[2025-05-22T02:24:55.169+0000] {processor.py:840} INFO - DAG(s) 'raw_to_staging_dag' retrieved from /opt/airflow/dags/raw_to_staging_dag.py
[2025-05-22T02:24:55.185+0000] {logging_mixin.py:188} INFO - [2025-05-22T02:24:55.185+0000] {dag.py:3036} INFO - Sync 1 DAGs
[2025-05-22T02:24:55.198+0000] {logging_mixin.py:188} INFO - [2025-05-22T02:24:55.198+0000] {dag.py:3823} INFO - Setting next_dagrun for raw_to_staging_dag to 2025-05-22 00:00:00+00:00, run_after=2025-05-23 00:00:00+00:00
[2025-05-22T02:24:55.205+0000] {processor.py:183} INFO - Processing /opt/airflow/dags/raw_to_staging_dag.py took 0.071 seconds
[2025-05-22T02:25:25.663+0000] {processor.py:161} INFO - Started process (PID=28924) to work on /opt/airflow/dags/raw_to_staging_dag.py
[2025-05-22T02:25:25.665+0000] {processor.py:830} INFO - Processing file /opt/airflow/dags/raw_to_staging_dag.py for tasks to queue
[2025-05-22T02:25:25.666+0000] {logging_mixin.py:188} INFO - [2025-05-22T02:25:25.666+0000] {dagbag.py:538} INFO - Filling up the DagBag from /opt/airflow/dags/raw_to_staging_dag.py
[2025-05-22T02:25:25.680+0000] {logging_mixin.py:188} WARNING - /home/airflow/.local/lib/python3.9/site-packages/airflow/providers/common/sql/operators/sql.py:139 RemovedInAirflow3Warning: The 'task_concurrency' parameter is deprecated. Please use 'max_active_tis_per_dag'.
[2025-05-22T02:25:25.690+0000] {processor.py:840} INFO - DAG(s) 'raw_to_staging_dag' retrieved from /opt/airflow/dags/raw_to_staging_dag.py
[2025-05-22T02:25:25.705+0000] {logging_mixin.py:188} INFO - [2025-05-22T02:25:25.704+0000] {dag.py:3036} INFO - Sync 1 DAGs
[2025-05-22T02:25:25.719+0000] {logging_mixin.py:188} INFO - [2025-05-22T02:25:25.719+0000] {dag.py:3823} INFO - Setting next_dagrun for raw_to_staging_dag to 2025-05-22 00:00:00+00:00, run_after=2025-05-23 00:00:00+00:00
[2025-05-22T02:25:25.727+0000] {processor.py:183} INFO - Processing /opt/airflow/dags/raw_to_staging_dag.py took 0.069 seconds
[2025-05-22T02:25:56.140+0000] {processor.py:161} INFO - Started process (PID=28939) to work on /opt/airflow/dags/raw_to_staging_dag.py
[2025-05-22T02:25:56.142+0000] {processor.py:830} INFO - Processing file /opt/airflow/dags/raw_to_staging_dag.py for tasks to queue
[2025-05-22T02:25:56.143+0000] {logging_mixin.py:188} INFO - [2025-05-22T02:25:56.142+0000] {dagbag.py:538} INFO - Filling up the DagBag from /opt/airflow/dags/raw_to_staging_dag.py
[2025-05-22T02:25:56.157+0000] {logging_mixin.py:188} WARNING - /home/airflow/.local/lib/python3.9/site-packages/airflow/providers/common/sql/operators/sql.py:139 RemovedInAirflow3Warning: The 'task_concurrency' parameter is deprecated. Please use 'max_active_tis_per_dag'.
[2025-05-22T02:25:56.167+0000] {processor.py:840} INFO - DAG(s) 'raw_to_staging_dag' retrieved from /opt/airflow/dags/raw_to_staging_dag.py
[2025-05-22T02:25:56.184+0000] {logging_mixin.py:188} INFO - [2025-05-22T02:25:56.184+0000] {dag.py:3036} INFO - Sync 1 DAGs
[2025-05-22T02:25:56.195+0000] {logging_mixin.py:188} INFO - [2025-05-22T02:25:56.195+0000] {dag.py:3823} INFO - Setting next_dagrun for raw_to_staging_dag to 2025-05-22 00:00:00+00:00, run_after=2025-05-23 00:00:00+00:00
[2025-05-22T02:25:56.203+0000] {processor.py:183} INFO - Processing /opt/airflow/dags/raw_to_staging_dag.py took 0.068 seconds
[2025-05-22T02:26:26.622+0000] {processor.py:161} INFO - Started process (PID=28954) to work on /opt/airflow/dags/raw_to_staging_dag.py
[2025-05-22T02:26:26.623+0000] {processor.py:830} INFO - Processing file /opt/airflow/dags/raw_to_staging_dag.py for tasks to queue
[2025-05-22T02:26:26.624+0000] {logging_mixin.py:188} INFO - [2025-05-22T02:26:26.623+0000] {dagbag.py:538} INFO - Filling up the DagBag from /opt/airflow/dags/raw_to_staging_dag.py
[2025-05-22T02:26:26.638+0000] {logging_mixin.py:188} WARNING - /home/airflow/.local/lib/python3.9/site-packages/airflow/providers/common/sql/operators/sql.py:139 RemovedInAirflow3Warning: The 'task_concurrency' parameter is deprecated. Please use 'max_active_tis_per_dag'.
[2025-05-22T02:26:26.651+0000] {processor.py:840} INFO - DAG(s) 'raw_to_staging_dag' retrieved from /opt/airflow/dags/raw_to_staging_dag.py
[2025-05-22T02:26:26.668+0000] {logging_mixin.py:188} INFO - [2025-05-22T02:26:26.668+0000] {dag.py:3036} INFO - Sync 1 DAGs
[2025-05-22T02:26:26.680+0000] {logging_mixin.py:188} INFO - [2025-05-22T02:26:26.680+0000] {dag.py:3823} INFO - Setting next_dagrun for raw_to_staging_dag to 2025-05-22 00:00:00+00:00, run_after=2025-05-23 00:00:00+00:00
[2025-05-22T02:26:26.687+0000] {processor.py:183} INFO - Processing /opt/airflow/dags/raw_to_staging_dag.py took 0.070 seconds
[2025-05-22T02:26:57.219+0000] {processor.py:161} INFO - Started process (PID=28969) to work on /opt/airflow/dags/raw_to_staging_dag.py
[2025-05-22T02:26:57.221+0000] {processor.py:830} INFO - Processing file /opt/airflow/dags/raw_to_staging_dag.py for tasks to queue
[2025-05-22T02:26:57.223+0000] {logging_mixin.py:188} INFO - [2025-05-22T02:26:57.223+0000] {dagbag.py:538} INFO - Filling up the DagBag from /opt/airflow/dags/raw_to_staging_dag.py
[2025-05-22T02:26:57.249+0000] {logging_mixin.py:188} WARNING - /home/airflow/.local/lib/python3.9/site-packages/airflow/providers/common/sql/operators/sql.py:139 RemovedInAirflow3Warning: The 'task_concurrency' parameter is deprecated. Please use 'max_active_tis_per_dag'.
[2025-05-22T02:26:57.293+0000] {processor.py:840} INFO - DAG(s) 'raw_to_staging_dag' retrieved from /opt/airflow/dags/raw_to_staging_dag.py
[2025-05-22T02:26:57.423+0000] {logging_mixin.py:188} INFO - [2025-05-22T02:26:57.422+0000] {dag.py:3036} INFO - Sync 1 DAGs
[2025-05-22T02:26:57.480+0000] {logging_mixin.py:188} INFO - [2025-05-22T02:26:57.477+0000] {dag.py:3823} INFO - Setting next_dagrun for raw_to_staging_dag to 2025-05-22 00:00:00+00:00, run_after=2025-05-23 00:00:00+00:00
[2025-05-22T02:26:57.533+0000] {processor.py:183} INFO - Processing /opt/airflow/dags/raw_to_staging_dag.py took 0.323 seconds
[2025-05-22T02:27:27.698+0000] {processor.py:161} INFO - Started process (PID=28984) to work on /opt/airflow/dags/raw_to_staging_dag.py
[2025-05-22T02:27:27.699+0000] {processor.py:830} INFO - Processing file /opt/airflow/dags/raw_to_staging_dag.py for tasks to queue
[2025-05-22T02:27:55.907+0000] {logging_mixin.py:188} INFO - [2025-05-22T02:27:55.907+0000] {dagbag.py:538} INFO - Filling up the DagBag from /opt/airflow/dags/raw_to_staging_dag.py
[2025-05-22T02:27:55.916+0000] {logging_mixin.py:188} WARNING - /home/airflow/.local/lib/python3.9/site-packages/airflow/providers/common/sql/operators/sql.py:139 RemovedInAirflow3Warning: The 'task_concurrency' parameter is deprecated. Please use 'max_active_tis_per_dag'.
[2025-05-22T02:27:55.925+0000] {processor.py:840} INFO - DAG(s) 'raw_to_staging_dag' retrieved from /opt/airflow/dags/raw_to_staging_dag.py
[2025-05-22T02:27:55.939+0000] {logging_mixin.py:188} INFO - [2025-05-22T02:27:55.939+0000] {dag.py:3036} INFO - Sync 1 DAGs
[2025-05-22T02:27:55.955+0000] {logging_mixin.py:188} INFO - [2025-05-22T02:27:55.955+0000] {dag.py:3823} INFO - Setting next_dagrun for raw_to_staging_dag to 2025-05-22 00:00:00+00:00, run_after=2025-05-23 00:00:00+00:00
[2025-05-22T02:27:55.967+0000] {processor.py:183} INFO - Processing /opt/airflow/dags/raw_to_staging_dag.py took 0.064 seconds
[2025-05-22T02:43:24.693+0000] {processor.py:161} INFO - Started process (PID=29011) to work on /opt/airflow/dags/raw_to_staging_dag.py
[2025-05-22T02:43:24.696+0000] {processor.py:830} INFO - Processing file /opt/airflow/dags/raw_to_staging_dag.py for tasks to queue
[2025-05-22T02:43:24.697+0000] {logging_mixin.py:188} INFO - [2025-05-22T02:43:24.697+0000] {dagbag.py:538} INFO - Filling up the DagBag from /opt/airflow/dags/raw_to_staging_dag.py
[2025-05-22T02:43:24.708+0000] {logging_mixin.py:188} WARNING - /home/airflow/.local/lib/python3.9/site-packages/airflow/providers/common/sql/operators/sql.py:139 RemovedInAirflow3Warning: The 'task_concurrency' parameter is deprecated. Please use 'max_active_tis_per_dag'.
[2025-05-22T02:43:24.718+0000] {processor.py:840} INFO - DAG(s) 'raw_to_staging_dag' retrieved from /opt/airflow/dags/raw_to_staging_dag.py
[2025-05-22T02:43:24.739+0000] {logging_mixin.py:188} INFO - [2025-05-22T02:43:24.739+0000] {dag.py:3036} INFO - Sync 1 DAGs
[2025-05-22T02:43:24.757+0000] {logging_mixin.py:188} INFO - [2025-05-22T02:43:24.757+0000] {dag.py:3823} INFO - Setting next_dagrun for raw_to_staging_dag to 2025-05-22 00:00:00+00:00, run_after=2025-05-23 00:00:00+00:00
[2025-05-22T02:43:24.765+0000] {processor.py:183} INFO - Processing /opt/airflow/dags/raw_to_staging_dag.py took 0.079 seconds
[2025-05-22T02:43:55.326+0000] {processor.py:161} INFO - Started process (PID=29026) to work on /opt/airflow/dags/raw_to_staging_dag.py
[2025-05-22T02:43:55.326+0000] {processor.py:830} INFO - Processing file /opt/airflow/dags/raw_to_staging_dag.py for tasks to queue
[2025-05-22T02:43:55.327+0000] {logging_mixin.py:188} INFO - [2025-05-22T02:43:55.326+0000] {dagbag.py:538} INFO - Filling up the DagBag from /opt/airflow/dags/raw_to_staging_dag.py
[2025-05-22T02:43:55.340+0000] {logging_mixin.py:188} WARNING - /home/airflow/.local/lib/python3.9/site-packages/airflow/providers/common/sql/operators/sql.py:139 RemovedInAirflow3Warning: The 'task_concurrency' parameter is deprecated. Please use 'max_active_tis_per_dag'.
[2025-05-22T02:43:55.346+0000] {processor.py:840} INFO - DAG(s) 'raw_to_staging_dag' retrieved from /opt/airflow/dags/raw_to_staging_dag.py
[2025-05-22T02:43:55.360+0000] {logging_mixin.py:188} INFO - [2025-05-22T02:43:55.360+0000] {dag.py:3036} INFO - Sync 1 DAGs
[2025-05-22T02:43:55.370+0000] {logging_mixin.py:188} INFO - [2025-05-22T02:43:55.370+0000] {dag.py:3823} INFO - Setting next_dagrun for raw_to_staging_dag to 2025-05-22 00:00:00+00:00, run_after=2025-05-23 00:00:00+00:00
[2025-05-22T02:43:55.378+0000] {processor.py:183} INFO - Processing /opt/airflow/dags/raw_to_staging_dag.py took 0.054 seconds
[2025-05-22T02:55:24.712+0000] {processor.py:161} INFO - Started process (PID=29043) to work on /opt/airflow/dags/raw_to_staging_dag.py
[2025-05-22T02:55:24.714+0000] {processor.py:830} INFO - Processing file /opt/airflow/dags/raw_to_staging_dag.py for tasks to queue
[2025-05-22T02:55:24.715+0000] {logging_mixin.py:188} INFO - [2025-05-22T02:55:24.714+0000] {dagbag.py:538} INFO - Filling up the DagBag from /opt/airflow/dags/raw_to_staging_dag.py
[2025-05-22T02:55:24.725+0000] {logging_mixin.py:188} WARNING - /home/airflow/.local/lib/python3.9/site-packages/airflow/providers/common/sql/operators/sql.py:139 RemovedInAirflow3Warning: The 'task_concurrency' parameter is deprecated. Please use 'max_active_tis_per_dag'.
[2025-05-22T02:55:24.732+0000] {processor.py:840} INFO - DAG(s) 'raw_to_staging_dag' retrieved from /opt/airflow/dags/raw_to_staging_dag.py
[2025-05-22T02:55:24.746+0000] {logging_mixin.py:188} INFO - [2025-05-22T02:55:24.746+0000] {dag.py:3036} INFO - Sync 1 DAGs
[2025-05-22T02:55:24.759+0000] {logging_mixin.py:188} INFO - [2025-05-22T02:55:24.759+0000] {dag.py:3823} INFO - Setting next_dagrun for raw_to_staging_dag to 2025-05-22 00:00:00+00:00, run_after=2025-05-23 00:00:00+00:00
[2025-05-22T02:55:24.770+0000] {processor.py:183} INFO - Processing /opt/airflow/dags/raw_to_staging_dag.py took 0.061 seconds
[2025-05-22T03:10:51.376+0000] {processor.py:161} INFO - Started process (PID=29058) to work on /opt/airflow/dags/raw_to_staging_dag.py
[2025-05-22T03:10:51.379+0000] {processor.py:830} INFO - Processing file /opt/airflow/dags/raw_to_staging_dag.py for tasks to queue
[2025-05-22T03:10:51.382+0000] {logging_mixin.py:188} INFO - [2025-05-22T03:10:51.381+0000] {dagbag.py:538} INFO - Filling up the DagBag from /opt/airflow/dags/raw_to_staging_dag.py
[2025-05-22T03:10:51.412+0000] {logging_mixin.py:188} WARNING - /home/airflow/.local/lib/python3.9/site-packages/airflow/providers/common/sql/operators/sql.py:139 RemovedInAirflow3Warning: The 'task_concurrency' parameter is deprecated. Please use 'max_active_tis_per_dag'.
[2025-05-22T03:10:51.445+0000] {processor.py:840} INFO - DAG(s) 'raw_to_staging_dag' retrieved from /opt/airflow/dags/raw_to_staging_dag.py
[2025-05-22T03:10:51.518+0000] {logging_mixin.py:188} INFO - [2025-05-22T03:10:51.517+0000] {dag.py:3036} INFO - Sync 1 DAGs
[2025-05-22T03:10:51.567+0000] {logging_mixin.py:188} INFO - [2025-05-22T03:10:51.566+0000] {dag.py:3823} INFO - Setting next_dagrun for raw_to_staging_dag to 2025-05-22 00:00:00+00:00, run_after=2025-05-23 00:00:00+00:00
[2025-05-22T03:10:51.597+0000] {processor.py:183} INFO - Processing /opt/airflow/dags/raw_to_staging_dag.py took 0.231 seconds
[2025-05-22T03:12:00.039+0000] {processor.py:161} INFO - Started process (PID=29075) to work on /opt/airflow/dags/raw_to_staging_dag.py
[2025-05-22T03:12:00.040+0000] {processor.py:830} INFO - Processing file /opt/airflow/dags/raw_to_staging_dag.py for tasks to queue
[2025-05-22T03:12:00.040+0000] {logging_mixin.py:188} INFO - [2025-05-22T03:12:00.040+0000] {dagbag.py:538} INFO - Filling up the DagBag from /opt/airflow/dags/raw_to_staging_dag.py
[2025-05-22T03:12:00.048+0000] {logging_mixin.py:188} WARNING - /home/airflow/.local/lib/python3.9/site-packages/airflow/providers/common/sql/operators/sql.py:139 RemovedInAirflow3Warning: The 'task_concurrency' parameter is deprecated. Please use 'max_active_tis_per_dag'.
[2025-05-22T03:12:00.054+0000] {processor.py:840} INFO - DAG(s) 'raw_to_staging_dag' retrieved from /opt/airflow/dags/raw_to_staging_dag.py
[2025-05-22T03:12:00.067+0000] {logging_mixin.py:188} INFO - [2025-05-22T03:12:00.067+0000] {dag.py:3036} INFO - Sync 1 DAGs
[2025-05-22T03:12:00.081+0000] {logging_mixin.py:188} INFO - [2025-05-22T03:12:00.080+0000] {dag.py:3823} INFO - Setting next_dagrun for raw_to_staging_dag to 2025-05-22 00:00:00+00:00, run_after=2025-05-23 00:00:00+00:00
[2025-05-22T03:12:00.088+0000] {processor.py:183} INFO - Processing /opt/airflow/dags/raw_to_staging_dag.py took 0.051 seconds
[2025-05-22T03:47:30.938+0000] {processor.py:161} INFO - Started process (PID=29090) to work on /opt/airflow/dags/raw_to_staging_dag.py
[2025-05-22T03:47:30.940+0000] {processor.py:830} INFO - Processing file /opt/airflow/dags/raw_to_staging_dag.py for tasks to queue
[2025-05-22T03:47:30.941+0000] {logging_mixin.py:188} INFO - [2025-05-22T03:47:30.941+0000] {dagbag.py:538} INFO - Filling up the DagBag from /opt/airflow/dags/raw_to_staging_dag.py
[2025-05-22T03:47:30.964+0000] {logging_mixin.py:188} WARNING - /home/airflow/.local/lib/python3.9/site-packages/airflow/providers/common/sql/operators/sql.py:139 RemovedInAirflow3Warning: The 'task_concurrency' parameter is deprecated. Please use 'max_active_tis_per_dag'.
[2025-05-22T03:47:30.979+0000] {processor.py:840} INFO - DAG(s) 'raw_to_staging_dag' retrieved from /opt/airflow/dags/raw_to_staging_dag.py
[2025-05-22T03:47:31.015+0000] {logging_mixin.py:188} INFO - [2025-05-22T03:47:31.014+0000] {dag.py:3036} INFO - Sync 1 DAGs
[2025-05-22T03:47:31.033+0000] {logging_mixin.py:188} INFO - [2025-05-22T03:47:31.033+0000] {dag.py:3823} INFO - Setting next_dagrun for raw_to_staging_dag to 2025-05-22 00:00:00+00:00, run_after=2025-05-23 00:00:00+00:00
[2025-05-22T03:47:31.045+0000] {processor.py:183} INFO - Processing /opt/airflow/dags/raw_to_staging_dag.py took 0.118 seconds
[2025-05-22T03:48:01.438+0000] {processor.py:161} INFO - Started process (PID=29105) to work on /opt/airflow/dags/raw_to_staging_dag.py
[2025-05-22T03:48:01.439+0000] {processor.py:830} INFO - Processing file /opt/airflow/dags/raw_to_staging_dag.py for tasks to queue
[2025-05-22T03:48:01.439+0000] {logging_mixin.py:188} INFO - [2025-05-22T03:48:01.439+0000] {dagbag.py:538} INFO - Filling up the DagBag from /opt/airflow/dags/raw_to_staging_dag.py
[2025-05-22T03:48:01.446+0000] {logging_mixin.py:188} WARNING - /home/airflow/.local/lib/python3.9/site-packages/airflow/providers/common/sql/operators/sql.py:139 RemovedInAirflow3Warning: The 'task_concurrency' parameter is deprecated. Please use 'max_active_tis_per_dag'.
[2025-05-22T03:48:01.453+0000] {processor.py:840} INFO - DAG(s) 'raw_to_staging_dag' retrieved from /opt/airflow/dags/raw_to_staging_dag.py
[2025-05-22T03:48:01.464+0000] {logging_mixin.py:188} INFO - [2025-05-22T03:48:01.464+0000] {dag.py:3036} INFO - Sync 1 DAGs
[2025-05-22T03:48:01.474+0000] {logging_mixin.py:188} INFO - [2025-05-22T03:48:01.474+0000] {dag.py:3823} INFO - Setting next_dagrun for raw_to_staging_dag to 2025-05-22 00:00:00+00:00, run_after=2025-05-23 00:00:00+00:00
[2025-05-22T03:48:01.482+0000] {processor.py:183} INFO - Processing /opt/airflow/dags/raw_to_staging_dag.py took 0.047 seconds
[2025-05-22T04:21:18.769+0000] {processor.py:161} INFO - Started process (PID=29120) to work on /opt/airflow/dags/raw_to_staging_dag.py
[2025-05-22T04:21:18.773+0000] {processor.py:830} INFO - Processing file /opt/airflow/dags/raw_to_staging_dag.py for tasks to queue
[2025-05-22T04:21:18.774+0000] {logging_mixin.py:188} INFO - [2025-05-22T04:21:18.773+0000] {dagbag.py:538} INFO - Filling up the DagBag from /opt/airflow/dags/raw_to_staging_dag.py
[2025-05-22T04:21:18.797+0000] {logging_mixin.py:188} WARNING - /home/airflow/.local/lib/python3.9/site-packages/airflow/providers/common/sql/operators/sql.py:139 RemovedInAirflow3Warning: The 'task_concurrency' parameter is deprecated. Please use 'max_active_tis_per_dag'.
[2025-05-22T04:21:18.812+0000] {processor.py:840} INFO - DAG(s) 'raw_to_staging_dag' retrieved from /opt/airflow/dags/raw_to_staging_dag.py
[2025-05-22T04:21:18.863+0000] {logging_mixin.py:188} INFO - [2025-05-22T04:21:18.863+0000] {dag.py:3036} INFO - Sync 1 DAGs
[2025-05-22T04:21:18.904+0000] {logging_mixin.py:188} INFO - [2025-05-22T04:21:18.904+0000] {dag.py:3823} INFO - Setting next_dagrun for raw_to_staging_dag to 2025-05-22 00:00:00+00:00, run_after=2025-05-23 00:00:00+00:00
[2025-05-22T04:21:18.934+0000] {processor.py:183} INFO - Processing /opt/airflow/dags/raw_to_staging_dag.py took 0.175 seconds
[2025-05-22T05:17:19.194+0000] {processor.py:161} INFO - Started process (PID=29137) to work on /opt/airflow/dags/raw_to_staging_dag.py
[2025-05-22T05:17:19.195+0000] {processor.py:830} INFO - Processing file /opt/airflow/dags/raw_to_staging_dag.py for tasks to queue
[2025-05-22T05:17:19.195+0000] {logging_mixin.py:188} INFO - [2025-05-22T05:17:19.195+0000] {dagbag.py:538} INFO - Filling up the DagBag from /opt/airflow/dags/raw_to_staging_dag.py
[2025-05-22T05:17:19.202+0000] {logging_mixin.py:188} WARNING - /home/airflow/.local/lib/python3.9/site-packages/airflow/providers/common/sql/operators/sql.py:139 RemovedInAirflow3Warning: The 'task_concurrency' parameter is deprecated. Please use 'max_active_tis_per_dag'.
[2025-05-22T05:17:19.208+0000] {processor.py:840} INFO - DAG(s) 'raw_to_staging_dag' retrieved from /opt/airflow/dags/raw_to_staging_dag.py
[2025-05-22T05:17:19.221+0000] {logging_mixin.py:188} INFO - [2025-05-22T05:17:19.221+0000] {dag.py:3036} INFO - Sync 1 DAGs
[2025-05-22T05:17:19.231+0000] {logging_mixin.py:188} INFO - [2025-05-22T05:17:19.230+0000] {dag.py:3823} INFO - Setting next_dagrun for raw_to_staging_dag to 2025-05-22 00:00:00+00:00, run_after=2025-05-23 00:00:00+00:00
[2025-05-22T05:17:19.237+0000] {processor.py:183} INFO - Processing /opt/airflow/dags/raw_to_staging_dag.py took 0.045 seconds
[2025-05-22T05:29:02.687+0000] {processor.py:161} INFO - Started process (PID=29152) to work on /opt/airflow/dags/raw_to_staging_dag.py
[2025-05-22T05:29:02.688+0000] {processor.py:830} INFO - Processing file /opt/airflow/dags/raw_to_staging_dag.py for tasks to queue
[2025-05-22T05:29:02.690+0000] {logging_mixin.py:188} INFO - [2025-05-22T05:29:02.689+0000] {dagbag.py:538} INFO - Filling up the DagBag from /opt/airflow/dags/raw_to_staging_dag.py
[2025-05-22T05:29:02.706+0000] {logging_mixin.py:188} WARNING - /home/airflow/.local/lib/python3.9/site-packages/airflow/providers/common/sql/operators/sql.py:139 RemovedInAirflow3Warning: The 'task_concurrency' parameter is deprecated. Please use 'max_active_tis_per_dag'.
[2025-05-22T05:29:02.726+0000] {processor.py:840} INFO - DAG(s) 'raw_to_staging_dag' retrieved from /opt/airflow/dags/raw_to_staging_dag.py
[2025-05-22T05:29:02.764+0000] {logging_mixin.py:188} INFO - [2025-05-22T05:29:02.764+0000] {dag.py:3036} INFO - Sync 1 DAGs
[2025-05-22T05:29:02.796+0000] {logging_mixin.py:188} INFO - [2025-05-22T05:29:02.795+0000] {dag.py:3823} INFO - Setting next_dagrun for raw_to_staging_dag to 2025-05-22 00:00:00+00:00, run_after=2025-05-23 00:00:00+00:00
[2025-05-22T05:29:02.821+0000] {processor.py:183} INFO - Processing /opt/airflow/dags/raw_to_staging_dag.py took 0.138 seconds
[2025-05-22T06:19:52.996+0000] {processor.py:161} INFO - Started process (PID=29167) to work on /opt/airflow/dags/raw_to_staging_dag.py
[2025-05-22T06:19:52.998+0000] {processor.py:830} INFO - Processing file /opt/airflow/dags/raw_to_staging_dag.py for tasks to queue
[2025-05-22T06:19:53.000+0000] {logging_mixin.py:188} INFO - [2025-05-22T06:19:52.999+0000] {dagbag.py:538} INFO - Filling up the DagBag from /opt/airflow/dags/raw_to_staging_dag.py
[2025-05-22T06:19:53.015+0000] {logging_mixin.py:188} WARNING - /home/airflow/.local/lib/python3.9/site-packages/airflow/providers/common/sql/operators/sql.py:139 RemovedInAirflow3Warning: The 'task_concurrency' parameter is deprecated. Please use 'max_active_tis_per_dag'.
[2025-05-22T06:19:53.030+0000] {processor.py:840} INFO - DAG(s) 'raw_to_staging_dag' retrieved from /opt/airflow/dags/raw_to_staging_dag.py
[2025-05-22T06:19:53.062+0000] {logging_mixin.py:188} INFO - [2025-05-22T06:19:53.061+0000] {dag.py:3036} INFO - Sync 1 DAGs
[2025-05-22T06:19:53.087+0000] {logging_mixin.py:188} INFO - [2025-05-22T06:19:53.087+0000] {dag.py:3823} INFO - Setting next_dagrun for raw_to_staging_dag to 2025-05-22 00:00:00+00:00, run_after=2025-05-23 00:00:00+00:00
[2025-05-22T06:19:53.109+0000] {processor.py:183} INFO - Processing /opt/airflow/dags/raw_to_staging_dag.py took 0.119 seconds
[2025-05-22T06:58:17.589+0000] {processor.py:161} INFO - Started process (PID=29182) to work on /opt/airflow/dags/raw_to_staging_dag.py
[2025-05-22T06:58:17.590+0000] {processor.py:830} INFO - Processing file /opt/airflow/dags/raw_to_staging_dag.py for tasks to queue
[2025-05-22T06:58:17.591+0000] {logging_mixin.py:188} INFO - [2025-05-22T06:58:17.590+0000] {dagbag.py:538} INFO - Filling up the DagBag from /opt/airflow/dags/raw_to_staging_dag.py
[2025-05-22T06:58:17.601+0000] {logging_mixin.py:188} WARNING - /home/airflow/.local/lib/python3.9/site-packages/airflow/providers/common/sql/operators/sql.py:139 RemovedInAirflow3Warning: The 'task_concurrency' parameter is deprecated. Please use 'max_active_tis_per_dag'.
[2025-05-22T06:58:17.607+0000] {processor.py:840} INFO - DAG(s) 'raw_to_staging_dag' retrieved from /opt/airflow/dags/raw_to_staging_dag.py
[2025-05-22T06:58:17.620+0000] {logging_mixin.py:188} INFO - [2025-05-22T06:58:17.620+0000] {dag.py:3036} INFO - Sync 1 DAGs
[2025-05-22T06:58:17.632+0000] {logging_mixin.py:188} INFO - [2025-05-22T06:58:17.632+0000] {dag.py:3823} INFO - Setting next_dagrun for raw_to_staging_dag to 2025-05-22 00:00:00+00:00, run_after=2025-05-23 00:00:00+00:00
[2025-05-22T06:58:17.640+0000] {processor.py:183} INFO - Processing /opt/airflow/dags/raw_to_staging_dag.py took 0.053 seconds
[2025-05-22T06:58:48.366+0000] {processor.py:161} INFO - Started process (PID=29197) to work on /opt/airflow/dags/raw_to_staging_dag.py
[2025-05-22T06:58:48.366+0000] {processor.py:830} INFO - Processing file /opt/airflow/dags/raw_to_staging_dag.py for tasks to queue
[2025-05-22T06:58:48.367+0000] {logging_mixin.py:188} INFO - [2025-05-22T06:58:48.367+0000] {dagbag.py:538} INFO - Filling up the DagBag from /opt/airflow/dags/raw_to_staging_dag.py
[2025-05-22T06:58:48.381+0000] {logging_mixin.py:188} WARNING - /home/airflow/.local/lib/python3.9/site-packages/airflow/providers/common/sql/operators/sql.py:139 RemovedInAirflow3Warning: The 'task_concurrency' parameter is deprecated. Please use 'max_active_tis_per_dag'.
[2025-05-22T06:58:48.392+0000] {processor.py:840} INFO - DAG(s) 'raw_to_staging_dag' retrieved from /opt/airflow/dags/raw_to_staging_dag.py
[2025-05-22T06:58:48.409+0000] {logging_mixin.py:188} INFO - [2025-05-22T06:58:48.409+0000] {dag.py:3036} INFO - Sync 1 DAGs
[2025-05-22T06:58:48.420+0000] {logging_mixin.py:188} INFO - [2025-05-22T06:58:48.420+0000] {dag.py:3823} INFO - Setting next_dagrun for raw_to_staging_dag to 2025-05-22 00:00:00+00:00, run_after=2025-05-23 00:00:00+00:00
[2025-05-22T06:58:48.428+0000] {processor.py:183} INFO - Processing /opt/airflow/dags/raw_to_staging_dag.py took 0.064 seconds
[2025-05-22T06:59:19.220+0000] {processor.py:161} INFO - Started process (PID=29212) to work on /opt/airflow/dags/raw_to_staging_dag.py
[2025-05-22T06:59:19.220+0000] {processor.py:830} INFO - Processing file /opt/airflow/dags/raw_to_staging_dag.py for tasks to queue
[2025-05-22T06:59:19.221+0000] {logging_mixin.py:188} INFO - [2025-05-22T06:59:19.221+0000] {dagbag.py:538} INFO - Filling up the DagBag from /opt/airflow/dags/raw_to_staging_dag.py
[2025-05-22T06:59:19.228+0000] {logging_mixin.py:188} WARNING - /home/airflow/.local/lib/python3.9/site-packages/airflow/providers/common/sql/operators/sql.py:139 RemovedInAirflow3Warning: The 'task_concurrency' parameter is deprecated. Please use 'max_active_tis_per_dag'.
[2025-05-22T06:59:19.236+0000] {processor.py:840} INFO - DAG(s) 'raw_to_staging_dag' retrieved from /opt/airflow/dags/raw_to_staging_dag.py
[2025-05-22T06:59:19.252+0000] {logging_mixin.py:188} INFO - [2025-05-22T06:59:19.252+0000] {dag.py:3036} INFO - Sync 1 DAGs
[2025-05-22T06:59:19.280+0000] {logging_mixin.py:188} INFO - [2025-05-22T06:59:19.280+0000] {dag.py:3823} INFO - Setting next_dagrun for raw_to_staging_dag to 2025-05-22 00:00:00+00:00, run_after=2025-05-23 00:00:00+00:00
[2025-05-22T06:59:19.290+0000] {processor.py:183} INFO - Processing /opt/airflow/dags/raw_to_staging_dag.py took 0.072 seconds
[2025-05-22T06:59:49.815+0000] {processor.py:161} INFO - Started process (PID=29227) to work on /opt/airflow/dags/raw_to_staging_dag.py
[2025-05-22T06:59:49.816+0000] {processor.py:830} INFO - Processing file /opt/airflow/dags/raw_to_staging_dag.py for tasks to queue
[2025-05-22T06:59:49.816+0000] {logging_mixin.py:188} INFO - [2025-05-22T06:59:49.816+0000] {dagbag.py:538} INFO - Filling up the DagBag from /opt/airflow/dags/raw_to_staging_dag.py
[2025-05-22T06:59:49.826+0000] {logging_mixin.py:188} WARNING - /home/airflow/.local/lib/python3.9/site-packages/airflow/providers/common/sql/operators/sql.py:139 RemovedInAirflow3Warning: The 'task_concurrency' parameter is deprecated. Please use 'max_active_tis_per_dag'.
[2025-05-22T06:59:49.836+0000] {processor.py:840} INFO - DAG(s) 'raw_to_staging_dag' retrieved from /opt/airflow/dags/raw_to_staging_dag.py
[2025-05-22T06:59:49.852+0000] {logging_mixin.py:188} INFO - [2025-05-22T06:59:49.852+0000] {dag.py:3036} INFO - Sync 1 DAGs
[2025-05-22T06:59:49.865+0000] {logging_mixin.py:188} INFO - [2025-05-22T06:59:49.864+0000] {dag.py:3823} INFO - Setting next_dagrun for raw_to_staging_dag to 2025-05-22 00:00:00+00:00, run_after=2025-05-23 00:00:00+00:00
[2025-05-22T06:59:49.872+0000] {processor.py:183} INFO - Processing /opt/airflow/dags/raw_to_staging_dag.py took 0.059 seconds
[2025-05-22T07:00:20.344+0000] {processor.py:161} INFO - Started process (PID=29242) to work on /opt/airflow/dags/raw_to_staging_dag.py
[2025-05-22T07:00:20.344+0000] {processor.py:830} INFO - Processing file /opt/airflow/dags/raw_to_staging_dag.py for tasks to queue
[2025-05-22T07:00:20.345+0000] {logging_mixin.py:188} INFO - [2025-05-22T07:00:20.345+0000] {dagbag.py:538} INFO - Filling up the DagBag from /opt/airflow/dags/raw_to_staging_dag.py
[2025-05-22T07:00:20.352+0000] {logging_mixin.py:188} WARNING - /home/airflow/.local/lib/python3.9/site-packages/airflow/providers/common/sql/operators/sql.py:139 RemovedInAirflow3Warning: The 'task_concurrency' parameter is deprecated. Please use 'max_active_tis_per_dag'.
[2025-05-22T07:00:20.360+0000] {processor.py:840} INFO - DAG(s) 'raw_to_staging_dag' retrieved from /opt/airflow/dags/raw_to_staging_dag.py
[2025-05-22T07:00:20.374+0000] {logging_mixin.py:188} INFO - [2025-05-22T07:00:20.374+0000] {dag.py:3036} INFO - Sync 1 DAGs
[2025-05-22T07:00:20.386+0000] {logging_mixin.py:188} INFO - [2025-05-22T07:00:20.386+0000] {dag.py:3823} INFO - Setting next_dagrun for raw_to_staging_dag to 2025-05-22 00:00:00+00:00, run_after=2025-05-23 00:00:00+00:00
[2025-05-22T07:00:20.395+0000] {processor.py:183} INFO - Processing /opt/airflow/dags/raw_to_staging_dag.py took 0.053 seconds
[2025-05-22T07:00:50.899+0000] {processor.py:161} INFO - Started process (PID=29257) to work on /opt/airflow/dags/raw_to_staging_dag.py
[2025-05-22T07:00:50.900+0000] {processor.py:830} INFO - Processing file /opt/airflow/dags/raw_to_staging_dag.py for tasks to queue
[2025-05-22T07:00:50.901+0000] {logging_mixin.py:188} INFO - [2025-05-22T07:00:50.901+0000] {dagbag.py:538} INFO - Filling up the DagBag from /opt/airflow/dags/raw_to_staging_dag.py
[2025-05-22T07:00:50.911+0000] {logging_mixin.py:188} WARNING - /home/airflow/.local/lib/python3.9/site-packages/airflow/providers/common/sql/operators/sql.py:139 RemovedInAirflow3Warning: The 'task_concurrency' parameter is deprecated. Please use 'max_active_tis_per_dag'.
[2025-05-22T07:00:50.919+0000] {processor.py:840} INFO - DAG(s) 'raw_to_staging_dag' retrieved from /opt/airflow/dags/raw_to_staging_dag.py
[2025-05-22T07:00:50.931+0000] {logging_mixin.py:188} INFO - [2025-05-22T07:00:50.931+0000] {dag.py:3036} INFO - Sync 1 DAGs
[2025-05-22T07:00:50.946+0000] {logging_mixin.py:188} INFO - [2025-05-22T07:00:50.946+0000] {dag.py:3823} INFO - Setting next_dagrun for raw_to_staging_dag to 2025-05-22 00:00:00+00:00, run_after=2025-05-23 00:00:00+00:00
[2025-05-22T07:00:50.953+0000] {processor.py:183} INFO - Processing /opt/airflow/dags/raw_to_staging_dag.py took 0.058 seconds
[2025-05-22T07:01:21.388+0000] {processor.py:161} INFO - Started process (PID=29272) to work on /opt/airflow/dags/raw_to_staging_dag.py
[2025-05-22T07:01:21.390+0000] {processor.py:830} INFO - Processing file /opt/airflow/dags/raw_to_staging_dag.py for tasks to queue
[2025-05-22T07:01:21.390+0000] {logging_mixin.py:188} INFO - [2025-05-22T07:01:21.390+0000] {dagbag.py:538} INFO - Filling up the DagBag from /opt/airflow/dags/raw_to_staging_dag.py
[2025-05-22T07:01:21.399+0000] {logging_mixin.py:188} WARNING - /home/airflow/.local/lib/python3.9/site-packages/airflow/providers/common/sql/operators/sql.py:139 RemovedInAirflow3Warning: The 'task_concurrency' parameter is deprecated. Please use 'max_active_tis_per_dag'.
[2025-05-22T07:01:21.407+0000] {processor.py:840} INFO - DAG(s) 'raw_to_staging_dag' retrieved from /opt/airflow/dags/raw_to_staging_dag.py
[2025-05-22T07:01:21.420+0000] {logging_mixin.py:188} INFO - [2025-05-22T07:01:21.420+0000] {dag.py:3036} INFO - Sync 1 DAGs
[2025-05-22T07:01:21.433+0000] {logging_mixin.py:188} INFO - [2025-05-22T07:01:21.432+0000] {dag.py:3823} INFO - Setting next_dagrun for raw_to_staging_dag to 2025-05-22 00:00:00+00:00, run_after=2025-05-23 00:00:00+00:00
[2025-05-22T07:01:21.440+0000] {processor.py:183} INFO - Processing /opt/airflow/dags/raw_to_staging_dag.py took 0.054 seconds
[2025-05-22T07:01:51.867+0000] {processor.py:161} INFO - Started process (PID=29287) to work on /opt/airflow/dags/raw_to_staging_dag.py
[2025-05-22T07:01:51.867+0000] {processor.py:830} INFO - Processing file /opt/airflow/dags/raw_to_staging_dag.py for tasks to queue
[2025-05-22T07:01:51.868+0000] {logging_mixin.py:188} INFO - [2025-05-22T07:01:51.867+0000] {dagbag.py:538} INFO - Filling up the DagBag from /opt/airflow/dags/raw_to_staging_dag.py
[2025-05-22T07:01:51.876+0000] {logging_mixin.py:188} WARNING - /home/airflow/.local/lib/python3.9/site-packages/airflow/providers/common/sql/operators/sql.py:139 RemovedInAirflow3Warning: The 'task_concurrency' parameter is deprecated. Please use 'max_active_tis_per_dag'.
[2025-05-22T07:01:51.888+0000] {processor.py:840} INFO - DAG(s) 'raw_to_staging_dag' retrieved from /opt/airflow/dags/raw_to_staging_dag.py
[2025-05-22T07:01:51.901+0000] {logging_mixin.py:188} INFO - [2025-05-22T07:01:51.901+0000] {dag.py:3036} INFO - Sync 1 DAGs
[2025-05-22T07:01:51.917+0000] {logging_mixin.py:188} INFO - [2025-05-22T07:01:51.916+0000] {dag.py:3823} INFO - Setting next_dagrun for raw_to_staging_dag to 2025-05-22 00:00:00+00:00, run_after=2025-05-23 00:00:00+00:00
[2025-05-22T07:01:51.926+0000] {processor.py:183} INFO - Processing /opt/airflow/dags/raw_to_staging_dag.py took 0.062 seconds
[2025-05-22T07:02:22.273+0000] {processor.py:161} INFO - Started process (PID=29302) to work on /opt/airflow/dags/raw_to_staging_dag.py
[2025-05-22T07:02:22.274+0000] {processor.py:830} INFO - Processing file /opt/airflow/dags/raw_to_staging_dag.py for tasks to queue
[2025-05-22T07:02:22.274+0000] {logging_mixin.py:188} INFO - [2025-05-22T07:02:22.274+0000] {dagbag.py:538} INFO - Filling up the DagBag from /opt/airflow/dags/raw_to_staging_dag.py
[2025-05-22T07:02:22.283+0000] {logging_mixin.py:188} WARNING - /home/airflow/.local/lib/python3.9/site-packages/airflow/providers/common/sql/operators/sql.py:139 RemovedInAirflow3Warning: The 'task_concurrency' parameter is deprecated. Please use 'max_active_tis_per_dag'.
[2025-05-22T07:02:22.290+0000] {processor.py:840} INFO - DAG(s) 'raw_to_staging_dag' retrieved from /opt/airflow/dags/raw_to_staging_dag.py
[2025-05-22T07:02:22.310+0000] {logging_mixin.py:188} INFO - [2025-05-22T07:02:22.310+0000] {dag.py:3036} INFO - Sync 1 DAGs
[2025-05-22T07:02:22.323+0000] {logging_mixin.py:188} INFO - [2025-05-22T07:02:22.323+0000] {dag.py:3823} INFO - Setting next_dagrun for raw_to_staging_dag to 2025-05-22 00:00:00+00:00, run_after=2025-05-23 00:00:00+00:00
[2025-05-22T07:02:22.332+0000] {processor.py:183} INFO - Processing /opt/airflow/dags/raw_to_staging_dag.py took 0.061 seconds
[2025-05-22T07:02:52.718+0000] {processor.py:161} INFO - Started process (PID=29317) to work on /opt/airflow/dags/raw_to_staging_dag.py
[2025-05-22T07:02:52.719+0000] {processor.py:830} INFO - Processing file /opt/airflow/dags/raw_to_staging_dag.py for tasks to queue
[2025-05-22T07:02:52.719+0000] {logging_mixin.py:188} INFO - [2025-05-22T07:02:52.719+0000] {dagbag.py:538} INFO - Filling up the DagBag from /opt/airflow/dags/raw_to_staging_dag.py
[2025-05-22T07:02:52.727+0000] {logging_mixin.py:188} WARNING - /home/airflow/.local/lib/python3.9/site-packages/airflow/providers/common/sql/operators/sql.py:139 RemovedInAirflow3Warning: The 'task_concurrency' parameter is deprecated. Please use 'max_active_tis_per_dag'.
[2025-05-22T07:02:52.735+0000] {processor.py:840} INFO - DAG(s) 'raw_to_staging_dag' retrieved from /opt/airflow/dags/raw_to_staging_dag.py
[2025-05-22T07:02:52.748+0000] {logging_mixin.py:188} INFO - [2025-05-22T07:02:52.748+0000] {dag.py:3036} INFO - Sync 1 DAGs
[2025-05-22T07:02:52.762+0000] {logging_mixin.py:188} INFO - [2025-05-22T07:02:52.762+0000] {dag.py:3823} INFO - Setting next_dagrun for raw_to_staging_dag to 2025-05-22 00:00:00+00:00, run_after=2025-05-23 00:00:00+00:00
[2025-05-22T07:02:52.770+0000] {processor.py:183} INFO - Processing /opt/airflow/dags/raw_to_staging_dag.py took 0.054 seconds
[2025-05-22T07:03:23.197+0000] {processor.py:161} INFO - Started process (PID=29332) to work on /opt/airflow/dags/raw_to_staging_dag.py
[2025-05-22T07:03:23.198+0000] {processor.py:830} INFO - Processing file /opt/airflow/dags/raw_to_staging_dag.py for tasks to queue
[2025-05-22T07:03:23.198+0000] {logging_mixin.py:188} INFO - [2025-05-22T07:03:23.198+0000] {dagbag.py:538} INFO - Filling up the DagBag from /opt/airflow/dags/raw_to_staging_dag.py
[2025-05-22T07:03:23.206+0000] {logging_mixin.py:188} WARNING - /home/airflow/.local/lib/python3.9/site-packages/airflow/providers/common/sql/operators/sql.py:139 RemovedInAirflow3Warning: The 'task_concurrency' parameter is deprecated. Please use 'max_active_tis_per_dag'.
[2025-05-22T07:03:23.212+0000] {processor.py:840} INFO - DAG(s) 'raw_to_staging_dag' retrieved from /opt/airflow/dags/raw_to_staging_dag.py
[2025-05-22T07:03:23.225+0000] {logging_mixin.py:188} INFO - [2025-05-22T07:03:23.225+0000] {dag.py:3036} INFO - Sync 1 DAGs
[2025-05-22T07:03:23.236+0000] {logging_mixin.py:188} INFO - [2025-05-22T07:03:23.236+0000] {dag.py:3823} INFO - Setting next_dagrun for raw_to_staging_dag to 2025-05-22 00:00:00+00:00, run_after=2025-05-23 00:00:00+00:00
[2025-05-22T07:03:23.244+0000] {processor.py:183} INFO - Processing /opt/airflow/dags/raw_to_staging_dag.py took 0.048 seconds
[2025-05-22T07:03:53.684+0000] {processor.py:161} INFO - Started process (PID=29347) to work on /opt/airflow/dags/raw_to_staging_dag.py
[2025-05-22T07:03:53.685+0000] {processor.py:830} INFO - Processing file /opt/airflow/dags/raw_to_staging_dag.py for tasks to queue
[2025-05-22T07:03:53.685+0000] {logging_mixin.py:188} INFO - [2025-05-22T07:03:53.685+0000] {dagbag.py:538} INFO - Filling up the DagBag from /opt/airflow/dags/raw_to_staging_dag.py
[2025-05-22T07:03:53.697+0000] {logging_mixin.py:188} WARNING - /home/airflow/.local/lib/python3.9/site-packages/airflow/providers/common/sql/operators/sql.py:139 RemovedInAirflow3Warning: The 'task_concurrency' parameter is deprecated. Please use 'max_active_tis_per_dag'.
[2025-05-22T07:03:53.703+0000] {processor.py:840} INFO - DAG(s) 'raw_to_staging_dag' retrieved from /opt/airflow/dags/raw_to_staging_dag.py
[2025-05-22T07:03:53.717+0000] {logging_mixin.py:188} INFO - [2025-05-22T07:03:53.717+0000] {dag.py:3036} INFO - Sync 1 DAGs
[2025-05-22T07:03:53.730+0000] {logging_mixin.py:188} INFO - [2025-05-22T07:03:53.730+0000] {dag.py:3823} INFO - Setting next_dagrun for raw_to_staging_dag to 2025-05-22 00:00:00+00:00, run_after=2025-05-23 00:00:00+00:00
[2025-05-22T07:03:53.737+0000] {processor.py:183} INFO - Processing /opt/airflow/dags/raw_to_staging_dag.py took 0.056 seconds
[2025-05-22T07:04:24.145+0000] {processor.py:161} INFO - Started process (PID=29362) to work on /opt/airflow/dags/raw_to_staging_dag.py
[2025-05-22T07:04:24.145+0000] {processor.py:830} INFO - Processing file /opt/airflow/dags/raw_to_staging_dag.py for tasks to queue
[2025-05-22T07:04:24.146+0000] {logging_mixin.py:188} INFO - [2025-05-22T07:04:24.146+0000] {dagbag.py:538} INFO - Filling up the DagBag from /opt/airflow/dags/raw_to_staging_dag.py
[2025-05-22T07:04:24.155+0000] {logging_mixin.py:188} WARNING - /home/airflow/.local/lib/python3.9/site-packages/airflow/providers/common/sql/operators/sql.py:139 RemovedInAirflow3Warning: The 'task_concurrency' parameter is deprecated. Please use 'max_active_tis_per_dag'.
[2025-05-22T07:04:24.161+0000] {processor.py:840} INFO - DAG(s) 'raw_to_staging_dag' retrieved from /opt/airflow/dags/raw_to_staging_dag.py
[2025-05-22T07:04:24.177+0000] {logging_mixin.py:188} INFO - [2025-05-22T07:04:24.177+0000] {dag.py:3036} INFO - Sync 1 DAGs
[2025-05-22T07:04:24.191+0000] {logging_mixin.py:188} INFO - [2025-05-22T07:04:24.191+0000] {dag.py:3823} INFO - Setting next_dagrun for raw_to_staging_dag to 2025-05-22 00:00:00+00:00, run_after=2025-05-23 00:00:00+00:00
[2025-05-22T07:04:24.198+0000] {processor.py:183} INFO - Processing /opt/airflow/dags/raw_to_staging_dag.py took 0.055 seconds
[2025-05-22T07:04:54.563+0000] {processor.py:161} INFO - Started process (PID=29377) to work on /opt/airflow/dags/raw_to_staging_dag.py
[2025-05-22T07:04:54.564+0000] {processor.py:830} INFO - Processing file /opt/airflow/dags/raw_to_staging_dag.py for tasks to queue
[2025-05-22T07:04:54.565+0000] {logging_mixin.py:188} INFO - [2025-05-22T07:04:54.565+0000] {dagbag.py:538} INFO - Filling up the DagBag from /opt/airflow/dags/raw_to_staging_dag.py
[2025-05-22T07:04:54.573+0000] {logging_mixin.py:188} WARNING - /home/airflow/.local/lib/python3.9/site-packages/airflow/providers/common/sql/operators/sql.py:139 RemovedInAirflow3Warning: The 'task_concurrency' parameter is deprecated. Please use 'max_active_tis_per_dag'.
[2025-05-22T07:04:54.579+0000] {processor.py:840} INFO - DAG(s) 'raw_to_staging_dag' retrieved from /opt/airflow/dags/raw_to_staging_dag.py
[2025-05-22T07:04:54.596+0000] {logging_mixin.py:188} INFO - [2025-05-22T07:04:54.596+0000] {dag.py:3036} INFO - Sync 1 DAGs
[2025-05-22T07:04:54.608+0000] {logging_mixin.py:188} INFO - [2025-05-22T07:04:54.608+0000] {dag.py:3823} INFO - Setting next_dagrun for raw_to_staging_dag to 2025-05-22 00:00:00+00:00, run_after=2025-05-23 00:00:00+00:00
[2025-05-22T07:04:54.615+0000] {processor.py:183} INFO - Processing /opt/airflow/dags/raw_to_staging_dag.py took 0.058 seconds
[2025-05-22T07:05:25.026+0000] {processor.py:161} INFO - Started process (PID=29392) to work on /opt/airflow/dags/raw_to_staging_dag.py
[2025-05-22T07:05:25.027+0000] {processor.py:830} INFO - Processing file /opt/airflow/dags/raw_to_staging_dag.py for tasks to queue
[2025-05-22T07:05:25.027+0000] {logging_mixin.py:188} INFO - [2025-05-22T07:05:25.027+0000] {dagbag.py:538} INFO - Filling up the DagBag from /opt/airflow/dags/raw_to_staging_dag.py
[2025-05-22T07:05:25.035+0000] {logging_mixin.py:188} WARNING - /home/airflow/.local/lib/python3.9/site-packages/airflow/providers/common/sql/operators/sql.py:139 RemovedInAirflow3Warning: The 'task_concurrency' parameter is deprecated. Please use 'max_active_tis_per_dag'.
[2025-05-22T07:05:25.041+0000] {processor.py:840} INFO - DAG(s) 'raw_to_staging_dag' retrieved from /opt/airflow/dags/raw_to_staging_dag.py
[2025-05-22T07:05:25.059+0000] {logging_mixin.py:188} INFO - [2025-05-22T07:05:25.058+0000] {dag.py:3036} INFO - Sync 1 DAGs
[2025-05-22T07:05:25.071+0000] {logging_mixin.py:188} INFO - [2025-05-22T07:05:25.071+0000] {dag.py:3823} INFO - Setting next_dagrun for raw_to_staging_dag to 2025-05-22 00:00:00+00:00, run_after=2025-05-23 00:00:00+00:00
[2025-05-22T07:05:25.079+0000] {processor.py:183} INFO - Processing /opt/airflow/dags/raw_to_staging_dag.py took 0.055 seconds
[2025-05-22T07:05:55.497+0000] {processor.py:161} INFO - Started process (PID=29407) to work on /opt/airflow/dags/raw_to_staging_dag.py
[2025-05-22T07:05:55.498+0000] {processor.py:830} INFO - Processing file /opt/airflow/dags/raw_to_staging_dag.py for tasks to queue
[2025-05-22T07:05:55.498+0000] {logging_mixin.py:188} INFO - [2025-05-22T07:05:55.498+0000] {dagbag.py:538} INFO - Filling up the DagBag from /opt/airflow/dags/raw_to_staging_dag.py
[2025-05-22T07:05:55.506+0000] {logging_mixin.py:188} WARNING - /home/airflow/.local/lib/python3.9/site-packages/airflow/providers/common/sql/operators/sql.py:139 RemovedInAirflow3Warning: The 'task_concurrency' parameter is deprecated. Please use 'max_active_tis_per_dag'.
[2025-05-22T07:05:55.513+0000] {processor.py:840} INFO - DAG(s) 'raw_to_staging_dag' retrieved from /opt/airflow/dags/raw_to_staging_dag.py
[2025-05-22T07:05:55.526+0000] {logging_mixin.py:188} INFO - [2025-05-22T07:05:55.526+0000] {dag.py:3036} INFO - Sync 1 DAGs
[2025-05-22T07:05:55.538+0000] {logging_mixin.py:188} INFO - [2025-05-22T07:05:55.538+0000] {dag.py:3823} INFO - Setting next_dagrun for raw_to_staging_dag to 2025-05-22 00:00:00+00:00, run_after=2025-05-23 00:00:00+00:00
[2025-05-22T07:05:55.545+0000] {processor.py:183} INFO - Processing /opt/airflow/dags/raw_to_staging_dag.py took 0.050 seconds
[2025-05-22T07:06:26.000+0000] {processor.py:161} INFO - Started process (PID=29422) to work on /opt/airflow/dags/raw_to_staging_dag.py
[2025-05-22T07:06:26.001+0000] {processor.py:830} INFO - Processing file /opt/airflow/dags/raw_to_staging_dag.py for tasks to queue
[2025-05-22T07:06:26.001+0000] {logging_mixin.py:188} INFO - [2025-05-22T07:06:26.001+0000] {dagbag.py:538} INFO - Filling up the DagBag from /opt/airflow/dags/raw_to_staging_dag.py
[2025-05-22T07:06:26.009+0000] {logging_mixin.py:188} WARNING - /home/airflow/.local/lib/python3.9/site-packages/airflow/providers/common/sql/operators/sql.py:139 RemovedInAirflow3Warning: The 'task_concurrency' parameter is deprecated. Please use 'max_active_tis_per_dag'.
[2025-05-22T07:06:26.017+0000] {processor.py:840} INFO - DAG(s) 'raw_to_staging_dag' retrieved from /opt/airflow/dags/raw_to_staging_dag.py
[2025-05-22T07:06:26.035+0000] {logging_mixin.py:188} INFO - [2025-05-22T07:06:26.035+0000] {dag.py:3036} INFO - Sync 1 DAGs
[2025-05-22T07:06:26.048+0000] {logging_mixin.py:188} INFO - [2025-05-22T07:06:26.048+0000] {dag.py:3823} INFO - Setting next_dagrun for raw_to_staging_dag to 2025-05-22 00:00:00+00:00, run_after=2025-05-23 00:00:00+00:00
[2025-05-22T07:06:26.058+0000] {processor.py:183} INFO - Processing /opt/airflow/dags/raw_to_staging_dag.py took 0.066 seconds
[2025-05-22T07:06:56.463+0000] {processor.py:161} INFO - Started process (PID=29437) to work on /opt/airflow/dags/raw_to_staging_dag.py
[2025-05-22T07:06:56.463+0000] {processor.py:830} INFO - Processing file /opt/airflow/dags/raw_to_staging_dag.py for tasks to queue
[2025-05-22T07:06:56.464+0000] {logging_mixin.py:188} INFO - [2025-05-22T07:06:56.464+0000] {dagbag.py:538} INFO - Filling up the DagBag from /opt/airflow/dags/raw_to_staging_dag.py
[2025-05-22T07:06:56.472+0000] {logging_mixin.py:188} WARNING - /home/airflow/.local/lib/python3.9/site-packages/airflow/providers/common/sql/operators/sql.py:139 RemovedInAirflow3Warning: The 'task_concurrency' parameter is deprecated. Please use 'max_active_tis_per_dag'.
[2025-05-22T07:06:56.479+0000] {processor.py:840} INFO - DAG(s) 'raw_to_staging_dag' retrieved from /opt/airflow/dags/raw_to_staging_dag.py
[2025-05-22T07:06:56.494+0000] {logging_mixin.py:188} INFO - [2025-05-22T07:06:56.494+0000] {dag.py:3036} INFO - Sync 1 DAGs
[2025-05-22T07:06:56.506+0000] {logging_mixin.py:188} INFO - [2025-05-22T07:06:56.506+0000] {dag.py:3823} INFO - Setting next_dagrun for raw_to_staging_dag to 2025-05-22 00:00:00+00:00, run_after=2025-05-23 00:00:00+00:00
[2025-05-22T07:06:56.514+0000] {processor.py:183} INFO - Processing /opt/airflow/dags/raw_to_staging_dag.py took 0.053 seconds
[2025-05-22T07:07:26.957+0000] {processor.py:161} INFO - Started process (PID=29452) to work on /opt/airflow/dags/raw_to_staging_dag.py
[2025-05-22T07:07:26.958+0000] {processor.py:830} INFO - Processing file /opt/airflow/dags/raw_to_staging_dag.py for tasks to queue
[2025-05-22T07:07:26.959+0000] {logging_mixin.py:188} INFO - [2025-05-22T07:07:26.959+0000] {dagbag.py:538} INFO - Filling up the DagBag from /opt/airflow/dags/raw_to_staging_dag.py
[2025-05-22T07:07:26.967+0000] {logging_mixin.py:188} WARNING - /home/airflow/.local/lib/python3.9/site-packages/airflow/providers/common/sql/operators/sql.py:139 RemovedInAirflow3Warning: The 'task_concurrency' parameter is deprecated. Please use 'max_active_tis_per_dag'.
[2025-05-22T07:07:26.973+0000] {processor.py:840} INFO - DAG(s) 'raw_to_staging_dag' retrieved from /opt/airflow/dags/raw_to_staging_dag.py
[2025-05-22T07:07:26.987+0000] {logging_mixin.py:188} INFO - [2025-05-22T07:07:26.987+0000] {dag.py:3036} INFO - Sync 1 DAGs
[2025-05-22T07:07:26.999+0000] {logging_mixin.py:188} INFO - [2025-05-22T07:07:26.999+0000] {dag.py:3823} INFO - Setting next_dagrun for raw_to_staging_dag to 2025-05-22 00:00:00+00:00, run_after=2025-05-23 00:00:00+00:00
[2025-05-22T07:07:27.007+0000] {processor.py:183} INFO - Processing /opt/airflow/dags/raw_to_staging_dag.py took 0.051 seconds
[2025-05-22T07:07:57.410+0000] {processor.py:161} INFO - Started process (PID=29467) to work on /opt/airflow/dags/raw_to_staging_dag.py
[2025-05-22T07:07:57.411+0000] {processor.py:830} INFO - Processing file /opt/airflow/dags/raw_to_staging_dag.py for tasks to queue
[2025-05-22T07:07:57.411+0000] {logging_mixin.py:188} INFO - [2025-05-22T07:07:57.411+0000] {dagbag.py:538} INFO - Filling up the DagBag from /opt/airflow/dags/raw_to_staging_dag.py
[2025-05-22T07:07:57.420+0000] {logging_mixin.py:188} WARNING - /home/airflow/.local/lib/python3.9/site-packages/airflow/providers/common/sql/operators/sql.py:139 RemovedInAirflow3Warning: The 'task_concurrency' parameter is deprecated. Please use 'max_active_tis_per_dag'.
[2025-05-22T07:07:57.426+0000] {processor.py:840} INFO - DAG(s) 'raw_to_staging_dag' retrieved from /opt/airflow/dags/raw_to_staging_dag.py
[2025-05-22T07:07:57.440+0000] {logging_mixin.py:188} INFO - [2025-05-22T07:07:57.440+0000] {dag.py:3036} INFO - Sync 1 DAGs
[2025-05-22T07:07:57.451+0000] {logging_mixin.py:188} INFO - [2025-05-22T07:07:57.451+0000] {dag.py:3823} INFO - Setting next_dagrun for raw_to_staging_dag to 2025-05-22 00:00:00+00:00, run_after=2025-05-23 00:00:00+00:00
[2025-05-22T07:07:57.459+0000] {processor.py:183} INFO - Processing /opt/airflow/dags/raw_to_staging_dag.py took 0.050 seconds
[2025-05-22T07:08:27.937+0000] {processor.py:161} INFO - Started process (PID=29482) to work on /opt/airflow/dags/raw_to_staging_dag.py
[2025-05-22T07:08:27.937+0000] {processor.py:830} INFO - Processing file /opt/airflow/dags/raw_to_staging_dag.py for tasks to queue
[2025-05-22T07:08:27.938+0000] {logging_mixin.py:188} INFO - [2025-05-22T07:08:27.938+0000] {dagbag.py:538} INFO - Filling up the DagBag from /opt/airflow/dags/raw_to_staging_dag.py
[2025-05-22T07:08:27.945+0000] {logging_mixin.py:188} WARNING - /home/airflow/.local/lib/python3.9/site-packages/airflow/providers/common/sql/operators/sql.py:139 RemovedInAirflow3Warning: The 'task_concurrency' parameter is deprecated. Please use 'max_active_tis_per_dag'.
[2025-05-22T07:08:27.952+0000] {processor.py:840} INFO - DAG(s) 'raw_to_staging_dag' retrieved from /opt/airflow/dags/raw_to_staging_dag.py
[2025-05-22T07:08:27.965+0000] {logging_mixin.py:188} INFO - [2025-05-22T07:08:27.964+0000] {dag.py:3036} INFO - Sync 1 DAGs
[2025-05-22T07:08:27.979+0000] {logging_mixin.py:188} INFO - [2025-05-22T07:08:27.979+0000] {dag.py:3823} INFO - Setting next_dagrun for raw_to_staging_dag to 2025-05-22 00:00:00+00:00, run_after=2025-05-23 00:00:00+00:00
[2025-05-22T07:08:27.988+0000] {processor.py:183} INFO - Processing /opt/airflow/dags/raw_to_staging_dag.py took 0.054 seconds
[2025-05-22T07:08:58.427+0000] {processor.py:161} INFO - Started process (PID=29497) to work on /opt/airflow/dags/raw_to_staging_dag.py
[2025-05-22T07:08:58.427+0000] {processor.py:830} INFO - Processing file /opt/airflow/dags/raw_to_staging_dag.py for tasks to queue
[2025-05-22T07:08:58.428+0000] {logging_mixin.py:188} INFO - [2025-05-22T07:08:58.428+0000] {dagbag.py:538} INFO - Filling up the DagBag from /opt/airflow/dags/raw_to_staging_dag.py
[2025-05-22T07:08:58.435+0000] {logging_mixin.py:188} WARNING - /home/airflow/.local/lib/python3.9/site-packages/airflow/providers/common/sql/operators/sql.py:139 RemovedInAirflow3Warning: The 'task_concurrency' parameter is deprecated. Please use 'max_active_tis_per_dag'.
[2025-05-22T07:08:58.441+0000] {processor.py:840} INFO - DAG(s) 'raw_to_staging_dag' retrieved from /opt/airflow/dags/raw_to_staging_dag.py
[2025-05-22T07:08:58.454+0000] {logging_mixin.py:188} INFO - [2025-05-22T07:08:58.454+0000] {dag.py:3036} INFO - Sync 1 DAGs
[2025-05-22T07:08:58.466+0000] {logging_mixin.py:188} INFO - [2025-05-22T07:08:58.466+0000] {dag.py:3823} INFO - Setting next_dagrun for raw_to_staging_dag to 2025-05-22 00:00:00+00:00, run_after=2025-05-23 00:00:00+00:00
[2025-05-22T07:08:58.475+0000] {processor.py:183} INFO - Processing /opt/airflow/dags/raw_to_staging_dag.py took 0.054 seconds
[2025-05-22T07:09:28.935+0000] {processor.py:161} INFO - Started process (PID=29512) to work on /opt/airflow/dags/raw_to_staging_dag.py
[2025-05-22T07:09:28.936+0000] {processor.py:830} INFO - Processing file /opt/airflow/dags/raw_to_staging_dag.py for tasks to queue
[2025-05-22T07:09:28.936+0000] {logging_mixin.py:188} INFO - [2025-05-22T07:09:28.936+0000] {dagbag.py:538} INFO - Filling up the DagBag from /opt/airflow/dags/raw_to_staging_dag.py
[2025-05-22T07:09:28.946+0000] {logging_mixin.py:188} WARNING - /home/airflow/.local/lib/python3.9/site-packages/airflow/providers/common/sql/operators/sql.py:139 RemovedInAirflow3Warning: The 'task_concurrency' parameter is deprecated. Please use 'max_active_tis_per_dag'.
[2025-05-22T07:09:28.952+0000] {processor.py:840} INFO - DAG(s) 'raw_to_staging_dag' retrieved from /opt/airflow/dags/raw_to_staging_dag.py
[2025-05-22T07:09:28.965+0000] {logging_mixin.py:188} INFO - [2025-05-22T07:09:28.965+0000] {dag.py:3036} INFO - Sync 1 DAGs
[2025-05-22T07:09:28.977+0000] {logging_mixin.py:188} INFO - [2025-05-22T07:09:28.977+0000] {dag.py:3823} INFO - Setting next_dagrun for raw_to_staging_dag to 2025-05-22 00:00:00+00:00, run_after=2025-05-23 00:00:00+00:00
[2025-05-22T07:09:28.985+0000] {processor.py:183} INFO - Processing /opt/airflow/dags/raw_to_staging_dag.py took 0.052 seconds
[2025-05-22T07:09:59.499+0000] {processor.py:161} INFO - Started process (PID=29527) to work on /opt/airflow/dags/raw_to_staging_dag.py
[2025-05-22T07:09:59.499+0000] {processor.py:830} INFO - Processing file /opt/airflow/dags/raw_to_staging_dag.py for tasks to queue
[2025-05-22T07:09:59.500+0000] {logging_mixin.py:188} INFO - [2025-05-22T07:09:59.499+0000] {dagbag.py:538} INFO - Filling up the DagBag from /opt/airflow/dags/raw_to_staging_dag.py
[2025-05-22T07:09:59.510+0000] {logging_mixin.py:188} WARNING - /home/airflow/.local/lib/python3.9/site-packages/airflow/providers/common/sql/operators/sql.py:139 RemovedInAirflow3Warning: The 'task_concurrency' parameter is deprecated. Please use 'max_active_tis_per_dag'.
[2025-05-22T07:09:59.516+0000] {processor.py:840} INFO - DAG(s) 'raw_to_staging_dag' retrieved from /opt/airflow/dags/raw_to_staging_dag.py
[2025-05-22T07:09:59.529+0000] {logging_mixin.py:188} INFO - [2025-05-22T07:09:59.529+0000] {dag.py:3036} INFO - Sync 1 DAGs
[2025-05-22T07:09:59.540+0000] {logging_mixin.py:188} INFO - [2025-05-22T07:09:59.540+0000] {dag.py:3823} INFO - Setting next_dagrun for raw_to_staging_dag to 2025-05-22 00:00:00+00:00, run_after=2025-05-23 00:00:00+00:00
[2025-05-22T07:09:59.547+0000] {processor.py:183} INFO - Processing /opt/airflow/dags/raw_to_staging_dag.py took 0.050 seconds
[2025-05-22T07:10:30.045+0000] {processor.py:161} INFO - Started process (PID=29542) to work on /opt/airflow/dags/raw_to_staging_dag.py
[2025-05-22T07:10:30.046+0000] {processor.py:830} INFO - Processing file /opt/airflow/dags/raw_to_staging_dag.py for tasks to queue
[2025-05-22T07:10:30.046+0000] {logging_mixin.py:188} INFO - [2025-05-22T07:10:30.046+0000] {dagbag.py:538} INFO - Filling up the DagBag from /opt/airflow/dags/raw_to_staging_dag.py
[2025-05-22T07:10:30.055+0000] {logging_mixin.py:188} WARNING - /home/airflow/.local/lib/python3.9/site-packages/airflow/providers/common/sql/operators/sql.py:139 RemovedInAirflow3Warning: The 'task_concurrency' parameter is deprecated. Please use 'max_active_tis_per_dag'.
[2025-05-22T07:10:30.061+0000] {processor.py:840} INFO - DAG(s) 'raw_to_staging_dag' retrieved from /opt/airflow/dags/raw_to_staging_dag.py
[2025-05-22T07:10:30.075+0000] {logging_mixin.py:188} INFO - [2025-05-22T07:10:30.075+0000] {dag.py:3036} INFO - Sync 1 DAGs
[2025-05-22T07:10:30.086+0000] {logging_mixin.py:188} INFO - [2025-05-22T07:10:30.086+0000] {dag.py:3823} INFO - Setting next_dagrun for raw_to_staging_dag to 2025-05-22 00:00:00+00:00, run_after=2025-05-23 00:00:00+00:00
[2025-05-22T07:10:30.094+0000] {processor.py:183} INFO - Processing /opt/airflow/dags/raw_to_staging_dag.py took 0.051 seconds
[2025-05-22T07:11:00.524+0000] {processor.py:161} INFO - Started process (PID=29557) to work on /opt/airflow/dags/raw_to_staging_dag.py
[2025-05-22T07:11:00.525+0000] {processor.py:830} INFO - Processing file /opt/airflow/dags/raw_to_staging_dag.py for tasks to queue
[2025-05-22T07:11:00.525+0000] {logging_mixin.py:188} INFO - [2025-05-22T07:11:00.525+0000] {dagbag.py:538} INFO - Filling up the DagBag from /opt/airflow/dags/raw_to_staging_dag.py
[2025-05-22T07:11:00.533+0000] {logging_mixin.py:188} WARNING - /home/airflow/.local/lib/python3.9/site-packages/airflow/providers/common/sql/operators/sql.py:139 RemovedInAirflow3Warning: The 'task_concurrency' parameter is deprecated. Please use 'max_active_tis_per_dag'.
[2025-05-22T07:11:00.540+0000] {processor.py:840} INFO - DAG(s) 'raw_to_staging_dag' retrieved from /opt/airflow/dags/raw_to_staging_dag.py
[2025-05-22T07:11:00.554+0000] {logging_mixin.py:188} INFO - [2025-05-22T07:11:00.554+0000] {dag.py:3036} INFO - Sync 1 DAGs
[2025-05-22T07:11:00.565+0000] {logging_mixin.py:188} INFO - [2025-05-22T07:11:00.565+0000] {dag.py:3823} INFO - Setting next_dagrun for raw_to_staging_dag to 2025-05-22 00:00:00+00:00, run_after=2025-05-23 00:00:00+00:00
[2025-05-22T07:11:00.573+0000] {processor.py:183} INFO - Processing /opt/airflow/dags/raw_to_staging_dag.py took 0.051 seconds
[2025-05-22T07:11:31.053+0000] {processor.py:161} INFO - Started process (PID=29572) to work on /opt/airflow/dags/raw_to_staging_dag.py
[2025-05-22T07:11:31.053+0000] {processor.py:830} INFO - Processing file /opt/airflow/dags/raw_to_staging_dag.py for tasks to queue
[2025-05-22T07:11:31.054+0000] {logging_mixin.py:188} INFO - [2025-05-22T07:11:31.054+0000] {dagbag.py:538} INFO - Filling up the DagBag from /opt/airflow/dags/raw_to_staging_dag.py
[2025-05-22T07:11:31.061+0000] {logging_mixin.py:188} WARNING - /home/airflow/.local/lib/python3.9/site-packages/airflow/providers/common/sql/operators/sql.py:139 RemovedInAirflow3Warning: The 'task_concurrency' parameter is deprecated. Please use 'max_active_tis_per_dag'.
[2025-05-22T07:11:31.067+0000] {processor.py:840} INFO - DAG(s) 'raw_to_staging_dag' retrieved from /opt/airflow/dags/raw_to_staging_dag.py
[2025-05-22T07:11:31.080+0000] {logging_mixin.py:188} INFO - [2025-05-22T07:11:31.079+0000] {dag.py:3036} INFO - Sync 1 DAGs
[2025-05-22T07:11:31.092+0000] {logging_mixin.py:188} INFO - [2025-05-22T07:11:31.092+0000] {dag.py:3823} INFO - Setting next_dagrun for raw_to_staging_dag to 2025-05-22 00:00:00+00:00, run_after=2025-05-23 00:00:00+00:00
[2025-05-22T07:11:31.099+0000] {processor.py:183} INFO - Processing /opt/airflow/dags/raw_to_staging_dag.py took 0.048 seconds
[2025-05-22T07:12:01.617+0000] {processor.py:161} INFO - Started process (PID=29587) to work on /opt/airflow/dags/raw_to_staging_dag.py
[2025-05-22T07:12:01.617+0000] {processor.py:830} INFO - Processing file /opt/airflow/dags/raw_to_staging_dag.py for tasks to queue
[2025-05-22T07:12:01.618+0000] {logging_mixin.py:188} INFO - [2025-05-22T07:12:01.618+0000] {dagbag.py:538} INFO - Filling up the DagBag from /opt/airflow/dags/raw_to_staging_dag.py
[2025-05-22T07:12:01.626+0000] {logging_mixin.py:188} WARNING - /home/airflow/.local/lib/python3.9/site-packages/airflow/providers/common/sql/operators/sql.py:139 RemovedInAirflow3Warning: The 'task_concurrency' parameter is deprecated. Please use 'max_active_tis_per_dag'.
[2025-05-22T07:12:01.633+0000] {processor.py:840} INFO - DAG(s) 'raw_to_staging_dag' retrieved from /opt/airflow/dags/raw_to_staging_dag.py
[2025-05-22T07:12:01.646+0000] {logging_mixin.py:188} INFO - [2025-05-22T07:12:01.646+0000] {dag.py:3036} INFO - Sync 1 DAGs
[2025-05-22T07:12:01.660+0000] {logging_mixin.py:188} INFO - [2025-05-22T07:12:01.660+0000] {dag.py:3823} INFO - Setting next_dagrun for raw_to_staging_dag to 2025-05-22 00:00:00+00:00, run_after=2025-05-23 00:00:00+00:00
[2025-05-22T07:12:01.668+0000] {processor.py:183} INFO - Processing /opt/airflow/dags/raw_to_staging_dag.py took 0.053 seconds
[2025-05-22T07:12:32.186+0000] {processor.py:161} INFO - Started process (PID=29602) to work on /opt/airflow/dags/raw_to_staging_dag.py
[2025-05-22T07:12:32.187+0000] {processor.py:830} INFO - Processing file /opt/airflow/dags/raw_to_staging_dag.py for tasks to queue
[2025-05-22T07:12:32.187+0000] {logging_mixin.py:188} INFO - [2025-05-22T07:12:32.187+0000] {dagbag.py:538} INFO - Filling up the DagBag from /opt/airflow/dags/raw_to_staging_dag.py
[2025-05-22T07:12:32.195+0000] {logging_mixin.py:188} WARNING - /home/airflow/.local/lib/python3.9/site-packages/airflow/providers/common/sql/operators/sql.py:139 RemovedInAirflow3Warning: The 'task_concurrency' parameter is deprecated. Please use 'max_active_tis_per_dag'.
[2025-05-22T07:12:32.200+0000] {processor.py:840} INFO - DAG(s) 'raw_to_staging_dag' retrieved from /opt/airflow/dags/raw_to_staging_dag.py
[2025-05-22T07:12:32.215+0000] {logging_mixin.py:188} INFO - [2025-05-22T07:12:32.215+0000] {dag.py:3036} INFO - Sync 1 DAGs
[2025-05-22T07:12:32.226+0000] {logging_mixin.py:188} INFO - [2025-05-22T07:12:32.226+0000] {dag.py:3823} INFO - Setting next_dagrun for raw_to_staging_dag to 2025-05-22 00:00:00+00:00, run_after=2025-05-23 00:00:00+00:00
[2025-05-22T07:12:32.235+0000] {processor.py:183} INFO - Processing /opt/airflow/dags/raw_to_staging_dag.py took 0.051 seconds
[2025-05-22T07:13:02.649+0000] {processor.py:161} INFO - Started process (PID=29617) to work on /opt/airflow/dags/raw_to_staging_dag.py
[2025-05-22T07:13:02.650+0000] {processor.py:830} INFO - Processing file /opt/airflow/dags/raw_to_staging_dag.py for tasks to queue
[2025-05-22T07:13:02.651+0000] {logging_mixin.py:188} INFO - [2025-05-22T07:13:02.650+0000] {dagbag.py:538} INFO - Filling up the DagBag from /opt/airflow/dags/raw_to_staging_dag.py
[2025-05-22T07:13:02.658+0000] {logging_mixin.py:188} WARNING - /home/airflow/.local/lib/python3.9/site-packages/airflow/providers/common/sql/operators/sql.py:139 RemovedInAirflow3Warning: The 'task_concurrency' parameter is deprecated. Please use 'max_active_tis_per_dag'.
[2025-05-22T07:13:02.664+0000] {processor.py:840} INFO - DAG(s) 'raw_to_staging_dag' retrieved from /opt/airflow/dags/raw_to_staging_dag.py
[2025-05-22T07:13:02.678+0000] {logging_mixin.py:188} INFO - [2025-05-22T07:13:02.678+0000] {dag.py:3036} INFO - Sync 1 DAGs
[2025-05-22T07:13:02.690+0000] {logging_mixin.py:188} INFO - [2025-05-22T07:13:02.689+0000] {dag.py:3823} INFO - Setting next_dagrun for raw_to_staging_dag to 2025-05-22 00:00:00+00:00, run_after=2025-05-23 00:00:00+00:00
[2025-05-22T07:13:02.698+0000] {processor.py:183} INFO - Processing /opt/airflow/dags/raw_to_staging_dag.py took 0.050 seconds
[2025-05-22T07:13:33.216+0000] {processor.py:161} INFO - Started process (PID=29632) to work on /opt/airflow/dags/raw_to_staging_dag.py
[2025-05-22T07:13:33.217+0000] {processor.py:830} INFO - Processing file /opt/airflow/dags/raw_to_staging_dag.py for tasks to queue
[2025-05-22T07:13:33.217+0000] {logging_mixin.py:188} INFO - [2025-05-22T07:13:33.217+0000] {dagbag.py:538} INFO - Filling up the DagBag from /opt/airflow/dags/raw_to_staging_dag.py
[2025-05-22T07:13:33.225+0000] {logging_mixin.py:188} WARNING - /home/airflow/.local/lib/python3.9/site-packages/airflow/providers/common/sql/operators/sql.py:139 RemovedInAirflow3Warning: The 'task_concurrency' parameter is deprecated. Please use 'max_active_tis_per_dag'.
[2025-05-22T07:13:33.231+0000] {processor.py:840} INFO - DAG(s) 'raw_to_staging_dag' retrieved from /opt/airflow/dags/raw_to_staging_dag.py
[2025-05-22T07:13:33.244+0000] {logging_mixin.py:188} INFO - [2025-05-22T07:13:33.244+0000] {dag.py:3036} INFO - Sync 1 DAGs
[2025-05-22T07:13:33.260+0000] {logging_mixin.py:188} INFO - [2025-05-22T07:13:33.260+0000] {dag.py:3823} INFO - Setting next_dagrun for raw_to_staging_dag to 2025-05-22 00:00:00+00:00, run_after=2025-05-23 00:00:00+00:00
[2025-05-22T07:13:33.268+0000] {processor.py:183} INFO - Processing /opt/airflow/dags/raw_to_staging_dag.py took 0.053 seconds
[2025-05-22T07:14:03.748+0000] {processor.py:161} INFO - Started process (PID=29647) to work on /opt/airflow/dags/raw_to_staging_dag.py
[2025-05-22T07:14:03.748+0000] {processor.py:830} INFO - Processing file /opt/airflow/dags/raw_to_staging_dag.py for tasks to queue
[2025-05-22T07:14:03.748+0000] {logging_mixin.py:188} INFO - [2025-05-22T07:14:03.748+0000] {dagbag.py:538} INFO - Filling up the DagBag from /opt/airflow/dags/raw_to_staging_dag.py
[2025-05-22T07:14:03.757+0000] {logging_mixin.py:188} WARNING - /home/airflow/.local/lib/python3.9/site-packages/airflow/providers/common/sql/operators/sql.py:139 RemovedInAirflow3Warning: The 'task_concurrency' parameter is deprecated. Please use 'max_active_tis_per_dag'.
[2025-05-22T07:14:03.764+0000] {processor.py:840} INFO - DAG(s) 'raw_to_staging_dag' retrieved from /opt/airflow/dags/raw_to_staging_dag.py
[2025-05-22T07:14:03.785+0000] {logging_mixin.py:188} INFO - [2025-05-22T07:14:03.784+0000] {dag.py:3036} INFO - Sync 1 DAGs
[2025-05-22T07:14:03.826+0000] {logging_mixin.py:188} INFO - [2025-05-22T07:14:03.826+0000] {dag.py:3823} INFO - Setting next_dagrun for raw_to_staging_dag to 2025-05-22 00:00:00+00:00, run_after=2025-05-23 00:00:00+00:00
[2025-05-22T07:14:03.835+0000] {processor.py:183} INFO - Processing /opt/airflow/dags/raw_to_staging_dag.py took 0.089 seconds
[2025-05-22T07:14:34.319+0000] {processor.py:161} INFO - Started process (PID=29662) to work on /opt/airflow/dags/raw_to_staging_dag.py
[2025-05-22T07:14:34.319+0000] {processor.py:830} INFO - Processing file /opt/airflow/dags/raw_to_staging_dag.py for tasks to queue
[2025-05-22T07:14:34.320+0000] {logging_mixin.py:188} INFO - [2025-05-22T07:14:34.319+0000] {dagbag.py:538} INFO - Filling up the DagBag from /opt/airflow/dags/raw_to_staging_dag.py
[2025-05-22T07:14:34.330+0000] {logging_mixin.py:188} WARNING - /home/airflow/.local/lib/python3.9/site-packages/airflow/providers/common/sql/operators/sql.py:139 RemovedInAirflow3Warning: The 'task_concurrency' parameter is deprecated. Please use 'max_active_tis_per_dag'.
[2025-05-22T07:14:34.337+0000] {processor.py:840} INFO - DAG(s) 'raw_to_staging_dag' retrieved from /opt/airflow/dags/raw_to_staging_dag.py
[2025-05-22T07:14:34.350+0000] {logging_mixin.py:188} INFO - [2025-05-22T07:14:34.350+0000] {dag.py:3036} INFO - Sync 1 DAGs
[2025-05-22T07:14:34.361+0000] {logging_mixin.py:188} INFO - [2025-05-22T07:14:34.361+0000] {dag.py:3823} INFO - Setting next_dagrun for raw_to_staging_dag to 2025-05-22 00:00:00+00:00, run_after=2025-05-23 00:00:00+00:00
[2025-05-22T07:14:34.369+0000] {processor.py:183} INFO - Processing /opt/airflow/dags/raw_to_staging_dag.py took 0.052 seconds
[2025-05-22T07:15:04.816+0000] {processor.py:161} INFO - Started process (PID=29677) to work on /opt/airflow/dags/raw_to_staging_dag.py
[2025-05-22T07:15:04.816+0000] {processor.py:830} INFO - Processing file /opt/airflow/dags/raw_to_staging_dag.py for tasks to queue
[2025-05-22T07:15:04.817+0000] {logging_mixin.py:188} INFO - [2025-05-22T07:15:04.817+0000] {dagbag.py:538} INFO - Filling up the DagBag from /opt/airflow/dags/raw_to_staging_dag.py
[2025-05-22T07:15:04.826+0000] {logging_mixin.py:188} WARNING - /home/airflow/.local/lib/python3.9/site-packages/airflow/providers/common/sql/operators/sql.py:139 RemovedInAirflow3Warning: The 'task_concurrency' parameter is deprecated. Please use 'max_active_tis_per_dag'.
[2025-05-22T07:15:04.833+0000] {processor.py:840} INFO - DAG(s) 'raw_to_staging_dag' retrieved from /opt/airflow/dags/raw_to_staging_dag.py
[2025-05-22T07:15:04.848+0000] {logging_mixin.py:188} INFO - [2025-05-22T07:15:04.848+0000] {dag.py:3036} INFO - Sync 1 DAGs
[2025-05-22T07:15:04.860+0000] {logging_mixin.py:188} INFO - [2025-05-22T07:15:04.860+0000] {dag.py:3823} INFO - Setting next_dagrun for raw_to_staging_dag to 2025-05-22 00:00:00+00:00, run_after=2025-05-23 00:00:00+00:00
[2025-05-22T07:15:04.868+0000] {processor.py:183} INFO - Processing /opt/airflow/dags/raw_to_staging_dag.py took 0.054 seconds
[2025-05-22T07:15:35.328+0000] {processor.py:161} INFO - Started process (PID=29692) to work on /opt/airflow/dags/raw_to_staging_dag.py
[2025-05-22T07:15:35.329+0000] {processor.py:830} INFO - Processing file /opt/airflow/dags/raw_to_staging_dag.py for tasks to queue
[2025-05-22T07:15:35.329+0000] {logging_mixin.py:188} INFO - [2025-05-22T07:15:35.329+0000] {dagbag.py:538} INFO - Filling up the DagBag from /opt/airflow/dags/raw_to_staging_dag.py
[2025-05-22T07:15:35.337+0000] {logging_mixin.py:188} WARNING - /home/airflow/.local/lib/python3.9/site-packages/airflow/providers/common/sql/operators/sql.py:139 RemovedInAirflow3Warning: The 'task_concurrency' parameter is deprecated. Please use 'max_active_tis_per_dag'.
[2025-05-22T07:15:35.343+0000] {processor.py:840} INFO - DAG(s) 'raw_to_staging_dag' retrieved from /opt/airflow/dags/raw_to_staging_dag.py
[2025-05-22T07:15:35.355+0000] {logging_mixin.py:188} INFO - [2025-05-22T07:15:35.355+0000] {dag.py:3036} INFO - Sync 1 DAGs
[2025-05-22T07:15:35.367+0000] {logging_mixin.py:188} INFO - [2025-05-22T07:15:35.367+0000] {dag.py:3823} INFO - Setting next_dagrun for raw_to_staging_dag to 2025-05-22 00:00:00+00:00, run_after=2025-05-23 00:00:00+00:00
[2025-05-22T07:15:35.375+0000] {processor.py:183} INFO - Processing /opt/airflow/dags/raw_to_staging_dag.py took 0.048 seconds
[2025-05-22T07:16:05.862+0000] {processor.py:161} INFO - Started process (PID=29707) to work on /opt/airflow/dags/raw_to_staging_dag.py
[2025-05-22T07:16:05.863+0000] {processor.py:830} INFO - Processing file /opt/airflow/dags/raw_to_staging_dag.py for tasks to queue
[2025-05-22T07:16:05.863+0000] {logging_mixin.py:188} INFO - [2025-05-22T07:16:05.863+0000] {dagbag.py:538} INFO - Filling up the DagBag from /opt/airflow/dags/raw_to_staging_dag.py
[2025-05-22T07:16:05.871+0000] {logging_mixin.py:188} WARNING - /home/airflow/.local/lib/python3.9/site-packages/airflow/providers/common/sql/operators/sql.py:139 RemovedInAirflow3Warning: The 'task_concurrency' parameter is deprecated. Please use 'max_active_tis_per_dag'.
[2025-05-22T07:16:05.879+0000] {processor.py:840} INFO - DAG(s) 'raw_to_staging_dag' retrieved from /opt/airflow/dags/raw_to_staging_dag.py
[2025-05-22T07:16:05.893+0000] {logging_mixin.py:188} INFO - [2025-05-22T07:16:05.893+0000] {dag.py:3036} INFO - Sync 1 DAGs
[2025-05-22T07:16:05.905+0000] {logging_mixin.py:188} INFO - [2025-05-22T07:16:05.905+0000] {dag.py:3823} INFO - Setting next_dagrun for raw_to_staging_dag to 2025-05-22 00:00:00+00:00, run_after=2025-05-23 00:00:00+00:00
[2025-05-22T07:16:05.912+0000] {processor.py:183} INFO - Processing /opt/airflow/dags/raw_to_staging_dag.py took 0.052 seconds
[2025-05-22T07:16:36.560+0000] {processor.py:161} INFO - Started process (PID=29722) to work on /opt/airflow/dags/raw_to_staging_dag.py
[2025-05-22T07:16:36.561+0000] {processor.py:830} INFO - Processing file /opt/airflow/dags/raw_to_staging_dag.py for tasks to queue
[2025-05-22T07:16:36.561+0000] {logging_mixin.py:188} INFO - [2025-05-22T07:16:36.561+0000] {dagbag.py:538} INFO - Filling up the DagBag from /opt/airflow/dags/raw_to_staging_dag.py
[2025-05-22T07:16:36.568+0000] {logging_mixin.py:188} WARNING - /home/airflow/.local/lib/python3.9/site-packages/airflow/providers/common/sql/operators/sql.py:139 RemovedInAirflow3Warning: The 'task_concurrency' parameter is deprecated. Please use 'max_active_tis_per_dag'.
[2025-05-22T07:16:36.576+0000] {processor.py:840} INFO - DAG(s) 'raw_to_staging_dag' retrieved from /opt/airflow/dags/raw_to_staging_dag.py
[2025-05-22T07:16:36.594+0000] {logging_mixin.py:188} INFO - [2025-05-22T07:16:36.594+0000] {dag.py:3036} INFO - Sync 1 DAGs
[2025-05-22T07:16:36.606+0000] {logging_mixin.py:188} INFO - [2025-05-22T07:16:36.606+0000] {dag.py:3823} INFO - Setting next_dagrun for raw_to_staging_dag to 2025-05-22 00:00:00+00:00, run_after=2025-05-23 00:00:00+00:00
[2025-05-22T07:16:36.614+0000] {processor.py:183} INFO - Processing /opt/airflow/dags/raw_to_staging_dag.py took 0.056 seconds
[2025-05-22T07:17:07.163+0000] {processor.py:161} INFO - Started process (PID=29737) to work on /opt/airflow/dags/raw_to_staging_dag.py
[2025-05-22T07:17:07.163+0000] {processor.py:830} INFO - Processing file /opt/airflow/dags/raw_to_staging_dag.py for tasks to queue
[2025-05-22T07:17:07.164+0000] {logging_mixin.py:188} INFO - [2025-05-22T07:17:07.164+0000] {dagbag.py:538} INFO - Filling up the DagBag from /opt/airflow/dags/raw_to_staging_dag.py
[2025-05-22T07:17:07.171+0000] {logging_mixin.py:188} WARNING - /home/airflow/.local/lib/python3.9/site-packages/airflow/providers/common/sql/operators/sql.py:139 RemovedInAirflow3Warning: The 'task_concurrency' parameter is deprecated. Please use 'max_active_tis_per_dag'.
[2025-05-22T07:17:07.179+0000] {processor.py:840} INFO - DAG(s) 'raw_to_staging_dag' retrieved from /opt/airflow/dags/raw_to_staging_dag.py
[2025-05-22T07:17:07.194+0000] {logging_mixin.py:188} INFO - [2025-05-22T07:17:07.194+0000] {dag.py:3036} INFO - Sync 1 DAGs
[2025-05-22T07:17:07.206+0000] {logging_mixin.py:188} INFO - [2025-05-22T07:17:07.205+0000] {dag.py:3823} INFO - Setting next_dagrun for raw_to_staging_dag to 2025-05-22 00:00:00+00:00, run_after=2025-05-23 00:00:00+00:00
[2025-05-22T07:17:07.212+0000] {processor.py:183} INFO - Processing /opt/airflow/dags/raw_to_staging_dag.py took 0.051 seconds
[2025-05-22T07:17:37.727+0000] {processor.py:161} INFO - Started process (PID=29752) to work on /opt/airflow/dags/raw_to_staging_dag.py
[2025-05-22T07:17:37.727+0000] {processor.py:830} INFO - Processing file /opt/airflow/dags/raw_to_staging_dag.py for tasks to queue
[2025-05-22T07:17:37.728+0000] {logging_mixin.py:188} INFO - [2025-05-22T07:17:37.728+0000] {dagbag.py:538} INFO - Filling up the DagBag from /opt/airflow/dags/raw_to_staging_dag.py
[2025-05-22T07:17:37.737+0000] {logging_mixin.py:188} WARNING - /home/airflow/.local/lib/python3.9/site-packages/airflow/providers/common/sql/operators/sql.py:139 RemovedInAirflow3Warning: The 'task_concurrency' parameter is deprecated. Please use 'max_active_tis_per_dag'.
[2025-05-22T07:17:37.744+0000] {processor.py:840} INFO - DAG(s) 'raw_to_staging_dag' retrieved from /opt/airflow/dags/raw_to_staging_dag.py
[2025-05-22T07:17:37.755+0000] {logging_mixin.py:188} INFO - [2025-05-22T07:17:37.755+0000] {dag.py:3036} INFO - Sync 1 DAGs
[2025-05-22T07:17:37.765+0000] {logging_mixin.py:188} INFO - [2025-05-22T07:17:37.764+0000] {dag.py:3823} INFO - Setting next_dagrun for raw_to_staging_dag to 2025-05-22 00:00:00+00:00, run_after=2025-05-23 00:00:00+00:00
[2025-05-22T07:17:37.771+0000] {processor.py:183} INFO - Processing /opt/airflow/dags/raw_to_staging_dag.py took 0.047 seconds
[2025-05-22T07:18:08.271+0000] {processor.py:161} INFO - Started process (PID=29767) to work on /opt/airflow/dags/raw_to_staging_dag.py
[2025-05-22T07:18:08.272+0000] {processor.py:830} INFO - Processing file /opt/airflow/dags/raw_to_staging_dag.py for tasks to queue
[2025-05-22T07:18:08.272+0000] {logging_mixin.py:188} INFO - [2025-05-22T07:18:08.272+0000] {dagbag.py:538} INFO - Filling up the DagBag from /opt/airflow/dags/raw_to_staging_dag.py
[2025-05-22T07:18:08.283+0000] {logging_mixin.py:188} WARNING - /home/airflow/.local/lib/python3.9/site-packages/airflow/providers/common/sql/operators/sql.py:139 RemovedInAirflow3Warning: The 'task_concurrency' parameter is deprecated. Please use 'max_active_tis_per_dag'.
[2025-05-22T07:18:08.291+0000] {processor.py:840} INFO - DAG(s) 'raw_to_staging_dag' retrieved from /opt/airflow/dags/raw_to_staging_dag.py
[2025-05-22T07:18:08.304+0000] {logging_mixin.py:188} INFO - [2025-05-22T07:18:08.304+0000] {dag.py:3036} INFO - Sync 1 DAGs
[2025-05-22T07:18:08.314+0000] {logging_mixin.py:188} INFO - [2025-05-22T07:18:08.314+0000] {dag.py:3823} INFO - Setting next_dagrun for raw_to_staging_dag to 2025-05-22 00:00:00+00:00, run_after=2025-05-23 00:00:00+00:00
[2025-05-22T07:18:08.321+0000] {processor.py:183} INFO - Processing /opt/airflow/dags/raw_to_staging_dag.py took 0.053 seconds
[2025-05-22T07:18:38.947+0000] {processor.py:161} INFO - Started process (PID=29782) to work on /opt/airflow/dags/raw_to_staging_dag.py
[2025-05-22T07:18:38.947+0000] {processor.py:830} INFO - Processing file /opt/airflow/dags/raw_to_staging_dag.py for tasks to queue
[2025-05-22T07:18:38.948+0000] {logging_mixin.py:188} INFO - [2025-05-22T07:18:38.948+0000] {dagbag.py:538} INFO - Filling up the DagBag from /opt/airflow/dags/raw_to_staging_dag.py
[2025-05-22T07:18:38.954+0000] {logging_mixin.py:188} WARNING - /home/airflow/.local/lib/python3.9/site-packages/airflow/providers/common/sql/operators/sql.py:139 RemovedInAirflow3Warning: The 'task_concurrency' parameter is deprecated. Please use 'max_active_tis_per_dag'.
[2025-05-22T07:18:38.961+0000] {processor.py:840} INFO - DAG(s) 'raw_to_staging_dag' retrieved from /opt/airflow/dags/raw_to_staging_dag.py
[2025-05-22T07:18:38.974+0000] {logging_mixin.py:188} INFO - [2025-05-22T07:18:38.974+0000] {dag.py:3036} INFO - Sync 1 DAGs
[2025-05-22T07:18:38.985+0000] {logging_mixin.py:188} INFO - [2025-05-22T07:18:38.984+0000] {dag.py:3823} INFO - Setting next_dagrun for raw_to_staging_dag to 2025-05-22 00:00:00+00:00, run_after=2025-05-23 00:00:00+00:00
[2025-05-22T07:18:38.991+0000] {processor.py:183} INFO - Processing /opt/airflow/dags/raw_to_staging_dag.py took 0.046 seconds
[2025-05-22T07:19:09.486+0000] {processor.py:161} INFO - Started process (PID=29797) to work on /opt/airflow/dags/raw_to_staging_dag.py
[2025-05-22T07:19:09.487+0000] {processor.py:830} INFO - Processing file /opt/airflow/dags/raw_to_staging_dag.py for tasks to queue
[2025-05-22T07:19:09.487+0000] {logging_mixin.py:188} INFO - [2025-05-22T07:19:09.487+0000] {dagbag.py:538} INFO - Filling up the DagBag from /opt/airflow/dags/raw_to_staging_dag.py
[2025-05-22T07:19:09.494+0000] {logging_mixin.py:188} WARNING - /home/airflow/.local/lib/python3.9/site-packages/airflow/providers/common/sql/operators/sql.py:139 RemovedInAirflow3Warning: The 'task_concurrency' parameter is deprecated. Please use 'max_active_tis_per_dag'.
[2025-05-22T07:19:09.501+0000] {processor.py:840} INFO - DAG(s) 'raw_to_staging_dag' retrieved from /opt/airflow/dags/raw_to_staging_dag.py
[2025-05-22T07:19:09.515+0000] {logging_mixin.py:188} INFO - [2025-05-22T07:19:09.514+0000] {dag.py:3036} INFO - Sync 1 DAGs
[2025-05-22T07:19:09.526+0000] {logging_mixin.py:188} INFO - [2025-05-22T07:19:09.526+0000] {dag.py:3823} INFO - Setting next_dagrun for raw_to_staging_dag to 2025-05-22 00:00:00+00:00, run_after=2025-05-23 00:00:00+00:00
[2025-05-22T07:19:09.533+0000] {processor.py:183} INFO - Processing /opt/airflow/dags/raw_to_staging_dag.py took 0.049 seconds
[2025-05-22T07:19:39.960+0000] {processor.py:161} INFO - Started process (PID=29812) to work on /opt/airflow/dags/raw_to_staging_dag.py
[2025-05-22T07:19:39.961+0000] {processor.py:830} INFO - Processing file /opt/airflow/dags/raw_to_staging_dag.py for tasks to queue
[2025-05-22T07:19:39.961+0000] {logging_mixin.py:188} INFO - [2025-05-22T07:19:39.961+0000] {dagbag.py:538} INFO - Filling up the DagBag from /opt/airflow/dags/raw_to_staging_dag.py
[2025-05-22T07:19:39.970+0000] {logging_mixin.py:188} WARNING - /home/airflow/.local/lib/python3.9/site-packages/airflow/providers/common/sql/operators/sql.py:139 RemovedInAirflow3Warning: The 'task_concurrency' parameter is deprecated. Please use 'max_active_tis_per_dag'.
[2025-05-22T07:19:39.977+0000] {processor.py:840} INFO - DAG(s) 'raw_to_staging_dag' retrieved from /opt/airflow/dags/raw_to_staging_dag.py
[2025-05-22T07:19:39.989+0000] {logging_mixin.py:188} INFO - [2025-05-22T07:19:39.989+0000] {dag.py:3036} INFO - Sync 1 DAGs
[2025-05-22T07:19:40.002+0000] {logging_mixin.py:188} INFO - [2025-05-22T07:19:40.002+0000] {dag.py:3823} INFO - Setting next_dagrun for raw_to_staging_dag to 2025-05-22 00:00:00+00:00, run_after=2025-05-23 00:00:00+00:00
[2025-05-22T07:19:40.009+0000] {processor.py:183} INFO - Processing /opt/airflow/dags/raw_to_staging_dag.py took 0.050 seconds
[2025-05-22T07:20:10.389+0000] {processor.py:161} INFO - Started process (PID=29827) to work on /opt/airflow/dags/raw_to_staging_dag.py
[2025-05-22T07:20:10.390+0000] {processor.py:830} INFO - Processing file /opt/airflow/dags/raw_to_staging_dag.py for tasks to queue
[2025-05-22T07:20:10.390+0000] {logging_mixin.py:188} INFO - [2025-05-22T07:20:10.390+0000] {dagbag.py:538} INFO - Filling up the DagBag from /opt/airflow/dags/raw_to_staging_dag.py
[2025-05-22T07:20:10.400+0000] {logging_mixin.py:188} WARNING - /home/airflow/.local/lib/python3.9/site-packages/airflow/providers/common/sql/operators/sql.py:139 RemovedInAirflow3Warning: The 'task_concurrency' parameter is deprecated. Please use 'max_active_tis_per_dag'.
[2025-05-22T07:20:10.408+0000] {processor.py:840} INFO - DAG(s) 'raw_to_staging_dag' retrieved from /opt/airflow/dags/raw_to_staging_dag.py
[2025-05-22T07:20:10.420+0000] {logging_mixin.py:188} INFO - [2025-05-22T07:20:10.420+0000] {dag.py:3036} INFO - Sync 1 DAGs
[2025-05-22T07:20:10.435+0000] {logging_mixin.py:188} INFO - [2025-05-22T07:20:10.434+0000] {dag.py:3823} INFO - Setting next_dagrun for raw_to_staging_dag to 2025-05-22 00:00:00+00:00, run_after=2025-05-23 00:00:00+00:00
[2025-05-22T07:20:10.448+0000] {processor.py:183} INFO - Processing /opt/airflow/dags/raw_to_staging_dag.py took 0.061 seconds
[2025-05-22T07:20:40.894+0000] {processor.py:161} INFO - Started process (PID=29842) to work on /opt/airflow/dags/raw_to_staging_dag.py
[2025-05-22T07:20:40.894+0000] {processor.py:830} INFO - Processing file /opt/airflow/dags/raw_to_staging_dag.py for tasks to queue
[2025-05-22T07:20:40.895+0000] {logging_mixin.py:188} INFO - [2025-05-22T07:20:40.895+0000] {dagbag.py:538} INFO - Filling up the DagBag from /opt/airflow/dags/raw_to_staging_dag.py
[2025-05-22T07:20:40.903+0000] {logging_mixin.py:188} WARNING - /home/airflow/.local/lib/python3.9/site-packages/airflow/providers/common/sql/operators/sql.py:139 RemovedInAirflow3Warning: The 'task_concurrency' parameter is deprecated. Please use 'max_active_tis_per_dag'.
[2025-05-22T07:20:40.911+0000] {processor.py:840} INFO - DAG(s) 'raw_to_staging_dag' retrieved from /opt/airflow/dags/raw_to_staging_dag.py
[2025-05-22T07:20:40.923+0000] {logging_mixin.py:188} INFO - [2025-05-22T07:20:40.923+0000] {dag.py:3036} INFO - Sync 1 DAGs
[2025-05-22T07:20:40.934+0000] {logging_mixin.py:188} INFO - [2025-05-22T07:20:40.934+0000] {dag.py:3823} INFO - Setting next_dagrun for raw_to_staging_dag to 2025-05-22 00:00:00+00:00, run_after=2025-05-23 00:00:00+00:00
[2025-05-22T07:20:40.941+0000] {processor.py:183} INFO - Processing /opt/airflow/dags/raw_to_staging_dag.py took 0.049 seconds
[2025-05-22T07:21:11.383+0000] {processor.py:161} INFO - Started process (PID=29857) to work on /opt/airflow/dags/raw_to_staging_dag.py
[2025-05-22T07:21:11.384+0000] {processor.py:830} INFO - Processing file /opt/airflow/dags/raw_to_staging_dag.py for tasks to queue
[2025-05-22T07:21:11.385+0000] {logging_mixin.py:188} INFO - [2025-05-22T07:21:11.384+0000] {dagbag.py:538} INFO - Filling up the DagBag from /opt/airflow/dags/raw_to_staging_dag.py
[2025-05-22T07:21:11.394+0000] {logging_mixin.py:188} WARNING - /home/airflow/.local/lib/python3.9/site-packages/airflow/providers/common/sql/operators/sql.py:139 RemovedInAirflow3Warning: The 'task_concurrency' parameter is deprecated. Please use 'max_active_tis_per_dag'.
[2025-05-22T07:21:11.402+0000] {processor.py:840} INFO - DAG(s) 'raw_to_staging_dag' retrieved from /opt/airflow/dags/raw_to_staging_dag.py
[2025-05-22T07:21:11.414+0000] {logging_mixin.py:188} INFO - [2025-05-22T07:21:11.414+0000] {dag.py:3036} INFO - Sync 1 DAGs
[2025-05-22T07:21:11.426+0000] {logging_mixin.py:188} INFO - [2025-05-22T07:21:11.426+0000] {dag.py:3823} INFO - Setting next_dagrun for raw_to_staging_dag to 2025-05-22 00:00:00+00:00, run_after=2025-05-23 00:00:00+00:00
[2025-05-22T07:21:11.433+0000] {processor.py:183} INFO - Processing /opt/airflow/dags/raw_to_staging_dag.py took 0.051 seconds
[2025-05-22T07:21:41.978+0000] {processor.py:161} INFO - Started process (PID=29872) to work on /opt/airflow/dags/raw_to_staging_dag.py
[2025-05-22T07:21:41.979+0000] {processor.py:830} INFO - Processing file /opt/airflow/dags/raw_to_staging_dag.py for tasks to queue
[2025-05-22T07:21:41.980+0000] {logging_mixin.py:188} INFO - [2025-05-22T07:21:41.980+0000] {dagbag.py:538} INFO - Filling up the DagBag from /opt/airflow/dags/raw_to_staging_dag.py
[2025-05-22T07:21:41.989+0000] {logging_mixin.py:188} WARNING - /home/airflow/.local/lib/python3.9/site-packages/airflow/providers/common/sql/operators/sql.py:139 RemovedInAirflow3Warning: The 'task_concurrency' parameter is deprecated. Please use 'max_active_tis_per_dag'.
[2025-05-22T07:21:41.997+0000] {processor.py:840} INFO - DAG(s) 'raw_to_staging_dag' retrieved from /opt/airflow/dags/raw_to_staging_dag.py
[2025-05-22T07:21:42.010+0000] {logging_mixin.py:188} INFO - [2025-05-22T07:21:42.010+0000] {dag.py:3036} INFO - Sync 1 DAGs
[2025-05-22T07:21:42.026+0000] {logging_mixin.py:188} INFO - [2025-05-22T07:21:42.026+0000] {dag.py:3823} INFO - Setting next_dagrun for raw_to_staging_dag to 2025-05-22 00:00:00+00:00, run_after=2025-05-23 00:00:00+00:00
[2025-05-22T07:21:42.035+0000] {processor.py:183} INFO - Processing /opt/airflow/dags/raw_to_staging_dag.py took 0.059 seconds
[2025-05-22T07:22:12.543+0000] {processor.py:161} INFO - Started process (PID=29887) to work on /opt/airflow/dags/raw_to_staging_dag.py
[2025-05-22T07:22:12.544+0000] {processor.py:830} INFO - Processing file /opt/airflow/dags/raw_to_staging_dag.py for tasks to queue
[2025-05-22T07:22:12.544+0000] {logging_mixin.py:188} INFO - [2025-05-22T07:22:12.544+0000] {dagbag.py:538} INFO - Filling up the DagBag from /opt/airflow/dags/raw_to_staging_dag.py
[2025-05-22T07:22:12.553+0000] {logging_mixin.py:188} WARNING - /home/airflow/.local/lib/python3.9/site-packages/airflow/providers/common/sql/operators/sql.py:139 RemovedInAirflow3Warning: The 'task_concurrency' parameter is deprecated. Please use 'max_active_tis_per_dag'.
[2025-05-22T07:22:12.560+0000] {processor.py:840} INFO - DAG(s) 'raw_to_staging_dag' retrieved from /opt/airflow/dags/raw_to_staging_dag.py
[2025-05-22T07:22:12.574+0000] {logging_mixin.py:188} INFO - [2025-05-22T07:22:12.574+0000] {dag.py:3036} INFO - Sync 1 DAGs
[2025-05-22T07:22:12.591+0000] {logging_mixin.py:188} INFO - [2025-05-22T07:22:12.590+0000] {dag.py:3823} INFO - Setting next_dagrun for raw_to_staging_dag to 2025-05-22 00:00:00+00:00, run_after=2025-05-23 00:00:00+00:00
[2025-05-22T07:22:12.607+0000] {processor.py:183} INFO - Processing /opt/airflow/dags/raw_to_staging_dag.py took 0.067 seconds
[2025-05-22T07:22:43.526+0000] {processor.py:161} INFO - Started process (PID=29902) to work on /opt/airflow/dags/raw_to_staging_dag.py
[2025-05-22T07:22:43.527+0000] {processor.py:830} INFO - Processing file /opt/airflow/dags/raw_to_staging_dag.py for tasks to queue
[2025-05-22T07:22:43.527+0000] {logging_mixin.py:188} INFO - [2025-05-22T07:22:43.527+0000] {dagbag.py:538} INFO - Filling up the DagBag from /opt/airflow/dags/raw_to_staging_dag.py
[2025-05-22T07:22:43.536+0000] {logging_mixin.py:188} WARNING - /home/airflow/.local/lib/python3.9/site-packages/airflow/providers/common/sql/operators/sql.py:139 RemovedInAirflow3Warning: The 'task_concurrency' parameter is deprecated. Please use 'max_active_tis_per_dag'.
[2025-05-22T07:22:43.544+0000] {processor.py:840} INFO - DAG(s) 'raw_to_staging_dag' retrieved from /opt/airflow/dags/raw_to_staging_dag.py
[2025-05-22T07:22:43.557+0000] {logging_mixin.py:188} INFO - [2025-05-22T07:22:43.557+0000] {dag.py:3036} INFO - Sync 1 DAGs
[2025-05-22T07:22:43.567+0000] {logging_mixin.py:188} INFO - [2025-05-22T07:22:43.567+0000] {dag.py:3823} INFO - Setting next_dagrun for raw_to_staging_dag to 2025-05-22 00:00:00+00:00, run_after=2025-05-23 00:00:00+00:00
[2025-05-22T07:22:43.574+0000] {processor.py:183} INFO - Processing /opt/airflow/dags/raw_to_staging_dag.py took 0.050 seconds
[2025-05-22T07:23:14.103+0000] {processor.py:161} INFO - Started process (PID=29917) to work on /opt/airflow/dags/raw_to_staging_dag.py
[2025-05-22T07:23:14.103+0000] {processor.py:830} INFO - Processing file /opt/airflow/dags/raw_to_staging_dag.py for tasks to queue
[2025-05-22T07:23:14.104+0000] {logging_mixin.py:188} INFO - [2025-05-22T07:23:14.104+0000] {dagbag.py:538} INFO - Filling up the DagBag from /opt/airflow/dags/raw_to_staging_dag.py
[2025-05-22T07:23:14.114+0000] {logging_mixin.py:188} WARNING - /home/airflow/.local/lib/python3.9/site-packages/airflow/providers/common/sql/operators/sql.py:139 RemovedInAirflow3Warning: The 'task_concurrency' parameter is deprecated. Please use 'max_active_tis_per_dag'.
[2025-05-22T07:23:14.121+0000] {processor.py:840} INFO - DAG(s) 'raw_to_staging_dag' retrieved from /opt/airflow/dags/raw_to_staging_dag.py
[2025-05-22T07:23:14.132+0000] {logging_mixin.py:188} INFO - [2025-05-22T07:23:14.132+0000] {dag.py:3036} INFO - Sync 1 DAGs
[2025-05-22T07:23:14.143+0000] {logging_mixin.py:188} INFO - [2025-05-22T07:23:14.142+0000] {dag.py:3823} INFO - Setting next_dagrun for raw_to_staging_dag to 2025-05-22 00:00:00+00:00, run_after=2025-05-23 00:00:00+00:00
[2025-05-22T07:23:14.150+0000] {processor.py:183} INFO - Processing /opt/airflow/dags/raw_to_staging_dag.py took 0.049 seconds
[2025-05-22T07:25:30.776+0000] {processor.py:161} INFO - Started process (PID=29932) to work on /opt/airflow/dags/raw_to_staging_dag.py
[2025-05-22T07:25:30.776+0000] {processor.py:830} INFO - Processing file /opt/airflow/dags/raw_to_staging_dag.py for tasks to queue
[2025-05-22T07:25:30.777+0000] {logging_mixin.py:188} INFO - [2025-05-22T07:25:30.777+0000] {dagbag.py:538} INFO - Filling up the DagBag from /opt/airflow/dags/raw_to_staging_dag.py
[2025-05-22T07:25:30.786+0000] {logging_mixin.py:188} WARNING - /home/airflow/.local/lib/python3.9/site-packages/airflow/providers/common/sql/operators/sql.py:139 RemovedInAirflow3Warning: The 'task_concurrency' parameter is deprecated. Please use 'max_active_tis_per_dag'.
[2025-05-22T07:25:30.792+0000] {processor.py:840} INFO - DAG(s) 'raw_to_staging_dag' retrieved from /opt/airflow/dags/raw_to_staging_dag.py
[2025-05-22T07:25:30.803+0000] {logging_mixin.py:188} INFO - [2025-05-22T07:25:30.803+0000] {dag.py:3036} INFO - Sync 1 DAGs
[2025-05-22T07:25:30.813+0000] {logging_mixin.py:188} INFO - [2025-05-22T07:25:30.813+0000] {dag.py:3823} INFO - Setting next_dagrun for raw_to_staging_dag to 2025-05-22 00:00:00+00:00, run_after=2025-05-23 00:00:00+00:00
[2025-05-22T07:25:30.821+0000] {processor.py:183} INFO - Processing /opt/airflow/dags/raw_to_staging_dag.py took 0.047 seconds
[2025-05-22T07:35:02.910+0000] {processor.py:161} INFO - Started process (PID=29951) to work on /opt/airflow/dags/raw_to_staging_dag.py
[2025-05-22T07:35:02.915+0000] {processor.py:830} INFO - Processing file /opt/airflow/dags/raw_to_staging_dag.py for tasks to queue
[2025-05-22T07:35:02.916+0000] {logging_mixin.py:188} INFO - [2025-05-22T07:35:02.916+0000] {dagbag.py:538} INFO - Filling up the DagBag from /opt/airflow/dags/raw_to_staging_dag.py
[2025-05-22T07:35:02.936+0000] {logging_mixin.py:188} WARNING - /home/airflow/.local/lib/python3.9/site-packages/airflow/providers/common/sql/operators/sql.py:139 RemovedInAirflow3Warning: The 'task_concurrency' parameter is deprecated. Please use 'max_active_tis_per_dag'.
[2025-05-22T07:35:02.955+0000] {processor.py:840} INFO - DAG(s) 'raw_to_staging_dag' retrieved from /opt/airflow/dags/raw_to_staging_dag.py
[2025-05-22T07:35:03.005+0000] {logging_mixin.py:188} INFO - [2025-05-22T07:35:03.005+0000] {dag.py:3036} INFO - Sync 1 DAGs
[2025-05-22T07:35:03.042+0000] {logging_mixin.py:188} INFO - [2025-05-22T07:35:03.041+0000] {dag.py:3823} INFO - Setting next_dagrun for raw_to_staging_dag to 2025-05-22 00:00:00+00:00, run_after=2025-05-23 00:00:00+00:00
[2025-05-22T07:35:03.078+0000] {processor.py:183} INFO - Processing /opt/airflow/dags/raw_to_staging_dag.py took 0.174 seconds
[2025-05-22T07:35:33.590+0000] {processor.py:161} INFO - Started process (PID=29966) to work on /opt/airflow/dags/raw_to_staging_dag.py
[2025-05-22T07:35:33.593+0000] {processor.py:830} INFO - Processing file /opt/airflow/dags/raw_to_staging_dag.py for tasks to queue
[2025-05-22T07:35:33.594+0000] {logging_mixin.py:188} INFO - [2025-05-22T07:35:33.594+0000] {dagbag.py:538} INFO - Filling up the DagBag from /opt/airflow/dags/raw_to_staging_dag.py
[2025-05-22T07:35:33.602+0000] {logging_mixin.py:188} WARNING - /home/airflow/.local/lib/python3.9/site-packages/airflow/providers/common/sql/operators/sql.py:139 RemovedInAirflow3Warning: The 'task_concurrency' parameter is deprecated. Please use 'max_active_tis_per_dag'.
[2025-05-22T07:35:33.609+0000] {processor.py:840} INFO - DAG(s) 'raw_to_staging_dag' retrieved from /opt/airflow/dags/raw_to_staging_dag.py
[2025-05-22T07:35:33.622+0000] {logging_mixin.py:188} INFO - [2025-05-22T07:35:33.622+0000] {dag.py:3036} INFO - Sync 1 DAGs
[2025-05-22T07:35:33.634+0000] {logging_mixin.py:188} INFO - [2025-05-22T07:35:33.633+0000] {dag.py:3823} INFO - Setting next_dagrun for raw_to_staging_dag to 2025-05-22 00:00:00+00:00, run_after=2025-05-23 00:00:00+00:00
[2025-05-22T07:35:33.641+0000] {processor.py:183} INFO - Processing /opt/airflow/dags/raw_to_staging_dag.py took 0.056 seconds
[2025-05-22T08:43:25.697+0000] {processor.py:161} INFO - Started process (PID=29983) to work on /opt/airflow/dags/raw_to_staging_dag.py
[2025-05-22T08:43:25.698+0000] {processor.py:830} INFO - Processing file /opt/airflow/dags/raw_to_staging_dag.py for tasks to queue
[2025-05-22T08:43:25.699+0000] {logging_mixin.py:188} INFO - [2025-05-22T08:43:25.699+0000] {dagbag.py:538} INFO - Filling up the DagBag from /opt/airflow/dags/raw_to_staging_dag.py
[2025-05-22T08:43:25.734+0000] {logging_mixin.py:188} WARNING - /home/airflow/.local/lib/python3.9/site-packages/airflow/providers/common/sql/operators/sql.py:139 RemovedInAirflow3Warning: The 'task_concurrency' parameter is deprecated. Please use 'max_active_tis_per_dag'.
[2025-05-22T08:43:25.760+0000] {processor.py:840} INFO - DAG(s) 'raw_to_staging_dag' retrieved from /opt/airflow/dags/raw_to_staging_dag.py
[2025-05-22T08:43:25.824+0000] {logging_mixin.py:188} INFO - [2025-05-22T08:43:25.824+0000] {dag.py:3036} INFO - Sync 1 DAGs
[2025-05-22T08:43:25.867+0000] {logging_mixin.py:188} INFO - [2025-05-22T08:43:25.867+0000] {dag.py:3823} INFO - Setting next_dagrun for raw_to_staging_dag to 2025-05-22 00:00:00+00:00, run_after=2025-05-23 00:00:00+00:00
[2025-05-22T08:43:25.896+0000] {processor.py:183} INFO - Processing /opt/airflow/dags/raw_to_staging_dag.py took 0.208 seconds
[2025-05-22T09:39:09.293+0000] {processor.py:161} INFO - Started process (PID=29998) to work on /opt/airflow/dags/raw_to_staging_dag.py
[2025-05-22T09:39:09.294+0000] {processor.py:830} INFO - Processing file /opt/airflow/dags/raw_to_staging_dag.py for tasks to queue
[2025-05-22T09:39:09.295+0000] {logging_mixin.py:188} INFO - [2025-05-22T09:39:09.294+0000] {dagbag.py:538} INFO - Filling up the DagBag from /opt/airflow/dags/raw_to_staging_dag.py
[2025-05-22T09:39:09.301+0000] {logging_mixin.py:188} WARNING - /home/airflow/.local/lib/python3.9/site-packages/airflow/providers/common/sql/operators/sql.py:139 RemovedInAirflow3Warning: The 'task_concurrency' parameter is deprecated. Please use 'max_active_tis_per_dag'.
[2025-05-22T09:39:09.307+0000] {processor.py:840} INFO - DAG(s) 'raw_to_staging_dag' retrieved from /opt/airflow/dags/raw_to_staging_dag.py
[2025-05-22T09:39:09.323+0000] {logging_mixin.py:188} INFO - [2025-05-22T09:39:09.323+0000] {dag.py:3036} INFO - Sync 1 DAGs
[2025-05-22T09:39:09.334+0000] {logging_mixin.py:188} INFO - [2025-05-22T09:39:09.334+0000] {dag.py:3823} INFO - Setting next_dagrun for raw_to_staging_dag to 2025-05-22 00:00:00+00:00, run_after=2025-05-23 00:00:00+00:00
[2025-05-22T09:39:09.341+0000] {processor.py:183} INFO - Processing /opt/airflow/dags/raw_to_staging_dag.py took 0.050 seconds
[2025-05-22T09:41:57.126+0000] {processor.py:161} INFO - Started process (PID=30013) to work on /opt/airflow/dags/raw_to_staging_dag.py
[2025-05-22T09:41:57.127+0000] {processor.py:830} INFO - Processing file /opt/airflow/dags/raw_to_staging_dag.py for tasks to queue
[2025-05-22T09:41:57.128+0000] {logging_mixin.py:188} INFO - [2025-05-22T09:41:57.128+0000] {dagbag.py:538} INFO - Filling up the DagBag from /opt/airflow/dags/raw_to_staging_dag.py
[2025-05-22T09:41:57.145+0000] {logging_mixin.py:188} WARNING - /home/airflow/.local/lib/python3.9/site-packages/airflow/providers/common/sql/operators/sql.py:139 RemovedInAirflow3Warning: The 'task_concurrency' parameter is deprecated. Please use 'max_active_tis_per_dag'.
[2025-05-22T09:41:57.161+0000] {processor.py:840} INFO - DAG(s) 'raw_to_staging_dag' retrieved from /opt/airflow/dags/raw_to_staging_dag.py
[2025-05-22T09:41:57.197+0000] {logging_mixin.py:188} INFO - [2025-05-22T09:41:57.196+0000] {dag.py:3036} INFO - Sync 1 DAGs
[2025-05-22T09:41:57.223+0000] {logging_mixin.py:188} INFO - [2025-05-22T09:41:57.223+0000] {dag.py:3823} INFO - Setting next_dagrun for raw_to_staging_dag to 2025-05-22 00:00:00+00:00, run_after=2025-05-23 00:00:00+00:00
[2025-05-22T09:41:57.256+0000] {processor.py:183} INFO - Processing /opt/airflow/dags/raw_to_staging_dag.py took 0.135 seconds
[2025-05-22T09:59:49.463+0000] {processor.py:161} INFO - Started process (PID=30028) to work on /opt/airflow/dags/raw_to_staging_dag.py
[2025-05-22T09:59:49.468+0000] {processor.py:830} INFO - Processing file /opt/airflow/dags/raw_to_staging_dag.py for tasks to queue
[2025-05-22T09:59:49.470+0000] {logging_mixin.py:188} INFO - [2025-05-22T09:59:49.469+0000] {dagbag.py:538} INFO - Filling up the DagBag from /opt/airflow/dags/raw_to_staging_dag.py
[2025-05-22T09:59:49.489+0000] {logging_mixin.py:188} WARNING - /home/airflow/.local/lib/python3.9/site-packages/airflow/providers/common/sql/operators/sql.py:139 RemovedInAirflow3Warning: The 'task_concurrency' parameter is deprecated. Please use 'max_active_tis_per_dag'.
[2025-05-22T09:59:49.507+0000] {processor.py:840} INFO - DAG(s) 'raw_to_staging_dag' retrieved from /opt/airflow/dags/raw_to_staging_dag.py
[2025-05-22T09:59:49.552+0000] {logging_mixin.py:188} INFO - [2025-05-22T09:59:49.552+0000] {dag.py:3036} INFO - Sync 1 DAGs
[2025-05-22T09:59:49.583+0000] {logging_mixin.py:188} INFO - [2025-05-22T09:59:49.583+0000] {dag.py:3823} INFO - Setting next_dagrun for raw_to_staging_dag to 2025-05-22 00:00:00+00:00, run_after=2025-05-23 00:00:00+00:00
[2025-05-22T09:59:49.610+0000] {processor.py:183} INFO - Processing /opt/airflow/dags/raw_to_staging_dag.py took 0.163 seconds
[2025-05-22T10:24:50.419+0000] {processor.py:161} INFO - Started process (PID=30045) to work on /opt/airflow/dags/raw_to_staging_dag.py
[2025-05-22T10:24:50.420+0000] {processor.py:830} INFO - Processing file /opt/airflow/dags/raw_to_staging_dag.py for tasks to queue
[2025-05-22T10:24:50.421+0000] {logging_mixin.py:188} INFO - [2025-05-22T10:24:50.421+0000] {dagbag.py:538} INFO - Filling up the DagBag from /opt/airflow/dags/raw_to_staging_dag.py
[2025-05-22T10:24:50.433+0000] {logging_mixin.py:188} WARNING - /home/airflow/.local/lib/python3.9/site-packages/airflow/providers/common/sql/operators/sql.py:139 RemovedInAirflow3Warning: The 'task_concurrency' parameter is deprecated. Please use 'max_active_tis_per_dag'.
[2025-05-22T10:24:50.449+0000] {processor.py:840} INFO - DAG(s) 'raw_to_staging_dag' retrieved from /opt/airflow/dags/raw_to_staging_dag.py
[2025-05-22T10:24:50.481+0000] {logging_mixin.py:188} INFO - [2025-05-22T10:24:50.481+0000] {dag.py:3036} INFO - Sync 1 DAGs
[2025-05-22T10:24:50.506+0000] {logging_mixin.py:188} INFO - [2025-05-22T10:24:50.505+0000] {dag.py:3823} INFO - Setting next_dagrun for raw_to_staging_dag to 2025-05-22 00:00:00+00:00, run_after=2025-05-23 00:00:00+00:00
[2025-05-22T10:24:50.528+0000] {processor.py:183} INFO - Processing /opt/airflow/dags/raw_to_staging_dag.py took 0.113 seconds
[2025-05-22T10:35:27.644+0000] {processor.py:161} INFO - Started process (PID=30060) to work on /opt/airflow/dags/raw_to_staging_dag.py
[2025-05-22T10:35:27.646+0000] {processor.py:830} INFO - Processing file /opt/airflow/dags/raw_to_staging_dag.py for tasks to queue
[2025-05-22T10:35:27.647+0000] {logging_mixin.py:188} INFO - [2025-05-22T10:35:27.646+0000] {dagbag.py:538} INFO - Filling up the DagBag from /opt/airflow/dags/raw_to_staging_dag.py
[2025-05-22T10:35:27.668+0000] {logging_mixin.py:188} WARNING - /home/airflow/.local/lib/python3.9/site-packages/airflow/providers/common/sql/operators/sql.py:139 RemovedInAirflow3Warning: The 'task_concurrency' parameter is deprecated. Please use 'max_active_tis_per_dag'.
[2025-05-22T10:35:27.687+0000] {processor.py:840} INFO - DAG(s) 'raw_to_staging_dag' retrieved from /opt/airflow/dags/raw_to_staging_dag.py
[2025-05-22T10:35:27.726+0000] {logging_mixin.py:188} INFO - [2025-05-22T10:35:27.726+0000] {dag.py:3036} INFO - Sync 1 DAGs
[2025-05-22T10:35:27.771+0000] {logging_mixin.py:188} INFO - [2025-05-22T10:35:27.770+0000] {dag.py:3823} INFO - Setting next_dagrun for raw_to_staging_dag to 2025-05-22 00:00:00+00:00, run_after=2025-05-23 00:00:00+00:00
[2025-05-22T10:35:27.802+0000] {processor.py:183} INFO - Processing /opt/airflow/dags/raw_to_staging_dag.py took 0.163 seconds
[2025-05-22T10:47:24.661+0000] {processor.py:161} INFO - Started process (PID=30075) to work on /opt/airflow/dags/raw_to_staging_dag.py
[2025-05-22T10:47:24.663+0000] {processor.py:830} INFO - Processing file /opt/airflow/dags/raw_to_staging_dag.py for tasks to queue
[2025-05-22T10:47:24.663+0000] {logging_mixin.py:188} INFO - [2025-05-22T10:47:24.663+0000] {dagbag.py:538} INFO - Filling up the DagBag from /opt/airflow/dags/raw_to_staging_dag.py
[2025-05-22T10:47:24.686+0000] {logging_mixin.py:188} WARNING - /home/airflow/.local/lib/python3.9/site-packages/airflow/providers/common/sql/operators/sql.py:139 RemovedInAirflow3Warning: The 'task_concurrency' parameter is deprecated. Please use 'max_active_tis_per_dag'.
[2025-05-22T10:47:24.702+0000] {processor.py:840} INFO - DAG(s) 'raw_to_staging_dag' retrieved from /opt/airflow/dags/raw_to_staging_dag.py
[2025-05-22T10:47:24.730+0000] {logging_mixin.py:188} INFO - [2025-05-22T10:47:24.729+0000] {dag.py:3036} INFO - Sync 1 DAGs
[2025-05-22T10:47:24.763+0000] {logging_mixin.py:188} INFO - [2025-05-22T10:47:24.763+0000] {dag.py:3823} INFO - Setting next_dagrun for raw_to_staging_dag to 2025-05-22 00:00:00+00:00, run_after=2025-05-23 00:00:00+00:00
[2025-05-22T10:47:24.797+0000] {processor.py:183} INFO - Processing /opt/airflow/dags/raw_to_staging_dag.py took 0.140 seconds
[2025-05-22T11:08:38.046+0000] {processor.py:161} INFO - Started process (PID=30090) to work on /opt/airflow/dags/raw_to_staging_dag.py
[2025-05-22T11:08:38.048+0000] {processor.py:830} INFO - Processing file /opt/airflow/dags/raw_to_staging_dag.py for tasks to queue
[2025-05-22T11:08:38.049+0000] {logging_mixin.py:188} INFO - [2025-05-22T11:08:38.049+0000] {dagbag.py:538} INFO - Filling up the DagBag from /opt/airflow/dags/raw_to_staging_dag.py
[2025-05-22T11:08:38.063+0000] {logging_mixin.py:188} WARNING - /home/airflow/.local/lib/python3.9/site-packages/airflow/providers/common/sql/operators/sql.py:139 RemovedInAirflow3Warning: The 'task_concurrency' parameter is deprecated. Please use 'max_active_tis_per_dag'.
[2025-05-22T11:08:38.078+0000] {processor.py:840} INFO - DAG(s) 'raw_to_staging_dag' retrieved from /opt/airflow/dags/raw_to_staging_dag.py
[2025-05-22T11:08:38.109+0000] {logging_mixin.py:188} INFO - [2025-05-22T11:08:38.109+0000] {dag.py:3036} INFO - Sync 1 DAGs
[2025-05-22T11:08:38.141+0000] {logging_mixin.py:188} INFO - [2025-05-22T11:08:38.141+0000] {dag.py:3823} INFO - Setting next_dagrun for raw_to_staging_dag to 2025-05-22 00:00:00+00:00, run_after=2025-05-23 00:00:00+00:00
[2025-05-22T11:08:38.167+0000] {processor.py:183} INFO - Processing /opt/airflow/dags/raw_to_staging_dag.py took 0.124 seconds
[2025-05-22T11:25:50.091+0000] {processor.py:161} INFO - Started process (PID=30107) to work on /opt/airflow/dags/raw_to_staging_dag.py
[2025-05-22T11:25:50.091+0000] {processor.py:830} INFO - Processing file /opt/airflow/dags/raw_to_staging_dag.py for tasks to queue
[2025-05-22T11:25:50.092+0000] {logging_mixin.py:188} INFO - [2025-05-22T11:25:50.092+0000] {dagbag.py:538} INFO - Filling up the DagBag from /opt/airflow/dags/raw_to_staging_dag.py
[2025-05-22T11:25:50.099+0000] {logging_mixin.py:188} WARNING - /home/airflow/.local/lib/python3.9/site-packages/airflow/providers/common/sql/operators/sql.py:139 RemovedInAirflow3Warning: The 'task_concurrency' parameter is deprecated. Please use 'max_active_tis_per_dag'.
[2025-05-22T11:25:50.107+0000] {processor.py:840} INFO - DAG(s) 'raw_to_staging_dag' retrieved from /opt/airflow/dags/raw_to_staging_dag.py
[2025-05-22T11:25:50.120+0000] {logging_mixin.py:188} INFO - [2025-05-22T11:25:50.120+0000] {dag.py:3036} INFO - Sync 1 DAGs
[2025-05-22T11:25:50.130+0000] {logging_mixin.py:188} INFO - [2025-05-22T11:25:50.130+0000] {dag.py:3823} INFO - Setting next_dagrun for raw_to_staging_dag to 2025-05-22 00:00:00+00:00, run_after=2025-05-23 00:00:00+00:00
[2025-05-22T11:25:50.137+0000] {processor.py:183} INFO - Processing /opt/airflow/dags/raw_to_staging_dag.py took 0.048 seconds
[2025-05-22T11:46:21.945+0000] {processor.py:161} INFO - Started process (PID=30122) to work on /opt/airflow/dags/raw_to_staging_dag.py
[2025-05-22T11:46:21.947+0000] {processor.py:830} INFO - Processing file /opt/airflow/dags/raw_to_staging_dag.py for tasks to queue
[2025-05-22T11:46:21.949+0000] {logging_mixin.py:188} INFO - [2025-05-22T11:46:21.948+0000] {dagbag.py:538} INFO - Filling up the DagBag from /opt/airflow/dags/raw_to_staging_dag.py
[2025-05-22T11:46:21.981+0000] {logging_mixin.py:188} WARNING - /home/airflow/.local/lib/python3.9/site-packages/airflow/providers/common/sql/operators/sql.py:139 RemovedInAirflow3Warning: The 'task_concurrency' parameter is deprecated. Please use 'max_active_tis_per_dag'.
[2025-05-22T11:46:22.013+0000] {processor.py:840} INFO - DAG(s) 'raw_to_staging_dag' retrieved from /opt/airflow/dags/raw_to_staging_dag.py
[2025-05-22T11:46:22.076+0000] {logging_mixin.py:188} INFO - [2025-05-22T11:46:22.075+0000] {dag.py:3036} INFO - Sync 1 DAGs
[2025-05-22T11:46:22.097+0000] {logging_mixin.py:188} INFO - [2025-05-22T11:46:22.096+0000] {dag.py:3823} INFO - Setting next_dagrun for raw_to_staging_dag to 2025-05-22 00:00:00+00:00, run_after=2025-05-23 00:00:00+00:00
[2025-05-22T11:46:22.106+0000] {processor.py:183} INFO - Processing /opt/airflow/dags/raw_to_staging_dag.py took 0.168 seconds
[2025-05-22T11:49:21.937+0000] {processor.py:161} INFO - Started process (PID=30137) to work on /opt/airflow/dags/raw_to_staging_dag.py
[2025-05-22T11:49:21.939+0000] {processor.py:830} INFO - Processing file /opt/airflow/dags/raw_to_staging_dag.py for tasks to queue
[2025-05-22T11:49:21.940+0000] {logging_mixin.py:188} INFO - [2025-05-22T11:49:21.940+0000] {dagbag.py:538} INFO - Filling up the DagBag from /opt/airflow/dags/raw_to_staging_dag.py
[2025-05-22T11:49:21.951+0000] {logging_mixin.py:188} WARNING - /home/airflow/.local/lib/python3.9/site-packages/airflow/providers/common/sql/operators/sql.py:139 RemovedInAirflow3Warning: The 'task_concurrency' parameter is deprecated. Please use 'max_active_tis_per_dag'.
[2025-05-22T11:49:21.965+0000] {processor.py:840} INFO - DAG(s) 'raw_to_staging_dag' retrieved from /opt/airflow/dags/raw_to_staging_dag.py
[2025-05-22T11:49:21.991+0000] {logging_mixin.py:188} INFO - [2025-05-22T11:49:21.991+0000] {dag.py:3036} INFO - Sync 1 DAGs
[2025-05-22T11:49:22.015+0000] {logging_mixin.py:188} INFO - [2025-05-22T11:49:22.015+0000] {dag.py:3823} INFO - Setting next_dagrun for raw_to_staging_dag to 2025-05-22 00:00:00+00:00, run_after=2025-05-23 00:00:00+00:00
[2025-05-22T11:49:22.049+0000] {processor.py:183} INFO - Processing /opt/airflow/dags/raw_to_staging_dag.py took 0.115 seconds
[2025-05-22T12:26:30.057+0000] {processor.py:161} INFO - Started process (PID=30154) to work on /opt/airflow/dags/raw_to_staging_dag.py
[2025-05-22T12:26:30.062+0000] {processor.py:830} INFO - Processing file /opt/airflow/dags/raw_to_staging_dag.py for tasks to queue
[2025-05-22T12:26:30.066+0000] {logging_mixin.py:188} INFO - [2025-05-22T12:26:30.064+0000] {dagbag.py:538} INFO - Filling up the DagBag from /opt/airflow/dags/raw_to_staging_dag.py
[2025-05-22T12:26:30.107+0000] {logging_mixin.py:188} WARNING - /home/airflow/.local/lib/python3.9/site-packages/airflow/providers/common/sql/operators/sql.py:139 RemovedInAirflow3Warning: The 'task_concurrency' parameter is deprecated. Please use 'max_active_tis_per_dag'.
[2025-05-22T12:26:30.151+0000] {processor.py:840} INFO - DAG(s) 'raw_to_staging_dag' retrieved from /opt/airflow/dags/raw_to_staging_dag.py
[2025-05-22T12:26:30.270+0000] {logging_mixin.py:188} INFO - [2025-05-22T12:26:30.270+0000] {dag.py:3036} INFO - Sync 1 DAGs
[2025-05-22T12:26:30.331+0000] {logging_mixin.py:188} INFO - [2025-05-22T12:26:30.331+0000] {dag.py:3823} INFO - Setting next_dagrun for raw_to_staging_dag to 2025-05-22 00:00:00+00:00, run_after=2025-05-23 00:00:00+00:00
[2025-05-22T12:26:30.386+0000] {processor.py:183} INFO - Processing /opt/airflow/dags/raw_to_staging_dag.py took 0.348 seconds
[2025-05-22T12:33:36.558+0000] {processor.py:161} INFO - Started process (PID=30169) to work on /opt/airflow/dags/raw_to_staging_dag.py
[2025-05-22T12:33:36.560+0000] {processor.py:830} INFO - Processing file /opt/airflow/dags/raw_to_staging_dag.py for tasks to queue
[2025-05-22T12:33:36.560+0000] {logging_mixin.py:188} INFO - [2025-05-22T12:33:36.560+0000] {dagbag.py:538} INFO - Filling up the DagBag from /opt/airflow/dags/raw_to_staging_dag.py
[2025-05-22T12:33:36.569+0000] {logging_mixin.py:188} WARNING - /home/airflow/.local/lib/python3.9/site-packages/airflow/providers/common/sql/operators/sql.py:139 RemovedInAirflow3Warning: The 'task_concurrency' parameter is deprecated. Please use 'max_active_tis_per_dag'.
[2025-05-22T12:33:36.575+0000] {processor.py:840} INFO - DAG(s) 'raw_to_staging_dag' retrieved from /opt/airflow/dags/raw_to_staging_dag.py
[2025-05-22T12:33:36.588+0000] {logging_mixin.py:188} INFO - [2025-05-22T12:33:36.588+0000] {dag.py:3036} INFO - Sync 1 DAGs
[2025-05-22T12:33:36.598+0000] {logging_mixin.py:188} INFO - [2025-05-22T12:33:36.598+0000] {dag.py:3823} INFO - Setting next_dagrun for raw_to_staging_dag to 2025-05-22 00:00:00+00:00, run_after=2025-05-23 00:00:00+00:00
[2025-05-22T12:33:36.604+0000] {processor.py:183} INFO - Processing /opt/airflow/dags/raw_to_staging_dag.py took 0.050 seconds
[2025-05-22T12:49:33.045+0000] {processor.py:161} INFO - Started process (PID=30184) to work on /opt/airflow/dags/raw_to_staging_dag.py
[2025-05-22T12:49:33.046+0000] {processor.py:830} INFO - Processing file /opt/airflow/dags/raw_to_staging_dag.py for tasks to queue
[2025-05-22T12:49:33.048+0000] {logging_mixin.py:188} INFO - [2025-05-22T12:49:33.047+0000] {dagbag.py:538} INFO - Filling up the DagBag from /opt/airflow/dags/raw_to_staging_dag.py
[2025-05-22T12:49:33.067+0000] {logging_mixin.py:188} WARNING - /home/airflow/.local/lib/python3.9/site-packages/airflow/providers/common/sql/operators/sql.py:139 RemovedInAirflow3Warning: The 'task_concurrency' parameter is deprecated. Please use 'max_active_tis_per_dag'.
[2025-05-22T12:49:33.085+0000] {processor.py:840} INFO - DAG(s) 'raw_to_staging_dag' retrieved from /opt/airflow/dags/raw_to_staging_dag.py
[2025-05-22T12:49:33.138+0000] {logging_mixin.py:188} INFO - [2025-05-22T12:49:33.138+0000] {dag.py:3036} INFO - Sync 1 DAGs
[2025-05-22T12:49:33.197+0000] {logging_mixin.py:188} INFO - [2025-05-22T12:49:33.196+0000] {dag.py:3823} INFO - Setting next_dagrun for raw_to_staging_dag to 2025-05-22 00:00:00+00:00, run_after=2025-05-23 00:00:00+00:00
[2025-05-22T12:49:33.241+0000] {processor.py:183} INFO - Processing /opt/airflow/dags/raw_to_staging_dag.py took 0.202 seconds
[2025-05-22T12:50:11.079+0000] {processor.py:161} INFO - Started process (PID=30199) to work on /opt/airflow/dags/raw_to_staging_dag.py
[2025-05-22T12:50:11.080+0000] {processor.py:830} INFO - Processing file /opt/airflow/dags/raw_to_staging_dag.py for tasks to queue
[2025-05-22T12:50:11.080+0000] {logging_mixin.py:188} INFO - [2025-05-22T12:50:11.080+0000] {dagbag.py:538} INFO - Filling up the DagBag from /opt/airflow/dags/raw_to_staging_dag.py
[2025-05-22T12:50:11.087+0000] {logging_mixin.py:188} WARNING - /home/airflow/.local/lib/python3.9/site-packages/airflow/providers/common/sql/operators/sql.py:139 RemovedInAirflow3Warning: The 'task_concurrency' parameter is deprecated. Please use 'max_active_tis_per_dag'.
[2025-05-22T12:50:11.093+0000] {processor.py:840} INFO - DAG(s) 'raw_to_staging_dag' retrieved from /opt/airflow/dags/raw_to_staging_dag.py
[2025-05-22T12:50:11.105+0000] {logging_mixin.py:188} INFO - [2025-05-22T12:50:11.105+0000] {dag.py:3036} INFO - Sync 1 DAGs
[2025-05-22T12:50:11.118+0000] {logging_mixin.py:188} INFO - [2025-05-22T12:50:11.118+0000] {dag.py:3823} INFO - Setting next_dagrun for raw_to_staging_dag to 2025-05-22 00:00:00+00:00, run_after=2025-05-23 00:00:00+00:00
[2025-05-22T12:50:11.128+0000] {processor.py:183} INFO - Processing /opt/airflow/dags/raw_to_staging_dag.py took 0.054 seconds
[2025-05-22T13:27:33.548+0000] {processor.py:161} INFO - Started process (PID=30216) to work on /opt/airflow/dags/raw_to_staging_dag.py
[2025-05-22T13:27:33.549+0000] {processor.py:830} INFO - Processing file /opt/airflow/dags/raw_to_staging_dag.py for tasks to queue
[2025-05-22T13:27:33.550+0000] {logging_mixin.py:188} INFO - [2025-05-22T13:27:33.550+0000] {dagbag.py:538} INFO - Filling up the DagBag from /opt/airflow/dags/raw_to_staging_dag.py
[2025-05-22T13:27:33.570+0000] {logging_mixin.py:188} WARNING - /home/airflow/.local/lib/python3.9/site-packages/airflow/providers/common/sql/operators/sql.py:139 RemovedInAirflow3Warning: The 'task_concurrency' parameter is deprecated. Please use 'max_active_tis_per_dag'.
[2025-05-22T13:27:33.600+0000] {processor.py:840} INFO - DAG(s) 'raw_to_staging_dag' retrieved from /opt/airflow/dags/raw_to_staging_dag.py
[2025-05-22T13:27:33.687+0000] {logging_mixin.py:188} INFO - [2025-05-22T13:27:33.685+0000] {dag.py:3036} INFO - Sync 1 DAGs
[2025-05-22T13:27:33.751+0000] {logging_mixin.py:188} INFO - [2025-05-22T13:27:33.750+0000] {dag.py:3823} INFO - Setting next_dagrun for raw_to_staging_dag to 2025-05-22 00:00:00+00:00, run_after=2025-05-23 00:00:00+00:00
[2025-05-22T13:27:34.735+0000] {processor.py:183} INFO - Processing /opt/airflow/dags/raw_to_staging_dag.py took 1.192 seconds
[2025-05-22T13:43:48.229+0000] {processor.py:161} INFO - Started process (PID=30231) to work on /opt/airflow/dags/raw_to_staging_dag.py
[2025-05-22T13:43:48.230+0000] {processor.py:830} INFO - Processing file /opt/airflow/dags/raw_to_staging_dag.py for tasks to queue
[2025-05-22T13:43:48.230+0000] {logging_mixin.py:188} INFO - [2025-05-22T13:43:48.230+0000] {dagbag.py:538} INFO - Filling up the DagBag from /opt/airflow/dags/raw_to_staging_dag.py
[2025-05-22T13:43:48.238+0000] {logging_mixin.py:188} WARNING - /home/airflow/.local/lib/python3.9/site-packages/airflow/providers/common/sql/operators/sql.py:139 RemovedInAirflow3Warning: The 'task_concurrency' parameter is deprecated. Please use 'max_active_tis_per_dag'.
[2025-05-22T13:43:48.244+0000] {processor.py:840} INFO - DAG(s) 'raw_to_staging_dag' retrieved from /opt/airflow/dags/raw_to_staging_dag.py
[2025-05-22T13:43:48.256+0000] {logging_mixin.py:188} INFO - [2025-05-22T13:43:48.256+0000] {dag.py:3036} INFO - Sync 1 DAGs
[2025-05-22T13:43:48.267+0000] {logging_mixin.py:188} INFO - [2025-05-22T13:43:48.267+0000] {dag.py:3823} INFO - Setting next_dagrun for raw_to_staging_dag to 2025-05-22 00:00:00+00:00, run_after=2025-05-23 00:00:00+00:00
[2025-05-22T13:43:48.274+0000] {processor.py:183} INFO - Processing /opt/airflow/dags/raw_to_staging_dag.py took 0.047 seconds
[2025-05-22T14:17:34.334+0000] {processor.py:161} INFO - Started process (PID=30246) to work on /opt/airflow/dags/raw_to_staging_dag.py
[2025-05-22T14:17:34.335+0000] {processor.py:830} INFO - Processing file /opt/airflow/dags/raw_to_staging_dag.py for tasks to queue
[2025-05-22T14:17:34.336+0000] {logging_mixin.py:188} INFO - [2025-05-22T14:17:34.336+0000] {dagbag.py:538} INFO - Filling up the DagBag from /opt/airflow/dags/raw_to_staging_dag.py
[2025-05-22T14:17:34.354+0000] {logging_mixin.py:188} WARNING - /home/airflow/.local/lib/python3.9/site-packages/airflow/providers/common/sql/operators/sql.py:139 RemovedInAirflow3Warning: The 'task_concurrency' parameter is deprecated. Please use 'max_active_tis_per_dag'.
[2025-05-22T14:17:34.365+0000] {processor.py:840} INFO - DAG(s) 'raw_to_staging_dag' retrieved from /opt/airflow/dags/raw_to_staging_dag.py
[2025-05-22T14:17:34.391+0000] {logging_mixin.py:188} INFO - [2025-05-22T14:17:34.390+0000] {dag.py:3036} INFO - Sync 1 DAGs
[2025-05-22T14:17:34.411+0000] {logging_mixin.py:188} INFO - [2025-05-22T14:17:34.411+0000] {dag.py:3823} INFO - Setting next_dagrun for raw_to_staging_dag to 2025-05-22 00:00:00+00:00, run_after=2025-05-23 00:00:00+00:00
[2025-05-22T14:17:34.423+0000] {processor.py:183} INFO - Processing /opt/airflow/dags/raw_to_staging_dag.py took 0.099 seconds
[2025-05-22T14:45:42.260+0000] {processor.py:161} INFO - Started process (PID=30263) to work on /opt/airflow/dags/raw_to_staging_dag.py
[2025-05-22T14:45:42.261+0000] {processor.py:830} INFO - Processing file /opt/airflow/dags/raw_to_staging_dag.py for tasks to queue
[2025-05-22T14:45:42.262+0000] {logging_mixin.py:188} INFO - [2025-05-22T14:45:42.262+0000] {dagbag.py:538} INFO - Filling up the DagBag from /opt/airflow/dags/raw_to_staging_dag.py
[2025-05-22T14:45:42.272+0000] {logging_mixin.py:188} WARNING - /home/airflow/.local/lib/python3.9/site-packages/airflow/providers/common/sql/operators/sql.py:139 RemovedInAirflow3Warning: The 'task_concurrency' parameter is deprecated. Please use 'max_active_tis_per_dag'.
[2025-05-22T14:45:42.278+0000] {processor.py:840} INFO - DAG(s) 'raw_to_staging_dag' retrieved from /opt/airflow/dags/raw_to_staging_dag.py
[2025-05-22T14:45:42.290+0000] {logging_mixin.py:188} INFO - [2025-05-22T14:45:42.290+0000] {dag.py:3036} INFO - Sync 1 DAGs
[2025-05-22T14:45:42.300+0000] {logging_mixin.py:188} INFO - [2025-05-22T14:45:42.300+0000] {dag.py:3823} INFO - Setting next_dagrun for raw_to_staging_dag to 2025-05-22 00:00:00+00:00, run_after=2025-05-23 00:00:00+00:00
[2025-05-22T14:45:42.307+0000] {processor.py:183} INFO - Processing /opt/airflow/dags/raw_to_staging_dag.py took 0.050 seconds
[2025-05-22T15:01:38.846+0000] {processor.py:161} INFO - Started process (PID=30278) to work on /opt/airflow/dags/raw_to_staging_dag.py
[2025-05-22T15:01:38.848+0000] {processor.py:830} INFO - Processing file /opt/airflow/dags/raw_to_staging_dag.py for tasks to queue
[2025-05-22T15:01:38.850+0000] {logging_mixin.py:188} INFO - [2025-05-22T15:01:38.849+0000] {dagbag.py:538} INFO - Filling up the DagBag from /opt/airflow/dags/raw_to_staging_dag.py
[2025-05-22T15:01:38.868+0000] {logging_mixin.py:188} WARNING - /home/airflow/.local/lib/python3.9/site-packages/airflow/providers/common/sql/operators/sql.py:139 RemovedInAirflow3Warning: The 'task_concurrency' parameter is deprecated. Please use 'max_active_tis_per_dag'.
[2025-05-22T15:01:38.892+0000] {processor.py:840} INFO - DAG(s) 'raw_to_staging_dag' retrieved from /opt/airflow/dags/raw_to_staging_dag.py
[2025-05-22T15:01:38.937+0000] {logging_mixin.py:188} INFO - [2025-05-22T15:01:38.936+0000] {dag.py:3036} INFO - Sync 1 DAGs
[2025-05-22T15:01:38.973+0000] {logging_mixin.py:188} INFO - [2025-05-22T15:01:38.972+0000] {dag.py:3823} INFO - Setting next_dagrun for raw_to_staging_dag to 2025-05-22 00:00:00+00:00, run_after=2025-05-23 00:00:00+00:00
[2025-05-22T15:01:39.005+0000] {processor.py:183} INFO - Processing /opt/airflow/dags/raw_to_staging_dag.py took 0.168 seconds
[2025-05-22T15:02:09.428+0000] {processor.py:161} INFO - Started process (PID=30293) to work on /opt/airflow/dags/raw_to_staging_dag.py
[2025-05-22T15:02:09.429+0000] {processor.py:830} INFO - Processing file /opt/airflow/dags/raw_to_staging_dag.py for tasks to queue
[2025-05-22T15:02:09.429+0000] {logging_mixin.py:188} INFO - [2025-05-22T15:02:09.429+0000] {dagbag.py:538} INFO - Filling up the DagBag from /opt/airflow/dags/raw_to_staging_dag.py
[2025-05-22T15:02:09.437+0000] {logging_mixin.py:188} WARNING - /home/airflow/.local/lib/python3.9/site-packages/airflow/providers/common/sql/operators/sql.py:139 RemovedInAirflow3Warning: The 'task_concurrency' parameter is deprecated. Please use 'max_active_tis_per_dag'.
[2025-05-22T15:02:09.442+0000] {processor.py:840} INFO - DAG(s) 'raw_to_staging_dag' retrieved from /opt/airflow/dags/raw_to_staging_dag.py
[2025-05-22T15:02:09.459+0000] {logging_mixin.py:188} INFO - [2025-05-22T15:02:09.458+0000] {dag.py:3036} INFO - Sync 1 DAGs
[2025-05-22T15:02:09.472+0000] {logging_mixin.py:188} INFO - [2025-05-22T15:02:09.472+0000] {dag.py:3823} INFO - Setting next_dagrun for raw_to_staging_dag to 2025-05-22 00:00:00+00:00, run_after=2025-05-23 00:00:00+00:00
[2025-05-22T15:02:09.647+0000] {processor.py:183} INFO - Processing /opt/airflow/dags/raw_to_staging_dag.py took 0.227 seconds
[2025-05-22T15:24:52.567+0000] {processor.py:161} INFO - Started process (PID=30308) to work on /opt/airflow/dags/raw_to_staging_dag.py
[2025-05-22T15:24:52.568+0000] {processor.py:830} INFO - Processing file /opt/airflow/dags/raw_to_staging_dag.py for tasks to queue
[2025-05-22T15:24:52.569+0000] {logging_mixin.py:188} INFO - [2025-05-22T15:24:52.569+0000] {dagbag.py:538} INFO - Filling up the DagBag from /opt/airflow/dags/raw_to_staging_dag.py
[2025-05-22T15:24:52.584+0000] {logging_mixin.py:188} WARNING - /home/airflow/.local/lib/python3.9/site-packages/airflow/providers/common/sql/operators/sql.py:139 RemovedInAirflow3Warning: The 'task_concurrency' parameter is deprecated. Please use 'max_active_tis_per_dag'.
[2025-05-22T15:24:52.601+0000] {processor.py:840} INFO - DAG(s) 'raw_to_staging_dag' retrieved from /opt/airflow/dags/raw_to_staging_dag.py
[2025-05-22T15:24:52.657+0000] {logging_mixin.py:188} INFO - [2025-05-22T15:24:52.656+0000] {dag.py:3036} INFO - Sync 1 DAGs
[2025-05-22T15:24:52.721+0000] {logging_mixin.py:188} INFO - [2025-05-22T15:24:52.721+0000] {dag.py:3823} INFO - Setting next_dagrun for raw_to_staging_dag to 2025-05-22 00:00:00+00:00, run_after=2025-05-23 00:00:00+00:00
[2025-05-22T15:24:52.757+0000] {processor.py:183} INFO - Processing /opt/airflow/dags/raw_to_staging_dag.py took 0.193 seconds
[2025-05-22T15:42:09.157+0000] {processor.py:161} INFO - Started process (PID=30325) to work on /opt/airflow/dags/raw_to_staging_dag.py
[2025-05-22T15:42:09.159+0000] {processor.py:830} INFO - Processing file /opt/airflow/dags/raw_to_staging_dag.py for tasks to queue
[2025-05-22T15:42:09.161+0000] {logging_mixin.py:188} INFO - [2025-05-22T15:42:09.160+0000] {dagbag.py:538} INFO - Filling up the DagBag from /opt/airflow/dags/raw_to_staging_dag.py
[2025-05-22T15:42:09.188+0000] {logging_mixin.py:188} WARNING - /home/airflow/.local/lib/python3.9/site-packages/airflow/providers/common/sql/operators/sql.py:139 RemovedInAirflow3Warning: The 'task_concurrency' parameter is deprecated. Please use 'max_active_tis_per_dag'.
[2025-05-22T15:42:09.207+0000] {processor.py:840} INFO - DAG(s) 'raw_to_staging_dag' retrieved from /opt/airflow/dags/raw_to_staging_dag.py
[2025-05-22T15:42:09.263+0000] {logging_mixin.py:188} INFO - [2025-05-22T15:42:09.262+0000] {dag.py:3036} INFO - Sync 1 DAGs
[2025-05-22T15:42:09.337+0000] {logging_mixin.py:188} INFO - [2025-05-22T15:42:09.336+0000] {dag.py:3823} INFO - Setting next_dagrun for raw_to_staging_dag to 2025-05-22 00:00:00+00:00, run_after=2025-05-23 00:00:00+00:00
[2025-05-22T15:42:09.384+0000] {processor.py:183} INFO - Processing /opt/airflow/dags/raw_to_staging_dag.py took 0.237 seconds
[2025-05-22T15:58:42.612+0000] {processor.py:161} INFO - Started process (PID=30340) to work on /opt/airflow/dags/raw_to_staging_dag.py
[2025-05-22T15:58:42.617+0000] {processor.py:830} INFO - Processing file /opt/airflow/dags/raw_to_staging_dag.py for tasks to queue
[2025-05-22T15:58:42.620+0000] {logging_mixin.py:188} INFO - [2025-05-22T15:58:42.619+0000] {dagbag.py:538} INFO - Filling up the DagBag from /opt/airflow/dags/raw_to_staging_dag.py
[2025-05-22T15:58:42.654+0000] {logging_mixin.py:188} WARNING - /home/airflow/.local/lib/python3.9/site-packages/airflow/providers/common/sql/operators/sql.py:139 RemovedInAirflow3Warning: The 'task_concurrency' parameter is deprecated. Please use 'max_active_tis_per_dag'.
[2025-05-22T15:58:42.690+0000] {processor.py:840} INFO - DAG(s) 'raw_to_staging_dag' retrieved from /opt/airflow/dags/raw_to_staging_dag.py
[2025-05-22T15:58:42.755+0000] {logging_mixin.py:188} INFO - [2025-05-22T15:58:42.755+0000] {dag.py:3036} INFO - Sync 1 DAGs
[2025-05-22T15:58:42.820+0000] {logging_mixin.py:188} INFO - [2025-05-22T15:58:42.819+0000] {dag.py:3823} INFO - Setting next_dagrun for raw_to_staging_dag to 2025-05-22 00:00:00+00:00, run_after=2025-05-23 00:00:00+00:00
[2025-05-22T15:58:42.881+0000] {processor.py:183} INFO - Processing /opt/airflow/dags/raw_to_staging_dag.py took 0.279 seconds
[2025-05-22T15:59:13.110+0000] {processor.py:161} INFO - Started process (PID=30355) to work on /opt/airflow/dags/raw_to_staging_dag.py
[2025-05-22T15:59:13.111+0000] {processor.py:830} INFO - Processing file /opt/airflow/dags/raw_to_staging_dag.py for tasks to queue
[2025-05-22T15:59:13.111+0000] {logging_mixin.py:188} INFO - [2025-05-22T15:59:13.111+0000] {dagbag.py:538} INFO - Filling up the DagBag from /opt/airflow/dags/raw_to_staging_dag.py
[2025-05-22T15:59:13.120+0000] {logging_mixin.py:188} WARNING - /home/airflow/.local/lib/python3.9/site-packages/airflow/providers/common/sql/operators/sql.py:139 RemovedInAirflow3Warning: The 'task_concurrency' parameter is deprecated. Please use 'max_active_tis_per_dag'.
[2025-05-22T15:59:13.134+0000] {processor.py:840} INFO - DAG(s) 'raw_to_staging_dag' retrieved from /opt/airflow/dags/raw_to_staging_dag.py
[2025-05-22T15:59:13.153+0000] {logging_mixin.py:188} INFO - [2025-05-22T15:59:13.153+0000] {dag.py:3036} INFO - Sync 1 DAGs
[2025-05-22T15:59:13.165+0000] {logging_mixin.py:188} INFO - [2025-05-22T15:59:13.165+0000] {dag.py:3823} INFO - Setting next_dagrun for raw_to_staging_dag to 2025-05-22 00:00:00+00:00, run_after=2025-05-23 00:00:00+00:00
[2025-05-22T15:59:13.173+0000] {processor.py:183} INFO - Processing /opt/airflow/dags/raw_to_staging_dag.py took 0.071 seconds
[2025-05-22T15:59:43.636+0000] {processor.py:161} INFO - Started process (PID=30370) to work on /opt/airflow/dags/raw_to_staging_dag.py
[2025-05-22T15:59:43.637+0000] {processor.py:830} INFO - Processing file /opt/airflow/dags/raw_to_staging_dag.py for tasks to queue
[2025-05-22T15:59:43.637+0000] {logging_mixin.py:188} INFO - [2025-05-22T15:59:43.637+0000] {dagbag.py:538} INFO - Filling up the DagBag from /opt/airflow/dags/raw_to_staging_dag.py
[2025-05-22T15:59:43.646+0000] {logging_mixin.py:188} WARNING - /home/airflow/.local/lib/python3.9/site-packages/airflow/providers/common/sql/operators/sql.py:139 RemovedInAirflow3Warning: The 'task_concurrency' parameter is deprecated. Please use 'max_active_tis_per_dag'.
[2025-05-22T15:59:43.653+0000] {processor.py:840} INFO - DAG(s) 'raw_to_staging_dag' retrieved from /opt/airflow/dags/raw_to_staging_dag.py
[2025-05-22T15:59:43.665+0000] {logging_mixin.py:188} INFO - [2025-05-22T15:59:43.665+0000] {dag.py:3036} INFO - Sync 1 DAGs
[2025-05-22T15:59:43.676+0000] {logging_mixin.py:188} INFO - [2025-05-22T15:59:43.676+0000] {dag.py:3823} INFO - Setting next_dagrun for raw_to_staging_dag to 2025-05-22 00:00:00+00:00, run_after=2025-05-23 00:00:00+00:00
[2025-05-22T15:59:43.683+0000] {processor.py:183} INFO - Processing /opt/airflow/dags/raw_to_staging_dag.py took 0.049 seconds
[2025-05-22T16:00:14.106+0000] {processor.py:161} INFO - Started process (PID=30385) to work on /opt/airflow/dags/raw_to_staging_dag.py
[2025-05-22T16:00:14.107+0000] {processor.py:830} INFO - Processing file /opt/airflow/dags/raw_to_staging_dag.py for tasks to queue
[2025-05-22T16:00:14.107+0000] {logging_mixin.py:188} INFO - [2025-05-22T16:00:14.107+0000] {dagbag.py:538} INFO - Filling up the DagBag from /opt/airflow/dags/raw_to_staging_dag.py
[2025-05-22T16:00:14.115+0000] {logging_mixin.py:188} WARNING - /home/airflow/.local/lib/python3.9/site-packages/airflow/providers/common/sql/operators/sql.py:139 RemovedInAirflow3Warning: The 'task_concurrency' parameter is deprecated. Please use 'max_active_tis_per_dag'.
[2025-05-22T16:00:14.122+0000] {processor.py:840} INFO - DAG(s) 'raw_to_staging_dag' retrieved from /opt/airflow/dags/raw_to_staging_dag.py
[2025-05-22T16:00:14.134+0000] {logging_mixin.py:188} INFO - [2025-05-22T16:00:14.134+0000] {dag.py:3036} INFO - Sync 1 DAGs
[2025-05-22T16:00:14.148+0000] {logging_mixin.py:188} INFO - [2025-05-22T16:00:14.147+0000] {dag.py:3823} INFO - Setting next_dagrun for raw_to_staging_dag to 2025-05-22 00:00:00+00:00, run_after=2025-05-23 00:00:00+00:00
[2025-05-22T16:00:14.155+0000] {processor.py:183} INFO - Processing /opt/airflow/dags/raw_to_staging_dag.py took 0.050 seconds
[2025-05-22T16:00:44.617+0000] {processor.py:161} INFO - Started process (PID=30400) to work on /opt/airflow/dags/raw_to_staging_dag.py
[2025-05-22T16:00:44.618+0000] {processor.py:830} INFO - Processing file /opt/airflow/dags/raw_to_staging_dag.py for tasks to queue
[2025-05-22T16:00:44.618+0000] {logging_mixin.py:188} INFO - [2025-05-22T16:00:44.618+0000] {dagbag.py:538} INFO - Filling up the DagBag from /opt/airflow/dags/raw_to_staging_dag.py
[2025-05-22T16:00:44.625+0000] {logging_mixin.py:188} WARNING - /home/airflow/.local/lib/python3.9/site-packages/airflow/providers/common/sql/operators/sql.py:139 RemovedInAirflow3Warning: The 'task_concurrency' parameter is deprecated. Please use 'max_active_tis_per_dag'.
[2025-05-22T16:00:44.632+0000] {processor.py:840} INFO - DAG(s) 'raw_to_staging_dag' retrieved from /opt/airflow/dags/raw_to_staging_dag.py
[2025-05-22T16:00:44.644+0000] {logging_mixin.py:188} INFO - [2025-05-22T16:00:44.644+0000] {dag.py:3036} INFO - Sync 1 DAGs
[2025-05-22T16:00:44.656+0000] {logging_mixin.py:188} INFO - [2025-05-22T16:00:44.656+0000] {dag.py:3823} INFO - Setting next_dagrun for raw_to_staging_dag to 2025-05-22 00:00:00+00:00, run_after=2025-05-23 00:00:00+00:00
[2025-05-22T16:00:44.663+0000] {processor.py:183} INFO - Processing /opt/airflow/dags/raw_to_staging_dag.py took 0.048 seconds
[2025-05-22T16:01:15.233+0000] {processor.py:161} INFO - Started process (PID=30415) to work on /opt/airflow/dags/raw_to_staging_dag.py
[2025-05-22T16:01:15.234+0000] {processor.py:830} INFO - Processing file /opt/airflow/dags/raw_to_staging_dag.py for tasks to queue
[2025-05-22T16:01:15.235+0000] {logging_mixin.py:188} INFO - [2025-05-22T16:01:15.235+0000] {dagbag.py:538} INFO - Filling up the DagBag from /opt/airflow/dags/raw_to_staging_dag.py
[2025-05-22T16:01:15.249+0000] {logging_mixin.py:188} WARNING - /home/airflow/.local/lib/python3.9/site-packages/airflow/providers/common/sql/operators/sql.py:139 RemovedInAirflow3Warning: The 'task_concurrency' parameter is deprecated. Please use 'max_active_tis_per_dag'.
[2025-05-22T16:01:15.266+0000] {processor.py:840} INFO - DAG(s) 'raw_to_staging_dag' retrieved from /opt/airflow/dags/raw_to_staging_dag.py
[2025-05-22T16:01:15.299+0000] {logging_mixin.py:188} INFO - [2025-05-22T16:01:15.299+0000] {dag.py:3036} INFO - Sync 1 DAGs
[2025-05-22T16:01:15.318+0000] {logging_mixin.py:188} INFO - [2025-05-22T16:01:15.318+0000] {dag.py:3823} INFO - Setting next_dagrun for raw_to_staging_dag to 2025-05-22 00:00:00+00:00, run_after=2025-05-23 00:00:00+00:00
[2025-05-22T16:01:15.335+0000] {processor.py:183} INFO - Processing /opt/airflow/dags/raw_to_staging_dag.py took 0.106 seconds
[2025-05-22T16:01:45.889+0000] {processor.py:161} INFO - Started process (PID=30430) to work on /opt/airflow/dags/raw_to_staging_dag.py
[2025-05-22T16:01:45.890+0000] {processor.py:830} INFO - Processing file /opt/airflow/dags/raw_to_staging_dag.py for tasks to queue
[2025-05-22T16:01:45.890+0000] {logging_mixin.py:188} INFO - [2025-05-22T16:01:45.890+0000] {dagbag.py:538} INFO - Filling up the DagBag from /opt/airflow/dags/raw_to_staging_dag.py
[2025-05-22T16:01:45.899+0000] {logging_mixin.py:188} WARNING - /home/airflow/.local/lib/python3.9/site-packages/airflow/providers/common/sql/operators/sql.py:139 RemovedInAirflow3Warning: The 'task_concurrency' parameter is deprecated. Please use 'max_active_tis_per_dag'.
[2025-05-22T16:01:45.906+0000] {processor.py:840} INFO - DAG(s) 'raw_to_staging_dag' retrieved from /opt/airflow/dags/raw_to_staging_dag.py
[2025-05-22T16:01:45.922+0000] {logging_mixin.py:188} INFO - [2025-05-22T16:01:45.922+0000] {dag.py:3036} INFO - Sync 1 DAGs
[2025-05-22T16:01:45.932+0000] {logging_mixin.py:188} INFO - [2025-05-22T16:01:45.932+0000] {dag.py:3823} INFO - Setting next_dagrun for raw_to_staging_dag to 2025-05-22 00:00:00+00:00, run_after=2025-05-23 00:00:00+00:00
[2025-05-22T16:01:45.940+0000] {processor.py:183} INFO - Processing /opt/airflow/dags/raw_to_staging_dag.py took 0.053 seconds
[2025-05-22T16:02:16.443+0000] {processor.py:161} INFO - Started process (PID=30445) to work on /opt/airflow/dags/raw_to_staging_dag.py
[2025-05-22T16:02:16.444+0000] {processor.py:830} INFO - Processing file /opt/airflow/dags/raw_to_staging_dag.py for tasks to queue
[2025-05-22T16:02:16.444+0000] {logging_mixin.py:188} INFO - [2025-05-22T16:02:16.444+0000] {dagbag.py:538} INFO - Filling up the DagBag from /opt/airflow/dags/raw_to_staging_dag.py
[2025-05-22T16:02:16.451+0000] {logging_mixin.py:188} WARNING - /home/airflow/.local/lib/python3.9/site-packages/airflow/providers/common/sql/operators/sql.py:139 RemovedInAirflow3Warning: The 'task_concurrency' parameter is deprecated. Please use 'max_active_tis_per_dag'.
[2025-05-22T16:02:16.458+0000] {processor.py:840} INFO - DAG(s) 'raw_to_staging_dag' retrieved from /opt/airflow/dags/raw_to_staging_dag.py
[2025-05-22T16:02:16.471+0000] {logging_mixin.py:188} INFO - [2025-05-22T16:02:16.470+0000] {dag.py:3036} INFO - Sync 1 DAGs
[2025-05-22T16:02:16.483+0000] {logging_mixin.py:188} INFO - [2025-05-22T16:02:16.483+0000] {dag.py:3823} INFO - Setting next_dagrun for raw_to_staging_dag to 2025-05-22 00:00:00+00:00, run_after=2025-05-23 00:00:00+00:00
[2025-05-22T16:02:16.728+0000] {processor.py:183} INFO - Processing /opt/airflow/dags/raw_to_staging_dag.py took 0.290 seconds
[2025-05-22T16:02:47.051+0000] {processor.py:161} INFO - Started process (PID=30460) to work on /opt/airflow/dags/raw_to_staging_dag.py
[2025-05-22T16:02:47.051+0000] {processor.py:830} INFO - Processing file /opt/airflow/dags/raw_to_staging_dag.py for tasks to queue
[2025-05-22T16:02:47.052+0000] {logging_mixin.py:188} INFO - [2025-05-22T16:02:47.052+0000] {dagbag.py:538} INFO - Filling up the DagBag from /opt/airflow/dags/raw_to_staging_dag.py
[2025-05-22T16:02:47.060+0000] {logging_mixin.py:188} WARNING - /home/airflow/.local/lib/python3.9/site-packages/airflow/providers/common/sql/operators/sql.py:139 RemovedInAirflow3Warning: The 'task_concurrency' parameter is deprecated. Please use 'max_active_tis_per_dag'.
[2025-05-22T16:02:47.067+0000] {processor.py:840} INFO - DAG(s) 'raw_to_staging_dag' retrieved from /opt/airflow/dags/raw_to_staging_dag.py
[2025-05-22T16:02:47.080+0000] {logging_mixin.py:188} INFO - [2025-05-22T16:02:47.080+0000] {dag.py:3036} INFO - Sync 1 DAGs
[2025-05-22T16:02:47.092+0000] {logging_mixin.py:188} INFO - [2025-05-22T16:02:47.092+0000] {dag.py:3823} INFO - Setting next_dagrun for raw_to_staging_dag to 2025-05-22 00:00:00+00:00, run_after=2025-05-23 00:00:00+00:00
[2025-05-22T16:02:47.100+0000] {processor.py:183} INFO - Processing /opt/airflow/dags/raw_to_staging_dag.py took 0.051 seconds
[2025-05-22T16:03:17.588+0000] {processor.py:161} INFO - Started process (PID=30475) to work on /opt/airflow/dags/raw_to_staging_dag.py
[2025-05-22T16:03:17.588+0000] {processor.py:830} INFO - Processing file /opt/airflow/dags/raw_to_staging_dag.py for tasks to queue
[2025-05-22T16:03:17.589+0000] {logging_mixin.py:188} INFO - [2025-05-22T16:03:17.589+0000] {dagbag.py:538} INFO - Filling up the DagBag from /opt/airflow/dags/raw_to_staging_dag.py
[2025-05-22T16:03:17.598+0000] {logging_mixin.py:188} WARNING - /home/airflow/.local/lib/python3.9/site-packages/airflow/providers/common/sql/operators/sql.py:139 RemovedInAirflow3Warning: The 'task_concurrency' parameter is deprecated. Please use 'max_active_tis_per_dag'.
[2025-05-22T16:03:17.605+0000] {processor.py:840} INFO - DAG(s) 'raw_to_staging_dag' retrieved from /opt/airflow/dags/raw_to_staging_dag.py
[2025-05-22T16:03:17.619+0000] {logging_mixin.py:188} INFO - [2025-05-22T16:03:17.618+0000] {dag.py:3036} INFO - Sync 1 DAGs
[2025-05-22T16:03:17.629+0000] {logging_mixin.py:188} INFO - [2025-05-22T16:03:17.628+0000] {dag.py:3823} INFO - Setting next_dagrun for raw_to_staging_dag to 2025-05-22 00:00:00+00:00, run_after=2025-05-23 00:00:00+00:00
[2025-05-22T16:03:17.636+0000] {processor.py:183} INFO - Processing /opt/airflow/dags/raw_to_staging_dag.py took 0.051 seconds
[2025-05-22T16:03:48.173+0000] {processor.py:161} INFO - Started process (PID=30490) to work on /opt/airflow/dags/raw_to_staging_dag.py
[2025-05-22T16:03:48.174+0000] {processor.py:830} INFO - Processing file /opt/airflow/dags/raw_to_staging_dag.py for tasks to queue
[2025-05-22T16:03:48.174+0000] {logging_mixin.py:188} INFO - [2025-05-22T16:03:48.174+0000] {dagbag.py:538} INFO - Filling up the DagBag from /opt/airflow/dags/raw_to_staging_dag.py
[2025-05-22T16:03:48.182+0000] {logging_mixin.py:188} WARNING - /home/airflow/.local/lib/python3.9/site-packages/airflow/providers/common/sql/operators/sql.py:139 RemovedInAirflow3Warning: The 'task_concurrency' parameter is deprecated. Please use 'max_active_tis_per_dag'.
[2025-05-22T16:03:48.190+0000] {processor.py:840} INFO - DAG(s) 'raw_to_staging_dag' retrieved from /opt/airflow/dags/raw_to_staging_dag.py
[2025-05-22T16:03:48.202+0000] {logging_mixin.py:188} INFO - [2025-05-22T16:03:48.202+0000] {dag.py:3036} INFO - Sync 1 DAGs
[2025-05-22T16:03:48.216+0000] {logging_mixin.py:188} INFO - [2025-05-22T16:03:48.216+0000] {dag.py:3823} INFO - Setting next_dagrun for raw_to_staging_dag to 2025-05-22 00:00:00+00:00, run_after=2025-05-23 00:00:00+00:00
[2025-05-22T16:03:48.224+0000] {processor.py:183} INFO - Processing /opt/airflow/dags/raw_to_staging_dag.py took 0.052 seconds
[2025-05-22T16:04:18.778+0000] {processor.py:161} INFO - Started process (PID=30505) to work on /opt/airflow/dags/raw_to_staging_dag.py
[2025-05-22T16:04:18.779+0000] {processor.py:830} INFO - Processing file /opt/airflow/dags/raw_to_staging_dag.py for tasks to queue
[2025-05-22T16:04:18.779+0000] {logging_mixin.py:188} INFO - [2025-05-22T16:04:18.779+0000] {dagbag.py:538} INFO - Filling up the DagBag from /opt/airflow/dags/raw_to_staging_dag.py
[2025-05-22T16:04:18.786+0000] {logging_mixin.py:188} WARNING - /home/airflow/.local/lib/python3.9/site-packages/airflow/providers/common/sql/operators/sql.py:139 RemovedInAirflow3Warning: The 'task_concurrency' parameter is deprecated. Please use 'max_active_tis_per_dag'.
[2025-05-22T16:04:18.793+0000] {processor.py:840} INFO - DAG(s) 'raw_to_staging_dag' retrieved from /opt/airflow/dags/raw_to_staging_dag.py
[2025-05-22T16:04:18.808+0000] {logging_mixin.py:188} INFO - [2025-05-22T16:04:18.808+0000] {dag.py:3036} INFO - Sync 1 DAGs
[2025-05-22T16:04:18.818+0000] {logging_mixin.py:188} INFO - [2025-05-22T16:04:18.818+0000] {dag.py:3823} INFO - Setting next_dagrun for raw_to_staging_dag to 2025-05-22 00:00:00+00:00, run_after=2025-05-23 00:00:00+00:00
[2025-05-22T16:04:18.826+0000] {processor.py:183} INFO - Processing /opt/airflow/dags/raw_to_staging_dag.py took 0.049 seconds
[2025-05-22T16:04:49.386+0000] {processor.py:161} INFO - Started process (PID=30520) to work on /opt/airflow/dags/raw_to_staging_dag.py
[2025-05-22T16:04:49.386+0000] {processor.py:830} INFO - Processing file /opt/airflow/dags/raw_to_staging_dag.py for tasks to queue
[2025-05-22T16:04:49.386+0000] {logging_mixin.py:188} INFO - [2025-05-22T16:04:49.386+0000] {dagbag.py:538} INFO - Filling up the DagBag from /opt/airflow/dags/raw_to_staging_dag.py
[2025-05-22T16:04:49.393+0000] {logging_mixin.py:188} WARNING - /home/airflow/.local/lib/python3.9/site-packages/airflow/providers/common/sql/operators/sql.py:139 RemovedInAirflow3Warning: The 'task_concurrency' parameter is deprecated. Please use 'max_active_tis_per_dag'.
[2025-05-22T16:04:49.400+0000] {processor.py:840} INFO - DAG(s) 'raw_to_staging_dag' retrieved from /opt/airflow/dags/raw_to_staging_dag.py
[2025-05-22T16:04:49.413+0000] {logging_mixin.py:188} INFO - [2025-05-22T16:04:49.413+0000] {dag.py:3036} INFO - Sync 1 DAGs
[2025-05-22T16:04:49.423+0000] {logging_mixin.py:188} INFO - [2025-05-22T16:04:49.423+0000] {dag.py:3823} INFO - Setting next_dagrun for raw_to_staging_dag to 2025-05-22 00:00:00+00:00, run_after=2025-05-23 00:00:00+00:00
[2025-05-22T16:04:49.618+0000] {processor.py:183} INFO - Processing /opt/airflow/dags/raw_to_staging_dag.py took 0.234 seconds
[2025-05-22T16:05:19.912+0000] {processor.py:161} INFO - Started process (PID=30535) to work on /opt/airflow/dags/raw_to_staging_dag.py
[2025-05-22T16:05:19.913+0000] {processor.py:830} INFO - Processing file /opt/airflow/dags/raw_to_staging_dag.py for tasks to queue
[2025-05-22T16:05:19.913+0000] {logging_mixin.py:188} INFO - [2025-05-22T16:05:19.913+0000] {dagbag.py:538} INFO - Filling up the DagBag from /opt/airflow/dags/raw_to_staging_dag.py
[2025-05-22T16:05:19.921+0000] {logging_mixin.py:188} WARNING - /home/airflow/.local/lib/python3.9/site-packages/airflow/providers/common/sql/operators/sql.py:139 RemovedInAirflow3Warning: The 'task_concurrency' parameter is deprecated. Please use 'max_active_tis_per_dag'.
[2025-05-22T16:05:19.928+0000] {processor.py:840} INFO - DAG(s) 'raw_to_staging_dag' retrieved from /opt/airflow/dags/raw_to_staging_dag.py
[2025-05-22T16:05:19.944+0000] {logging_mixin.py:188} INFO - [2025-05-22T16:05:19.944+0000] {dag.py:3036} INFO - Sync 1 DAGs
[2025-05-22T16:05:19.955+0000] {logging_mixin.py:188} INFO - [2025-05-22T16:05:19.955+0000] {dag.py:3823} INFO - Setting next_dagrun for raw_to_staging_dag to 2025-05-22 00:00:00+00:00, run_after=2025-05-23 00:00:00+00:00
[2025-05-22T16:05:19.963+0000] {processor.py:183} INFO - Processing /opt/airflow/dags/raw_to_staging_dag.py took 0.052 seconds
[2025-05-22T16:05:50.534+0000] {processor.py:161} INFO - Started process (PID=30550) to work on /opt/airflow/dags/raw_to_staging_dag.py
[2025-05-22T16:05:50.535+0000] {processor.py:830} INFO - Processing file /opt/airflow/dags/raw_to_staging_dag.py for tasks to queue
[2025-05-22T16:05:50.535+0000] {logging_mixin.py:188} INFO - [2025-05-22T16:05:50.535+0000] {dagbag.py:538} INFO - Filling up the DagBag from /opt/airflow/dags/raw_to_staging_dag.py
[2025-05-22T16:05:50.543+0000] {logging_mixin.py:188} WARNING - /home/airflow/.local/lib/python3.9/site-packages/airflow/providers/common/sql/operators/sql.py:139 RemovedInAirflow3Warning: The 'task_concurrency' parameter is deprecated. Please use 'max_active_tis_per_dag'.
[2025-05-22T16:05:50.551+0000] {processor.py:840} INFO - DAG(s) 'raw_to_staging_dag' retrieved from /opt/airflow/dags/raw_to_staging_dag.py
[2025-05-22T16:05:50.562+0000] {logging_mixin.py:188} INFO - [2025-05-22T16:05:50.562+0000] {dag.py:3036} INFO - Sync 1 DAGs
[2025-05-22T16:05:50.572+0000] {logging_mixin.py:188} INFO - [2025-05-22T16:05:50.572+0000] {dag.py:3823} INFO - Setting next_dagrun for raw_to_staging_dag to 2025-05-22 00:00:00+00:00, run_after=2025-05-23 00:00:00+00:00
[2025-05-22T16:05:50.579+0000] {processor.py:183} INFO - Processing /opt/airflow/dags/raw_to_staging_dag.py took 0.048 seconds
[2025-05-22T16:06:21.102+0000] {processor.py:161} INFO - Started process (PID=30565) to work on /opt/airflow/dags/raw_to_staging_dag.py
[2025-05-22T16:06:21.102+0000] {processor.py:830} INFO - Processing file /opt/airflow/dags/raw_to_staging_dag.py for tasks to queue
[2025-05-22T16:06:21.103+0000] {logging_mixin.py:188} INFO - [2025-05-22T16:06:21.103+0000] {dagbag.py:538} INFO - Filling up the DagBag from /opt/airflow/dags/raw_to_staging_dag.py
[2025-05-22T16:06:21.110+0000] {logging_mixin.py:188} WARNING - /home/airflow/.local/lib/python3.9/site-packages/airflow/providers/common/sql/operators/sql.py:139 RemovedInAirflow3Warning: The 'task_concurrency' parameter is deprecated. Please use 'max_active_tis_per_dag'.
[2025-05-22T16:06:21.118+0000] {processor.py:840} INFO - DAG(s) 'raw_to_staging_dag' retrieved from /opt/airflow/dags/raw_to_staging_dag.py
[2025-05-22T16:06:21.130+0000] {logging_mixin.py:188} INFO - [2025-05-22T16:06:21.130+0000] {dag.py:3036} INFO - Sync 1 DAGs
[2025-05-22T16:06:21.140+0000] {logging_mixin.py:188} INFO - [2025-05-22T16:06:21.140+0000] {dag.py:3823} INFO - Setting next_dagrun for raw_to_staging_dag to 2025-05-22 00:00:00+00:00, run_after=2025-05-23 00:00:00+00:00
[2025-05-22T16:06:21.147+0000] {processor.py:183} INFO - Processing /opt/airflow/dags/raw_to_staging_dag.py took 0.048 seconds
[2025-05-22T16:06:51.610+0000] {processor.py:161} INFO - Started process (PID=30580) to work on /opt/airflow/dags/raw_to_staging_dag.py
[2025-05-22T16:06:51.610+0000] {processor.py:830} INFO - Processing file /opt/airflow/dags/raw_to_staging_dag.py for tasks to queue
[2025-05-22T16:06:51.611+0000] {logging_mixin.py:188} INFO - [2025-05-22T16:06:51.611+0000] {dagbag.py:538} INFO - Filling up the DagBag from /opt/airflow/dags/raw_to_staging_dag.py
[2025-05-22T16:06:51.621+0000] {logging_mixin.py:188} WARNING - /home/airflow/.local/lib/python3.9/site-packages/airflow/providers/common/sql/operators/sql.py:139 RemovedInAirflow3Warning: The 'task_concurrency' parameter is deprecated. Please use 'max_active_tis_per_dag'.
[2025-05-22T16:06:51.629+0000] {processor.py:840} INFO - DAG(s) 'raw_to_staging_dag' retrieved from /opt/airflow/dags/raw_to_staging_dag.py
[2025-05-22T16:06:51.641+0000] {logging_mixin.py:188} INFO - [2025-05-22T16:06:51.641+0000] {dag.py:3036} INFO - Sync 1 DAGs
[2025-05-22T16:06:51.652+0000] {logging_mixin.py:188} INFO - [2025-05-22T16:06:51.652+0000] {dag.py:3823} INFO - Setting next_dagrun for raw_to_staging_dag to 2025-05-22 00:00:00+00:00, run_after=2025-05-23 00:00:00+00:00
[2025-05-22T16:06:51.659+0000] {processor.py:183} INFO - Processing /opt/airflow/dags/raw_to_staging_dag.py took 0.051 seconds
[2025-05-22T16:07:22.194+0000] {processor.py:161} INFO - Started process (PID=30595) to work on /opt/airflow/dags/raw_to_staging_dag.py
[2025-05-22T16:07:22.195+0000] {processor.py:830} INFO - Processing file /opt/airflow/dags/raw_to_staging_dag.py for tasks to queue
[2025-05-22T16:07:22.195+0000] {logging_mixin.py:188} INFO - [2025-05-22T16:07:22.195+0000] {dagbag.py:538} INFO - Filling up the DagBag from /opt/airflow/dags/raw_to_staging_dag.py
[2025-05-22T16:07:22.203+0000] {logging_mixin.py:188} WARNING - /home/airflow/.local/lib/python3.9/site-packages/airflow/providers/common/sql/operators/sql.py:139 RemovedInAirflow3Warning: The 'task_concurrency' parameter is deprecated. Please use 'max_active_tis_per_dag'.
[2025-05-22T16:07:22.211+0000] {processor.py:840} INFO - DAG(s) 'raw_to_staging_dag' retrieved from /opt/airflow/dags/raw_to_staging_dag.py
[2025-05-22T16:07:22.223+0000] {logging_mixin.py:188} INFO - [2025-05-22T16:07:22.223+0000] {dag.py:3036} INFO - Sync 1 DAGs
[2025-05-22T16:07:22.240+0000] {logging_mixin.py:188} INFO - [2025-05-22T16:07:22.240+0000] {dag.py:3823} INFO - Setting next_dagrun for raw_to_staging_dag to 2025-05-22 00:00:00+00:00, run_after=2025-05-23 00:00:00+00:00
[2025-05-22T16:07:22.424+0000] {processor.py:183} INFO - Processing /opt/airflow/dags/raw_to_staging_dag.py took 0.232 seconds
[2025-05-22T16:07:52.795+0000] {processor.py:161} INFO - Started process (PID=30610) to work on /opt/airflow/dags/raw_to_staging_dag.py
[2025-05-22T16:07:52.796+0000] {processor.py:830} INFO - Processing file /opt/airflow/dags/raw_to_staging_dag.py for tasks to queue
[2025-05-22T16:07:52.796+0000] {logging_mixin.py:188} INFO - [2025-05-22T16:07:52.796+0000] {dagbag.py:538} INFO - Filling up the DagBag from /opt/airflow/dags/raw_to_staging_dag.py
[2025-05-22T16:07:52.806+0000] {logging_mixin.py:188} WARNING - /home/airflow/.local/lib/python3.9/site-packages/airflow/providers/common/sql/operators/sql.py:139 RemovedInAirflow3Warning: The 'task_concurrency' parameter is deprecated. Please use 'max_active_tis_per_dag'.
[2025-05-22T16:07:52.814+0000] {processor.py:840} INFO - DAG(s) 'raw_to_staging_dag' retrieved from /opt/airflow/dags/raw_to_staging_dag.py
[2025-05-22T16:07:52.828+0000] {logging_mixin.py:188} INFO - [2025-05-22T16:07:52.828+0000] {dag.py:3036} INFO - Sync 1 DAGs
[2025-05-22T16:07:52.842+0000] {logging_mixin.py:188} INFO - [2025-05-22T16:07:52.841+0000] {dag.py:3823} INFO - Setting next_dagrun for raw_to_staging_dag to 2025-05-22 00:00:00+00:00, run_after=2025-05-23 00:00:00+00:00
[2025-05-22T16:07:52.849+0000] {processor.py:183} INFO - Processing /opt/airflow/dags/raw_to_staging_dag.py took 0.055 seconds
[2025-05-22T16:08:23.413+0000] {processor.py:161} INFO - Started process (PID=30625) to work on /opt/airflow/dags/raw_to_staging_dag.py
[2025-05-22T16:08:23.414+0000] {processor.py:830} INFO - Processing file /opt/airflow/dags/raw_to_staging_dag.py for tasks to queue
[2025-05-22T16:08:23.414+0000] {logging_mixin.py:188} INFO - [2025-05-22T16:08:23.414+0000] {dagbag.py:538} INFO - Filling up the DagBag from /opt/airflow/dags/raw_to_staging_dag.py
[2025-05-22T16:08:23.425+0000] {logging_mixin.py:188} WARNING - /home/airflow/.local/lib/python3.9/site-packages/airflow/providers/common/sql/operators/sql.py:139 RemovedInAirflow3Warning: The 'task_concurrency' parameter is deprecated. Please use 'max_active_tis_per_dag'.
[2025-05-22T16:08:23.432+0000] {processor.py:840} INFO - DAG(s) 'raw_to_staging_dag' retrieved from /opt/airflow/dags/raw_to_staging_dag.py
[2025-05-22T16:08:23.444+0000] {logging_mixin.py:188} INFO - [2025-05-22T16:08:23.444+0000] {dag.py:3036} INFO - Sync 1 DAGs
[2025-05-22T16:08:23.454+0000] {logging_mixin.py:188} INFO - [2025-05-22T16:08:23.454+0000] {dag.py:3823} INFO - Setting next_dagrun for raw_to_staging_dag to 2025-05-22 00:00:00+00:00, run_after=2025-05-23 00:00:00+00:00
[2025-05-22T16:08:23.461+0000] {processor.py:183} INFO - Processing /opt/airflow/dags/raw_to_staging_dag.py took 0.050 seconds
[2025-05-22T16:08:54.012+0000] {processor.py:161} INFO - Started process (PID=30640) to work on /opt/airflow/dags/raw_to_staging_dag.py
[2025-05-22T16:08:54.013+0000] {processor.py:830} INFO - Processing file /opt/airflow/dags/raw_to_staging_dag.py for tasks to queue
[2025-05-22T16:08:54.013+0000] {logging_mixin.py:188} INFO - [2025-05-22T16:08:54.013+0000] {dagbag.py:538} INFO - Filling up the DagBag from /opt/airflow/dags/raw_to_staging_dag.py
[2025-05-22T16:08:54.022+0000] {logging_mixin.py:188} WARNING - /home/airflow/.local/lib/python3.9/site-packages/airflow/providers/common/sql/operators/sql.py:139 RemovedInAirflow3Warning: The 'task_concurrency' parameter is deprecated. Please use 'max_active_tis_per_dag'.
[2025-05-22T16:08:54.031+0000] {processor.py:840} INFO - DAG(s) 'raw_to_staging_dag' retrieved from /opt/airflow/dags/raw_to_staging_dag.py
[2025-05-22T16:08:54.044+0000] {logging_mixin.py:188} INFO - [2025-05-22T16:08:54.044+0000] {dag.py:3036} INFO - Sync 1 DAGs
[2025-05-22T16:08:54.055+0000] {logging_mixin.py:188} INFO - [2025-05-22T16:08:54.055+0000] {dag.py:3823} INFO - Setting next_dagrun for raw_to_staging_dag to 2025-05-22 00:00:00+00:00, run_after=2025-05-23 00:00:00+00:00
[2025-05-22T16:08:54.062+0000] {processor.py:183} INFO - Processing /opt/airflow/dags/raw_to_staging_dag.py took 0.051 seconds
[2025-05-22T16:09:24.602+0000] {processor.py:161} INFO - Started process (PID=30655) to work on /opt/airflow/dags/raw_to_staging_dag.py
[2025-05-22T16:09:24.603+0000] {processor.py:830} INFO - Processing file /opt/airflow/dags/raw_to_staging_dag.py for tasks to queue
[2025-05-22T16:09:24.603+0000] {logging_mixin.py:188} INFO - [2025-05-22T16:09:24.603+0000] {dagbag.py:538} INFO - Filling up the DagBag from /opt/airflow/dags/raw_to_staging_dag.py
[2025-05-22T16:09:24.610+0000] {logging_mixin.py:188} WARNING - /home/airflow/.local/lib/python3.9/site-packages/airflow/providers/common/sql/operators/sql.py:139 RemovedInAirflow3Warning: The 'task_concurrency' parameter is deprecated. Please use 'max_active_tis_per_dag'.
[2025-05-22T16:09:24.617+0000] {processor.py:840} INFO - DAG(s) 'raw_to_staging_dag' retrieved from /opt/airflow/dags/raw_to_staging_dag.py
[2025-05-22T16:09:24.629+0000] {logging_mixin.py:188} INFO - [2025-05-22T16:09:24.629+0000] {dag.py:3036} INFO - Sync 1 DAGs
[2025-05-22T16:09:24.640+0000] {logging_mixin.py:188} INFO - [2025-05-22T16:09:24.640+0000] {dag.py:3823} INFO - Setting next_dagrun for raw_to_staging_dag to 2025-05-22 00:00:00+00:00, run_after=2025-05-23 00:00:00+00:00
[2025-05-22T16:09:24.648+0000] {processor.py:183} INFO - Processing /opt/airflow/dags/raw_to_staging_dag.py took 0.051 seconds
[2025-05-22T16:09:55.190+0000] {processor.py:161} INFO - Started process (PID=30670) to work on /opt/airflow/dags/raw_to_staging_dag.py
[2025-05-22T16:09:55.190+0000] {processor.py:830} INFO - Processing file /opt/airflow/dags/raw_to_staging_dag.py for tasks to queue
[2025-05-22T16:09:55.191+0000] {logging_mixin.py:188} INFO - [2025-05-22T16:09:55.190+0000] {dagbag.py:538} INFO - Filling up the DagBag from /opt/airflow/dags/raw_to_staging_dag.py
[2025-05-22T16:09:55.198+0000] {logging_mixin.py:188} WARNING - /home/airflow/.local/lib/python3.9/site-packages/airflow/providers/common/sql/operators/sql.py:139 RemovedInAirflow3Warning: The 'task_concurrency' parameter is deprecated. Please use 'max_active_tis_per_dag'.
[2025-05-22T16:09:55.207+0000] {processor.py:840} INFO - DAG(s) 'raw_to_staging_dag' retrieved from /opt/airflow/dags/raw_to_staging_dag.py
[2025-05-22T16:09:55.220+0000] {logging_mixin.py:188} INFO - [2025-05-22T16:09:55.220+0000] {dag.py:3036} INFO - Sync 1 DAGs
[2025-05-22T16:09:55.232+0000] {logging_mixin.py:188} INFO - [2025-05-22T16:09:55.231+0000] {dag.py:3823} INFO - Setting next_dagrun for raw_to_staging_dag to 2025-05-22 00:00:00+00:00, run_after=2025-05-23 00:00:00+00:00
[2025-05-22T16:09:55.400+0000] {processor.py:183} INFO - Processing /opt/airflow/dags/raw_to_staging_dag.py took 0.213 seconds
[2025-05-22T16:10:25.761+0000] {processor.py:161} INFO - Started process (PID=30683) to work on /opt/airflow/dags/raw_to_staging_dag.py
[2025-05-22T16:10:25.762+0000] {processor.py:830} INFO - Processing file /opt/airflow/dags/raw_to_staging_dag.py for tasks to queue
[2025-05-22T16:10:25.762+0000] {logging_mixin.py:188} INFO - [2025-05-22T16:10:25.762+0000] {dagbag.py:538} INFO - Filling up the DagBag from /opt/airflow/dags/raw_to_staging_dag.py
[2025-05-22T16:10:25.773+0000] {logging_mixin.py:188} WARNING - /home/airflow/.local/lib/python3.9/site-packages/airflow/providers/common/sql/operators/sql.py:139 RemovedInAirflow3Warning: The 'task_concurrency' parameter is deprecated. Please use 'max_active_tis_per_dag'.
[2025-05-22T16:10:25.785+0000] {processor.py:840} INFO - DAG(s) 'raw_to_staging_dag' retrieved from /opt/airflow/dags/raw_to_staging_dag.py
[2025-05-22T16:10:25.814+0000] {logging_mixin.py:188} INFO - [2025-05-22T16:10:25.814+0000] {dag.py:3036} INFO - Sync 1 DAGs
[2025-05-22T16:10:25.835+0000] {logging_mixin.py:188} INFO - [2025-05-22T16:10:25.834+0000] {dag.py:3823} INFO - Setting next_dagrun for raw_to_staging_dag to 2025-05-22 00:00:00+00:00, run_after=2025-05-23 00:00:00+00:00
[2025-05-22T16:10:25.846+0000] {processor.py:183} INFO - Processing /opt/airflow/dags/raw_to_staging_dag.py took 0.088 seconds
[2025-05-22T16:10:56.419+0000] {processor.py:161} INFO - Started process (PID=30700) to work on /opt/airflow/dags/raw_to_staging_dag.py
[2025-05-22T16:10:56.419+0000] {processor.py:830} INFO - Processing file /opt/airflow/dags/raw_to_staging_dag.py for tasks to queue
[2025-05-22T16:10:56.419+0000] {logging_mixin.py:188} INFO - [2025-05-22T16:10:56.419+0000] {dagbag.py:538} INFO - Filling up the DagBag from /opt/airflow/dags/raw_to_staging_dag.py
[2025-05-22T16:10:56.427+0000] {logging_mixin.py:188} WARNING - /home/airflow/.local/lib/python3.9/site-packages/airflow/providers/common/sql/operators/sql.py:139 RemovedInAirflow3Warning: The 'task_concurrency' parameter is deprecated. Please use 'max_active_tis_per_dag'.
[2025-05-22T16:10:56.435+0000] {processor.py:840} INFO - DAG(s) 'raw_to_staging_dag' retrieved from /opt/airflow/dags/raw_to_staging_dag.py
[2025-05-22T16:10:56.447+0000] {logging_mixin.py:188} INFO - [2025-05-22T16:10:56.447+0000] {dag.py:3036} INFO - Sync 1 DAGs
[2025-05-22T16:10:56.458+0000] {logging_mixin.py:188} INFO - [2025-05-22T16:10:56.458+0000] {dag.py:3823} INFO - Setting next_dagrun for raw_to_staging_dag to 2025-05-22 00:00:00+00:00, run_after=2025-05-23 00:00:00+00:00
[2025-05-22T16:10:56.465+0000] {processor.py:183} INFO - Processing /opt/airflow/dags/raw_to_staging_dag.py took 0.049 seconds
[2025-05-22T16:11:26.993+0000] {processor.py:161} INFO - Started process (PID=30715) to work on /opt/airflow/dags/raw_to_staging_dag.py
[2025-05-22T16:11:26.994+0000] {processor.py:830} INFO - Processing file /opt/airflow/dags/raw_to_staging_dag.py for tasks to queue
[2025-05-22T16:11:26.994+0000] {logging_mixin.py:188} INFO - [2025-05-22T16:11:26.994+0000] {dagbag.py:538} INFO - Filling up the DagBag from /opt/airflow/dags/raw_to_staging_dag.py
[2025-05-22T16:11:27.002+0000] {logging_mixin.py:188} WARNING - /home/airflow/.local/lib/python3.9/site-packages/airflow/providers/common/sql/operators/sql.py:139 RemovedInAirflow3Warning: The 'task_concurrency' parameter is deprecated. Please use 'max_active_tis_per_dag'.
[2025-05-22T16:11:27.011+0000] {processor.py:840} INFO - DAG(s) 'raw_to_staging_dag' retrieved from /opt/airflow/dags/raw_to_staging_dag.py
[2025-05-22T16:11:27.024+0000] {logging_mixin.py:188} INFO - [2025-05-22T16:11:27.024+0000] {dag.py:3036} INFO - Sync 1 DAGs
[2025-05-22T16:11:27.035+0000] {logging_mixin.py:188} INFO - [2025-05-22T16:11:27.034+0000] {dag.py:3823} INFO - Setting next_dagrun for raw_to_staging_dag to 2025-05-22 00:00:00+00:00, run_after=2025-05-23 00:00:00+00:00
[2025-05-22T16:11:27.042+0000] {processor.py:183} INFO - Processing /opt/airflow/dags/raw_to_staging_dag.py took 0.050 seconds
[2025-05-22T16:11:57.570+0000] {processor.py:161} INFO - Started process (PID=30730) to work on /opt/airflow/dags/raw_to_staging_dag.py
[2025-05-22T16:11:57.570+0000] {processor.py:830} INFO - Processing file /opt/airflow/dags/raw_to_staging_dag.py for tasks to queue
[2025-05-22T16:11:57.571+0000] {logging_mixin.py:188} INFO - [2025-05-22T16:11:57.571+0000] {dagbag.py:538} INFO - Filling up the DagBag from /opt/airflow/dags/raw_to_staging_dag.py
[2025-05-22T16:11:57.578+0000] {logging_mixin.py:188} WARNING - /home/airflow/.local/lib/python3.9/site-packages/airflow/providers/common/sql/operators/sql.py:139 RemovedInAirflow3Warning: The 'task_concurrency' parameter is deprecated. Please use 'max_active_tis_per_dag'.
[2025-05-22T16:11:57.586+0000] {processor.py:840} INFO - DAG(s) 'raw_to_staging_dag' retrieved from /opt/airflow/dags/raw_to_staging_dag.py
[2025-05-22T16:11:57.599+0000] {logging_mixin.py:188} INFO - [2025-05-22T16:11:57.599+0000] {dag.py:3036} INFO - Sync 1 DAGs
[2025-05-22T16:11:57.610+0000] {logging_mixin.py:188} INFO - [2025-05-22T16:11:57.610+0000] {dag.py:3823} INFO - Setting next_dagrun for raw_to_staging_dag to 2025-05-22 00:00:00+00:00, run_after=2025-05-23 00:00:00+00:00
[2025-05-22T16:11:57.620+0000] {processor.py:183} INFO - Processing /opt/airflow/dags/raw_to_staging_dag.py took 0.053 seconds
[2025-05-22T16:12:28.140+0000] {processor.py:161} INFO - Started process (PID=30745) to work on /opt/airflow/dags/raw_to_staging_dag.py
[2025-05-22T16:12:28.140+0000] {processor.py:830} INFO - Processing file /opt/airflow/dags/raw_to_staging_dag.py for tasks to queue
[2025-05-22T16:12:28.141+0000] {logging_mixin.py:188} INFO - [2025-05-22T16:12:28.141+0000] {dagbag.py:538} INFO - Filling up the DagBag from /opt/airflow/dags/raw_to_staging_dag.py
[2025-05-22T16:12:28.149+0000] {logging_mixin.py:188} WARNING - /home/airflow/.local/lib/python3.9/site-packages/airflow/providers/common/sql/operators/sql.py:139 RemovedInAirflow3Warning: The 'task_concurrency' parameter is deprecated. Please use 'max_active_tis_per_dag'.
[2025-05-22T16:12:28.162+0000] {processor.py:840} INFO - DAG(s) 'raw_to_staging_dag' retrieved from /opt/airflow/dags/raw_to_staging_dag.py
[2025-05-22T16:12:28.175+0000] {logging_mixin.py:188} INFO - [2025-05-22T16:12:28.175+0000] {dag.py:3036} INFO - Sync 1 DAGs
[2025-05-22T16:12:28.186+0000] {logging_mixin.py:188} INFO - [2025-05-22T16:12:28.186+0000] {dag.py:3823} INFO - Setting next_dagrun for raw_to_staging_dag to 2025-05-22 00:00:00+00:00, run_after=2025-05-23 00:00:00+00:00
[2025-05-22T16:12:28.358+0000] {processor.py:183} INFO - Processing /opt/airflow/dags/raw_to_staging_dag.py took 0.219 seconds
[2025-05-22T16:12:58.877+0000] {processor.py:161} INFO - Started process (PID=30760) to work on /opt/airflow/dags/raw_to_staging_dag.py
[2025-05-22T16:12:58.877+0000] {processor.py:830} INFO - Processing file /opt/airflow/dags/raw_to_staging_dag.py for tasks to queue
[2025-05-22T16:12:58.878+0000] {logging_mixin.py:188} INFO - [2025-05-22T16:12:58.878+0000] {dagbag.py:538} INFO - Filling up the DagBag from /opt/airflow/dags/raw_to_staging_dag.py
[2025-05-22T16:12:58.885+0000] {logging_mixin.py:188} WARNING - /home/airflow/.local/lib/python3.9/site-packages/airflow/providers/common/sql/operators/sql.py:139 RemovedInAirflow3Warning: The 'task_concurrency' parameter is deprecated. Please use 'max_active_tis_per_dag'.
[2025-05-22T16:12:58.892+0000] {processor.py:840} INFO - DAG(s) 'raw_to_staging_dag' retrieved from /opt/airflow/dags/raw_to_staging_dag.py
[2025-05-22T16:12:58.911+0000] {logging_mixin.py:188} INFO - [2025-05-22T16:12:58.911+0000] {dag.py:3036} INFO - Sync 1 DAGs
[2025-05-22T16:12:58.922+0000] {logging_mixin.py:188} INFO - [2025-05-22T16:12:58.922+0000] {dag.py:3823} INFO - Setting next_dagrun for raw_to_staging_dag to 2025-05-22 00:00:00+00:00, run_after=2025-05-23 00:00:00+00:00
[2025-05-22T16:12:58.929+0000] {processor.py:183} INFO - Processing /opt/airflow/dags/raw_to_staging_dag.py took 0.055 seconds
[2025-05-22T16:13:29.476+0000] {processor.py:161} INFO - Started process (PID=30775) to work on /opt/airflow/dags/raw_to_staging_dag.py
[2025-05-22T16:13:29.477+0000] {processor.py:830} INFO - Processing file /opt/airflow/dags/raw_to_staging_dag.py for tasks to queue
[2025-05-22T16:13:29.477+0000] {logging_mixin.py:188} INFO - [2025-05-22T16:13:29.477+0000] {dagbag.py:538} INFO - Filling up the DagBag from /opt/airflow/dags/raw_to_staging_dag.py
[2025-05-22T16:13:29.486+0000] {logging_mixin.py:188} WARNING - /home/airflow/.local/lib/python3.9/site-packages/airflow/providers/common/sql/operators/sql.py:139 RemovedInAirflow3Warning: The 'task_concurrency' parameter is deprecated. Please use 'max_active_tis_per_dag'.
[2025-05-22T16:13:29.494+0000] {processor.py:840} INFO - DAG(s) 'raw_to_staging_dag' retrieved from /opt/airflow/dags/raw_to_staging_dag.py
[2025-05-22T16:13:29.506+0000] {logging_mixin.py:188} INFO - [2025-05-22T16:13:29.506+0000] {dag.py:3036} INFO - Sync 1 DAGs
[2025-05-22T16:13:29.517+0000] {logging_mixin.py:188} INFO - [2025-05-22T16:13:29.517+0000] {dag.py:3823} INFO - Setting next_dagrun for raw_to_staging_dag to 2025-05-22 00:00:00+00:00, run_after=2025-05-23 00:00:00+00:00
[2025-05-22T16:13:29.524+0000] {processor.py:183} INFO - Processing /opt/airflow/dags/raw_to_staging_dag.py took 0.049 seconds
[2025-05-22T16:14:00.086+0000] {processor.py:161} INFO - Started process (PID=30790) to work on /opt/airflow/dags/raw_to_staging_dag.py
[2025-05-22T16:14:00.086+0000] {processor.py:830} INFO - Processing file /opt/airflow/dags/raw_to_staging_dag.py for tasks to queue
[2025-05-22T16:14:00.087+0000] {logging_mixin.py:188} INFO - [2025-05-22T16:14:00.086+0000] {dagbag.py:538} INFO - Filling up the DagBag from /opt/airflow/dags/raw_to_staging_dag.py
[2025-05-22T16:14:00.095+0000] {logging_mixin.py:188} WARNING - /home/airflow/.local/lib/python3.9/site-packages/airflow/providers/common/sql/operators/sql.py:139 RemovedInAirflow3Warning: The 'task_concurrency' parameter is deprecated. Please use 'max_active_tis_per_dag'.
[2025-05-22T16:14:00.103+0000] {processor.py:840} INFO - DAG(s) 'raw_to_staging_dag' retrieved from /opt/airflow/dags/raw_to_staging_dag.py
[2025-05-22T16:14:00.114+0000] {logging_mixin.py:188} INFO - [2025-05-22T16:14:00.114+0000] {dag.py:3036} INFO - Sync 1 DAGs
[2025-05-22T16:14:00.130+0000] {logging_mixin.py:188} INFO - [2025-05-22T16:14:00.130+0000] {dag.py:3823} INFO - Setting next_dagrun for raw_to_staging_dag to 2025-05-22 00:00:00+00:00, run_after=2025-05-23 00:00:00+00:00
[2025-05-22T16:14:00.138+0000] {processor.py:183} INFO - Processing /opt/airflow/dags/raw_to_staging_dag.py took 0.054 seconds
[2025-05-22T16:14:30.760+0000] {processor.py:161} INFO - Started process (PID=30805) to work on /opt/airflow/dags/raw_to_staging_dag.py
[2025-05-22T16:14:30.761+0000] {processor.py:830} INFO - Processing file /opt/airflow/dags/raw_to_staging_dag.py for tasks to queue
[2025-05-22T16:14:30.761+0000] {logging_mixin.py:188} INFO - [2025-05-22T16:14:30.761+0000] {dagbag.py:538} INFO - Filling up the DagBag from /opt/airflow/dags/raw_to_staging_dag.py
[2025-05-22T16:14:30.771+0000] {logging_mixin.py:188} WARNING - /home/airflow/.local/lib/python3.9/site-packages/airflow/providers/common/sql/operators/sql.py:139 RemovedInAirflow3Warning: The 'task_concurrency' parameter is deprecated. Please use 'max_active_tis_per_dag'.
[2025-05-22T16:14:30.778+0000] {processor.py:840} INFO - DAG(s) 'raw_to_staging_dag' retrieved from /opt/airflow/dags/raw_to_staging_dag.py
[2025-05-22T16:14:30.792+0000] {logging_mixin.py:188} INFO - [2025-05-22T16:14:30.792+0000] {dag.py:3036} INFO - Sync 1 DAGs
[2025-05-22T16:14:30.802+0000] {logging_mixin.py:188} INFO - [2025-05-22T16:14:30.802+0000] {dag.py:3823} INFO - Setting next_dagrun for raw_to_staging_dag to 2025-05-22 00:00:00+00:00, run_after=2025-05-23 00:00:00+00:00
[2025-05-22T16:14:30.810+0000] {processor.py:183} INFO - Processing /opt/airflow/dags/raw_to_staging_dag.py took 0.051 seconds
[2025-05-22T16:15:01.433+0000] {processor.py:161} INFO - Started process (PID=30820) to work on /opt/airflow/dags/raw_to_staging_dag.py
[2025-05-22T16:15:01.433+0000] {processor.py:830} INFO - Processing file /opt/airflow/dags/raw_to_staging_dag.py for tasks to queue
[2025-05-22T16:15:01.434+0000] {logging_mixin.py:188} INFO - [2025-05-22T16:15:01.434+0000] {dagbag.py:538} INFO - Filling up the DagBag from /opt/airflow/dags/raw_to_staging_dag.py
[2025-05-22T16:15:01.441+0000] {logging_mixin.py:188} WARNING - /home/airflow/.local/lib/python3.9/site-packages/airflow/providers/common/sql/operators/sql.py:139 RemovedInAirflow3Warning: The 'task_concurrency' parameter is deprecated. Please use 'max_active_tis_per_dag'.
[2025-05-22T16:15:01.448+0000] {processor.py:840} INFO - DAG(s) 'raw_to_staging_dag' retrieved from /opt/airflow/dags/raw_to_staging_dag.py
[2025-05-22T16:15:01.460+0000] {logging_mixin.py:188} INFO - [2025-05-22T16:15:01.460+0000] {dag.py:3036} INFO - Sync 1 DAGs
[2025-05-22T16:15:01.474+0000] {logging_mixin.py:188} INFO - [2025-05-22T16:15:01.474+0000] {dag.py:3823} INFO - Setting next_dagrun for raw_to_staging_dag to 2025-05-22 00:00:00+00:00, run_after=2025-05-23 00:00:00+00:00
[2025-05-22T16:15:01.655+0000] {processor.py:183} INFO - Processing /opt/airflow/dags/raw_to_staging_dag.py took 0.224 seconds
[2025-05-22T16:15:32.186+0000] {processor.py:161} INFO - Started process (PID=30835) to work on /opt/airflow/dags/raw_to_staging_dag.py
[2025-05-22T16:15:32.187+0000] {processor.py:830} INFO - Processing file /opt/airflow/dags/raw_to_staging_dag.py for tasks to queue
[2025-05-22T16:15:32.187+0000] {logging_mixin.py:188} INFO - [2025-05-22T16:15:32.187+0000] {dagbag.py:538} INFO - Filling up the DagBag from /opt/airflow/dags/raw_to_staging_dag.py
[2025-05-22T16:15:32.194+0000] {logging_mixin.py:188} WARNING - /home/airflow/.local/lib/python3.9/site-packages/airflow/providers/common/sql/operators/sql.py:139 RemovedInAirflow3Warning: The 'task_concurrency' parameter is deprecated. Please use 'max_active_tis_per_dag'.
[2025-05-22T16:15:32.200+0000] {processor.py:840} INFO - DAG(s) 'raw_to_staging_dag' retrieved from /opt/airflow/dags/raw_to_staging_dag.py
[2025-05-22T16:15:32.214+0000] {logging_mixin.py:188} INFO - [2025-05-22T16:15:32.214+0000] {dag.py:3036} INFO - Sync 1 DAGs
[2025-05-22T16:15:32.299+0000] {logging_mixin.py:188} INFO - [2025-05-22T16:15:32.299+0000] {dag.py:3823} INFO - Setting next_dagrun for raw_to_staging_dag to 2025-05-22 00:00:00+00:00, run_after=2025-05-23 00:00:00+00:00
[2025-05-22T16:15:32.306+0000] {processor.py:183} INFO - Processing /opt/airflow/dags/raw_to_staging_dag.py took 0.127 seconds
[2025-05-22T16:16:02.820+0000] {processor.py:161} INFO - Started process (PID=30850) to work on /opt/airflow/dags/raw_to_staging_dag.py
[2025-05-22T16:16:02.821+0000] {processor.py:830} INFO - Processing file /opt/airflow/dags/raw_to_staging_dag.py for tasks to queue
[2025-05-22T16:16:02.822+0000] {logging_mixin.py:188} INFO - [2025-05-22T16:16:02.821+0000] {dagbag.py:538} INFO - Filling up the DagBag from /opt/airflow/dags/raw_to_staging_dag.py
[2025-05-22T16:16:02.831+0000] {logging_mixin.py:188} WARNING - /home/airflow/.local/lib/python3.9/site-packages/airflow/providers/common/sql/operators/sql.py:139 RemovedInAirflow3Warning: The 'task_concurrency' parameter is deprecated. Please use 'max_active_tis_per_dag'.
[2025-05-22T16:16:02.839+0000] {processor.py:840} INFO - DAG(s) 'raw_to_staging_dag' retrieved from /opt/airflow/dags/raw_to_staging_dag.py
[2025-05-22T16:16:02.852+0000] {logging_mixin.py:188} INFO - [2025-05-22T16:16:02.852+0000] {dag.py:3036} INFO - Sync 1 DAGs
[2025-05-22T16:16:02.863+0000] {logging_mixin.py:188} INFO - [2025-05-22T16:16:02.862+0000] {dag.py:3823} INFO - Setting next_dagrun for raw_to_staging_dag to 2025-05-22 00:00:00+00:00, run_after=2025-05-23 00:00:00+00:00
[2025-05-22T16:16:02.869+0000] {processor.py:183} INFO - Processing /opt/airflow/dags/raw_to_staging_dag.py took 0.051 seconds
[2025-05-22T16:16:33.449+0000] {processor.py:161} INFO - Started process (PID=30865) to work on /opt/airflow/dags/raw_to_staging_dag.py
[2025-05-22T16:16:33.450+0000] {processor.py:830} INFO - Processing file /opt/airflow/dags/raw_to_staging_dag.py for tasks to queue
[2025-05-22T16:16:33.450+0000] {logging_mixin.py:188} INFO - [2025-05-22T16:16:33.450+0000] {dagbag.py:538} INFO - Filling up the DagBag from /opt/airflow/dags/raw_to_staging_dag.py
[2025-05-22T16:16:33.457+0000] {logging_mixin.py:188} WARNING - /home/airflow/.local/lib/python3.9/site-packages/airflow/providers/common/sql/operators/sql.py:139 RemovedInAirflow3Warning: The 'task_concurrency' parameter is deprecated. Please use 'max_active_tis_per_dag'.
[2025-05-22T16:16:33.464+0000] {processor.py:840} INFO - DAG(s) 'raw_to_staging_dag' retrieved from /opt/airflow/dags/raw_to_staging_dag.py
[2025-05-22T16:16:33.477+0000] {logging_mixin.py:188} INFO - [2025-05-22T16:16:33.477+0000] {dag.py:3036} INFO - Sync 1 DAGs
[2025-05-22T16:16:33.489+0000] {logging_mixin.py:188} INFO - [2025-05-22T16:16:33.489+0000] {dag.py:3823} INFO - Setting next_dagrun for raw_to_staging_dag to 2025-05-22 00:00:00+00:00, run_after=2025-05-23 00:00:00+00:00
[2025-05-22T16:16:33.496+0000] {processor.py:183} INFO - Processing /opt/airflow/dags/raw_to_staging_dag.py took 0.049 seconds
[2025-05-22T16:17:04.083+0000] {processor.py:161} INFO - Started process (PID=30880) to work on /opt/airflow/dags/raw_to_staging_dag.py
[2025-05-22T16:17:04.084+0000] {processor.py:830} INFO - Processing file /opt/airflow/dags/raw_to_staging_dag.py for tasks to queue
[2025-05-22T16:17:04.084+0000] {logging_mixin.py:188} INFO - [2025-05-22T16:17:04.084+0000] {dagbag.py:538} INFO - Filling up the DagBag from /opt/airflow/dags/raw_to_staging_dag.py
[2025-05-22T16:17:04.091+0000] {logging_mixin.py:188} WARNING - /home/airflow/.local/lib/python3.9/site-packages/airflow/providers/common/sql/operators/sql.py:139 RemovedInAirflow3Warning: The 'task_concurrency' parameter is deprecated. Please use 'max_active_tis_per_dag'.
[2025-05-22T16:17:04.099+0000] {processor.py:840} INFO - DAG(s) 'raw_to_staging_dag' retrieved from /opt/airflow/dags/raw_to_staging_dag.py
[2025-05-22T16:17:04.113+0000] {logging_mixin.py:188} INFO - [2025-05-22T16:17:04.113+0000] {dag.py:3036} INFO - Sync 1 DAGs
[2025-05-22T16:17:04.123+0000] {logging_mixin.py:188} INFO - [2025-05-22T16:17:04.123+0000] {dag.py:3823} INFO - Setting next_dagrun for raw_to_staging_dag to 2025-05-22 00:00:00+00:00, run_after=2025-05-23 00:00:00+00:00
[2025-05-22T16:17:04.130+0000] {processor.py:183} INFO - Processing /opt/airflow/dags/raw_to_staging_dag.py took 0.052 seconds
[2025-05-22T16:17:34.699+0000] {processor.py:161} INFO - Started process (PID=30895) to work on /opt/airflow/dags/raw_to_staging_dag.py
[2025-05-22T16:17:34.700+0000] {processor.py:830} INFO - Processing file /opt/airflow/dags/raw_to_staging_dag.py for tasks to queue
[2025-05-22T16:17:34.700+0000] {logging_mixin.py:188} INFO - [2025-05-22T16:17:34.700+0000] {dagbag.py:538} INFO - Filling up the DagBag from /opt/airflow/dags/raw_to_staging_dag.py
[2025-05-22T16:17:34.708+0000] {logging_mixin.py:188} WARNING - /home/airflow/.local/lib/python3.9/site-packages/airflow/providers/common/sql/operators/sql.py:139 RemovedInAirflow3Warning: The 'task_concurrency' parameter is deprecated. Please use 'max_active_tis_per_dag'.
[2025-05-22T16:17:34.716+0000] {processor.py:840} INFO - DAG(s) 'raw_to_staging_dag' retrieved from /opt/airflow/dags/raw_to_staging_dag.py
[2025-05-22T16:17:34.729+0000] {logging_mixin.py:188} INFO - [2025-05-22T16:17:34.729+0000] {dag.py:3036} INFO - Sync 1 DAGs
[2025-05-22T16:17:34.741+0000] {logging_mixin.py:188} INFO - [2025-05-22T16:17:34.741+0000] {dag.py:3823} INFO - Setting next_dagrun for raw_to_staging_dag to 2025-05-22 00:00:00+00:00, run_after=2025-05-23 00:00:00+00:00
[2025-05-22T16:17:34.919+0000] {processor.py:183} INFO - Processing /opt/airflow/dags/raw_to_staging_dag.py took 0.222 seconds
[2025-05-22T16:18:05.551+0000] {processor.py:161} INFO - Started process (PID=30910) to work on /opt/airflow/dags/raw_to_staging_dag.py
[2025-05-22T16:18:05.552+0000] {processor.py:830} INFO - Processing file /opt/airflow/dags/raw_to_staging_dag.py for tasks to queue
[2025-05-22T16:18:05.553+0000] {logging_mixin.py:188} INFO - [2025-05-22T16:18:05.553+0000] {dagbag.py:538} INFO - Filling up the DagBag from /opt/airflow/dags/raw_to_staging_dag.py
[2025-05-22T16:18:05.561+0000] {logging_mixin.py:188} WARNING - /home/airflow/.local/lib/python3.9/site-packages/airflow/providers/common/sql/operators/sql.py:139 RemovedInAirflow3Warning: The 'task_concurrency' parameter is deprecated. Please use 'max_active_tis_per_dag'.
[2025-05-22T16:18:05.570+0000] {processor.py:840} INFO - DAG(s) 'raw_to_staging_dag' retrieved from /opt/airflow/dags/raw_to_staging_dag.py
[2025-05-22T16:18:05.587+0000] {logging_mixin.py:188} INFO - [2025-05-22T16:18:05.587+0000] {dag.py:3036} INFO - Sync 1 DAGs
[2025-05-22T16:18:05.709+0000] {logging_mixin.py:188} INFO - [2025-05-22T16:18:05.709+0000] {dag.py:3823} INFO - Setting next_dagrun for raw_to_staging_dag to 2025-05-22 00:00:00+00:00, run_after=2025-05-23 00:00:00+00:00
[2025-05-22T16:18:05.722+0000] {processor.py:183} INFO - Processing /opt/airflow/dags/raw_to_staging_dag.py took 0.173 seconds
[2025-05-22T16:18:36.136+0000] {processor.py:161} INFO - Started process (PID=30925) to work on /opt/airflow/dags/raw_to_staging_dag.py
[2025-05-22T16:18:36.137+0000] {processor.py:830} INFO - Processing file /opt/airflow/dags/raw_to_staging_dag.py for tasks to queue
[2025-05-22T16:18:36.137+0000] {logging_mixin.py:188} INFO - [2025-05-22T16:18:36.137+0000] {dagbag.py:538} INFO - Filling up the DagBag from /opt/airflow/dags/raw_to_staging_dag.py
[2025-05-22T16:18:36.146+0000] {logging_mixin.py:188} WARNING - /home/airflow/.local/lib/python3.9/site-packages/airflow/providers/common/sql/operators/sql.py:139 RemovedInAirflow3Warning: The 'task_concurrency' parameter is deprecated. Please use 'max_active_tis_per_dag'.
[2025-05-22T16:18:36.154+0000] {processor.py:840} INFO - DAG(s) 'raw_to_staging_dag' retrieved from /opt/airflow/dags/raw_to_staging_dag.py
[2025-05-22T16:18:36.170+0000] {logging_mixin.py:188} INFO - [2025-05-22T16:18:36.170+0000] {dag.py:3036} INFO - Sync 1 DAGs
[2025-05-22T16:18:36.183+0000] {logging_mixin.py:188} INFO - [2025-05-22T16:18:36.183+0000] {dag.py:3823} INFO - Setting next_dagrun for raw_to_staging_dag to 2025-05-22 00:00:00+00:00, run_after=2025-05-23 00:00:00+00:00
[2025-05-22T16:18:36.194+0000] {processor.py:183} INFO - Processing /opt/airflow/dags/raw_to_staging_dag.py took 0.060 seconds
[2025-05-22T16:19:06.818+0000] {processor.py:161} INFO - Started process (PID=30940) to work on /opt/airflow/dags/raw_to_staging_dag.py
[2025-05-22T16:19:06.818+0000] {processor.py:830} INFO - Processing file /opt/airflow/dags/raw_to_staging_dag.py for tasks to queue
[2025-05-22T16:19:06.819+0000] {logging_mixin.py:188} INFO - [2025-05-22T16:19:06.818+0000] {dagbag.py:538} INFO - Filling up the DagBag from /opt/airflow/dags/raw_to_staging_dag.py
[2025-05-22T16:19:06.828+0000] {logging_mixin.py:188} WARNING - /home/airflow/.local/lib/python3.9/site-packages/airflow/providers/common/sql/operators/sql.py:139 RemovedInAirflow3Warning: The 'task_concurrency' parameter is deprecated. Please use 'max_active_tis_per_dag'.
[2025-05-22T16:19:06.835+0000] {processor.py:840} INFO - DAG(s) 'raw_to_staging_dag' retrieved from /opt/airflow/dags/raw_to_staging_dag.py
[2025-05-22T16:19:06.847+0000] {logging_mixin.py:188} INFO - [2025-05-22T16:19:06.847+0000] {dag.py:3036} INFO - Sync 1 DAGs
[2025-05-22T16:19:06.859+0000] {logging_mixin.py:188} INFO - [2025-05-22T16:19:06.858+0000] {dag.py:3823} INFO - Setting next_dagrun for raw_to_staging_dag to 2025-05-22 00:00:00+00:00, run_after=2025-05-23 00:00:00+00:00
[2025-05-22T16:19:06.866+0000] {processor.py:183} INFO - Processing /opt/airflow/dags/raw_to_staging_dag.py took 0.050 seconds
[2025-05-22T16:19:37.405+0000] {processor.py:161} INFO - Started process (PID=30955) to work on /opt/airflow/dags/raw_to_staging_dag.py
[2025-05-22T16:19:37.406+0000] {processor.py:830} INFO - Processing file /opt/airflow/dags/raw_to_staging_dag.py for tasks to queue
[2025-05-22T16:19:37.406+0000] {logging_mixin.py:188} INFO - [2025-05-22T16:19:37.406+0000] {dagbag.py:538} INFO - Filling up the DagBag from /opt/airflow/dags/raw_to_staging_dag.py
[2025-05-22T16:19:37.413+0000] {logging_mixin.py:188} WARNING - /home/airflow/.local/lib/python3.9/site-packages/airflow/providers/common/sql/operators/sql.py:139 RemovedInAirflow3Warning: The 'task_concurrency' parameter is deprecated. Please use 'max_active_tis_per_dag'.
[2025-05-22T16:19:37.422+0000] {processor.py:840} INFO - DAG(s) 'raw_to_staging_dag' retrieved from /opt/airflow/dags/raw_to_staging_dag.py
[2025-05-22T16:19:37.435+0000] {logging_mixin.py:188} INFO - [2025-05-22T16:19:37.435+0000] {dag.py:3036} INFO - Sync 1 DAGs
[2025-05-22T16:19:37.446+0000] {logging_mixin.py:188} INFO - [2025-05-22T16:19:37.446+0000] {dag.py:3823} INFO - Setting next_dagrun for raw_to_staging_dag to 2025-05-22 00:00:00+00:00, run_after=2025-05-23 00:00:00+00:00
[2025-05-22T16:19:37.453+0000] {processor.py:183} INFO - Processing /opt/airflow/dags/raw_to_staging_dag.py took 0.049 seconds
[2025-05-22T16:20:08.043+0000] {processor.py:161} INFO - Started process (PID=30970) to work on /opt/airflow/dags/raw_to_staging_dag.py
[2025-05-22T16:20:08.043+0000] {processor.py:830} INFO - Processing file /opt/airflow/dags/raw_to_staging_dag.py for tasks to queue
[2025-05-22T16:20:08.044+0000] {logging_mixin.py:188} INFO - [2025-05-22T16:20:08.043+0000] {dagbag.py:538} INFO - Filling up the DagBag from /opt/airflow/dags/raw_to_staging_dag.py
[2025-05-22T16:20:08.051+0000] {logging_mixin.py:188} WARNING - /home/airflow/.local/lib/python3.9/site-packages/airflow/providers/common/sql/operators/sql.py:139 RemovedInAirflow3Warning: The 'task_concurrency' parameter is deprecated. Please use 'max_active_tis_per_dag'.
[2025-05-22T16:20:08.058+0000] {processor.py:840} INFO - DAG(s) 'raw_to_staging_dag' retrieved from /opt/airflow/dags/raw_to_staging_dag.py
[2025-05-22T16:20:08.070+0000] {logging_mixin.py:188} INFO - [2025-05-22T16:20:08.070+0000] {dag.py:3036} INFO - Sync 1 DAGs
[2025-05-22T16:20:08.082+0000] {logging_mixin.py:188} INFO - [2025-05-22T16:20:08.082+0000] {dag.py:3823} INFO - Setting next_dagrun for raw_to_staging_dag to 2025-05-22 00:00:00+00:00, run_after=2025-05-23 00:00:00+00:00
[2025-05-22T16:20:08.258+0000] {processor.py:183} INFO - Processing /opt/airflow/dags/raw_to_staging_dag.py took 0.217 seconds
[2025-05-22T16:20:38.658+0000] {processor.py:161} INFO - Started process (PID=30985) to work on /opt/airflow/dags/raw_to_staging_dag.py
[2025-05-22T16:20:38.659+0000] {processor.py:830} INFO - Processing file /opt/airflow/dags/raw_to_staging_dag.py for tasks to queue
[2025-05-22T16:20:38.659+0000] {logging_mixin.py:188} INFO - [2025-05-22T16:20:38.659+0000] {dagbag.py:538} INFO - Filling up the DagBag from /opt/airflow/dags/raw_to_staging_dag.py
[2025-05-22T16:20:38.667+0000] {logging_mixin.py:188} WARNING - /home/airflow/.local/lib/python3.9/site-packages/airflow/providers/common/sql/operators/sql.py:139 RemovedInAirflow3Warning: The 'task_concurrency' parameter is deprecated. Please use 'max_active_tis_per_dag'.
[2025-05-22T16:20:38.674+0000] {processor.py:840} INFO - DAG(s) 'raw_to_staging_dag' retrieved from /opt/airflow/dags/raw_to_staging_dag.py
[2025-05-22T16:20:38.688+0000] {logging_mixin.py:188} INFO - [2025-05-22T16:20:38.688+0000] {dag.py:3036} INFO - Sync 1 DAGs
[2025-05-22T16:20:38.849+0000] {logging_mixin.py:188} INFO - [2025-05-22T16:20:38.849+0000] {dag.py:3823} INFO - Setting next_dagrun for raw_to_staging_dag to 2025-05-22 00:00:00+00:00, run_after=2025-05-23 00:00:00+00:00
[2025-05-22T16:20:38.858+0000] {processor.py:183} INFO - Processing /opt/airflow/dags/raw_to_staging_dag.py took 0.202 seconds
[2025-05-22T16:21:09.302+0000] {processor.py:161} INFO - Started process (PID=31000) to work on /opt/airflow/dags/raw_to_staging_dag.py
[2025-05-22T16:21:09.303+0000] {processor.py:830} INFO - Processing file /opt/airflow/dags/raw_to_staging_dag.py for tasks to queue
[2025-05-22T16:21:09.303+0000] {logging_mixin.py:188} INFO - [2025-05-22T16:21:09.303+0000] {dagbag.py:538} INFO - Filling up the DagBag from /opt/airflow/dags/raw_to_staging_dag.py
[2025-05-22T16:21:09.310+0000] {logging_mixin.py:188} WARNING - /home/airflow/.local/lib/python3.9/site-packages/airflow/providers/common/sql/operators/sql.py:139 RemovedInAirflow3Warning: The 'task_concurrency' parameter is deprecated. Please use 'max_active_tis_per_dag'.
[2025-05-22T16:21:09.318+0000] {processor.py:840} INFO - DAG(s) 'raw_to_staging_dag' retrieved from /opt/airflow/dags/raw_to_staging_dag.py
[2025-05-22T16:21:09.329+0000] {logging_mixin.py:188} INFO - [2025-05-22T16:21:09.329+0000] {dag.py:3036} INFO - Sync 1 DAGs
[2025-05-22T16:21:09.340+0000] {logging_mixin.py:188} INFO - [2025-05-22T16:21:09.340+0000] {dag.py:3823} INFO - Setting next_dagrun for raw_to_staging_dag to 2025-05-22 00:00:00+00:00, run_after=2025-05-23 00:00:00+00:00
[2025-05-22T16:21:09.348+0000] {processor.py:183} INFO - Processing /opt/airflow/dags/raw_to_staging_dag.py took 0.047 seconds
[2025-05-22T16:21:39.856+0000] {processor.py:161} INFO - Started process (PID=31015) to work on /opt/airflow/dags/raw_to_staging_dag.py
[2025-05-22T16:21:39.857+0000] {processor.py:830} INFO - Processing file /opt/airflow/dags/raw_to_staging_dag.py for tasks to queue
[2025-05-22T16:21:39.857+0000] {logging_mixin.py:188} INFO - [2025-05-22T16:21:39.857+0000] {dagbag.py:538} INFO - Filling up the DagBag from /opt/airflow/dags/raw_to_staging_dag.py
[2025-05-22T16:21:39.865+0000] {logging_mixin.py:188} WARNING - /home/airflow/.local/lib/python3.9/site-packages/airflow/providers/common/sql/operators/sql.py:139 RemovedInAirflow3Warning: The 'task_concurrency' parameter is deprecated. Please use 'max_active_tis_per_dag'.
[2025-05-22T16:21:39.873+0000] {processor.py:840} INFO - DAG(s) 'raw_to_staging_dag' retrieved from /opt/airflow/dags/raw_to_staging_dag.py
[2025-05-22T16:21:39.887+0000] {logging_mixin.py:188} INFO - [2025-05-22T16:21:39.887+0000] {dag.py:3036} INFO - Sync 1 DAGs
[2025-05-22T16:21:39.899+0000] {logging_mixin.py:188} INFO - [2025-05-22T16:21:39.899+0000] {dag.py:3823} INFO - Setting next_dagrun for raw_to_staging_dag to 2025-05-22 00:00:00+00:00, run_after=2025-05-23 00:00:00+00:00
[2025-05-22T16:21:39.906+0000] {processor.py:183} INFO - Processing /opt/airflow/dags/raw_to_staging_dag.py took 0.052 seconds
[2025-05-22T16:22:10.496+0000] {processor.py:161} INFO - Started process (PID=31030) to work on /opt/airflow/dags/raw_to_staging_dag.py
[2025-05-22T16:22:10.497+0000] {processor.py:830} INFO - Processing file /opt/airflow/dags/raw_to_staging_dag.py for tasks to queue
[2025-05-22T16:22:10.497+0000] {logging_mixin.py:188} INFO - [2025-05-22T16:22:10.497+0000] {dagbag.py:538} INFO - Filling up the DagBag from /opt/airflow/dags/raw_to_staging_dag.py
[2025-05-22T16:22:10.505+0000] {logging_mixin.py:188} WARNING - /home/airflow/.local/lib/python3.9/site-packages/airflow/providers/common/sql/operators/sql.py:139 RemovedInAirflow3Warning: The 'task_concurrency' parameter is deprecated. Please use 'max_active_tis_per_dag'.
[2025-05-22T16:22:10.511+0000] {processor.py:840} INFO - DAG(s) 'raw_to_staging_dag' retrieved from /opt/airflow/dags/raw_to_staging_dag.py
[2025-05-22T16:22:10.523+0000] {logging_mixin.py:188} INFO - [2025-05-22T16:22:10.523+0000] {dag.py:3036} INFO - Sync 1 DAGs
[2025-05-22T16:22:10.533+0000] {logging_mixin.py:188} INFO - [2025-05-22T16:22:10.533+0000] {dag.py:3823} INFO - Setting next_dagrun for raw_to_staging_dag to 2025-05-22 00:00:00+00:00, run_after=2025-05-23 00:00:00+00:00
[2025-05-22T16:22:10.540+0000] {processor.py:183} INFO - Processing /opt/airflow/dags/raw_to_staging_dag.py took 0.045 seconds
[2025-05-22T16:22:41.150+0000] {processor.py:161} INFO - Started process (PID=31045) to work on /opt/airflow/dags/raw_to_staging_dag.py
[2025-05-22T16:22:41.151+0000] {processor.py:830} INFO - Processing file /opt/airflow/dags/raw_to_staging_dag.py for tasks to queue
[2025-05-22T16:22:41.152+0000] {logging_mixin.py:188} INFO - [2025-05-22T16:22:41.151+0000] {dagbag.py:538} INFO - Filling up the DagBag from /opt/airflow/dags/raw_to_staging_dag.py
[2025-05-22T16:22:41.159+0000] {logging_mixin.py:188} WARNING - /home/airflow/.local/lib/python3.9/site-packages/airflow/providers/common/sql/operators/sql.py:139 RemovedInAirflow3Warning: The 'task_concurrency' parameter is deprecated. Please use 'max_active_tis_per_dag'.
[2025-05-22T16:22:41.166+0000] {processor.py:840} INFO - DAG(s) 'raw_to_staging_dag' retrieved from /opt/airflow/dags/raw_to_staging_dag.py
[2025-05-22T16:22:41.178+0000] {logging_mixin.py:188} INFO - [2025-05-22T16:22:41.178+0000] {dag.py:3036} INFO - Sync 1 DAGs
[2025-05-22T16:22:41.189+0000] {logging_mixin.py:188} INFO - [2025-05-22T16:22:41.189+0000] {dag.py:3823} INFO - Setting next_dagrun for raw_to_staging_dag to 2025-05-22 00:00:00+00:00, run_after=2025-05-23 00:00:00+00:00
[2025-05-22T16:22:41.364+0000] {processor.py:183} INFO - Processing /opt/airflow/dags/raw_to_staging_dag.py took 0.215 seconds
[2025-05-22T16:23:11.771+0000] {processor.py:161} INFO - Started process (PID=31060) to work on /opt/airflow/dags/raw_to_staging_dag.py
[2025-05-22T16:23:11.772+0000] {processor.py:830} INFO - Processing file /opt/airflow/dags/raw_to_staging_dag.py for tasks to queue
[2025-05-22T16:23:11.772+0000] {logging_mixin.py:188} INFO - [2025-05-22T16:23:11.772+0000] {dagbag.py:538} INFO - Filling up the DagBag from /opt/airflow/dags/raw_to_staging_dag.py
[2025-05-22T16:23:11.783+0000] {logging_mixin.py:188} WARNING - /home/airflow/.local/lib/python3.9/site-packages/airflow/providers/common/sql/operators/sql.py:139 RemovedInAirflow3Warning: The 'task_concurrency' parameter is deprecated. Please use 'max_active_tis_per_dag'.
[2025-05-22T16:23:11.790+0000] {processor.py:840} INFO - DAG(s) 'raw_to_staging_dag' retrieved from /opt/airflow/dags/raw_to_staging_dag.py
[2025-05-22T16:23:11.802+0000] {logging_mixin.py:188} INFO - [2025-05-22T16:23:11.802+0000] {dag.py:3036} INFO - Sync 1 DAGs
[2025-05-22T16:23:11.987+0000] {logging_mixin.py:188} INFO - [2025-05-22T16:23:11.986+0000] {dag.py:3823} INFO - Setting next_dagrun for raw_to_staging_dag to 2025-05-22 00:00:00+00:00, run_after=2025-05-23 00:00:00+00:00
[2025-05-22T16:23:11.994+0000] {processor.py:183} INFO - Processing /opt/airflow/dags/raw_to_staging_dag.py took 0.225 seconds
[2025-05-22T16:23:42.619+0000] {processor.py:161} INFO - Started process (PID=31075) to work on /opt/airflow/dags/raw_to_staging_dag.py
[2025-05-22T16:23:42.619+0000] {processor.py:830} INFO - Processing file /opt/airflow/dags/raw_to_staging_dag.py for tasks to queue
[2025-05-22T16:23:42.620+0000] {logging_mixin.py:188} INFO - [2025-05-22T16:23:42.620+0000] {dagbag.py:538} INFO - Filling up the DagBag from /opt/airflow/dags/raw_to_staging_dag.py
[2025-05-22T16:23:42.627+0000] {logging_mixin.py:188} WARNING - /home/airflow/.local/lib/python3.9/site-packages/airflow/providers/common/sql/operators/sql.py:139 RemovedInAirflow3Warning: The 'task_concurrency' parameter is deprecated. Please use 'max_active_tis_per_dag'.
[2025-05-22T16:23:42.634+0000] {processor.py:840} INFO - DAG(s) 'raw_to_staging_dag' retrieved from /opt/airflow/dags/raw_to_staging_dag.py
[2025-05-22T16:23:42.647+0000] {logging_mixin.py:188} INFO - [2025-05-22T16:23:42.647+0000] {dag.py:3036} INFO - Sync 1 DAGs
[2025-05-22T16:23:42.659+0000] {logging_mixin.py:188} INFO - [2025-05-22T16:23:42.658+0000] {dag.py:3823} INFO - Setting next_dagrun for raw_to_staging_dag to 2025-05-22 00:00:00+00:00, run_after=2025-05-23 00:00:00+00:00
[2025-05-22T16:23:42.666+0000] {processor.py:183} INFO - Processing /opt/airflow/dags/raw_to_staging_dag.py took 0.049 seconds
[2025-05-22T16:24:13.281+0000] {processor.py:161} INFO - Started process (PID=31090) to work on /opt/airflow/dags/raw_to_staging_dag.py
[2025-05-22T16:24:13.281+0000] {processor.py:830} INFO - Processing file /opt/airflow/dags/raw_to_staging_dag.py for tasks to queue
[2025-05-22T16:24:13.282+0000] {logging_mixin.py:188} INFO - [2025-05-22T16:24:13.282+0000] {dagbag.py:538} INFO - Filling up the DagBag from /opt/airflow/dags/raw_to_staging_dag.py
[2025-05-22T16:24:13.289+0000] {logging_mixin.py:188} WARNING - /home/airflow/.local/lib/python3.9/site-packages/airflow/providers/common/sql/operators/sql.py:139 RemovedInAirflow3Warning: The 'task_concurrency' parameter is deprecated. Please use 'max_active_tis_per_dag'.
[2025-05-22T16:24:13.295+0000] {processor.py:840} INFO - DAG(s) 'raw_to_staging_dag' retrieved from /opt/airflow/dags/raw_to_staging_dag.py
[2025-05-22T16:24:13.309+0000] {logging_mixin.py:188} INFO - [2025-05-22T16:24:13.309+0000] {dag.py:3036} INFO - Sync 1 DAGs
[2025-05-22T16:24:13.319+0000] {logging_mixin.py:188} INFO - [2025-05-22T16:24:13.319+0000] {dag.py:3823} INFO - Setting next_dagrun for raw_to_staging_dag to 2025-05-22 00:00:00+00:00, run_after=2025-05-23 00:00:00+00:00
[2025-05-22T16:24:13.328+0000] {processor.py:183} INFO - Processing /opt/airflow/dags/raw_to_staging_dag.py took 0.049 seconds
[2025-05-22T16:24:43.964+0000] {processor.py:161} INFO - Started process (PID=31105) to work on /opt/airflow/dags/raw_to_staging_dag.py
[2025-05-22T16:24:43.965+0000] {processor.py:830} INFO - Processing file /opt/airflow/dags/raw_to_staging_dag.py for tasks to queue
[2025-05-22T16:24:43.965+0000] {logging_mixin.py:188} INFO - [2025-05-22T16:24:43.965+0000] {dagbag.py:538} INFO - Filling up the DagBag from /opt/airflow/dags/raw_to_staging_dag.py
[2025-05-22T16:24:43.974+0000] {logging_mixin.py:188} WARNING - /home/airflow/.local/lib/python3.9/site-packages/airflow/providers/common/sql/operators/sql.py:139 RemovedInAirflow3Warning: The 'task_concurrency' parameter is deprecated. Please use 'max_active_tis_per_dag'.
[2025-05-22T16:24:43.980+0000] {processor.py:840} INFO - DAG(s) 'raw_to_staging_dag' retrieved from /opt/airflow/dags/raw_to_staging_dag.py
[2025-05-22T16:24:43.993+0000] {logging_mixin.py:188} INFO - [2025-05-22T16:24:43.993+0000] {dag.py:3036} INFO - Sync 1 DAGs
[2025-05-22T16:24:44.003+0000] {logging_mixin.py:188} INFO - [2025-05-22T16:24:44.003+0000] {dag.py:3823} INFO - Setting next_dagrun for raw_to_staging_dag to 2025-05-22 00:00:00+00:00, run_after=2025-05-23 00:00:00+00:00
[2025-05-22T16:24:44.010+0000] {processor.py:183} INFO - Processing /opt/airflow/dags/raw_to_staging_dag.py took 0.048 seconds
[2025-05-22T16:25:14.605+0000] {processor.py:161} INFO - Started process (PID=31120) to work on /opt/airflow/dags/raw_to_staging_dag.py
[2025-05-22T16:25:14.606+0000] {processor.py:830} INFO - Processing file /opt/airflow/dags/raw_to_staging_dag.py for tasks to queue
[2025-05-22T16:25:14.606+0000] {logging_mixin.py:188} INFO - [2025-05-22T16:25:14.606+0000] {dagbag.py:538} INFO - Filling up the DagBag from /opt/airflow/dags/raw_to_staging_dag.py
[2025-05-22T16:25:14.614+0000] {logging_mixin.py:188} WARNING - /home/airflow/.local/lib/python3.9/site-packages/airflow/providers/common/sql/operators/sql.py:139 RemovedInAirflow3Warning: The 'task_concurrency' parameter is deprecated. Please use 'max_active_tis_per_dag'.
[2025-05-22T16:25:14.620+0000] {processor.py:840} INFO - DAG(s) 'raw_to_staging_dag' retrieved from /opt/airflow/dags/raw_to_staging_dag.py
[2025-05-22T16:25:14.632+0000] {logging_mixin.py:188} INFO - [2025-05-22T16:25:14.632+0000] {dag.py:3036} INFO - Sync 1 DAGs
[2025-05-22T16:25:14.642+0000] {logging_mixin.py:188} INFO - [2025-05-22T16:25:14.642+0000] {dag.py:3823} INFO - Setting next_dagrun for raw_to_staging_dag to 2025-05-22 00:00:00+00:00, run_after=2025-05-23 00:00:00+00:00
[2025-05-22T16:25:14.816+0000] {processor.py:183} INFO - Processing /opt/airflow/dags/raw_to_staging_dag.py took 0.213 seconds
[2025-05-22T16:25:45.279+0000] {processor.py:161} INFO - Started process (PID=31135) to work on /opt/airflow/dags/raw_to_staging_dag.py
[2025-05-22T16:25:45.280+0000] {processor.py:830} INFO - Processing file /opt/airflow/dags/raw_to_staging_dag.py for tasks to queue
[2025-05-22T16:25:45.280+0000] {logging_mixin.py:188} INFO - [2025-05-22T16:25:45.280+0000] {dagbag.py:538} INFO - Filling up the DagBag from /opt/airflow/dags/raw_to_staging_dag.py
[2025-05-22T16:25:45.288+0000] {logging_mixin.py:188} WARNING - /home/airflow/.local/lib/python3.9/site-packages/airflow/providers/common/sql/operators/sql.py:139 RemovedInAirflow3Warning: The 'task_concurrency' parameter is deprecated. Please use 'max_active_tis_per_dag'.
[2025-05-22T16:25:45.296+0000] {processor.py:840} INFO - DAG(s) 'raw_to_staging_dag' retrieved from /opt/airflow/dags/raw_to_staging_dag.py
[2025-05-22T16:25:45.307+0000] {logging_mixin.py:188} INFO - [2025-05-22T16:25:45.307+0000] {dag.py:3036} INFO - Sync 1 DAGs
[2025-05-22T16:25:45.469+0000] {logging_mixin.py:188} INFO - [2025-05-22T16:25:45.469+0000] {dag.py:3823} INFO - Setting next_dagrun for raw_to_staging_dag to 2025-05-22 00:00:00+00:00, run_after=2025-05-23 00:00:00+00:00
[2025-05-22T16:25:45.477+0000] {processor.py:183} INFO - Processing /opt/airflow/dags/raw_to_staging_dag.py took 0.199 seconds
[2025-05-22T16:26:15.999+0000] {processor.py:161} INFO - Started process (PID=31150) to work on /opt/airflow/dags/raw_to_staging_dag.py
[2025-05-22T16:26:15.999+0000] {processor.py:830} INFO - Processing file /opt/airflow/dags/raw_to_staging_dag.py for tasks to queue
[2025-05-22T16:26:16.000+0000] {logging_mixin.py:188} INFO - [2025-05-22T16:26:16.000+0000] {dagbag.py:538} INFO - Filling up the DagBag from /opt/airflow/dags/raw_to_staging_dag.py
[2025-05-22T16:26:16.010+0000] {logging_mixin.py:188} WARNING - /home/airflow/.local/lib/python3.9/site-packages/airflow/providers/common/sql/operators/sql.py:139 RemovedInAirflow3Warning: The 'task_concurrency' parameter is deprecated. Please use 'max_active_tis_per_dag'.
[2025-05-22T16:26:16.017+0000] {processor.py:840} INFO - DAG(s) 'raw_to_staging_dag' retrieved from /opt/airflow/dags/raw_to_staging_dag.py
[2025-05-22T16:26:16.030+0000] {logging_mixin.py:188} INFO - [2025-05-22T16:26:16.030+0000] {dag.py:3036} INFO - Sync 1 DAGs
[2025-05-22T16:26:16.040+0000] {logging_mixin.py:188} INFO - [2025-05-22T16:26:16.040+0000] {dag.py:3823} INFO - Setting next_dagrun for raw_to_staging_dag to 2025-05-22 00:00:00+00:00, run_after=2025-05-23 00:00:00+00:00
[2025-05-22T16:26:16.049+0000] {processor.py:183} INFO - Processing /opt/airflow/dags/raw_to_staging_dag.py took 0.052 seconds
[2025-05-22T16:26:46.555+0000] {processor.py:161} INFO - Started process (PID=31165) to work on /opt/airflow/dags/raw_to_staging_dag.py
[2025-05-22T16:26:46.556+0000] {processor.py:830} INFO - Processing file /opt/airflow/dags/raw_to_staging_dag.py for tasks to queue
[2025-05-22T16:26:46.556+0000] {logging_mixin.py:188} INFO - [2025-05-22T16:26:46.556+0000] {dagbag.py:538} INFO - Filling up the DagBag from /opt/airflow/dags/raw_to_staging_dag.py
[2025-05-22T16:26:46.567+0000] {logging_mixin.py:188} WARNING - /home/airflow/.local/lib/python3.9/site-packages/airflow/providers/common/sql/operators/sql.py:139 RemovedInAirflow3Warning: The 'task_concurrency' parameter is deprecated. Please use 'max_active_tis_per_dag'.
[2025-05-22T16:26:46.574+0000] {processor.py:840} INFO - DAG(s) 'raw_to_staging_dag' retrieved from /opt/airflow/dags/raw_to_staging_dag.py
[2025-05-22T16:26:46.588+0000] {logging_mixin.py:188} INFO - [2025-05-22T16:26:46.588+0000] {dag.py:3036} INFO - Sync 1 DAGs
[2025-05-22T16:26:46.599+0000] {logging_mixin.py:188} INFO - [2025-05-22T16:26:46.599+0000] {dag.py:3823} INFO - Setting next_dagrun for raw_to_staging_dag to 2025-05-22 00:00:00+00:00, run_after=2025-05-23 00:00:00+00:00
[2025-05-22T16:26:46.606+0000] {processor.py:183} INFO - Processing /opt/airflow/dags/raw_to_staging_dag.py took 0.053 seconds
[2025-05-22T16:27:17.100+0000] {processor.py:161} INFO - Started process (PID=31180) to work on /opt/airflow/dags/raw_to_staging_dag.py
[2025-05-22T16:27:17.101+0000] {processor.py:830} INFO - Processing file /opt/airflow/dags/raw_to_staging_dag.py for tasks to queue
[2025-05-22T16:27:17.101+0000] {logging_mixin.py:188} INFO - [2025-05-22T16:27:17.101+0000] {dagbag.py:538} INFO - Filling up the DagBag from /opt/airflow/dags/raw_to_staging_dag.py
[2025-05-22T16:27:17.110+0000] {logging_mixin.py:188} WARNING - /home/airflow/.local/lib/python3.9/site-packages/airflow/providers/common/sql/operators/sql.py:139 RemovedInAirflow3Warning: The 'task_concurrency' parameter is deprecated. Please use 'max_active_tis_per_dag'.
[2025-05-22T16:27:17.117+0000] {processor.py:840} INFO - DAG(s) 'raw_to_staging_dag' retrieved from /opt/airflow/dags/raw_to_staging_dag.py
[2025-05-22T16:27:17.129+0000] {logging_mixin.py:188} INFO - [2025-05-22T16:27:17.129+0000] {dag.py:3036} INFO - Sync 1 DAGs
[2025-05-22T16:27:17.139+0000] {logging_mixin.py:188} INFO - [2025-05-22T16:27:17.139+0000] {dag.py:3823} INFO - Setting next_dagrun for raw_to_staging_dag to 2025-05-22 00:00:00+00:00, run_after=2025-05-23 00:00:00+00:00
[2025-05-22T16:27:17.146+0000] {processor.py:183} INFO - Processing /opt/airflow/dags/raw_to_staging_dag.py took 0.047 seconds
[2025-05-22T16:27:47.646+0000] {processor.py:161} INFO - Started process (PID=31195) to work on /opt/airflow/dags/raw_to_staging_dag.py
[2025-05-22T16:27:47.647+0000] {processor.py:830} INFO - Processing file /opt/airflow/dags/raw_to_staging_dag.py for tasks to queue
[2025-05-22T16:27:47.647+0000] {logging_mixin.py:188} INFO - [2025-05-22T16:27:47.647+0000] {dagbag.py:538} INFO - Filling up the DagBag from /opt/airflow/dags/raw_to_staging_dag.py
[2025-05-22T16:27:47.655+0000] {logging_mixin.py:188} WARNING - /home/airflow/.local/lib/python3.9/site-packages/airflow/providers/common/sql/operators/sql.py:139 RemovedInAirflow3Warning: The 'task_concurrency' parameter is deprecated. Please use 'max_active_tis_per_dag'.
[2025-05-22T16:27:47.662+0000] {processor.py:840} INFO - DAG(s) 'raw_to_staging_dag' retrieved from /opt/airflow/dags/raw_to_staging_dag.py
[2025-05-22T16:27:47.675+0000] {logging_mixin.py:188} INFO - [2025-05-22T16:27:47.674+0000] {dag.py:3036} INFO - Sync 1 DAGs
[2025-05-22T16:27:47.688+0000] {logging_mixin.py:188} INFO - [2025-05-22T16:27:47.688+0000] {dag.py:3823} INFO - Setting next_dagrun for raw_to_staging_dag to 2025-05-22 00:00:00+00:00, run_after=2025-05-23 00:00:00+00:00
[2025-05-22T16:27:47.878+0000] {processor.py:183} INFO - Processing /opt/airflow/dags/raw_to_staging_dag.py took 0.234 seconds
[2025-05-22T16:28:18.220+0000] {processor.py:161} INFO - Started process (PID=31210) to work on /opt/airflow/dags/raw_to_staging_dag.py
[2025-05-22T16:28:18.221+0000] {processor.py:830} INFO - Processing file /opt/airflow/dags/raw_to_staging_dag.py for tasks to queue
[2025-05-22T16:28:18.221+0000] {logging_mixin.py:188} INFO - [2025-05-22T16:28:18.221+0000] {dagbag.py:538} INFO - Filling up the DagBag from /opt/airflow/dags/raw_to_staging_dag.py
[2025-05-22T16:28:18.228+0000] {logging_mixin.py:188} WARNING - /home/airflow/.local/lib/python3.9/site-packages/airflow/providers/common/sql/operators/sql.py:139 RemovedInAirflow3Warning: The 'task_concurrency' parameter is deprecated. Please use 'max_active_tis_per_dag'.
[2025-05-22T16:28:18.236+0000] {processor.py:840} INFO - DAG(s) 'raw_to_staging_dag' retrieved from /opt/airflow/dags/raw_to_staging_dag.py
[2025-05-22T16:28:18.248+0000] {logging_mixin.py:188} INFO - [2025-05-22T16:28:18.248+0000] {dag.py:3036} INFO - Sync 1 DAGs
[2025-05-22T16:28:18.399+0000] {logging_mixin.py:188} INFO - [2025-05-22T16:28:18.399+0000] {dag.py:3823} INFO - Setting next_dagrun for raw_to_staging_dag to 2025-05-22 00:00:00+00:00, run_after=2025-05-23 00:00:00+00:00
[2025-05-22T16:28:18.407+0000] {processor.py:183} INFO - Processing /opt/airflow/dags/raw_to_staging_dag.py took 0.189 seconds
[2025-05-22T16:28:49.001+0000] {processor.py:161} INFO - Started process (PID=31225) to work on /opt/airflow/dags/raw_to_staging_dag.py
[2025-05-22T16:28:49.002+0000] {processor.py:830} INFO - Processing file /opt/airflow/dags/raw_to_staging_dag.py for tasks to queue
[2025-05-22T16:28:49.002+0000] {logging_mixin.py:188} INFO - [2025-05-22T16:28:49.002+0000] {dagbag.py:538} INFO - Filling up the DagBag from /opt/airflow/dags/raw_to_staging_dag.py
[2025-05-22T16:28:49.011+0000] {logging_mixin.py:188} WARNING - /home/airflow/.local/lib/python3.9/site-packages/airflow/providers/common/sql/operators/sql.py:139 RemovedInAirflow3Warning: The 'task_concurrency' parameter is deprecated. Please use 'max_active_tis_per_dag'.
[2025-05-22T16:28:49.017+0000] {processor.py:840} INFO - DAG(s) 'raw_to_staging_dag' retrieved from /opt/airflow/dags/raw_to_staging_dag.py
[2025-05-22T16:28:49.030+0000] {logging_mixin.py:188} INFO - [2025-05-22T16:28:49.030+0000] {dag.py:3036} INFO - Sync 1 DAGs
[2025-05-22T16:28:49.110+0000] {logging_mixin.py:188} INFO - [2025-05-22T16:28:49.110+0000] {dag.py:3823} INFO - Setting next_dagrun for raw_to_staging_dag to 2025-05-22 00:00:00+00:00, run_after=2025-05-23 00:00:00+00:00
[2025-05-22T16:28:49.117+0000] {processor.py:183} INFO - Processing /opt/airflow/dags/raw_to_staging_dag.py took 0.118 seconds
[2025-05-22T16:29:19.540+0000] {processor.py:161} INFO - Started process (PID=31240) to work on /opt/airflow/dags/raw_to_staging_dag.py
[2025-05-22T16:29:19.541+0000] {processor.py:830} INFO - Processing file /opt/airflow/dags/raw_to_staging_dag.py for tasks to queue
[2025-05-22T16:29:19.541+0000] {logging_mixin.py:188} INFO - [2025-05-22T16:29:19.541+0000] {dagbag.py:538} INFO - Filling up the DagBag from /opt/airflow/dags/raw_to_staging_dag.py
[2025-05-22T16:29:19.549+0000] {logging_mixin.py:188} WARNING - /home/airflow/.local/lib/python3.9/site-packages/airflow/providers/common/sql/operators/sql.py:139 RemovedInAirflow3Warning: The 'task_concurrency' parameter is deprecated. Please use 'max_active_tis_per_dag'.
[2025-05-22T16:29:19.556+0000] {processor.py:840} INFO - DAG(s) 'raw_to_staging_dag' retrieved from /opt/airflow/dags/raw_to_staging_dag.py
[2025-05-22T16:29:19.572+0000] {logging_mixin.py:188} INFO - [2025-05-22T16:29:19.572+0000] {dag.py:3036} INFO - Sync 1 DAGs
[2025-05-22T16:29:19.586+0000] {logging_mixin.py:188} INFO - [2025-05-22T16:29:19.586+0000] {dag.py:3823} INFO - Setting next_dagrun for raw_to_staging_dag to 2025-05-22 00:00:00+00:00, run_after=2025-05-23 00:00:00+00:00
[2025-05-22T16:29:19.593+0000] {processor.py:183} INFO - Processing /opt/airflow/dags/raw_to_staging_dag.py took 0.054 seconds
[2025-05-22T16:29:50.109+0000] {processor.py:161} INFO - Started process (PID=31255) to work on /opt/airflow/dags/raw_to_staging_dag.py
[2025-05-22T16:29:50.110+0000] {processor.py:830} INFO - Processing file /opt/airflow/dags/raw_to_staging_dag.py for tasks to queue
[2025-05-22T16:29:50.110+0000] {logging_mixin.py:188} INFO - [2025-05-22T16:29:50.110+0000] {dagbag.py:538} INFO - Filling up the DagBag from /opt/airflow/dags/raw_to_staging_dag.py
[2025-05-22T16:29:50.118+0000] {logging_mixin.py:188} WARNING - /home/airflow/.local/lib/python3.9/site-packages/airflow/providers/common/sql/operators/sql.py:139 RemovedInAirflow3Warning: The 'task_concurrency' parameter is deprecated. Please use 'max_active_tis_per_dag'.
[2025-05-22T16:29:50.124+0000] {processor.py:840} INFO - DAG(s) 'raw_to_staging_dag' retrieved from /opt/airflow/dags/raw_to_staging_dag.py
[2025-05-22T16:29:50.136+0000] {logging_mixin.py:188} INFO - [2025-05-22T16:29:50.136+0000] {dag.py:3036} INFO - Sync 1 DAGs
[2025-05-22T16:29:50.146+0000] {logging_mixin.py:188} INFO - [2025-05-22T16:29:50.146+0000] {dag.py:3823} INFO - Setting next_dagrun for raw_to_staging_dag to 2025-05-22 00:00:00+00:00, run_after=2025-05-23 00:00:00+00:00
[2025-05-22T16:29:50.153+0000] {processor.py:183} INFO - Processing /opt/airflow/dags/raw_to_staging_dag.py took 0.046 seconds
[2025-05-22T16:30:20.666+0000] {processor.py:161} INFO - Started process (PID=31270) to work on /opt/airflow/dags/raw_to_staging_dag.py
[2025-05-22T16:30:20.668+0000] {processor.py:830} INFO - Processing file /opt/airflow/dags/raw_to_staging_dag.py for tasks to queue
[2025-05-22T16:30:20.668+0000] {logging_mixin.py:188} INFO - [2025-05-22T16:30:20.668+0000] {dagbag.py:538} INFO - Filling up the DagBag from /opt/airflow/dags/raw_to_staging_dag.py
[2025-05-22T16:30:20.675+0000] {logging_mixin.py:188} WARNING - /home/airflow/.local/lib/python3.9/site-packages/airflow/providers/common/sql/operators/sql.py:139 RemovedInAirflow3Warning: The 'task_concurrency' parameter is deprecated. Please use 'max_active_tis_per_dag'.
[2025-05-22T16:30:20.681+0000] {processor.py:840} INFO - DAG(s) 'raw_to_staging_dag' retrieved from /opt/airflow/dags/raw_to_staging_dag.py
[2025-05-22T16:30:20.695+0000] {logging_mixin.py:188} INFO - [2025-05-22T16:30:20.694+0000] {dag.py:3036} INFO - Sync 1 DAGs
[2025-05-22T16:30:20.705+0000] {logging_mixin.py:188} INFO - [2025-05-22T16:30:20.705+0000] {dag.py:3823} INFO - Setting next_dagrun for raw_to_staging_dag to 2025-05-22 00:00:00+00:00, run_after=2025-05-23 00:00:00+00:00
[2025-05-22T16:30:20.864+0000] {processor.py:183} INFO - Processing /opt/airflow/dags/raw_to_staging_dag.py took 0.202 seconds
[2025-05-22T16:30:51.235+0000] {processor.py:161} INFO - Started process (PID=31285) to work on /opt/airflow/dags/raw_to_staging_dag.py
[2025-05-22T16:30:51.235+0000] {processor.py:830} INFO - Processing file /opt/airflow/dags/raw_to_staging_dag.py for tasks to queue
[2025-05-22T16:30:51.236+0000] {logging_mixin.py:188} INFO - [2025-05-22T16:30:51.236+0000] {dagbag.py:538} INFO - Filling up the DagBag from /opt/airflow/dags/raw_to_staging_dag.py
[2025-05-22T16:30:51.243+0000] {logging_mixin.py:188} WARNING - /home/airflow/.local/lib/python3.9/site-packages/airflow/providers/common/sql/operators/sql.py:139 RemovedInAirflow3Warning: The 'task_concurrency' parameter is deprecated. Please use 'max_active_tis_per_dag'.
[2025-05-22T16:30:51.248+0000] {processor.py:840} INFO - DAG(s) 'raw_to_staging_dag' retrieved from /opt/airflow/dags/raw_to_staging_dag.py
[2025-05-22T16:30:51.260+0000] {logging_mixin.py:188} INFO - [2025-05-22T16:30:51.260+0000] {dag.py:3036} INFO - Sync 1 DAGs
[2025-05-22T16:30:51.461+0000] {logging_mixin.py:188} INFO - [2025-05-22T16:30:51.460+0000] {dag.py:3823} INFO - Setting next_dagrun for raw_to_staging_dag to 2025-05-22 00:00:00+00:00, run_after=2025-05-23 00:00:00+00:00
[2025-05-22T16:30:51.469+0000] {processor.py:183} INFO - Processing /opt/airflow/dags/raw_to_staging_dag.py took 0.236 seconds
[2025-05-22T16:31:22.010+0000] {processor.py:161} INFO - Started process (PID=31300) to work on /opt/airflow/dags/raw_to_staging_dag.py
[2025-05-22T16:31:22.010+0000] {processor.py:830} INFO - Processing file /opt/airflow/dags/raw_to_staging_dag.py for tasks to queue
[2025-05-22T16:31:22.011+0000] {logging_mixin.py:188} INFO - [2025-05-22T16:31:22.011+0000] {dagbag.py:538} INFO - Filling up the DagBag from /opt/airflow/dags/raw_to_staging_dag.py
[2025-05-22T16:31:22.017+0000] {logging_mixin.py:188} WARNING - /home/airflow/.local/lib/python3.9/site-packages/airflow/providers/common/sql/operators/sql.py:139 RemovedInAirflow3Warning: The 'task_concurrency' parameter is deprecated. Please use 'max_active_tis_per_dag'.
[2025-05-22T16:31:22.023+0000] {processor.py:840} INFO - DAG(s) 'raw_to_staging_dag' retrieved from /opt/airflow/dags/raw_to_staging_dag.py
[2025-05-22T16:31:22.037+0000] {logging_mixin.py:188} INFO - [2025-05-22T16:31:22.036+0000] {dag.py:3036} INFO - Sync 1 DAGs
[2025-05-22T16:31:22.117+0000] {logging_mixin.py:188} INFO - [2025-05-22T16:31:22.117+0000] {dag.py:3823} INFO - Setting next_dagrun for raw_to_staging_dag to 2025-05-22 00:00:00+00:00, run_after=2025-05-23 00:00:00+00:00
[2025-05-22T16:31:22.124+0000] {processor.py:183} INFO - Processing /opt/airflow/dags/raw_to_staging_dag.py took 0.119 seconds
[2025-05-22T16:31:52.829+0000] {processor.py:161} INFO - Started process (PID=31315) to work on /opt/airflow/dags/raw_to_staging_dag.py
[2025-05-22T16:31:52.830+0000] {processor.py:830} INFO - Processing file /opt/airflow/dags/raw_to_staging_dag.py for tasks to queue
[2025-05-22T16:31:52.830+0000] {logging_mixin.py:188} INFO - [2025-05-22T16:31:52.830+0000] {dagbag.py:538} INFO - Filling up the DagBag from /opt/airflow/dags/raw_to_staging_dag.py
[2025-05-22T16:31:52.836+0000] {logging_mixin.py:188} WARNING - /home/airflow/.local/lib/python3.9/site-packages/airflow/providers/common/sql/operators/sql.py:139 RemovedInAirflow3Warning: The 'task_concurrency' parameter is deprecated. Please use 'max_active_tis_per_dag'.
[2025-05-22T16:31:52.843+0000] {processor.py:840} INFO - DAG(s) 'raw_to_staging_dag' retrieved from /opt/airflow/dags/raw_to_staging_dag.py
[2025-05-22T16:31:52.857+0000] {logging_mixin.py:188} INFO - [2025-05-22T16:31:52.857+0000] {dag.py:3036} INFO - Sync 1 DAGs
[2025-05-22T16:31:52.867+0000] {logging_mixin.py:188} INFO - [2025-05-22T16:31:52.867+0000] {dag.py:3823} INFO - Setting next_dagrun for raw_to_staging_dag to 2025-05-22 00:00:00+00:00, run_after=2025-05-23 00:00:00+00:00
[2025-05-22T16:31:52.874+0000] {processor.py:183} INFO - Processing /opt/airflow/dags/raw_to_staging_dag.py took 0.047 seconds
[2025-05-22T16:32:23.414+0000] {processor.py:161} INFO - Started process (PID=31330) to work on /opt/airflow/dags/raw_to_staging_dag.py
[2025-05-22T16:32:23.415+0000] {processor.py:830} INFO - Processing file /opt/airflow/dags/raw_to_staging_dag.py for tasks to queue
[2025-05-22T16:32:23.415+0000] {logging_mixin.py:188} INFO - [2025-05-22T16:32:23.415+0000] {dagbag.py:538} INFO - Filling up the DagBag from /opt/airflow/dags/raw_to_staging_dag.py
[2025-05-22T16:32:23.426+0000] {logging_mixin.py:188} WARNING - /home/airflow/.local/lib/python3.9/site-packages/airflow/providers/common/sql/operators/sql.py:139 RemovedInAirflow3Warning: The 'task_concurrency' parameter is deprecated. Please use 'max_active_tis_per_dag'.
[2025-05-22T16:32:23.432+0000] {processor.py:840} INFO - DAG(s) 'raw_to_staging_dag' retrieved from /opt/airflow/dags/raw_to_staging_dag.py
[2025-05-22T16:32:23.445+0000] {logging_mixin.py:188} INFO - [2025-05-22T16:32:23.445+0000] {dag.py:3036} INFO - Sync 1 DAGs
[2025-05-22T16:32:23.456+0000] {logging_mixin.py:188} INFO - [2025-05-22T16:32:23.456+0000] {dag.py:3823} INFO - Setting next_dagrun for raw_to_staging_dag to 2025-05-22 00:00:00+00:00, run_after=2025-05-23 00:00:00+00:00
[2025-05-22T16:32:23.463+0000] {processor.py:183} INFO - Processing /opt/airflow/dags/raw_to_staging_dag.py took 0.050 seconds
[2025-05-22T16:32:53.990+0000] {processor.py:161} INFO - Started process (PID=31345) to work on /opt/airflow/dags/raw_to_staging_dag.py
[2025-05-22T16:32:53.991+0000] {processor.py:830} INFO - Processing file /opt/airflow/dags/raw_to_staging_dag.py for tasks to queue
[2025-05-22T16:32:53.991+0000] {logging_mixin.py:188} INFO - [2025-05-22T16:32:53.991+0000] {dagbag.py:538} INFO - Filling up the DagBag from /opt/airflow/dags/raw_to_staging_dag.py
[2025-05-22T16:32:53.998+0000] {logging_mixin.py:188} WARNING - /home/airflow/.local/lib/python3.9/site-packages/airflow/providers/common/sql/operators/sql.py:139 RemovedInAirflow3Warning: The 'task_concurrency' parameter is deprecated. Please use 'max_active_tis_per_dag'.
[2025-05-22T16:32:54.005+0000] {processor.py:840} INFO - DAG(s) 'raw_to_staging_dag' retrieved from /opt/airflow/dags/raw_to_staging_dag.py
[2025-05-22T16:32:54.017+0000] {logging_mixin.py:188} INFO - [2025-05-22T16:32:54.017+0000] {dag.py:3036} INFO - Sync 1 DAGs
[2025-05-22T16:32:54.027+0000] {logging_mixin.py:188} INFO - [2025-05-22T16:32:54.027+0000] {dag.py:3823} INFO - Setting next_dagrun for raw_to_staging_dag to 2025-05-22 00:00:00+00:00, run_after=2025-05-23 00:00:00+00:00
[2025-05-22T16:32:54.035+0000] {processor.py:183} INFO - Processing /opt/airflow/dags/raw_to_staging_dag.py took 0.046 seconds
[2025-05-22T16:33:24.573+0000] {processor.py:161} INFO - Started process (PID=31360) to work on /opt/airflow/dags/raw_to_staging_dag.py
[2025-05-22T16:33:24.574+0000] {processor.py:830} INFO - Processing file /opt/airflow/dags/raw_to_staging_dag.py for tasks to queue
[2025-05-22T16:33:24.574+0000] {logging_mixin.py:188} INFO - [2025-05-22T16:33:24.574+0000] {dagbag.py:538} INFO - Filling up the DagBag from /opt/airflow/dags/raw_to_staging_dag.py
[2025-05-22T16:33:24.581+0000] {logging_mixin.py:188} WARNING - /home/airflow/.local/lib/python3.9/site-packages/airflow/providers/common/sql/operators/sql.py:139 RemovedInAirflow3Warning: The 'task_concurrency' parameter is deprecated. Please use 'max_active_tis_per_dag'.
[2025-05-22T16:33:24.588+0000] {processor.py:840} INFO - DAG(s) 'raw_to_staging_dag' retrieved from /opt/airflow/dags/raw_to_staging_dag.py
[2025-05-22T16:33:24.602+0000] {logging_mixin.py:188} INFO - [2025-05-22T16:33:24.602+0000] {dag.py:3036} INFO - Sync 1 DAGs
[2025-05-22T16:33:24.771+0000] {logging_mixin.py:188} INFO - [2025-05-22T16:33:24.771+0000] {dag.py:3823} INFO - Setting next_dagrun for raw_to_staging_dag to 2025-05-22 00:00:00+00:00, run_after=2025-05-23 00:00:00+00:00
[2025-05-22T16:33:24.779+0000] {processor.py:183} INFO - Processing /opt/airflow/dags/raw_to_staging_dag.py took 0.210 seconds
[2025-05-22T16:33:55.323+0000] {processor.py:161} INFO - Started process (PID=31375) to work on /opt/airflow/dags/raw_to_staging_dag.py
[2025-05-22T16:33:55.324+0000] {processor.py:830} INFO - Processing file /opt/airflow/dags/raw_to_staging_dag.py for tasks to queue
[2025-05-22T16:33:55.324+0000] {logging_mixin.py:188} INFO - [2025-05-22T16:33:55.324+0000] {dagbag.py:538} INFO - Filling up the DagBag from /opt/airflow/dags/raw_to_staging_dag.py
[2025-05-22T16:33:55.331+0000] {logging_mixin.py:188} WARNING - /home/airflow/.local/lib/python3.9/site-packages/airflow/providers/common/sql/operators/sql.py:139 RemovedInAirflow3Warning: The 'task_concurrency' parameter is deprecated. Please use 'max_active_tis_per_dag'.
[2025-05-22T16:33:55.338+0000] {processor.py:840} INFO - DAG(s) 'raw_to_staging_dag' retrieved from /opt/airflow/dags/raw_to_staging_dag.py
[2025-05-22T16:33:55.357+0000] {logging_mixin.py:188} INFO - [2025-05-22T16:33:55.356+0000] {dag.py:3036} INFO - Sync 1 DAGs
[2025-05-22T16:33:55.440+0000] {logging_mixin.py:188} INFO - [2025-05-22T16:33:55.440+0000] {dag.py:3823} INFO - Setting next_dagrun for raw_to_staging_dag to 2025-05-22 00:00:00+00:00, run_after=2025-05-23 00:00:00+00:00
[2025-05-22T16:33:55.447+0000] {processor.py:183} INFO - Processing /opt/airflow/dags/raw_to_staging_dag.py took 0.127 seconds
[2025-05-22T16:34:25.896+0000] {processor.py:161} INFO - Started process (PID=31390) to work on /opt/airflow/dags/raw_to_staging_dag.py
[2025-05-22T16:34:25.897+0000] {processor.py:830} INFO - Processing file /opt/airflow/dags/raw_to_staging_dag.py for tasks to queue
[2025-05-22T16:34:25.897+0000] {logging_mixin.py:188} INFO - [2025-05-22T16:34:25.897+0000] {dagbag.py:538} INFO - Filling up the DagBag from /opt/airflow/dags/raw_to_staging_dag.py
[2025-05-22T16:34:25.907+0000] {logging_mixin.py:188} WARNING - /home/airflow/.local/lib/python3.9/site-packages/airflow/providers/common/sql/operators/sql.py:139 RemovedInAirflow3Warning: The 'task_concurrency' parameter is deprecated. Please use 'max_active_tis_per_dag'.
[2025-05-22T16:34:25.913+0000] {processor.py:840} INFO - DAG(s) 'raw_to_staging_dag' retrieved from /opt/airflow/dags/raw_to_staging_dag.py
[2025-05-22T16:34:25.925+0000] {logging_mixin.py:188} INFO - [2025-05-22T16:34:25.925+0000] {dag.py:3036} INFO - Sync 1 DAGs
[2025-05-22T16:34:25.936+0000] {logging_mixin.py:188} INFO - [2025-05-22T16:34:25.936+0000] {dag.py:3823} INFO - Setting next_dagrun for raw_to_staging_dag to 2025-05-22 00:00:00+00:00, run_after=2025-05-23 00:00:00+00:00
[2025-05-22T16:34:25.943+0000] {processor.py:183} INFO - Processing /opt/airflow/dags/raw_to_staging_dag.py took 0.048 seconds
[2025-05-22T16:34:56.519+0000] {processor.py:161} INFO - Started process (PID=31405) to work on /opt/airflow/dags/raw_to_staging_dag.py
[2025-05-22T16:34:56.520+0000] {processor.py:830} INFO - Processing file /opt/airflow/dags/raw_to_staging_dag.py for tasks to queue
[2025-05-22T16:34:56.520+0000] {logging_mixin.py:188} INFO - [2025-05-22T16:34:56.520+0000] {dagbag.py:538} INFO - Filling up the DagBag from /opt/airflow/dags/raw_to_staging_dag.py
[2025-05-22T16:34:56.529+0000] {logging_mixin.py:188} WARNING - /home/airflow/.local/lib/python3.9/site-packages/airflow/providers/common/sql/operators/sql.py:139 RemovedInAirflow3Warning: The 'task_concurrency' parameter is deprecated. Please use 'max_active_tis_per_dag'.
[2025-05-22T16:34:56.535+0000] {processor.py:840} INFO - DAG(s) 'raw_to_staging_dag' retrieved from /opt/airflow/dags/raw_to_staging_dag.py
[2025-05-22T16:34:56.548+0000] {logging_mixin.py:188} INFO - [2025-05-22T16:34:56.547+0000] {dag.py:3036} INFO - Sync 1 DAGs
[2025-05-22T16:34:56.560+0000] {logging_mixin.py:188} INFO - [2025-05-22T16:34:56.560+0000] {dag.py:3823} INFO - Setting next_dagrun for raw_to_staging_dag to 2025-05-22 00:00:00+00:00, run_after=2025-05-23 00:00:00+00:00
[2025-05-22T16:34:56.567+0000] {processor.py:183} INFO - Processing /opt/airflow/dags/raw_to_staging_dag.py took 0.050 seconds
[2025-05-22T16:35:26.995+0000] {processor.py:161} INFO - Started process (PID=31420) to work on /opt/airflow/dags/raw_to_staging_dag.py
[2025-05-22T16:35:26.996+0000] {processor.py:830} INFO - Processing file /opt/airflow/dags/raw_to_staging_dag.py for tasks to queue
[2025-05-22T16:35:26.996+0000] {logging_mixin.py:188} INFO - [2025-05-22T16:35:26.996+0000] {dagbag.py:538} INFO - Filling up the DagBag from /opt/airflow/dags/raw_to_staging_dag.py
[2025-05-22T16:35:27.003+0000] {logging_mixin.py:188} WARNING - /home/airflow/.local/lib/python3.9/site-packages/airflow/providers/common/sql/operators/sql.py:139 RemovedInAirflow3Warning: The 'task_concurrency' parameter is deprecated. Please use 'max_active_tis_per_dag'.
[2025-05-22T16:35:27.010+0000] {processor.py:840} INFO - DAG(s) 'raw_to_staging_dag' retrieved from /opt/airflow/dags/raw_to_staging_dag.py
[2025-05-22T16:35:27.023+0000] {logging_mixin.py:188} INFO - [2025-05-22T16:35:27.023+0000] {dag.py:3036} INFO - Sync 1 DAGs
[2025-05-22T16:35:27.033+0000] {logging_mixin.py:188} INFO - [2025-05-22T16:35:27.033+0000] {dag.py:3823} INFO - Setting next_dagrun for raw_to_staging_dag to 2025-05-22 00:00:00+00:00, run_after=2025-05-23 00:00:00+00:00
[2025-05-22T16:35:27.205+0000] {processor.py:183} INFO - Processing /opt/airflow/dags/raw_to_staging_dag.py took 0.212 seconds
[2025-05-22T16:35:57.616+0000] {processor.py:161} INFO - Started process (PID=31435) to work on /opt/airflow/dags/raw_to_staging_dag.py
[2025-05-22T16:35:57.617+0000] {processor.py:830} INFO - Processing file /opt/airflow/dags/raw_to_staging_dag.py for tasks to queue
[2025-05-22T16:35:57.617+0000] {logging_mixin.py:188} INFO - [2025-05-22T16:35:57.617+0000] {dagbag.py:538} INFO - Filling up the DagBag from /opt/airflow/dags/raw_to_staging_dag.py
[2025-05-22T16:35:57.626+0000] {logging_mixin.py:188} WARNING - /home/airflow/.local/lib/python3.9/site-packages/airflow/providers/common/sql/operators/sql.py:139 RemovedInAirflow3Warning: The 'task_concurrency' parameter is deprecated. Please use 'max_active_tis_per_dag'.
[2025-05-22T16:35:57.631+0000] {processor.py:840} INFO - DAG(s) 'raw_to_staging_dag' retrieved from /opt/airflow/dags/raw_to_staging_dag.py
[2025-05-22T16:35:57.644+0000] {logging_mixin.py:188} INFO - [2025-05-22T16:35:57.644+0000] {dag.py:3036} INFO - Sync 1 DAGs
[2025-05-22T16:35:57.801+0000] {logging_mixin.py:188} INFO - [2025-05-22T16:35:57.801+0000] {dag.py:3823} INFO - Setting next_dagrun for raw_to_staging_dag to 2025-05-22 00:00:00+00:00, run_after=2025-05-23 00:00:00+00:00
[2025-05-22T16:35:57.809+0000] {processor.py:183} INFO - Processing /opt/airflow/dags/raw_to_staging_dag.py took 0.195 seconds
[2025-05-22T16:36:28.388+0000] {processor.py:161} INFO - Started process (PID=31450) to work on /opt/airflow/dags/raw_to_staging_dag.py
[2025-05-22T16:36:28.389+0000] {processor.py:830} INFO - Processing file /opt/airflow/dags/raw_to_staging_dag.py for tasks to queue
[2025-05-22T16:36:28.389+0000] {logging_mixin.py:188} INFO - [2025-05-22T16:36:28.389+0000] {dagbag.py:538} INFO - Filling up the DagBag from /opt/airflow/dags/raw_to_staging_dag.py
[2025-05-22T16:36:28.397+0000] {logging_mixin.py:188} WARNING - /home/airflow/.local/lib/python3.9/site-packages/airflow/providers/common/sql/operators/sql.py:139 RemovedInAirflow3Warning: The 'task_concurrency' parameter is deprecated. Please use 'max_active_tis_per_dag'.
[2025-05-22T16:36:28.403+0000] {processor.py:840} INFO - DAG(s) 'raw_to_staging_dag' retrieved from /opt/airflow/dags/raw_to_staging_dag.py
[2025-05-22T16:36:28.415+0000] {logging_mixin.py:188} INFO - [2025-05-22T16:36:28.415+0000] {dag.py:3036} INFO - Sync 1 DAGs
[2025-05-22T16:36:28.497+0000] {logging_mixin.py:188} INFO - [2025-05-22T16:36:28.497+0000] {dag.py:3823} INFO - Setting next_dagrun for raw_to_staging_dag to 2025-05-22 00:00:00+00:00, run_after=2025-05-23 00:00:00+00:00
[2025-05-22T16:36:28.504+0000] {processor.py:183} INFO - Processing /opt/airflow/dags/raw_to_staging_dag.py took 0.118 seconds
[2025-05-22T16:36:59.193+0000] {processor.py:161} INFO - Started process (PID=31465) to work on /opt/airflow/dags/raw_to_staging_dag.py
[2025-05-22T16:36:59.193+0000] {processor.py:830} INFO - Processing file /opt/airflow/dags/raw_to_staging_dag.py for tasks to queue
[2025-05-22T16:36:59.194+0000] {logging_mixin.py:188} INFO - [2025-05-22T16:36:59.194+0000] {dagbag.py:538} INFO - Filling up the DagBag from /opt/airflow/dags/raw_to_staging_dag.py
[2025-05-22T16:36:59.203+0000] {logging_mixin.py:188} WARNING - /home/airflow/.local/lib/python3.9/site-packages/airflow/providers/common/sql/operators/sql.py:139 RemovedInAirflow3Warning: The 'task_concurrency' parameter is deprecated. Please use 'max_active_tis_per_dag'.
[2025-05-22T16:36:59.209+0000] {processor.py:840} INFO - DAG(s) 'raw_to_staging_dag' retrieved from /opt/airflow/dags/raw_to_staging_dag.py
[2025-05-22T16:36:59.224+0000] {logging_mixin.py:188} INFO - [2025-05-22T16:36:59.223+0000] {dag.py:3036} INFO - Sync 1 DAGs
[2025-05-22T16:36:59.234+0000] {logging_mixin.py:188} INFO - [2025-05-22T16:36:59.233+0000] {dag.py:3823} INFO - Setting next_dagrun for raw_to_staging_dag to 2025-05-22 00:00:00+00:00, run_after=2025-05-23 00:00:00+00:00
[2025-05-22T16:36:59.240+0000] {processor.py:183} INFO - Processing /opt/airflow/dags/raw_to_staging_dag.py took 0.050 seconds
[2025-05-22T16:37:29.782+0000] {processor.py:161} INFO - Started process (PID=31480) to work on /opt/airflow/dags/raw_to_staging_dag.py
[2025-05-22T16:37:29.783+0000] {processor.py:830} INFO - Processing file /opt/airflow/dags/raw_to_staging_dag.py for tasks to queue
[2025-05-22T16:37:29.783+0000] {logging_mixin.py:188} INFO - [2025-05-22T16:37:29.783+0000] {dagbag.py:538} INFO - Filling up the DagBag from /opt/airflow/dags/raw_to_staging_dag.py
[2025-05-22T16:37:29.791+0000] {logging_mixin.py:188} WARNING - /home/airflow/.local/lib/python3.9/site-packages/airflow/providers/common/sql/operators/sql.py:139 RemovedInAirflow3Warning: The 'task_concurrency' parameter is deprecated. Please use 'max_active_tis_per_dag'.
[2025-05-22T16:37:29.797+0000] {processor.py:840} INFO - DAG(s) 'raw_to_staging_dag' retrieved from /opt/airflow/dags/raw_to_staging_dag.py
[2025-05-22T16:37:29.814+0000] {logging_mixin.py:188} INFO - [2025-05-22T16:37:29.813+0000] {dag.py:3036} INFO - Sync 1 DAGs
[2025-05-22T16:37:29.824+0000] {logging_mixin.py:188} INFO - [2025-05-22T16:37:29.824+0000] {dag.py:3823} INFO - Setting next_dagrun for raw_to_staging_dag to 2025-05-22 00:00:00+00:00, run_after=2025-05-23 00:00:00+00:00
[2025-05-22T16:37:29.831+0000] {processor.py:183} INFO - Processing /opt/airflow/dags/raw_to_staging_dag.py took 0.052 seconds
[2025-05-22T16:38:00.393+0000] {processor.py:161} INFO - Started process (PID=31495) to work on /opt/airflow/dags/raw_to_staging_dag.py
[2025-05-22T16:38:00.393+0000] {processor.py:830} INFO - Processing file /opt/airflow/dags/raw_to_staging_dag.py for tasks to queue
[2025-05-22T16:38:00.394+0000] {logging_mixin.py:188} INFO - [2025-05-22T16:38:00.393+0000] {dagbag.py:538} INFO - Filling up the DagBag from /opt/airflow/dags/raw_to_staging_dag.py
[2025-05-22T16:38:00.404+0000] {logging_mixin.py:188} WARNING - /home/airflow/.local/lib/python3.9/site-packages/airflow/providers/common/sql/operators/sql.py:139 RemovedInAirflow3Warning: The 'task_concurrency' parameter is deprecated. Please use 'max_active_tis_per_dag'.
[2025-05-22T16:38:00.410+0000] {processor.py:840} INFO - DAG(s) 'raw_to_staging_dag' retrieved from /opt/airflow/dags/raw_to_staging_dag.py
[2025-05-22T16:38:00.422+0000] {logging_mixin.py:188} INFO - [2025-05-22T16:38:00.422+0000] {dag.py:3036} INFO - Sync 1 DAGs
[2025-05-22T16:38:00.433+0000] {logging_mixin.py:188} INFO - [2025-05-22T16:38:00.433+0000] {dag.py:3823} INFO - Setting next_dagrun for raw_to_staging_dag to 2025-05-22 00:00:00+00:00, run_after=2025-05-23 00:00:00+00:00
[2025-05-22T16:38:00.440+0000] {processor.py:183} INFO - Processing /opt/airflow/dags/raw_to_staging_dag.py took 0.049 seconds
[2025-05-22T16:38:30.987+0000] {processor.py:161} INFO - Started process (PID=31510) to work on /opt/airflow/dags/raw_to_staging_dag.py
[2025-05-22T16:38:30.987+0000] {processor.py:830} INFO - Processing file /opt/airflow/dags/raw_to_staging_dag.py for tasks to queue
[2025-05-22T16:38:30.988+0000] {logging_mixin.py:188} INFO - [2025-05-22T16:38:30.987+0000] {dagbag.py:538} INFO - Filling up the DagBag from /opt/airflow/dags/raw_to_staging_dag.py
[2025-05-22T16:38:30.995+0000] {logging_mixin.py:188} WARNING - /home/airflow/.local/lib/python3.9/site-packages/airflow/providers/common/sql/operators/sql.py:139 RemovedInAirflow3Warning: The 'task_concurrency' parameter is deprecated. Please use 'max_active_tis_per_dag'.
[2025-05-22T16:38:31.002+0000] {processor.py:840} INFO - DAG(s) 'raw_to_staging_dag' retrieved from /opt/airflow/dags/raw_to_staging_dag.py
[2025-05-22T16:38:31.014+0000] {logging_mixin.py:188} INFO - [2025-05-22T16:38:31.014+0000] {dag.py:3036} INFO - Sync 1 DAGs
[2025-05-22T16:38:31.181+0000] {logging_mixin.py:188} INFO - [2025-05-22T16:38:31.181+0000] {dag.py:3823} INFO - Setting next_dagrun for raw_to_staging_dag to 2025-05-22 00:00:00+00:00, run_after=2025-05-23 00:00:00+00:00
[2025-05-22T16:38:31.189+0000] {processor.py:183} INFO - Processing /opt/airflow/dags/raw_to_staging_dag.py took 0.205 seconds
[2025-05-22T16:39:01.807+0000] {processor.py:161} INFO - Started process (PID=31525) to work on /opt/airflow/dags/raw_to_staging_dag.py
[2025-05-22T16:39:01.808+0000] {processor.py:830} INFO - Processing file /opt/airflow/dags/raw_to_staging_dag.py for tasks to queue
[2025-05-22T16:39:01.808+0000] {logging_mixin.py:188} INFO - [2025-05-22T16:39:01.808+0000] {dagbag.py:538} INFO - Filling up the DagBag from /opt/airflow/dags/raw_to_staging_dag.py
[2025-05-22T16:39:01.814+0000] {logging_mixin.py:188} WARNING - /home/airflow/.local/lib/python3.9/site-packages/airflow/providers/common/sql/operators/sql.py:139 RemovedInAirflow3Warning: The 'task_concurrency' parameter is deprecated. Please use 'max_active_tis_per_dag'.
[2025-05-22T16:39:01.820+0000] {processor.py:840} INFO - DAG(s) 'raw_to_staging_dag' retrieved from /opt/airflow/dags/raw_to_staging_dag.py
[2025-05-22T16:39:01.833+0000] {logging_mixin.py:188} INFO - [2025-05-22T16:39:01.833+0000] {dag.py:3036} INFO - Sync 1 DAGs
[2025-05-22T16:39:01.924+0000] {logging_mixin.py:188} INFO - [2025-05-22T16:39:01.923+0000] {dag.py:3823} INFO - Setting next_dagrun for raw_to_staging_dag to 2025-05-22 00:00:00+00:00, run_after=2025-05-23 00:00:00+00:00
[2025-05-22T16:39:01.930+0000] {processor.py:183} INFO - Processing /opt/airflow/dags/raw_to_staging_dag.py took 0.125 seconds
[2025-05-22T16:39:32.574+0000] {processor.py:161} INFO - Started process (PID=31540) to work on /opt/airflow/dags/raw_to_staging_dag.py
[2025-05-22T16:39:32.574+0000] {processor.py:830} INFO - Processing file /opt/airflow/dags/raw_to_staging_dag.py for tasks to queue
[2025-05-22T16:39:32.575+0000] {logging_mixin.py:188} INFO - [2025-05-22T16:39:32.575+0000] {dagbag.py:538} INFO - Filling up the DagBag from /opt/airflow/dags/raw_to_staging_dag.py
[2025-05-22T16:39:32.581+0000] {logging_mixin.py:188} WARNING - /home/airflow/.local/lib/python3.9/site-packages/airflow/providers/common/sql/operators/sql.py:139 RemovedInAirflow3Warning: The 'task_concurrency' parameter is deprecated. Please use 'max_active_tis_per_dag'.
[2025-05-22T16:39:32.587+0000] {processor.py:840} INFO - DAG(s) 'raw_to_staging_dag' retrieved from /opt/airflow/dags/raw_to_staging_dag.py
[2025-05-22T16:39:32.604+0000] {logging_mixin.py:188} INFO - [2025-05-22T16:39:32.604+0000] {dag.py:3036} INFO - Sync 1 DAGs
[2025-05-22T16:39:32.614+0000] {logging_mixin.py:188} INFO - [2025-05-22T16:39:32.614+0000] {dag.py:3823} INFO - Setting next_dagrun for raw_to_staging_dag to 2025-05-22 00:00:00+00:00, run_after=2025-05-23 00:00:00+00:00
[2025-05-22T16:39:32.622+0000] {processor.py:183} INFO - Processing /opt/airflow/dags/raw_to_staging_dag.py took 0.050 seconds
[2025-05-22T16:40:03.176+0000] {processor.py:161} INFO - Started process (PID=31555) to work on /opt/airflow/dags/raw_to_staging_dag.py
[2025-05-22T16:40:03.177+0000] {processor.py:830} INFO - Processing file /opt/airflow/dags/raw_to_staging_dag.py for tasks to queue
[2025-05-22T16:40:03.178+0000] {logging_mixin.py:188} INFO - [2025-05-22T16:40:03.178+0000] {dagbag.py:538} INFO - Filling up the DagBag from /opt/airflow/dags/raw_to_staging_dag.py
[2025-05-22T16:40:03.185+0000] {logging_mixin.py:188} WARNING - /home/airflow/.local/lib/python3.9/site-packages/airflow/providers/common/sql/operators/sql.py:139 RemovedInAirflow3Warning: The 'task_concurrency' parameter is deprecated. Please use 'max_active_tis_per_dag'.
[2025-05-22T16:40:03.191+0000] {processor.py:840} INFO - DAG(s) 'raw_to_staging_dag' retrieved from /opt/airflow/dags/raw_to_staging_dag.py
[2025-05-22T16:40:03.203+0000] {logging_mixin.py:188} INFO - [2025-05-22T16:40:03.203+0000] {dag.py:3036} INFO - Sync 1 DAGs
[2025-05-22T16:40:03.213+0000] {logging_mixin.py:188} INFO - [2025-05-22T16:40:03.213+0000] {dag.py:3823} INFO - Setting next_dagrun for raw_to_staging_dag to 2025-05-22 00:00:00+00:00, run_after=2025-05-23 00:00:00+00:00
[2025-05-22T16:40:03.221+0000] {processor.py:183} INFO - Processing /opt/airflow/dags/raw_to_staging_dag.py took 0.047 seconds
[2025-05-22T16:40:33.734+0000] {processor.py:161} INFO - Started process (PID=31570) to work on /opt/airflow/dags/raw_to_staging_dag.py
[2025-05-22T16:40:33.735+0000] {processor.py:830} INFO - Processing file /opt/airflow/dags/raw_to_staging_dag.py for tasks to queue
[2025-05-22T16:40:33.735+0000] {logging_mixin.py:188} INFO - [2025-05-22T16:40:33.735+0000] {dagbag.py:538} INFO - Filling up the DagBag from /opt/airflow/dags/raw_to_staging_dag.py
[2025-05-22T16:40:33.743+0000] {logging_mixin.py:188} WARNING - /home/airflow/.local/lib/python3.9/site-packages/airflow/providers/common/sql/operators/sql.py:139 RemovedInAirflow3Warning: The 'task_concurrency' parameter is deprecated. Please use 'max_active_tis_per_dag'.
[2025-05-22T16:40:33.749+0000] {processor.py:840} INFO - DAG(s) 'raw_to_staging_dag' retrieved from /opt/airflow/dags/raw_to_staging_dag.py
[2025-05-22T16:40:33.764+0000] {logging_mixin.py:188} INFO - [2025-05-22T16:40:33.764+0000] {dag.py:3036} INFO - Sync 1 DAGs
[2025-05-22T16:40:33.774+0000] {logging_mixin.py:188} INFO - [2025-05-22T16:40:33.774+0000] {dag.py:3823} INFO - Setting next_dagrun for raw_to_staging_dag to 2025-05-22 00:00:00+00:00, run_after=2025-05-23 00:00:00+00:00
[2025-05-22T16:40:33.782+0000] {processor.py:183} INFO - Processing /opt/airflow/dags/raw_to_staging_dag.py took 0.052 seconds
[2025-05-22T16:41:04.276+0000] {processor.py:161} INFO - Started process (PID=31585) to work on /opt/airflow/dags/raw_to_staging_dag.py
[2025-05-22T16:41:04.277+0000] {processor.py:830} INFO - Processing file /opt/airflow/dags/raw_to_staging_dag.py for tasks to queue
[2025-05-22T16:41:04.277+0000] {logging_mixin.py:188} INFO - [2025-05-22T16:41:04.277+0000] {dagbag.py:538} INFO - Filling up the DagBag from /opt/airflow/dags/raw_to_staging_dag.py
[2025-05-22T16:41:04.284+0000] {logging_mixin.py:188} WARNING - /home/airflow/.local/lib/python3.9/site-packages/airflow/providers/common/sql/operators/sql.py:139 RemovedInAirflow3Warning: The 'task_concurrency' parameter is deprecated. Please use 'max_active_tis_per_dag'.
[2025-05-22T16:41:04.290+0000] {processor.py:840} INFO - DAG(s) 'raw_to_staging_dag' retrieved from /opt/airflow/dags/raw_to_staging_dag.py
[2025-05-22T16:41:04.302+0000] {logging_mixin.py:188} INFO - [2025-05-22T16:41:04.302+0000] {dag.py:3036} INFO - Sync 1 DAGs
[2025-05-22T16:41:04.473+0000] {logging_mixin.py:188} INFO - [2025-05-22T16:41:04.473+0000] {dag.py:3823} INFO - Setting next_dagrun for raw_to_staging_dag to 2025-05-22 00:00:00+00:00, run_after=2025-05-23 00:00:00+00:00
[2025-05-22T16:41:04.482+0000] {processor.py:183} INFO - Processing /opt/airflow/dags/raw_to_staging_dag.py took 0.207 seconds
[2025-05-22T16:41:35.011+0000] {processor.py:161} INFO - Started process (PID=31600) to work on /opt/airflow/dags/raw_to_staging_dag.py
[2025-05-22T16:41:35.012+0000] {processor.py:830} INFO - Processing file /opt/airflow/dags/raw_to_staging_dag.py for tasks to queue
[2025-05-22T16:41:35.012+0000] {logging_mixin.py:188} INFO - [2025-05-22T16:41:35.012+0000] {dagbag.py:538} INFO - Filling up the DagBag from /opt/airflow/dags/raw_to_staging_dag.py
[2025-05-22T16:41:35.019+0000] {logging_mixin.py:188} WARNING - /home/airflow/.local/lib/python3.9/site-packages/airflow/providers/common/sql/operators/sql.py:139 RemovedInAirflow3Warning: The 'task_concurrency' parameter is deprecated. Please use 'max_active_tis_per_dag'.
[2025-05-22T16:41:35.025+0000] {processor.py:840} INFO - DAG(s) 'raw_to_staging_dag' retrieved from /opt/airflow/dags/raw_to_staging_dag.py
[2025-05-22T16:41:35.039+0000] {logging_mixin.py:188} INFO - [2025-05-22T16:41:35.039+0000] {dag.py:3036} INFO - Sync 1 DAGs
[2025-05-22T16:41:35.121+0000] {logging_mixin.py:188} INFO - [2025-05-22T16:41:35.121+0000] {dag.py:3823} INFO - Setting next_dagrun for raw_to_staging_dag to 2025-05-22 00:00:00+00:00, run_after=2025-05-23 00:00:00+00:00
[2025-05-22T16:41:35.129+0000] {processor.py:183} INFO - Processing /opt/airflow/dags/raw_to_staging_dag.py took 0.121 seconds
[2025-05-22T16:42:05.833+0000] {processor.py:161} INFO - Started process (PID=31615) to work on /opt/airflow/dags/raw_to_staging_dag.py
[2025-05-22T16:42:05.834+0000] {processor.py:830} INFO - Processing file /opt/airflow/dags/raw_to_staging_dag.py for tasks to queue
[2025-05-22T16:42:05.834+0000] {logging_mixin.py:188} INFO - [2025-05-22T16:42:05.834+0000] {dagbag.py:538} INFO - Filling up the DagBag from /opt/airflow/dags/raw_to_staging_dag.py
[2025-05-22T16:42:05.849+0000] {logging_mixin.py:188} WARNING - /home/airflow/.local/lib/python3.9/site-packages/airflow/providers/common/sql/operators/sql.py:139 RemovedInAirflow3Warning: The 'task_concurrency' parameter is deprecated. Please use 'max_active_tis_per_dag'.
[2025-05-22T16:42:05.855+0000] {processor.py:840} INFO - DAG(s) 'raw_to_staging_dag' retrieved from /opt/airflow/dags/raw_to_staging_dag.py
[2025-05-22T16:42:05.936+0000] {logging_mixin.py:188} INFO - [2025-05-22T16:42:05.936+0000] {dag.py:3036} INFO - Sync 1 DAGs
[2025-05-22T16:42:05.945+0000] {logging_mixin.py:188} INFO - [2025-05-22T16:42:05.945+0000] {dag.py:3823} INFO - Setting next_dagrun for raw_to_staging_dag to 2025-05-22 00:00:00+00:00, run_after=2025-05-23 00:00:00+00:00
[2025-05-22T16:42:05.952+0000] {processor.py:183} INFO - Processing /opt/airflow/dags/raw_to_staging_dag.py took 0.120 seconds
[2025-05-22T16:42:36.453+0000] {processor.py:161} INFO - Started process (PID=31630) to work on /opt/airflow/dags/raw_to_staging_dag.py
[2025-05-22T16:42:36.453+0000] {processor.py:830} INFO - Processing file /opt/airflow/dags/raw_to_staging_dag.py for tasks to queue
[2025-05-22T16:42:36.454+0000] {logging_mixin.py:188} INFO - [2025-05-22T16:42:36.454+0000] {dagbag.py:538} INFO - Filling up the DagBag from /opt/airflow/dags/raw_to_staging_dag.py
[2025-05-22T16:42:36.461+0000] {logging_mixin.py:188} WARNING - /home/airflow/.local/lib/python3.9/site-packages/airflow/providers/common/sql/operators/sql.py:139 RemovedInAirflow3Warning: The 'task_concurrency' parameter is deprecated. Please use 'max_active_tis_per_dag'.
[2025-05-22T16:42:36.467+0000] {processor.py:840} INFO - DAG(s) 'raw_to_staging_dag' retrieved from /opt/airflow/dags/raw_to_staging_dag.py
[2025-05-22T16:42:36.480+0000] {logging_mixin.py:188} INFO - [2025-05-22T16:42:36.480+0000] {dag.py:3036} INFO - Sync 1 DAGs
[2025-05-22T16:42:36.492+0000] {logging_mixin.py:188} INFO - [2025-05-22T16:42:36.492+0000] {dag.py:3823} INFO - Setting next_dagrun for raw_to_staging_dag to 2025-05-22 00:00:00+00:00, run_after=2025-05-23 00:00:00+00:00
[2025-05-22T16:42:36.499+0000] {processor.py:183} INFO - Processing /opt/airflow/dags/raw_to_staging_dag.py took 0.048 seconds
[2025-05-22T16:43:07.074+0000] {processor.py:161} INFO - Started process (PID=31645) to work on /opt/airflow/dags/raw_to_staging_dag.py
[2025-05-22T16:43:07.075+0000] {processor.py:830} INFO - Processing file /opt/airflow/dags/raw_to_staging_dag.py for tasks to queue
[2025-05-22T16:43:07.075+0000] {logging_mixin.py:188} INFO - [2025-05-22T16:43:07.075+0000] {dagbag.py:538} INFO - Filling up the DagBag from /opt/airflow/dags/raw_to_staging_dag.py
[2025-05-22T16:43:07.082+0000] {logging_mixin.py:188} WARNING - /home/airflow/.local/lib/python3.9/site-packages/airflow/providers/common/sql/operators/sql.py:139 RemovedInAirflow3Warning: The 'task_concurrency' parameter is deprecated. Please use 'max_active_tis_per_dag'.
[2025-05-22T16:43:07.088+0000] {processor.py:840} INFO - DAG(s) 'raw_to_staging_dag' retrieved from /opt/airflow/dags/raw_to_staging_dag.py
[2025-05-22T16:43:07.101+0000] {logging_mixin.py:188} INFO - [2025-05-22T16:43:07.101+0000] {dag.py:3036} INFO - Sync 1 DAGs
[2025-05-22T16:43:07.112+0000] {logging_mixin.py:188} INFO - [2025-05-22T16:43:07.112+0000] {dag.py:3823} INFO - Setting next_dagrun for raw_to_staging_dag to 2025-05-22 00:00:00+00:00, run_after=2025-05-23 00:00:00+00:00
[2025-05-22T16:43:07.119+0000] {processor.py:183} INFO - Processing /opt/airflow/dags/raw_to_staging_dag.py took 0.047 seconds
[2025-05-22T16:43:37.695+0000] {processor.py:161} INFO - Started process (PID=31660) to work on /opt/airflow/dags/raw_to_staging_dag.py
[2025-05-22T16:43:37.696+0000] {processor.py:830} INFO - Processing file /opt/airflow/dags/raw_to_staging_dag.py for tasks to queue
[2025-05-22T16:43:37.696+0000] {logging_mixin.py:188} INFO - [2025-05-22T16:43:37.696+0000] {dagbag.py:538} INFO - Filling up the DagBag from /opt/airflow/dags/raw_to_staging_dag.py
[2025-05-22T16:43:37.705+0000] {logging_mixin.py:188} WARNING - /home/airflow/.local/lib/python3.9/site-packages/airflow/providers/common/sql/operators/sql.py:139 RemovedInAirflow3Warning: The 'task_concurrency' parameter is deprecated. Please use 'max_active_tis_per_dag'.
[2025-05-22T16:43:37.712+0000] {processor.py:840} INFO - DAG(s) 'raw_to_staging_dag' retrieved from /opt/airflow/dags/raw_to_staging_dag.py
[2025-05-22T16:43:37.724+0000] {logging_mixin.py:188} INFO - [2025-05-22T16:43:37.724+0000] {dag.py:3036} INFO - Sync 1 DAGs
[2025-05-22T16:43:37.736+0000] {logging_mixin.py:188} INFO - [2025-05-22T16:43:37.736+0000] {dag.py:3823} INFO - Setting next_dagrun for raw_to_staging_dag to 2025-05-22 00:00:00+00:00, run_after=2025-05-23 00:00:00+00:00
[2025-05-22T16:43:37.884+0000] {processor.py:183} INFO - Processing /opt/airflow/dags/raw_to_staging_dag.py took 0.191 seconds
[2025-05-22T16:44:08.503+0000] {processor.py:161} INFO - Started process (PID=31675) to work on /opt/airflow/dags/raw_to_staging_dag.py
[2025-05-22T16:44:08.504+0000] {processor.py:830} INFO - Processing file /opt/airflow/dags/raw_to_staging_dag.py for tasks to queue
[2025-05-22T16:44:08.505+0000] {logging_mixin.py:188} INFO - [2025-05-22T16:44:08.504+0000] {dagbag.py:538} INFO - Filling up the DagBag from /opt/airflow/dags/raw_to_staging_dag.py
[2025-05-22T16:44:08.512+0000] {logging_mixin.py:188} WARNING - /home/airflow/.local/lib/python3.9/site-packages/airflow/providers/common/sql/operators/sql.py:139 RemovedInAirflow3Warning: The 'task_concurrency' parameter is deprecated. Please use 'max_active_tis_per_dag'.
[2025-05-22T16:44:08.518+0000] {processor.py:840} INFO - DAG(s) 'raw_to_staging_dag' retrieved from /opt/airflow/dags/raw_to_staging_dag.py
[2025-05-22T16:44:08.534+0000] {logging_mixin.py:188} INFO - [2025-05-22T16:44:08.534+0000] {dag.py:3036} INFO - Sync 1 DAGs
[2025-05-22T16:44:08.611+0000] {logging_mixin.py:188} INFO - [2025-05-22T16:44:08.611+0000] {dag.py:3823} INFO - Setting next_dagrun for raw_to_staging_dag to 2025-05-22 00:00:00+00:00, run_after=2025-05-23 00:00:00+00:00
[2025-05-22T16:44:08.618+0000] {processor.py:183} INFO - Processing /opt/airflow/dags/raw_to_staging_dag.py took 0.117 seconds
[2025-05-22T16:44:39.311+0000] {processor.py:161} INFO - Started process (PID=31690) to work on /opt/airflow/dags/raw_to_staging_dag.py
[2025-05-22T16:44:39.311+0000] {processor.py:830} INFO - Processing file /opt/airflow/dags/raw_to_staging_dag.py for tasks to queue
[2025-05-22T16:44:39.312+0000] {logging_mixin.py:188} INFO - [2025-05-22T16:44:39.312+0000] {dagbag.py:538} INFO - Filling up the DagBag from /opt/airflow/dags/raw_to_staging_dag.py
[2025-05-22T16:44:39.320+0000] {logging_mixin.py:188} WARNING - /home/airflow/.local/lib/python3.9/site-packages/airflow/providers/common/sql/operators/sql.py:139 RemovedInAirflow3Warning: The 'task_concurrency' parameter is deprecated. Please use 'max_active_tis_per_dag'.
[2025-05-22T16:44:39.327+0000] {processor.py:840} INFO - DAG(s) 'raw_to_staging_dag' retrieved from /opt/airflow/dags/raw_to_staging_dag.py
[2025-05-22T16:44:39.411+0000] {logging_mixin.py:188} INFO - [2025-05-22T16:44:39.411+0000] {dag.py:3036} INFO - Sync 1 DAGs
[2025-05-22T16:44:39.429+0000] {logging_mixin.py:188} INFO - [2025-05-22T16:44:39.429+0000] {dag.py:3823} INFO - Setting next_dagrun for raw_to_staging_dag to 2025-05-22 00:00:00+00:00, run_after=2025-05-23 00:00:00+00:00
[2025-05-22T16:44:39.437+0000] {processor.py:183} INFO - Processing /opt/airflow/dags/raw_to_staging_dag.py took 0.128 seconds
[2025-05-22T16:45:10.015+0000] {processor.py:161} INFO - Started process (PID=31705) to work on /opt/airflow/dags/raw_to_staging_dag.py
[2025-05-22T16:45:10.016+0000] {processor.py:830} INFO - Processing file /opt/airflow/dags/raw_to_staging_dag.py for tasks to queue
[2025-05-22T16:45:10.016+0000] {logging_mixin.py:188} INFO - [2025-05-22T16:45:10.016+0000] {dagbag.py:538} INFO - Filling up the DagBag from /opt/airflow/dags/raw_to_staging_dag.py
[2025-05-22T16:45:10.022+0000] {logging_mixin.py:188} WARNING - /home/airflow/.local/lib/python3.9/site-packages/airflow/providers/common/sql/operators/sql.py:139 RemovedInAirflow3Warning: The 'task_concurrency' parameter is deprecated. Please use 'max_active_tis_per_dag'.
[2025-05-22T16:45:10.099+0000] {processor.py:840} INFO - DAG(s) 'raw_to_staging_dag' retrieved from /opt/airflow/dags/raw_to_staging_dag.py
[2025-05-22T16:45:10.110+0000] {logging_mixin.py:188} INFO - [2025-05-22T16:45:10.110+0000] {dag.py:3036} INFO - Sync 1 DAGs
[2025-05-22T16:45:10.122+0000] {logging_mixin.py:188} INFO - [2025-05-22T16:45:10.122+0000] {dag.py:3823} INFO - Setting next_dagrun for raw_to_staging_dag to 2025-05-22 00:00:00+00:00, run_after=2025-05-23 00:00:00+00:00
[2025-05-22T16:45:10.129+0000] {processor.py:183} INFO - Processing /opt/airflow/dags/raw_to_staging_dag.py took 0.116 seconds
[2025-05-22T16:45:40.703+0000] {processor.py:161} INFO - Started process (PID=31720) to work on /opt/airflow/dags/raw_to_staging_dag.py
[2025-05-22T16:45:40.704+0000] {processor.py:830} INFO - Processing file /opt/airflow/dags/raw_to_staging_dag.py for tasks to queue
[2025-05-22T16:45:40.704+0000] {logging_mixin.py:188} INFO - [2025-05-22T16:45:40.704+0000] {dagbag.py:538} INFO - Filling up the DagBag from /opt/airflow/dags/raw_to_staging_dag.py
[2025-05-22T16:45:40.711+0000] {logging_mixin.py:188} WARNING - /home/airflow/.local/lib/python3.9/site-packages/airflow/providers/common/sql/operators/sql.py:139 RemovedInAirflow3Warning: The 'task_concurrency' parameter is deprecated. Please use 'max_active_tis_per_dag'.
[2025-05-22T16:45:40.717+0000] {processor.py:840} INFO - DAG(s) 'raw_to_staging_dag' retrieved from /opt/airflow/dags/raw_to_staging_dag.py
[2025-05-22T16:45:40.729+0000] {logging_mixin.py:188} INFO - [2025-05-22T16:45:40.729+0000] {dag.py:3036} INFO - Sync 1 DAGs
[2025-05-22T16:45:40.739+0000] {logging_mixin.py:188} INFO - [2025-05-22T16:45:40.739+0000] {dag.py:3823} INFO - Setting next_dagrun for raw_to_staging_dag to 2025-05-22 00:00:00+00:00, run_after=2025-05-23 00:00:00+00:00
[2025-05-22T16:45:40.747+0000] {processor.py:183} INFO - Processing /opt/airflow/dags/raw_to_staging_dag.py took 0.046 seconds
[2025-05-22T16:46:11.336+0000] {processor.py:161} INFO - Started process (PID=31735) to work on /opt/airflow/dags/raw_to_staging_dag.py
[2025-05-22T16:46:11.336+0000] {processor.py:830} INFO - Processing file /opt/airflow/dags/raw_to_staging_dag.py for tasks to queue
[2025-05-22T16:46:11.337+0000] {logging_mixin.py:188} INFO - [2025-05-22T16:46:11.337+0000] {dagbag.py:538} INFO - Filling up the DagBag from /opt/airflow/dags/raw_to_staging_dag.py
[2025-05-22T16:46:11.345+0000] {logging_mixin.py:188} WARNING - /home/airflow/.local/lib/python3.9/site-packages/airflow/providers/common/sql/operators/sql.py:139 RemovedInAirflow3Warning: The 'task_concurrency' parameter is deprecated. Please use 'max_active_tis_per_dag'.
[2025-05-22T16:46:11.351+0000] {processor.py:840} INFO - DAG(s) 'raw_to_staging_dag' retrieved from /opt/airflow/dags/raw_to_staging_dag.py
[2025-05-22T16:46:11.363+0000] {logging_mixin.py:188} INFO - [2025-05-22T16:46:11.363+0000] {dag.py:3036} INFO - Sync 1 DAGs
[2025-05-22T16:46:11.376+0000] {logging_mixin.py:188} INFO - [2025-05-22T16:46:11.376+0000] {dag.py:3823} INFO - Setting next_dagrun for raw_to_staging_dag to 2025-05-22 00:00:00+00:00, run_after=2025-05-23 00:00:00+00:00
[2025-05-22T16:46:11.529+0000] {processor.py:183} INFO - Processing /opt/airflow/dags/raw_to_staging_dag.py took 0.195 seconds
[2025-05-22T16:46:42.158+0000] {processor.py:161} INFO - Started process (PID=31750) to work on /opt/airflow/dags/raw_to_staging_dag.py
[2025-05-22T16:46:42.159+0000] {processor.py:830} INFO - Processing file /opt/airflow/dags/raw_to_staging_dag.py for tasks to queue
[2025-05-22T16:46:42.160+0000] {logging_mixin.py:188} INFO - [2025-05-22T16:46:42.160+0000] {dagbag.py:538} INFO - Filling up the DagBag from /opt/airflow/dags/raw_to_staging_dag.py
[2025-05-22T16:46:42.167+0000] {logging_mixin.py:188} WARNING - /home/airflow/.local/lib/python3.9/site-packages/airflow/providers/common/sql/operators/sql.py:139 RemovedInAirflow3Warning: The 'task_concurrency' parameter is deprecated. Please use 'max_active_tis_per_dag'.
[2025-05-22T16:46:42.173+0000] {processor.py:840} INFO - DAG(s) 'raw_to_staging_dag' retrieved from /opt/airflow/dags/raw_to_staging_dag.py
[2025-05-22T16:46:42.186+0000] {logging_mixin.py:188} INFO - [2025-05-22T16:46:42.186+0000] {dag.py:3036} INFO - Sync 1 DAGs
[2025-05-22T16:46:42.264+0000] {logging_mixin.py:188} INFO - [2025-05-22T16:46:42.264+0000] {dag.py:3823} INFO - Setting next_dagrun for raw_to_staging_dag to 2025-05-22 00:00:00+00:00, run_after=2025-05-23 00:00:00+00:00
[2025-05-22T16:46:42.271+0000] {processor.py:183} INFO - Processing /opt/airflow/dags/raw_to_staging_dag.py took 0.115 seconds
[2025-05-22T16:47:12.991+0000] {processor.py:161} INFO - Started process (PID=31765) to work on /opt/airflow/dags/raw_to_staging_dag.py
[2025-05-22T16:47:12.992+0000] {processor.py:830} INFO - Processing file /opt/airflow/dags/raw_to_staging_dag.py for tasks to queue
[2025-05-22T16:47:12.992+0000] {logging_mixin.py:188} INFO - [2025-05-22T16:47:12.992+0000] {dagbag.py:538} INFO - Filling up the DagBag from /opt/airflow/dags/raw_to_staging_dag.py
[2025-05-22T16:47:12.998+0000] {logging_mixin.py:188} WARNING - /home/airflow/.local/lib/python3.9/site-packages/airflow/providers/common/sql/operators/sql.py:139 RemovedInAirflow3Warning: The 'task_concurrency' parameter is deprecated. Please use 'max_active_tis_per_dag'.
[2025-05-22T16:47:13.004+0000] {processor.py:840} INFO - DAG(s) 'raw_to_staging_dag' retrieved from /opt/airflow/dags/raw_to_staging_dag.py
[2025-05-22T16:47:13.086+0000] {logging_mixin.py:188} INFO - [2025-05-22T16:47:13.086+0000] {dag.py:3036} INFO - Sync 1 DAGs
[2025-05-22T16:47:13.096+0000] {logging_mixin.py:188} INFO - [2025-05-22T16:47:13.096+0000] {dag.py:3823} INFO - Setting next_dagrun for raw_to_staging_dag to 2025-05-22 00:00:00+00:00, run_after=2025-05-23 00:00:00+00:00
[2025-05-22T16:47:13.103+0000] {processor.py:183} INFO - Processing /opt/airflow/dags/raw_to_staging_dag.py took 0.114 seconds
[2025-05-22T16:47:43.683+0000] {processor.py:161} INFO - Started process (PID=31780) to work on /opt/airflow/dags/raw_to_staging_dag.py
[2025-05-22T16:47:43.684+0000] {processor.py:830} INFO - Processing file /opt/airflow/dags/raw_to_staging_dag.py for tasks to queue
[2025-05-22T16:47:43.684+0000] {logging_mixin.py:188} INFO - [2025-05-22T16:47:43.684+0000] {dagbag.py:538} INFO - Filling up the DagBag from /opt/airflow/dags/raw_to_staging_dag.py
[2025-05-22T16:47:43.691+0000] {logging_mixin.py:188} WARNING - /home/airflow/.local/lib/python3.9/site-packages/airflow/providers/common/sql/operators/sql.py:139 RemovedInAirflow3Warning: The 'task_concurrency' parameter is deprecated. Please use 'max_active_tis_per_dag'.
[2025-05-22T16:47:43.770+0000] {processor.py:840} INFO - DAG(s) 'raw_to_staging_dag' retrieved from /opt/airflow/dags/raw_to_staging_dag.py
[2025-05-22T16:47:43.782+0000] {logging_mixin.py:188} INFO - [2025-05-22T16:47:43.782+0000] {dag.py:3036} INFO - Sync 1 DAGs
[2025-05-22T16:47:43.791+0000] {logging_mixin.py:188} INFO - [2025-05-22T16:47:43.791+0000] {dag.py:3823} INFO - Setting next_dagrun for raw_to_staging_dag to 2025-05-22 00:00:00+00:00, run_after=2025-05-23 00:00:00+00:00
[2025-05-22T16:47:43.797+0000] {processor.py:183} INFO - Processing /opt/airflow/dags/raw_to_staging_dag.py took 0.118 seconds
[2025-05-22T16:48:14.337+0000] {processor.py:161} INFO - Started process (PID=31795) to work on /opt/airflow/dags/raw_to_staging_dag.py
[2025-05-22T16:48:14.338+0000] {processor.py:830} INFO - Processing file /opt/airflow/dags/raw_to_staging_dag.py for tasks to queue
[2025-05-22T16:48:14.338+0000] {logging_mixin.py:188} INFO - [2025-05-22T16:48:14.338+0000] {dagbag.py:538} INFO - Filling up the DagBag from /opt/airflow/dags/raw_to_staging_dag.py
[2025-05-22T16:48:14.347+0000] {logging_mixin.py:188} WARNING - /home/airflow/.local/lib/python3.9/site-packages/airflow/providers/common/sql/operators/sql.py:139 RemovedInAirflow3Warning: The 'task_concurrency' parameter is deprecated. Please use 'max_active_tis_per_dag'.
[2025-05-22T16:48:14.355+0000] {processor.py:840} INFO - DAG(s) 'raw_to_staging_dag' retrieved from /opt/airflow/dags/raw_to_staging_dag.py
[2025-05-22T16:48:14.368+0000] {logging_mixin.py:188} INFO - [2025-05-22T16:48:14.368+0000] {dag.py:3036} INFO - Sync 1 DAGs
[2025-05-22T16:48:14.379+0000] {logging_mixin.py:188} INFO - [2025-05-22T16:48:14.378+0000] {dag.py:3823} INFO - Setting next_dagrun for raw_to_staging_dag to 2025-05-22 00:00:00+00:00, run_after=2025-05-23 00:00:00+00:00
[2025-05-22T16:48:14.385+0000] {processor.py:183} INFO - Processing /opt/airflow/dags/raw_to_staging_dag.py took 0.050 seconds
[2025-05-22T16:48:44.876+0000] {processor.py:161} INFO - Started process (PID=31810) to work on /opt/airflow/dags/raw_to_staging_dag.py
[2025-05-22T16:48:44.877+0000] {processor.py:830} INFO - Processing file /opt/airflow/dags/raw_to_staging_dag.py for tasks to queue
[2025-05-22T16:48:44.877+0000] {logging_mixin.py:188} INFO - [2025-05-22T16:48:44.877+0000] {dagbag.py:538} INFO - Filling up the DagBag from /opt/airflow/dags/raw_to_staging_dag.py
[2025-05-22T16:48:44.884+0000] {logging_mixin.py:188} WARNING - /home/airflow/.local/lib/python3.9/site-packages/airflow/providers/common/sql/operators/sql.py:139 RemovedInAirflow3Warning: The 'task_concurrency' parameter is deprecated. Please use 'max_active_tis_per_dag'.
[2025-05-22T16:48:44.892+0000] {processor.py:840} INFO - DAG(s) 'raw_to_staging_dag' retrieved from /opt/airflow/dags/raw_to_staging_dag.py
[2025-05-22T16:48:44.904+0000] {logging_mixin.py:188} INFO - [2025-05-22T16:48:44.904+0000] {dag.py:3036} INFO - Sync 1 DAGs
[2025-05-22T16:48:44.915+0000] {logging_mixin.py:188} INFO - [2025-05-22T16:48:44.915+0000] {dag.py:3823} INFO - Setting next_dagrun for raw_to_staging_dag to 2025-05-22 00:00:00+00:00, run_after=2025-05-23 00:00:00+00:00
[2025-05-22T16:48:45.062+0000] {processor.py:183} INFO - Processing /opt/airflow/dags/raw_to_staging_dag.py took 0.188 seconds
[2025-05-22T16:49:15.614+0000] {processor.py:161} INFO - Started process (PID=31825) to work on /opt/airflow/dags/raw_to_staging_dag.py
[2025-05-22T16:49:15.615+0000] {processor.py:830} INFO - Processing file /opt/airflow/dags/raw_to_staging_dag.py for tasks to queue
[2025-05-22T16:49:15.615+0000] {logging_mixin.py:188} INFO - [2025-05-22T16:49:15.615+0000] {dagbag.py:538} INFO - Filling up the DagBag from /opt/airflow/dags/raw_to_staging_dag.py
[2025-05-22T16:49:15.621+0000] {logging_mixin.py:188} WARNING - /home/airflow/.local/lib/python3.9/site-packages/airflow/providers/common/sql/operators/sql.py:139 RemovedInAirflow3Warning: The 'task_concurrency' parameter is deprecated. Please use 'max_active_tis_per_dag'.
[2025-05-22T16:49:15.627+0000] {processor.py:840} INFO - DAG(s) 'raw_to_staging_dag' retrieved from /opt/airflow/dags/raw_to_staging_dag.py
[2025-05-22T16:49:15.639+0000] {logging_mixin.py:188} INFO - [2025-05-22T16:49:15.639+0000] {dag.py:3036} INFO - Sync 1 DAGs
[2025-05-22T16:49:15.718+0000] {logging_mixin.py:188} INFO - [2025-05-22T16:49:15.718+0000] {dag.py:3823} INFO - Setting next_dagrun for raw_to_staging_dag to 2025-05-22 00:00:00+00:00, run_after=2025-05-23 00:00:00+00:00
[2025-05-22T16:49:15.725+0000] {processor.py:183} INFO - Processing /opt/airflow/dags/raw_to_staging_dag.py took 0.113 seconds
[2025-05-22T16:49:46.367+0000] {processor.py:161} INFO - Started process (PID=31840) to work on /opt/airflow/dags/raw_to_staging_dag.py
[2025-05-22T16:49:46.368+0000] {processor.py:830} INFO - Processing file /opt/airflow/dags/raw_to_staging_dag.py for tasks to queue
[2025-05-22T16:49:46.368+0000] {logging_mixin.py:188} INFO - [2025-05-22T16:49:46.368+0000] {dagbag.py:538} INFO - Filling up the DagBag from /opt/airflow/dags/raw_to_staging_dag.py
[2025-05-22T16:49:46.378+0000] {logging_mixin.py:188} WARNING - /home/airflow/.local/lib/python3.9/site-packages/airflow/providers/common/sql/operators/sql.py:139 RemovedInAirflow3Warning: The 'task_concurrency' parameter is deprecated. Please use 'max_active_tis_per_dag'.
[2025-05-22T16:49:46.384+0000] {processor.py:840} INFO - DAG(s) 'raw_to_staging_dag' retrieved from /opt/airflow/dags/raw_to_staging_dag.py
[2025-05-22T16:49:46.463+0000] {logging_mixin.py:188} INFO - [2025-05-22T16:49:46.463+0000] {dag.py:3036} INFO - Sync 1 DAGs
[2025-05-22T16:49:46.473+0000] {logging_mixin.py:188} INFO - [2025-05-22T16:49:46.473+0000] {dag.py:3823} INFO - Setting next_dagrun for raw_to_staging_dag to 2025-05-22 00:00:00+00:00, run_after=2025-05-23 00:00:00+00:00
[2025-05-22T16:49:46.480+0000] {processor.py:183} INFO - Processing /opt/airflow/dags/raw_to_staging_dag.py took 0.114 seconds
[2025-05-22T16:50:17.101+0000] {processor.py:161} INFO - Started process (PID=31855) to work on /opt/airflow/dags/raw_to_staging_dag.py
[2025-05-22T16:50:17.102+0000] {processor.py:830} INFO - Processing file /opt/airflow/dags/raw_to_staging_dag.py for tasks to queue
[2025-05-22T16:50:17.103+0000] {logging_mixin.py:188} INFO - [2025-05-22T16:50:17.102+0000] {dagbag.py:538} INFO - Filling up the DagBag from /opt/airflow/dags/raw_to_staging_dag.py
[2025-05-22T16:50:17.109+0000] {logging_mixin.py:188} WARNING - /home/airflow/.local/lib/python3.9/site-packages/airflow/providers/common/sql/operators/sql.py:139 RemovedInAirflow3Warning: The 'task_concurrency' parameter is deprecated. Please use 'max_active_tis_per_dag'.
[2025-05-22T16:50:17.188+0000] {processor.py:840} INFO - DAG(s) 'raw_to_staging_dag' retrieved from /opt/airflow/dags/raw_to_staging_dag.py
[2025-05-22T16:50:17.200+0000] {logging_mixin.py:188} INFO - [2025-05-22T16:50:17.199+0000] {dag.py:3036} INFO - Sync 1 DAGs
[2025-05-22T16:50:17.212+0000] {logging_mixin.py:188} INFO - [2025-05-22T16:50:17.212+0000] {dag.py:3823} INFO - Setting next_dagrun for raw_to_staging_dag to 2025-05-22 00:00:00+00:00, run_after=2025-05-23 00:00:00+00:00
[2025-05-22T16:50:17.219+0000] {processor.py:183} INFO - Processing /opt/airflow/dags/raw_to_staging_dag.py took 0.119 seconds
[2025-05-22T16:50:47.671+0000] {processor.py:161} INFO - Started process (PID=31870) to work on /opt/airflow/dags/raw_to_staging_dag.py
[2025-05-22T16:50:47.672+0000] {processor.py:830} INFO - Processing file /opt/airflow/dags/raw_to_staging_dag.py for tasks to queue
[2025-05-22T16:50:47.672+0000] {logging_mixin.py:188} INFO - [2025-05-22T16:50:47.672+0000] {dagbag.py:538} INFO - Filling up the DagBag from /opt/airflow/dags/raw_to_staging_dag.py
[2025-05-22T16:50:47.680+0000] {logging_mixin.py:188} WARNING - /home/airflow/.local/lib/python3.9/site-packages/airflow/providers/common/sql/operators/sql.py:139 RemovedInAirflow3Warning: The 'task_concurrency' parameter is deprecated. Please use 'max_active_tis_per_dag'.
[2025-05-22T16:50:47.686+0000] {processor.py:840} INFO - DAG(s) 'raw_to_staging_dag' retrieved from /opt/airflow/dags/raw_to_staging_dag.py
[2025-05-22T16:50:47.698+0000] {logging_mixin.py:188} INFO - [2025-05-22T16:50:47.698+0000] {dag.py:3036} INFO - Sync 1 DAGs
[2025-05-22T16:50:47.709+0000] {logging_mixin.py:188} INFO - [2025-05-22T16:50:47.708+0000] {dag.py:3823} INFO - Setting next_dagrun for raw_to_staging_dag to 2025-05-22 00:00:00+00:00, run_after=2025-05-23 00:00:00+00:00
[2025-05-22T16:50:47.718+0000] {processor.py:183} INFO - Processing /opt/airflow/dags/raw_to_staging_dag.py took 0.049 seconds
[2025-05-22T16:51:18.248+0000] {processor.py:161} INFO - Started process (PID=31885) to work on /opt/airflow/dags/raw_to_staging_dag.py
[2025-05-22T16:51:18.249+0000] {processor.py:830} INFO - Processing file /opt/airflow/dags/raw_to_staging_dag.py for tasks to queue
[2025-05-22T16:51:18.249+0000] {logging_mixin.py:188} INFO - [2025-05-22T16:51:18.249+0000] {dagbag.py:538} INFO - Filling up the DagBag from /opt/airflow/dags/raw_to_staging_dag.py
[2025-05-22T16:51:18.258+0000] {logging_mixin.py:188} WARNING - /home/airflow/.local/lib/python3.9/site-packages/airflow/providers/common/sql/operators/sql.py:139 RemovedInAirflow3Warning: The 'task_concurrency' parameter is deprecated. Please use 'max_active_tis_per_dag'.
[2025-05-22T16:51:18.264+0000] {processor.py:840} INFO - DAG(s) 'raw_to_staging_dag' retrieved from /opt/airflow/dags/raw_to_staging_dag.py
[2025-05-22T16:51:18.277+0000] {logging_mixin.py:188} INFO - [2025-05-22T16:51:18.277+0000] {dag.py:3036} INFO - Sync 1 DAGs
[2025-05-22T16:51:18.291+0000] {logging_mixin.py:188} INFO - [2025-05-22T16:51:18.291+0000] {dag.py:3823} INFO - Setting next_dagrun for raw_to_staging_dag to 2025-05-22 00:00:00+00:00, run_after=2025-05-23 00:00:00+00:00
[2025-05-22T16:51:18.451+0000] {processor.py:183} INFO - Processing /opt/airflow/dags/raw_to_staging_dag.py took 0.204 seconds
[2025-05-22T16:51:48.973+0000] {processor.py:161} INFO - Started process (PID=31900) to work on /opt/airflow/dags/raw_to_staging_dag.py
[2025-05-22T16:51:48.974+0000] {processor.py:830} INFO - Processing file /opt/airflow/dags/raw_to_staging_dag.py for tasks to queue
[2025-05-22T16:51:48.974+0000] {logging_mixin.py:188} INFO - [2025-05-22T16:51:48.974+0000] {dagbag.py:538} INFO - Filling up the DagBag from /opt/airflow/dags/raw_to_staging_dag.py
[2025-05-22T16:51:48.981+0000] {logging_mixin.py:188} WARNING - /home/airflow/.local/lib/python3.9/site-packages/airflow/providers/common/sql/operators/sql.py:139 RemovedInAirflow3Warning: The 'task_concurrency' parameter is deprecated. Please use 'max_active_tis_per_dag'.
[2025-05-22T16:51:48.988+0000] {processor.py:840} INFO - DAG(s) 'raw_to_staging_dag' retrieved from /opt/airflow/dags/raw_to_staging_dag.py
[2025-05-22T16:51:49.001+0000] {logging_mixin.py:188} INFO - [2025-05-22T16:51:49.001+0000] {dag.py:3036} INFO - Sync 1 DAGs
[2025-05-22T16:51:49.081+0000] {logging_mixin.py:188} INFO - [2025-05-22T16:51:49.081+0000] {dag.py:3823} INFO - Setting next_dagrun for raw_to_staging_dag to 2025-05-22 00:00:00+00:00, run_after=2025-05-23 00:00:00+00:00
[2025-05-22T16:51:49.088+0000] {processor.py:183} INFO - Processing /opt/airflow/dags/raw_to_staging_dag.py took 0.117 seconds
[2025-05-22T16:52:19.691+0000] {processor.py:161} INFO - Started process (PID=31915) to work on /opt/airflow/dags/raw_to_staging_dag.py
[2025-05-22T16:52:19.692+0000] {processor.py:830} INFO - Processing file /opt/airflow/dags/raw_to_staging_dag.py for tasks to queue
[2025-05-22T16:52:19.692+0000] {logging_mixin.py:188} INFO - [2025-05-22T16:52:19.692+0000] {dagbag.py:538} INFO - Filling up the DagBag from /opt/airflow/dags/raw_to_staging_dag.py
[2025-05-22T16:52:19.699+0000] {logging_mixin.py:188} WARNING - /home/airflow/.local/lib/python3.9/site-packages/airflow/providers/common/sql/operators/sql.py:139 RemovedInAirflow3Warning: The 'task_concurrency' parameter is deprecated. Please use 'max_active_tis_per_dag'.
[2025-05-22T16:52:19.706+0000] {processor.py:840} INFO - DAG(s) 'raw_to_staging_dag' retrieved from /opt/airflow/dags/raw_to_staging_dag.py
[2025-05-22T16:52:19.788+0000] {logging_mixin.py:188} INFO - [2025-05-22T16:52:19.788+0000] {dag.py:3036} INFO - Sync 1 DAGs
[2025-05-22T16:52:19.798+0000] {logging_mixin.py:188} INFO - [2025-05-22T16:52:19.798+0000] {dag.py:3823} INFO - Setting next_dagrun for raw_to_staging_dag to 2025-05-22 00:00:00+00:00, run_after=2025-05-23 00:00:00+00:00
[2025-05-22T16:52:19.804+0000] {processor.py:183} INFO - Processing /opt/airflow/dags/raw_to_staging_dag.py took 0.115 seconds
[2025-05-22T16:52:50.403+0000] {processor.py:161} INFO - Started process (PID=31930) to work on /opt/airflow/dags/raw_to_staging_dag.py
[2025-05-22T16:52:50.404+0000] {processor.py:830} INFO - Processing file /opt/airflow/dags/raw_to_staging_dag.py for tasks to queue
[2025-05-22T16:52:50.405+0000] {logging_mixin.py:188} INFO - [2025-05-22T16:52:50.404+0000] {dagbag.py:538} INFO - Filling up the DagBag from /opt/airflow/dags/raw_to_staging_dag.py
[2025-05-22T16:52:50.412+0000] {logging_mixin.py:188} WARNING - /home/airflow/.local/lib/python3.9/site-packages/airflow/providers/common/sql/operators/sql.py:139 RemovedInAirflow3Warning: The 'task_concurrency' parameter is deprecated. Please use 'max_active_tis_per_dag'.
[2025-05-22T16:52:50.494+0000] {processor.py:840} INFO - DAG(s) 'raw_to_staging_dag' retrieved from /opt/airflow/dags/raw_to_staging_dag.py
[2025-05-22T16:52:50.505+0000] {logging_mixin.py:188} INFO - [2025-05-22T16:52:50.505+0000] {dag.py:3036} INFO - Sync 1 DAGs
[2025-05-22T16:52:50.514+0000] {logging_mixin.py:188} INFO - [2025-05-22T16:52:50.514+0000] {dag.py:3823} INFO - Setting next_dagrun for raw_to_staging_dag to 2025-05-22 00:00:00+00:00, run_after=2025-05-23 00:00:00+00:00
[2025-05-22T16:52:50.521+0000] {processor.py:183} INFO - Processing /opt/airflow/dags/raw_to_staging_dag.py took 0.120 seconds
[2025-05-22T16:53:20.887+0000] {processor.py:161} INFO - Started process (PID=31945) to work on /opt/airflow/dags/raw_to_staging_dag.py
[2025-05-22T16:53:20.887+0000] {processor.py:830} INFO - Processing file /opt/airflow/dags/raw_to_staging_dag.py for tasks to queue
[2025-05-22T16:53:20.888+0000] {logging_mixin.py:188} INFO - [2025-05-22T16:53:20.887+0000] {dagbag.py:538} INFO - Filling up the DagBag from /opt/airflow/dags/raw_to_staging_dag.py
[2025-05-22T16:53:20.899+0000] {logging_mixin.py:188} WARNING - /home/airflow/.local/lib/python3.9/site-packages/airflow/providers/common/sql/operators/sql.py:139 RemovedInAirflow3Warning: The 'task_concurrency' parameter is deprecated. Please use 'max_active_tis_per_dag'.
[2025-05-22T16:53:20.906+0000] {processor.py:840} INFO - DAG(s) 'raw_to_staging_dag' retrieved from /opt/airflow/dags/raw_to_staging_dag.py
[2025-05-22T16:53:20.918+0000] {logging_mixin.py:188} INFO - [2025-05-22T16:53:20.918+0000] {dag.py:3036} INFO - Sync 1 DAGs
[2025-05-22T16:53:20.929+0000] {logging_mixin.py:188} INFO - [2025-05-22T16:53:20.928+0000] {dag.py:3823} INFO - Setting next_dagrun for raw_to_staging_dag to 2025-05-22 00:00:00+00:00, run_after=2025-05-23 00:00:00+00:00
[2025-05-22T16:53:20.936+0000] {processor.py:183} INFO - Processing /opt/airflow/dags/raw_to_staging_dag.py took 0.051 seconds
[2025-05-22T16:53:51.474+0000] {processor.py:161} INFO - Started process (PID=31960) to work on /opt/airflow/dags/raw_to_staging_dag.py
[2025-05-22T16:53:51.475+0000] {processor.py:830} INFO - Processing file /opt/airflow/dags/raw_to_staging_dag.py for tasks to queue
[2025-05-22T16:53:51.475+0000] {logging_mixin.py:188} INFO - [2025-05-22T16:53:51.475+0000] {dagbag.py:538} INFO - Filling up the DagBag from /opt/airflow/dags/raw_to_staging_dag.py
[2025-05-22T16:53:51.484+0000] {logging_mixin.py:188} WARNING - /home/airflow/.local/lib/python3.9/site-packages/airflow/providers/common/sql/operators/sql.py:139 RemovedInAirflow3Warning: The 'task_concurrency' parameter is deprecated. Please use 'max_active_tis_per_dag'.
[2025-05-22T16:53:51.490+0000] {processor.py:840} INFO - DAG(s) 'raw_to_staging_dag' retrieved from /opt/airflow/dags/raw_to_staging_dag.py
[2025-05-22T16:53:51.502+0000] {logging_mixin.py:188} INFO - [2025-05-22T16:53:51.502+0000] {dag.py:3036} INFO - Sync 1 DAGs
[2025-05-22T16:53:51.513+0000] {logging_mixin.py:188} INFO - [2025-05-22T16:53:51.513+0000] {dag.py:3823} INFO - Setting next_dagrun for raw_to_staging_dag to 2025-05-22 00:00:00+00:00, run_after=2025-05-23 00:00:00+00:00
[2025-05-22T16:53:51.675+0000] {processor.py:183} INFO - Processing /opt/airflow/dags/raw_to_staging_dag.py took 0.202 seconds
[2025-05-22T16:54:22.254+0000] {processor.py:161} INFO - Started process (PID=31975) to work on /opt/airflow/dags/raw_to_staging_dag.py
[2025-05-22T16:54:22.254+0000] {processor.py:830} INFO - Processing file /opt/airflow/dags/raw_to_staging_dag.py for tasks to queue
[2025-05-22T16:54:22.255+0000] {logging_mixin.py:188} INFO - [2025-05-22T16:54:22.255+0000] {dagbag.py:538} INFO - Filling up the DagBag from /opt/airflow/dags/raw_to_staging_dag.py
[2025-05-22T16:54:22.262+0000] {logging_mixin.py:188} WARNING - /home/airflow/.local/lib/python3.9/site-packages/airflow/providers/common/sql/operators/sql.py:139 RemovedInAirflow3Warning: The 'task_concurrency' parameter is deprecated. Please use 'max_active_tis_per_dag'.
[2025-05-22T16:54:22.268+0000] {processor.py:840} INFO - DAG(s) 'raw_to_staging_dag' retrieved from /opt/airflow/dags/raw_to_staging_dag.py
[2025-05-22T16:54:22.280+0000] {logging_mixin.py:188} INFO - [2025-05-22T16:54:22.280+0000] {dag.py:3036} INFO - Sync 1 DAGs
[2025-05-22T16:54:22.359+0000] {logging_mixin.py:188} INFO - [2025-05-22T16:54:22.359+0000] {dag.py:3823} INFO - Setting next_dagrun for raw_to_staging_dag to 2025-05-22 00:00:00+00:00, run_after=2025-05-23 00:00:00+00:00
[2025-05-22T16:54:22.369+0000] {processor.py:183} INFO - Processing /opt/airflow/dags/raw_to_staging_dag.py took 0.117 seconds
[2025-05-22T16:54:52.970+0000] {processor.py:161} INFO - Started process (PID=31990) to work on /opt/airflow/dags/raw_to_staging_dag.py
[2025-05-22T16:54:52.971+0000] {processor.py:830} INFO - Processing file /opt/airflow/dags/raw_to_staging_dag.py for tasks to queue
[2025-05-22T16:54:52.971+0000] {logging_mixin.py:188} INFO - [2025-05-22T16:54:52.971+0000] {dagbag.py:538} INFO - Filling up the DagBag from /opt/airflow/dags/raw_to_staging_dag.py
[2025-05-22T16:54:52.977+0000] {logging_mixin.py:188} WARNING - /home/airflow/.local/lib/python3.9/site-packages/airflow/providers/common/sql/operators/sql.py:139 RemovedInAirflow3Warning: The 'task_concurrency' parameter is deprecated. Please use 'max_active_tis_per_dag'.
[2025-05-22T16:54:52.984+0000] {processor.py:840} INFO - DAG(s) 'raw_to_staging_dag' retrieved from /opt/airflow/dags/raw_to_staging_dag.py
[2025-05-22T16:54:52.995+0000] {logging_mixin.py:188} INFO - [2025-05-22T16:54:52.995+0000] {dag.py:3036} INFO - Sync 1 DAGs
[2025-05-22T16:54:53.064+0000] {logging_mixin.py:188} INFO - [2025-05-22T16:54:53.064+0000] {dag.py:3823} INFO - Setting next_dagrun for raw_to_staging_dag to 2025-05-22 00:00:00+00:00, run_after=2025-05-23 00:00:00+00:00
[2025-05-22T16:54:53.070+0000] {processor.py:183} INFO - Processing /opt/airflow/dags/raw_to_staging_dag.py took 0.101 seconds
[2025-05-22T16:55:23.624+0000] {processor.py:161} INFO - Started process (PID=32005) to work on /opt/airflow/dags/raw_to_staging_dag.py
[2025-05-22T16:55:23.624+0000] {processor.py:830} INFO - Processing file /opt/airflow/dags/raw_to_staging_dag.py for tasks to queue
[2025-05-22T16:55:23.624+0000] {logging_mixin.py:188} INFO - [2025-05-22T16:55:23.624+0000] {dagbag.py:538} INFO - Filling up the DagBag from /opt/airflow/dags/raw_to_staging_dag.py
[2025-05-22T16:55:23.631+0000] {logging_mixin.py:188} WARNING - /home/airflow/.local/lib/python3.9/site-packages/airflow/providers/common/sql/operators/sql.py:139 RemovedInAirflow3Warning: The 'task_concurrency' parameter is deprecated. Please use 'max_active_tis_per_dag'.
[2025-05-22T16:55:23.705+0000] {processor.py:840} INFO - DAG(s) 'raw_to_staging_dag' retrieved from /opt/airflow/dags/raw_to_staging_dag.py
[2025-05-22T16:55:23.715+0000] {logging_mixin.py:188} INFO - [2025-05-22T16:55:23.715+0000] {dag.py:3036} INFO - Sync 1 DAGs
[2025-05-22T16:55:23.724+0000] {logging_mixin.py:188} INFO - [2025-05-22T16:55:23.724+0000] {dag.py:3823} INFO - Setting next_dagrun for raw_to_staging_dag to 2025-05-22 00:00:00+00:00, run_after=2025-05-23 00:00:00+00:00
[2025-05-22T16:55:23.733+0000] {processor.py:183} INFO - Processing /opt/airflow/dags/raw_to_staging_dag.py took 0.111 seconds
[2025-05-22T17:11:10.710+0000] {processor.py:161} INFO - Started process (PID=32022) to work on /opt/airflow/dags/raw_to_staging_dag.py
[2025-05-22T17:11:10.711+0000] {processor.py:830} INFO - Processing file /opt/airflow/dags/raw_to_staging_dag.py for tasks to queue
[2025-05-22T17:11:10.711+0000] {logging_mixin.py:188} INFO - [2025-05-22T17:11:10.711+0000] {dagbag.py:538} INFO - Filling up the DagBag from /opt/airflow/dags/raw_to_staging_dag.py
[2025-05-22T17:11:10.727+0000] {logging_mixin.py:188} WARNING - /home/airflow/.local/lib/python3.9/site-packages/airflow/providers/common/sql/operators/sql.py:139 RemovedInAirflow3Warning: The 'task_concurrency' parameter is deprecated. Please use 'max_active_tis_per_dag'.
[2025-05-22T17:11:10.742+0000] {processor.py:840} INFO - DAG(s) 'raw_to_staging_dag' retrieved from /opt/airflow/dags/raw_to_staging_dag.py
[2025-05-22T17:11:10.769+0000] {logging_mixin.py:188} INFO - [2025-05-22T17:11:10.769+0000] {dag.py:3036} INFO - Sync 1 DAGs
[2025-05-22T17:11:10.798+0000] {logging_mixin.py:188} INFO - [2025-05-22T17:11:10.798+0000] {dag.py:3823} INFO - Setting next_dagrun for raw_to_staging_dag to 2025-05-22 00:00:00+00:00, run_after=2025-05-23 00:00:00+00:00
[2025-05-22T17:11:10.826+0000] {processor.py:183} INFO - Processing /opt/airflow/dags/raw_to_staging_dag.py took 0.119 seconds
[2025-05-22T18:02:04.245+0000] {processor.py:161} INFO - Started process (PID=32037) to work on /opt/airflow/dags/raw_to_staging_dag.py
[2025-05-22T18:02:04.246+0000] {processor.py:830} INFO - Processing file /opt/airflow/dags/raw_to_staging_dag.py for tasks to queue
[2025-05-22T18:02:04.247+0000] {logging_mixin.py:188} INFO - [2025-05-22T18:02:04.246+0000] {dagbag.py:538} INFO - Filling up the DagBag from /opt/airflow/dags/raw_to_staging_dag.py
[2025-05-22T18:02:04.275+0000] {logging_mixin.py:188} WARNING - /home/airflow/.local/lib/python3.9/site-packages/airflow/providers/common/sql/operators/sql.py:139 RemovedInAirflow3Warning: The 'task_concurrency' parameter is deprecated. Please use 'max_active_tis_per_dag'.
[2025-05-22T18:02:04.291+0000] {processor.py:840} INFO - DAG(s) 'raw_to_staging_dag' retrieved from /opt/airflow/dags/raw_to_staging_dag.py
[2025-05-22T18:02:04.324+0000] {logging_mixin.py:188} INFO - [2025-05-22T18:02:04.324+0000] {dag.py:3036} INFO - Sync 1 DAGs
[2025-05-22T18:02:04.361+0000] {logging_mixin.py:188} INFO - [2025-05-22T18:02:04.361+0000] {dag.py:3823} INFO - Setting next_dagrun for raw_to_staging_dag to 2025-05-22 00:00:00+00:00, run_after=2025-05-23 00:00:00+00:00
[2025-05-22T18:02:04.738+0000] {processor.py:183} INFO - Processing /opt/airflow/dags/raw_to_staging_dag.py took 0.497 seconds
[2025-05-22T18:20:26.676+0000] {processor.py:161} INFO - Started process (PID=32054) to work on /opt/airflow/dags/raw_to_staging_dag.py
[2025-05-22T18:20:26.677+0000] {processor.py:830} INFO - Processing file /opt/airflow/dags/raw_to_staging_dag.py for tasks to queue
[2025-05-22T18:20:26.677+0000] {logging_mixin.py:188} INFO - [2025-05-22T18:20:26.677+0000] {dagbag.py:538} INFO - Filling up the DagBag from /opt/airflow/dags/raw_to_staging_dag.py
[2025-05-22T18:20:26.684+0000] {logging_mixin.py:188} WARNING - /home/airflow/.local/lib/python3.9/site-packages/airflow/providers/common/sql/operators/sql.py:139 RemovedInAirflow3Warning: The 'task_concurrency' parameter is deprecated. Please use 'max_active_tis_per_dag'.
[2025-05-22T18:20:26.689+0000] {processor.py:840} INFO - DAG(s) 'raw_to_staging_dag' retrieved from /opt/airflow/dags/raw_to_staging_dag.py
[2025-05-22T18:20:26.705+0000] {logging_mixin.py:188} INFO - [2025-05-22T18:20:26.705+0000] {dag.py:3036} INFO - Sync 1 DAGs
[2025-05-22T18:20:26.883+0000] {logging_mixin.py:188} INFO - [2025-05-22T18:20:26.882+0000] {dag.py:3823} INFO - Setting next_dagrun for raw_to_staging_dag to 2025-05-22 00:00:00+00:00, run_after=2025-05-23 00:00:00+00:00
[2025-05-22T18:20:26.895+0000] {processor.py:183} INFO - Processing /opt/airflow/dags/raw_to_staging_dag.py took 0.220 seconds
[2025-05-22T18:53:48.602+0000] {processor.py:161} INFO - Started process (PID=32069) to work on /opt/airflow/dags/raw_to_staging_dag.py
[2025-05-22T18:53:48.603+0000] {processor.py:830} INFO - Processing file /opt/airflow/dags/raw_to_staging_dag.py for tasks to queue
[2025-05-22T18:53:48.604+0000] {logging_mixin.py:188} INFO - [2025-05-22T18:53:48.604+0000] {dagbag.py:538} INFO - Filling up the DagBag from /opt/airflow/dags/raw_to_staging_dag.py
[2025-05-22T18:53:48.619+0000] {logging_mixin.py:188} WARNING - /home/airflow/.local/lib/python3.9/site-packages/airflow/providers/common/sql/operators/sql.py:139 RemovedInAirflow3Warning: The 'task_concurrency' parameter is deprecated. Please use 'max_active_tis_per_dag'.
[2025-05-22T18:53:48.633+0000] {processor.py:840} INFO - DAG(s) 'raw_to_staging_dag' retrieved from /opt/airflow/dags/raw_to_staging_dag.py
[2025-05-22T18:53:48.784+0000] {logging_mixin.py:188} INFO - [2025-05-22T18:53:48.783+0000] {dag.py:3036} INFO - Sync 1 DAGs
[2025-05-22T18:53:48.808+0000] {logging_mixin.py:188} INFO - [2025-05-22T18:53:48.807+0000] {dag.py:3823} INFO - Setting next_dagrun for raw_to_staging_dag to 2025-05-22 00:00:00+00:00, run_after=2025-05-23 00:00:00+00:00
[2025-05-22T18:53:48.827+0000] {processor.py:183} INFO - Processing /opt/airflow/dags/raw_to_staging_dag.py took 0.231 seconds
[2025-05-22T19:11:50.936+0000] {processor.py:161} INFO - Started process (PID=32084) to work on /opt/airflow/dags/raw_to_staging_dag.py
[2025-05-22T19:11:50.937+0000] {processor.py:830} INFO - Processing file /opt/airflow/dags/raw_to_staging_dag.py for tasks to queue
[2025-05-22T19:11:50.937+0000] {logging_mixin.py:188} INFO - [2025-05-22T19:11:50.937+0000] {dagbag.py:538} INFO - Filling up the DagBag from /opt/airflow/dags/raw_to_staging_dag.py
[2025-05-22T19:11:50.945+0000] {logging_mixin.py:188} WARNING - /home/airflow/.local/lib/python3.9/site-packages/airflow/providers/common/sql/operators/sql.py:139 RemovedInAirflow3Warning: The 'task_concurrency' parameter is deprecated. Please use 'max_active_tis_per_dag'.
[2025-05-22T19:11:51.017+0000] {processor.py:840} INFO - DAG(s) 'raw_to_staging_dag' retrieved from /opt/airflow/dags/raw_to_staging_dag.py
[2025-05-22T19:11:51.029+0000] {logging_mixin.py:188} INFO - [2025-05-22T19:11:51.029+0000] {dag.py:3036} INFO - Sync 1 DAGs
[2025-05-22T19:11:51.037+0000] {logging_mixin.py:188} INFO - [2025-05-22T19:11:51.037+0000] {dag.py:3823} INFO - Setting next_dagrun for raw_to_staging_dag to 2025-05-22 00:00:00+00:00, run_after=2025-05-23 00:00:00+00:00
[2025-05-22T19:11:51.045+0000] {processor.py:183} INFO - Processing /opt/airflow/dags/raw_to_staging_dag.py took 0.111 seconds
[2025-05-22T19:29:49.476+0000] {processor.py:161} INFO - Started process (PID=32099) to work on /opt/airflow/dags/raw_to_staging_dag.py
[2025-05-22T19:29:49.480+0000] {processor.py:830} INFO - Processing file /opt/airflow/dags/raw_to_staging_dag.py for tasks to queue
[2025-05-22T19:29:49.482+0000] {logging_mixin.py:188} INFO - [2025-05-22T19:29:49.482+0000] {dagbag.py:538} INFO - Filling up the DagBag from /opt/airflow/dags/raw_to_staging_dag.py
[2025-05-22T19:29:49.503+0000] {logging_mixin.py:188} WARNING - /home/airflow/.local/lib/python3.9/site-packages/airflow/providers/common/sql/operators/sql.py:139 RemovedInAirflow3Warning: The 'task_concurrency' parameter is deprecated. Please use 'max_active_tis_per_dag'.
[2025-05-22T19:29:49.522+0000] {processor.py:840} INFO - DAG(s) 'raw_to_staging_dag' retrieved from /opt/airflow/dags/raw_to_staging_dag.py
[2025-05-22T19:29:49.557+0000] {logging_mixin.py:188} INFO - [2025-05-22T19:29:49.557+0000] {dag.py:3036} INFO - Sync 1 DAGs
[2025-05-22T19:29:49.586+0000] {logging_mixin.py:188} INFO - [2025-05-22T19:29:49.586+0000] {dag.py:3823} INFO - Setting next_dagrun for raw_to_staging_dag to 2025-05-22 00:00:00+00:00, run_after=2025-05-23 00:00:00+00:00
[2025-05-22T19:29:49.617+0000] {processor.py:183} INFO - Processing /opt/airflow/dags/raw_to_staging_dag.py took 0.152 seconds
[2025-05-22T20:28:34.616+0000] {processor.py:161} INFO - Started process (PID=32114) to work on /opt/airflow/dags/raw_to_staging_dag.py
[2025-05-22T20:28:34.618+0000] {processor.py:830} INFO - Processing file /opt/airflow/dags/raw_to_staging_dag.py for tasks to queue
[2025-05-22T20:28:34.619+0000] {logging_mixin.py:188} INFO - [2025-05-22T20:28:34.618+0000] {dagbag.py:538} INFO - Filling up the DagBag from /opt/airflow/dags/raw_to_staging_dag.py
[2025-05-22T20:28:34.640+0000] {logging_mixin.py:188} WARNING - /home/airflow/.local/lib/python3.9/site-packages/airflow/providers/common/sql/operators/sql.py:139 RemovedInAirflow3Warning: The 'task_concurrency' parameter is deprecated. Please use 'max_active_tis_per_dag'.
[2025-05-22T20:28:34.664+0000] {processor.py:840} INFO - DAG(s) 'raw_to_staging_dag' retrieved from /opt/airflow/dags/raw_to_staging_dag.py
[2025-05-22T20:28:34.739+0000] {logging_mixin.py:188} INFO - [2025-05-22T20:28:34.738+0000] {dag.py:3036} INFO - Sync 1 DAGs
[2025-05-22T20:28:34.922+0000] {logging_mixin.py:188} INFO - [2025-05-22T20:28:34.922+0000] {dag.py:3823} INFO - Setting next_dagrun for raw_to_staging_dag to 2025-05-22 00:00:00+00:00, run_after=2025-05-23 00:00:00+00:00
[2025-05-22T20:28:34.930+0000] {processor.py:183} INFO - Processing /opt/airflow/dags/raw_to_staging_dag.py took 0.319 seconds
[2025-05-22T21:13:14.790+0000] {processor.py:161} INFO - Started process (PID=32129) to work on /opt/airflow/dags/raw_to_staging_dag.py
[2025-05-22T21:13:14.792+0000] {processor.py:830} INFO - Processing file /opt/airflow/dags/raw_to_staging_dag.py for tasks to queue
[2025-05-22T21:13:14.795+0000] {logging_mixin.py:188} INFO - [2025-05-22T21:13:14.794+0000] {dagbag.py:538} INFO - Filling up the DagBag from /opt/airflow/dags/raw_to_staging_dag.py
[2025-05-22T21:13:14.825+0000] {logging_mixin.py:188} WARNING - /home/airflow/.local/lib/python3.9/site-packages/airflow/providers/common/sql/operators/sql.py:139 RemovedInAirflow3Warning: The 'task_concurrency' parameter is deprecated. Please use 'max_active_tis_per_dag'.
[2025-05-22T21:13:14.848+0000] {processor.py:840} INFO - DAG(s) 'raw_to_staging_dag' retrieved from /opt/airflow/dags/raw_to_staging_dag.py
[2025-05-22T21:13:14.889+0000] {logging_mixin.py:188} INFO - [2025-05-22T21:13:14.889+0000] {dag.py:3036} INFO - Sync 1 DAGs
[2025-05-22T21:13:15.055+0000] {logging_mixin.py:188} INFO - [2025-05-22T21:13:15.054+0000] {dag.py:3823} INFO - Setting next_dagrun for raw_to_staging_dag to 2025-05-22 00:00:00+00:00, run_after=2025-05-23 00:00:00+00:00
[2025-05-22T21:13:15.114+0000] {processor.py:183} INFO - Processing /opt/airflow/dags/raw_to_staging_dag.py took 0.335 seconds
[2025-05-22T21:13:45.552+0000] {processor.py:161} INFO - Started process (PID=32144) to work on /opt/airflow/dags/raw_to_staging_dag.py
[2025-05-22T21:13:45.552+0000] {processor.py:830} INFO - Processing file /opt/airflow/dags/raw_to_staging_dag.py for tasks to queue
[2025-05-22T21:13:45.553+0000] {logging_mixin.py:188} INFO - [2025-05-22T21:13:45.553+0000] {dagbag.py:538} INFO - Filling up the DagBag from /opt/airflow/dags/raw_to_staging_dag.py
[2025-05-22T21:13:45.565+0000] {logging_mixin.py:188} WARNING - /home/airflow/.local/lib/python3.9/site-packages/airflow/providers/common/sql/operators/sql.py:139 RemovedInAirflow3Warning: The 'task_concurrency' parameter is deprecated. Please use 'max_active_tis_per_dag'.
[2025-05-22T21:13:45.578+0000] {processor.py:840} INFO - DAG(s) 'raw_to_staging_dag' retrieved from /opt/airflow/dags/raw_to_staging_dag.py
[2025-05-22T21:13:45.720+0000] {logging_mixin.py:188} INFO - [2025-05-22T21:13:45.720+0000] {dag.py:3036} INFO - Sync 1 DAGs
[2025-05-22T21:13:45.730+0000] {logging_mixin.py:188} INFO - [2025-05-22T21:13:45.730+0000] {dag.py:3823} INFO - Setting next_dagrun for raw_to_staging_dag to 2025-05-22 00:00:00+00:00, run_after=2025-05-23 00:00:00+00:00
[2025-05-22T21:13:45.738+0000] {processor.py:183} INFO - Processing /opt/airflow/dags/raw_to_staging_dag.py took 0.193 seconds
[2025-05-22T21:59:06.544+0000] {processor.py:161} INFO - Started process (PID=32159) to work on /opt/airflow/dags/raw_to_staging_dag.py
[2025-05-22T21:59:06.545+0000] {processor.py:830} INFO - Processing file /opt/airflow/dags/raw_to_staging_dag.py for tasks to queue
[2025-05-22T21:59:06.546+0000] {logging_mixin.py:188} INFO - [2025-05-22T21:59:06.545+0000] {dagbag.py:538} INFO - Filling up the DagBag from /opt/airflow/dags/raw_to_staging_dag.py
[2025-05-22T21:59:06.698+0000] {logging_mixin.py:188} WARNING - /home/airflow/.local/lib/python3.9/site-packages/airflow/providers/common/sql/operators/sql.py:139 RemovedInAirflow3Warning: The 'task_concurrency' parameter is deprecated. Please use 'max_active_tis_per_dag'.
[2025-05-22T21:59:06.705+0000] {processor.py:840} INFO - DAG(s) 'raw_to_staging_dag' retrieved from /opt/airflow/dags/raw_to_staging_dag.py
[2025-05-22T21:59:06.716+0000] {logging_mixin.py:188} INFO - [2025-05-22T21:59:06.716+0000] {dag.py:3036} INFO - Sync 1 DAGs
[2025-05-22T21:59:06.725+0000] {logging_mixin.py:188} INFO - [2025-05-22T21:59:06.725+0000] {dag.py:3823} INFO - Setting next_dagrun for raw_to_staging_dag to 2025-05-22 00:00:00+00:00, run_after=2025-05-23 00:00:00+00:00
[2025-05-22T21:59:06.732+0000] {processor.py:183} INFO - Processing /opt/airflow/dags/raw_to_staging_dag.py took 0.197 seconds
[2025-05-22T22:16:57.733+0000] {processor.py:161} INFO - Started process (PID=32174) to work on /opt/airflow/dags/raw_to_staging_dag.py
[2025-05-22T22:16:57.734+0000] {processor.py:830} INFO - Processing file /opt/airflow/dags/raw_to_staging_dag.py for tasks to queue
[2025-05-22T22:16:57.736+0000] {logging_mixin.py:188} INFO - [2025-05-22T22:16:57.736+0000] {dagbag.py:538} INFO - Filling up the DagBag from /opt/airflow/dags/raw_to_staging_dag.py
[2025-05-22T22:16:57.751+0000] {logging_mixin.py:188} WARNING - /home/airflow/.local/lib/python3.9/site-packages/airflow/providers/common/sql/operators/sql.py:139 RemovedInAirflow3Warning: The 'task_concurrency' parameter is deprecated. Please use 'max_active_tis_per_dag'.
[2025-05-22T22:16:57.765+0000] {processor.py:840} INFO - DAG(s) 'raw_to_staging_dag' retrieved from /opt/airflow/dags/raw_to_staging_dag.py
[2025-05-22T22:16:57.805+0000] {logging_mixin.py:188} INFO - [2025-05-22T22:16:57.804+0000] {dag.py:3036} INFO - Sync 1 DAGs
[2025-05-22T22:16:57.833+0000] {logging_mixin.py:188} INFO - [2025-05-22T22:16:57.833+0000] {dag.py:3823} INFO - Setting next_dagrun for raw_to_staging_dag to 2025-05-22 00:00:00+00:00, run_after=2025-05-23 00:00:00+00:00
[2025-05-22T22:16:57.866+0000] {processor.py:183} INFO - Processing /opt/airflow/dags/raw_to_staging_dag.py took 0.139 seconds
[2025-05-22T23:15:37.955+0000] {processor.py:161} INFO - Started process (PID=32191) to work on /opt/airflow/dags/raw_to_staging_dag.py
[2025-05-22T23:15:37.955+0000] {processor.py:830} INFO - Processing file /opt/airflow/dags/raw_to_staging_dag.py for tasks to queue
[2025-05-22T23:15:37.956+0000] {logging_mixin.py:188} INFO - [2025-05-22T23:15:37.956+0000] {dagbag.py:538} INFO - Filling up the DagBag from /opt/airflow/dags/raw_to_staging_dag.py
[2025-05-22T23:15:37.963+0000] {logging_mixin.py:188} WARNING - /home/airflow/.local/lib/python3.9/site-packages/airflow/providers/common/sql/operators/sql.py:139 RemovedInAirflow3Warning: The 'task_concurrency' parameter is deprecated. Please use 'max_active_tis_per_dag'.
[2025-05-22T23:15:37.969+0000] {processor.py:840} INFO - DAG(s) 'raw_to_staging_dag' retrieved from /opt/airflow/dags/raw_to_staging_dag.py
[2025-05-22T23:15:37.980+0000] {logging_mixin.py:188} INFO - [2025-05-22T23:15:37.979+0000] {dag.py:3036} INFO - Sync 1 DAGs
[2025-05-22T23:15:37.992+0000] {logging_mixin.py:188} INFO - [2025-05-22T23:15:37.992+0000] {dag.py:3823} INFO - Setting next_dagrun for raw_to_staging_dag to 2025-05-22 00:00:00+00:00, run_after=2025-05-23 00:00:00+00:00
[2025-05-22T23:15:38.000+0000] {processor.py:183} INFO - Processing /opt/airflow/dags/raw_to_staging_dag.py took 0.047 seconds
[2025-05-22T23:34:01.635+0000] {processor.py:161} INFO - Started process (PID=32206) to work on /opt/airflow/dags/raw_to_staging_dag.py
[2025-05-22T23:34:01.637+0000] {processor.py:830} INFO - Processing file /opt/airflow/dags/raw_to_staging_dag.py for tasks to queue
[2025-05-22T23:34:01.638+0000] {logging_mixin.py:188} INFO - [2025-05-22T23:34:01.638+0000] {dagbag.py:538} INFO - Filling up the DagBag from /opt/airflow/dags/raw_to_staging_dag.py
[2025-05-22T23:34:01.657+0000] {logging_mixin.py:188} WARNING - /home/airflow/.local/lib/python3.9/site-packages/airflow/providers/common/sql/operators/sql.py:139 RemovedInAirflow3Warning: The 'task_concurrency' parameter is deprecated. Please use 'max_active_tis_per_dag'.
[2025-05-22T23:34:01.677+0000] {processor.py:840} INFO - DAG(s) 'raw_to_staging_dag' retrieved from /opt/airflow/dags/raw_to_staging_dag.py
[2025-05-22T23:34:01.722+0000] {logging_mixin.py:188} INFO - [2025-05-22T23:34:01.721+0000] {dag.py:3036} INFO - Sync 1 DAGs
[2025-05-22T23:34:01.746+0000] {logging_mixin.py:188} INFO - [2025-05-22T23:34:01.745+0000] {dag.py:3823} INFO - Setting next_dagrun for raw_to_staging_dag to 2025-05-22 00:00:00+00:00, run_after=2025-05-23 00:00:00+00:00
[2025-05-22T23:34:01.759+0000] {processor.py:183} INFO - Processing /opt/airflow/dags/raw_to_staging_dag.py took 0.131 seconds
[2025-05-22T23:37:58.900+0000] {processor.py:161} INFO - Started process (PID=32221) to work on /opt/airflow/dags/raw_to_staging_dag.py
[2025-05-22T23:37:58.901+0000] {processor.py:830} INFO - Processing file /opt/airflow/dags/raw_to_staging_dag.py for tasks to queue
[2025-05-22T23:37:58.903+0000] {logging_mixin.py:188} INFO - [2025-05-22T23:37:58.902+0000] {dagbag.py:538} INFO - Filling up the DagBag from /opt/airflow/dags/raw_to_staging_dag.py
[2025-05-22T23:37:58.922+0000] {logging_mixin.py:188} WARNING - /home/airflow/.local/lib/python3.9/site-packages/airflow/providers/common/sql/operators/sql.py:139 RemovedInAirflow3Warning: The 'task_concurrency' parameter is deprecated. Please use 'max_active_tis_per_dag'.
[2025-05-22T23:37:58.942+0000] {processor.py:840} INFO - DAG(s) 'raw_to_staging_dag' retrieved from /opt/airflow/dags/raw_to_staging_dag.py
[2025-05-22T23:37:58.968+0000] {logging_mixin.py:188} INFO - [2025-05-22T23:37:58.968+0000] {dag.py:3036} INFO - Sync 1 DAGs
[2025-05-22T23:37:58.997+0000] {logging_mixin.py:188} INFO - [2025-05-22T23:37:58.997+0000] {dag.py:3823} INFO - Setting next_dagrun for raw_to_staging_dag to 2025-05-22 00:00:00+00:00, run_after=2025-05-23 00:00:00+00:00
[2025-05-22T23:37:59.019+0000] {processor.py:183} INFO - Processing /opt/airflow/dags/raw_to_staging_dag.py took 0.130 seconds
